entry_step,exit_step,entry_date,exit_date,type,entry_price,exit_price,position_size,notional_size,pnl_usd,pnl_pct,fee,net_pnl
1,3,2001-05-30,2001-06-01,LONG,268.41573828725114,268.3111713020832,1500.0,7500.0,-14.60891216297136,-0.973927477531424,1.5,-16.108912162971357
4,5,2001-06-04,2001-06-05,LONG,268.23923209882446,268.18509549226536,1497.5836631755542,7487.9183158777705,-7.55613719591903,-0.5045552633698343,1.4975836631755541,-9.053720859094584
9,10,2001-06-11,2001-06-12,LONG,268.27897406536226,268.3947974319824,1496.2256050466897,7481.128025233448,16.149037341026688,1.079318338528417,1.4962256050466898,14.652811735979999
12,13,2001-06-14,2001-06-15,LONG,268.7645677518885,268.8590508294857,1498.423526807087,7492.117634035435,13.169115588879068,0.8788647103626606,1.4984235268070871,11.67069206207198
24,25,2001-07-02,2001-07-03,LONG,269.95404553924686,269.8932224928989,1500.1741306163976,7500.870653081988,-8.45006420391588,-0.5632722249679032,1.5001741306163976,-9.950238334532278
26,28,2001-07-04,2001-07-06,LONG,269.84051801488414,269.6086536838759,1498.681594866218,7493.4079743310895,-32.19409078595542,-2.1481608165628585,1.498681594866218,-33.69277238082164
29,32,2001-07-09,2001-07-12,LONG,269.5243421541566,269.3385731561896,1493.6276790090944,7468.138395045472,-25.736981217319624,-1.723118925754918,1.4936276790090945,-27.230608896328718
33,35,2001-07-13,2001-07-17,LONG,269.2844570603595,269.1966922855154,1489.5430876746452,7447.715438373226,-12.136739633757845,-0.8147961434740869,1.4895430876746452,-13.62628272143249
40,41,2001-07-24,2001-07-25,LONG,269.3146377602568,269.27994273253523,1487.4991452664303,7437.495726332152,-4.790755574040687,-0.3220677866798102,1.4874991452664306,-6.278254719307117
54,55,2001-08-13,2001-08-14,LONG,269.41575948850306,269.6362687245044,1486.5574070585342,7432.787035292671,30.417637662045518,2.046179819064855,1.4865574070585343,28.931080254986984
56,57,2001-08-15,2001-08-16,LONG,269.8374635375496,270.0168324495314,1490.8970690967822,7454.48534548391,24.776080168311214,1.66182365515824,1.4908970690967822,23.285183099214432
63,64,2001-08-24,2001-08-27,LONG,271.00069612248825,271.0629279128755,1494.3898465616642,7471.949232808321,8.57918051675964,0.5740925325810309,1.4943898465616643,7.084790670197976
66,67,2001-08-29,2001-08-30,LONG,271.1945757004232,271.31302611209384,1495.4525651621939,7477.262825810969,16.32932475879321,1.0919319769278113,1.495452565162194,14.833872193631015
71,74,2001-09-05,2001-09-10,LONG,271.5390448612854,271.6638908137218,1497.6776459912385,7488.388229956192,17.214742750167392,1.149429104203115,1.4976776459912384,15.717065104176154
75,76,2001-09-11,2001-09-12,LONG,272.14125373137136,272.3391807045375,1500.035205756865,7500.176028784325,27.274202628902124,1.8182375003085691,1.500035205756865,25.774167423145258
77,78,2001-09-13,2001-09-14,LONG,272.62432704601343,273.03444265010285,1503.9013308703368,7519.506654351684,56.5589110740529,3.7608126220169757,1.5039013308703368,55.055009743182566
86,88,2001-09-26,2001-09-28,LONG,276.90408807451416,277.87884376613556,1512.1595823318144,7560.797911659072,133.07732018036552,8.800481227990147,1.5121595823318146,131.5651605980337
95,96,2001-10-09,2001-10-10,LONG,280.3661609553942,280.51350988142025,1531.8943564215197,7659.471782107598,20.12751712215156,1.3138972043195662,1.5318943564215197,18.595622765730038
100,103,2001-10-16,2001-10-19,LONG,280.7333635905302,280.73372310302597,1534.683699836379,7673.418499181895,0.04913362987032533,0.0032015476463041694,1.534683699836379,-1.4855500699660538
105,106,2001-10-23,2001-10-24,LONG,280.4438126211782,280.29304057741484,1534.460867325884,7672.3043366294205,-20.623899568266197,-1.3440485845825194,1.5344608673258842,-22.15836043559208
107,109,2001-10-25,2001-10-29,LONG,280.2061023597122,280.10241657034703,1531.1371132605452,7655.685566302726,-14.164320376837004,-0.9250850400114845,1.5311371132605454,-15.69545749009755
113,115,2001-11-02,2001-11-06,LONG,280.09838022303984,280.0836912244146,1528.7827946370305,7643.913973185153,-2.004321512926817,-0.13110570840789,1.5287827946370307,-3.533104307563848
117,119,2001-11-08,2001-11-12,LONG,280.0216621439403,279.9134256700985,1528.252828990896,7641.26414495448,-14.767848323083026,-0.9663223285399853,1.528252828990896,-16.296101152073923
121,124,2001-11-14,2001-11-19,LONG,279.79013060053813,279.3148997463447,1525.8084138180848,7629.042069090424,-64.79063738577551,-4.2463153826532904,1.5258084138180847,-66.3164457995936
126,127,2001-11-21,2001-11-22,LONG,278.96145492606786,278.77900700585593,1515.8609469481457,7579.304734740728,-24.78529490521099,-1.6350638859791697,1.5158609469481457,-26.301155852159134
129,130,2001-11-26,2001-11-27,LONG,278.4340840904567,278.2867275369548,1511.915773570322,7559.57886785161,-20.003899514154927,-1.323082929872251,1.5119157735703221,-21.51581528772525
137,140,2001-12-06,2001-12-11,LONG,277.69563928766615,277.3263735636788,1508.6884012771634,7543.442006385817,-50.15445292892977,-3.32437452866159,1.5086884012771635,-51.66314133020693
141,143,2001-12-12,2001-12-14,LONG,277.2321724532989,277.18330463093537,1500.9389300776324,7504.694650388163,-6.614277156624246,-0.44067596782782753,1.5009389300776326,-8.11521608670188
144,145,2001-12-17,2001-12-18,LONG,277.2242890511294,277.3324765646184,1499.7216476646272,7498.608238323136,14.631758687323753,0.9756316253825094,1.4997216476646273,13.132037039659126
146,148,2001-12-19,2001-12-21,LONG,277.3034516191045,277.3163689910299,1501.691453220576,7508.45726610288,1.748797833667228,0.11645520322544953,1.501691453220576,0.247106380446652
150,152,2001-12-25,2001-12-27,LONG,277.3984391197795,277.458753602211,1501.728519177643,7508.642595888215,8.162985584405682,0.5435726551211659,1.501728519177643,6.661257065228039
153,154,2001-12-28,2001-12-31,LONG,277.4382487572243,277.493086311079,1502.7277077374272,7513.638538687136,7.42560839855111,0.4941419766413592,1.5027277077374273,5.922880690813683
155,156,2002-01-01,2002-01-02,LONG,277.53065358664395,277.57638953455603,1503.616139841049,7518.080699205246,6.1947489910390106,0.41199005696320024,1.5036161398410492,4.6911328511979615
161,162,2002-01-09,2002-01-10,LONG,277.956315052283,278.22536469295574,1504.3198097687286,7521.599048843644,36.402905992531686,2.419891419107763,1.5043198097687287,34.898586182762955
168,169,2002-01-18,2002-01-21,LONG,279.4876891081632,279.5907905123253,1509.5545976961432,7547.772988480716,13.921650643945133,0.9222356491903055,1.5095545976961433,12.41209604624899
172,173,2002-01-24,2002-01-25,LONG,279.6526995699449,279.6354958401013,1511.4164121030808,7557.082060515404,-2.3244903119967617,-0.1537954923198378,1.5114164121030809,-3.835906724099843
175,177,2002-01-29,2002-01-31,LONG,279.68059191003186,279.8567815000467,1510.8410260944659,7554.205130472329,23.794506006585525,1.5749179162876241,1.5108410260944658,22.28366498049106
178,179,2002-02-01,2002-02-04,LONG,280.06356316332267,280.4195420357707,1514.1835758415396,7570.917879207698,48.11562738822323,3.1776614246711765,1.5141835758415396,46.60144381238169
180,183,2002-02-05,2002-02-08,LONG,280.9605388442254,282.80798829062604,1521.173792413397,7605.868962066985,250.0610666033232,16.43869147959697,1.521173792413397,248.5398928109098
186,189,2002-02-13,2002-02-18,LONG,284.35817341358836,285.6571855249896,1558.4547763350333,7792.273881675166,177.98430103377112,11.420562453042809,1.5584547763350334,176.4258462574361
194,195,2002-02-25,2002-02-26,LONG,286.69584295959373,287.04770439464437,1584.9186532736487,7924.593266368243,48.62921502649637,3.068246747304838,1.5849186532736488,47.04429637322272
196,198,2002-02-27,2002-03-01,LONG,287.34503611320724,287.9742824191766,1591.975297729632,7959.87648864816,87.15520101207997,5.474657875431538,1.5919752977296322,85.56322571435034
200,201,2002-03-05,2002-03-06,LONG,288.45573141215095,288.62208101326627,1604.8097815867848,8024.048907933924,23.13695291527069,1.4417255665274926,1.6048097815867848,21.532143133683906
203,205,2002-03-08,2002-03-12,LONG,288.70049463552846,288.93178326981257,1608.0396030568374,8040.198015284187,32.20649865315579,2.0028423797481203,1.6080396030568376,30.598459050098953
208,210,2002-03-15,2002-03-19,LONG,289.1882245722096,289.4282467684152,1612.629371914352,8063.146859571761,33.4614976184714,2.074965159461858,1.6126293719143523,31.848868246557046
211,213,2002-03-20,2002-03-22,LONG,289.52697307234945,289.90751287514615,1617.4067021513356,8087.033510756678,53.14596606901751,3.285875222250984,1.6174067021513356,51.528559366866176
214,215,2002-03-25,2002-03-26,LONG,290.17808156797105,290.39042557564113,1625.1359860563657,8125.679930281829,29.730699026560345,1.8294283851720192,1.6251359860563659,28.105563040503977
216,217,2002-03-27,2002-03-28,LONG,290.7642443465763,291.14199072645886,1629.3518205124412,8146.759102562206,52.91931209912143,3.2478751017983325,1.6293518205124413,51.28996027860899
219,220,2002-04-01,2002-04-02,LONG,291.8596565485079,292.30291186286223,1637.0453145542324,8185.226572771162,62.15564734915442,3.796818988244037,1.6370453145542325,60.518602034600185
224,226,2002-04-08,2002-04-10,LONG,293.3655167965477,293.78260901392645,1646.1231048594225,8230.615524297113,58.50935919305458,3.5543732434307356,1.6461231048594227,56.86323608819516
227,228,2002-04-11,2002-04-12,LONG,294.0664035741763,294.30712513587844,1654.652590272652,8273.26295136326,33.86229698153991,2.0464898299866143,1.654652590272652,32.20764439126726
230,231,2002-04-16,2002-04-17,LONG,294.63723768529024,294.87264173987734,1659.483736931342,8297.41868465671,33.14662491950876,1.9974058306110498,1.659483736931342,31.487141182577417
232,234,2002-04-18,2002-04-22,LONG,295.1536338758472,295.62554469911277,1664.2068081087284,8321.034040543642,66.52105164568863,3.997162571476668,1.6642068081087285,64.8568448375799
235,236,2002-04-23,2002-04-24,LONG,295.88310142855534,296.1450919511072,1673.9353348343652,8369.676674171826,37.05476850265175,2.2136320162163425,1.6739353348343653,35.38083316781738
237,238,2002-04-25,2002-04-26,LONG,296.5078711178162,296.9745270536895,1679.2424598095379,8396.21229904769,66.07147212368739,3.934599898765144,1.679242459809538,64.39222966387784
240,241,2002-04-30,2002-05-01,LONG,297.77755979529513,298.1362156712902,1688.9012942591194,8444.506471295597,50.85460213809377,3.0111056407474934,1.6889012942591195,49.16570084383465
242,244,2002-05-02,2002-05-06,LONG,298.44635568791443,299.2736787090421,1696.2761493856947,8481.380746928473,117.55616058217677,6.930248982440133,1.6962761493856946,115.85988443279108
245,246,2002-05-07,2002-05-08,LONG,299.66358211975967,299.9386309062313,1713.6551320506132,8568.275660253066,39.322326153821365,2.2946464208797392,1.7136551320506133,37.60867102177075
248,250,2002-05-10,2002-05-14,LONG,300.5896709137857,301.1372023235898,1719.296432703879,8596.482163519395,78.29350862321424,4.553810915554841,1.719296432703879,76.57421219051035
1,3,2002-05-17,2002-05-21,LONG,301.94773609791207,302.8274055241933,1730.7825645324551,8653.912822662276,126.05795006408897,7.2832921157916575,1.7307825645324553,124.32716749955651
4,5,2002-05-22,2002-05-23,LONG,303.29656609080934,303.8880808320038,1749.431639657389,8747.158198286945,85.29725681592092,4.875712481833565,1.749431639657389,83.54782517626353
9,10,2002-05-29,2002-05-30,LONG,306.140234658539,306.7366154858915,1761.9638134338281,8809.81906716914,85.81046509558583,4.870160467617827,1.7619638134338282,84.048501282152
12,13,2002-06-03,2002-06-04,LONG,307.98486771971704,308.52071848037747,1774.5710886261509,8872.855443130755,77.18766142040573,4.349651694154636,1.774571088626151,75.41309033177959
24,25,2002-06-19,2002-06-20,LONG,312.0478531096571,312.42299702221237,1785.8830521759178,8929.415260879588,53.674712779064066,3.005499868183802,1.7858830521759177,51.88882972688815
26,28,2002-06-21,2002-06-25,LONG,312.81136531515125,313.39229103132527,1793.666376634951,8968.331883174755,83.27598034794394,4.642779807478789,1.793666376634951,81.482313971309
29,32,2002-06-26,2002-07-01,LONG,313.58240403443625,313.80080871289124,1805.8887237306474,9029.443618653237,31.44425045518238,1.7412064232963427,1.8058887237306473,29.638361731451734
33,35,2002-07-02,2002-07-04,LONG,313.78210750278305,313.62367034105284,1810.334477990365,9051.672389951826,-22.852183857597943,-1.2623183248968408,1.8103344779903652,-24.66251833558831
40,41,2002-07-11,2002-07-12,LONG,313.83139476369894,313.9082343703953,1806.6351002400268,9033.175501200134,11.05857578802756,0.6121089857358764,1.806635100240027,9.251940687787535
54,55,2002-07-31,2002-08-01,LONG,313.42520460732374,313.15984287212217,1808.0228913431952,9040.114456715975,-38.269105729074745,-2.116627279018813,1.8080228913431953,-40.07712862041794
56,57,2002-08-02,2002-08-05,LONG,312.9805578027971,312.8379800204765,1802.0113220501328,9010.056610250664,-20.52258292161875,-1.1388709199823663,1.8020113220501328,-22.324594243668884
63,64,2002-08-13,2002-08-14,LONG,312.84765958871265,312.8212747182395,1798.6626329135827,8993.313164567913,-3.792379384958621,-0.21084439714052963,1.7986626329135826,-5.591042017872203
66,67,2002-08-16,2002-08-19,LONG,312.9359271810751,312.75116118314855,1797.8239766109014,8989.119883054507,-26.537120883421146,-1.4760689160151583,1.7978239766109014,-28.334944860032046
71,74,2002-08-23,2002-08-28,LONG,312.19234456775524,312.0941223207581,1793.573734881897,8967.868674409485,-14.107396086140358,-0.7865523346922395,1.793573734881897,-15.900969821022255
75,76,2002-08-29,2002-08-30,LONG,312.14410804041097,312.17074915766307,1791.1885894087438,8955.942947043719,3.821893798559191,0.21337193755911352,1.7911885894087438,2.0307052091504474
77,78,2002-09-02,2002-09-03,LONG,312.1809976594719,312.25006794442356,1791.4931951901167,8957.465975950583,9.909231055734558,0.5531269157113919,1.7914931951901167,8.117737860544441
86,88,2002-09-13,2002-09-17,LONG,313.6480850913251,313.88735765871684,1792.7108558691984,8963.554279345992,34.190112220039175,1.907173826058082,1.7927108558691984,32.39740136416998
95,96,2002-09-26,2002-09-27,LONG,315.567342265283,315.70220372931533,1797.570466073824,8987.85233036912,19.20532896526671,1.0684047901173055,1.797570466073824,17.407758499192884
100,103,2002-10-03,2002-10-08,LONG,316.56542068386483,316.950958059173,1800.1816298487033,9000.908149243516,54.80994253498474,3.0446895816613377,1.8001816298487032,53.00976090513604
105,106,2002-10-10,2002-10-11,LONG,317.0382117961231,317.0276843691324,1808.1330939844734,9040.665469922367,-1.5010011749539833,-0.08301386551397706,1.8081330939844735,-3.3091342689384566
107,109,2002-10-14,2002-10-16,LONG,317.05483670155286,316.8588656068521,1807.6367238441326,9038.183619220663,-27.932435227799537,-1.5452460585331675,1.8076367238441327,-29.74007195164367
113,115,2002-10-22,2002-10-24,LONG,316.2977883450061,316.0127083461802,1803.1757130513863,9015.878565256931,-40.6301710841289,-2.2532563404690795,1.8031757130513864,-42.433346797180285
118,119,2002-10-29,2002-10-30,LONG,315.92165706919377,315.9334336471464,1796.8107110318092,8984.053555159046,1.6744880361215713,0.09319223365270375,1.7968107110318092,-0.12232267491023796
121,124,2002-11-01,2002-11-06,LONG,316.07282366239207,316.25591518732665,1796.7923626305728,8983.961813152864,26.020700692717107,1.4481751611311284,1.7967923626305728,24.223908330086534
126,127,2002-11-08,2002-11-11,LONG,316.5592020359133,316.7161055891021,1800.4259488800858,9002.129744400429,22.309668050695613,1.2391327765839433,1.8004259488800858,20.509242101815527
129,130,2002-11-13,2002-11-14,LONG,317.01279707407457,317.0466381451372,1803.5023351953582,9017.511675976792,4.8130904533086545,0.26687464492732654,1.8035023351953583,3.009588118113296
137,140,2002-11-25,2002-11-28,LONG,317.43295147450857,317.45957291733873,1803.953773413075,9019.768867065375,3.7822044012834883,0.20966193574503683,1.803953773413075,1.9782506278704133
141,143,2002-11-29,2002-12-03,LONG,317.4701692989537,317.57763456572326,1804.2505110072557,9021.252555036279,15.268699332655647,0.8462627134926854,1.8042505110072558,13.464448821648391
144,145,2002-12-04,2002-12-05,LONG,317.7184010099473,317.92949000526545,1806.2701783305033,9031.350891652517,30.001705598805522,1.6609755261826584,1.8062701783305035,28.195435420475018
146,148,2002-12-06,2002-12-10,LONG,318.1869239302318,318.58179977426,1810.4994936435746,9052.497468217873,56.17158200865494,3.1025461319302194,1.8104994936435745,54.36108251501136
150,152,2002-12-12,2002-12-16,LONG,319.16821912077074,320.0525556588993,1818.653656020826,9093.26828010413,125.97603566629664,6.926884360265133,1.8186536560208262,124.15738201027581
153,154,2002-12-17,2002-12-18,LONG,320.5707361508057,321.2782237915944,1837.2772633223678,9186.386316611839,101.37005736318972,5.517406620483681,1.837277263322368,99.53278009986735
155,156,2002-12-19,2002-12-20,LONG,322.0321684604185,322.6132369975347,1852.2071803373478,9261.035901686739,83.55215892407395,4.5109510324248046,1.8522071803373479,81.6999517437366
161,162,2002-12-27,2002-12-30,LONG,326.19576094653087,326.7374979825105,1864.4621730989081,9322.31086549454,77.41119998155742,4.151931913581967,1.8644621730989082,75.5467378084585
168,169,2003-01-08,2003-01-09,LONG,330.66654089981904,331.3990605084105,1875.794183770177,9378.970918850884,103.88532338004126,5.53820479234247,1.8757941837701768,102.00952919627107
172,173,2003-01-14,2003-01-15,LONG,333.3540865409356,333.8940080919327,1891.0956131496173,9455.478065748086,76.57347830428522,4.0491595333327535,1.8910956131496173,74.6823826911356
175,177,2003-01-17,2003-01-21,LONG,335.3065489978691,336.62171931328186,1902.2979705532875,9511.489852766437,186.53421991152112,9.805730900152684,1.9022979705532876,184.63192194096783
178,179,2003-01-22,2003-01-23,LONG,337.3960988192221,338.1992898636246,1929.9927588444327,9649.963794222163,114.86150144374048,5.9513954608054,1.9299927588444328,112.93150868489604
180,183,2003-01-24,2003-01-29,LONG,339.13622651681953,341.75703211716876,1946.932485147167,9734.662425735834,376.14173609395255,19.319711338912725,1.946932485147167,374.1948036088054
186,189,2003-02-03,2003-02-06,LONG,344.2840308228242,347.0135136579566,2003.061705688488,10015.30852844244,397.00669025521313,19.81999302007298,2.003061705688488,395.00362854952465
194,195,2003-02-13,2003-02-14,LONG,349.031269159003,349.1081126753627,2062.3122499709166,10311.561249854583,11.35108363652509,0.5504056738588041,2.0623122499709168,9.288771386554172
196,198,2003-02-17,2003-02-19,LONG,349.0487193688303,348.9015572380176,2063.7055656789,10318.527828394499,-21.75192828128237,-1.0540228530190843,2.0637055656789,-23.81563384696127
200,201,2003-02-21,2003-02-24,LONG,349.1003944866952,349.34628336830843,2060.1332206018556,10300.666103009278,36.27637361545005,1.7608751343203,2.060133220601856,34.21624039484819
203,205,2003-02-26,2003-02-28,LONG,349.56504029103155,349.4679525197012,2065.2656566610826,10326.328283305413,-14.3401096147495,-0.6943469750972944,2.0652656566610825,-16.40537527141058
208,210,2003-03-05,2003-03-07,LONG,349.7158065492992,349.94208753156295,2062.8048503703712,10314.024251851857,33.368059079596144,1.6176061964177073,2.0628048503703713,31.305254229225774
211,213,2003-03-10,2003-03-12,LONG,350.09018578453356,349.97824658289517,2067.5006385047554,10337.503192523778,-16.52676797711833,-0.7993597520274873,2.0675006385047556,-18.594268615623086
214,215,2003-03-13,2003-03-14,LONG,349.4902340471513,349.0796652038581,2064.7114982124117,10323.557491062058,-60.6387624726098,-2.9369121315549265,2.0647114982124117,-62.70347397082221
216,217,2003-03-17,2003-03-18,LONG,348.70055206328976,348.36747887690666,2055.3059771167887,10276.529885583943,-49.0798843549204,-2.3879599875328705,2.0553059771167885,-51.13519033203719
219,220,2003-03-20,2003-03-21,LONG,347.50332463620407,346.8339964733159,2047.6356985669831,10238.178492834915,-98.59907396719778,-4.81526445530332,2.047635698566983,-100.64670966576476
224,226,2003-03-27,2003-03-31,LONG,344.7349688595896,344.1066450001323,2032.5386921171182,10162.693460585591,-92.61408552141683,-4.556571832093824,2.0325386921171185,-94.64662421353394
227,228,2003-04-01,2003-04-02,LONG,343.8231849272768,343.39291439333994,2018.3416984850878,10091.70849242544,-63.14531700777799,-3.1285741683468733,2.018341698485088,-65.16365870626308
230,231,2003-04-04,2003-04-07,LONG,342.2902260994164,341.68044643661904,2008.5671496791488,10042.835748395744,-89.4550374103749,-4.453674223670569,2.008567149679149,-91.46360456005405
232,234,2003-04-08,2003-04-10,LONG,341.0989852390188,340.2133398420668,1994.8476089951405,9974.238044975702,-129.48789640119665,-6.491117207014287,1.9948476089951406,-131.4827440101918
235,236,2003-04-11,2003-04-14,LONG,339.833178520154,339.36835751623596,1975.1251973936116,9875.625986968058,-67.53899671554774,-3.41947927172782,1.9751251973936117,-69.51412191294135
237,238,2003-04-15,2003-04-16,LONG,338.9180048698342,338.52836032210485,1964.6980791066703,9823.490395533352,-56.46896029854244,-2.8741800533656723,1.9646980791066706,-58.43365837764911
240,241,2003-04-18,2003-04-21,LONG,337.82486532809776,337.6902464161961,1955.9330303500233,9779.665151750116,-19.485360857209933,-0.9962182014853003,1.9559330303500233,-21.441293887559958
243,244,2003-04-23,2003-04-24,LONG,337.34979428343945,337.257976835578,1952.7168362668895,9763.584181334447,-13.286911637439655,-0.6804320724166509,1.9527168362668894,-15.239628473706544
245,246,2003-04-25,2003-04-28,LONG,337.13477796243023,337.0372025776861,1950.4308919958335,9752.154459979167,-14.112608453918956,-0.7235636244193113,1.9504308919958335,-16.063039345914788
248,250,2003-04-30,2003-05-02,LONG,336.97304444559796,337.23783257232867,1948.0214360939458,9740.10718046973,38.26811635209684,1.9644607417067104,1.948021436093946,36.320094916002894
1,3,2003-05-07,2003-05-09,LONG,337.7531776075467,338.41179215936273,1953.469450331347,9767.347251656734,95.23103643537048,4.874969322874101,1.953469450331347,93.27756698503914
4,5,2003-05-12,2003-05-13,LONG,338.80984724179376,339.1519347505842,1967.4610853791023,9837.305426895511,49.662359788138495,2.5241851113192033,1.9674610853791024,47.694898702759396
9,10,2003-05-19,2003-05-20,LONG,341.20698095697446,342.0378473323035,1974.6153201845161,9873.07660092258,120.20866844147142,6.0877005871826535,1.9746153201845162,118.2340531212869
12,13,2003-05-22,2003-05-23,LONG,343.76492810136494,344.5410753319796,1992.350428152709,9961.752140763545,112.45746299406144,5.644462008539888,1.9923504281527091,110.46511256590874
24,25,2003-06-09,2003-06-10,LONG,350.69020516489644,350.74031281279906,2008.9201950375955,10044.600975187977,7.176010643787201,0.35720735256249975,2.0089201950375957,5.167090448749605
26,28,2003-06-11,2003-06-13,LONG,350.86356492359863,351.1217275013376,2009.6952586049083,10048.476293024542,36.96793855926652,1.8394798117267266,2.0096952586049084,34.958243300661614
29,32,2003-06-16,2003-06-19,LONG,351.3762903747415,352.2134713659305,2014.9389951000078,10074.694975500039,120.01867167134505,5.956441954977805,2.0149389951000076,118.00373267624504
33,35,2003-06-20,2003-06-24,LONG,352.3406716360983,352.1883832422767,2032.6395550014445,10163.197775007222,-21.963644703012033,-1.0805479333002759,2.0326395550014444,-23.99628425801348
40,41,2003-07-01,2003-07-02,LONG,351.3789453282443,351.3796006913105,2029.0401123627423,10145.200561813712,0.0946099622027853,0.004662794078162185,2.0290401123627424,-1.934430150159957
54,55,2003-07-21,2003-07-22,LONG,349.6777921693102,349.71272282856415,2028.7499478402183,10143.749739201092,5.066490832881552,0.24973461309390418,2.0287499478402187,3.0377408850413334
56,57,2003-07-23,2003-07-24,LONG,350.0298194463825,350.24677836896217,2029.2056089729747,10146.028044864874,31.44405406029155,1.5495745685527684,2.029205608972975,29.414848451318573
63,64,2003-08-01,2003-08-04,LONG,351.4637696386642,351.3964185670666,2033.6178362406724,10168.089181203362,-9.742564691066379,-0.47907549380449943,2.0336178362406727,-11.776182527307052
66,67,2003-08-06,2003-08-07,LONG,351.41181386899063,351.44568554401167,2031.8514088615768,10159.257044307884,4.89612243355339,0.24096852812168146,2.0318514088615767,2.864271024691813
71,74,2003-08-13,2003-08-18,LONG,352.45069246474935,353.3883728073025,2032.2810495152803,10161.405247576402,135.169970680678,6.651145554544113,2.0322810495152805,133.13768963116271
75,76,2003-08-19,2003-08-20,LONG,353.64397390323523,354.0348019273992,2052.2517029599544,10261.258514799772,56.70091513947578,2.7628635930815055,2.0522517029599547,54.648663436515825
77,78,2003-08-21,2003-08-22,LONG,354.25471843456165,354.5238177727218,2060.449002475432,10302.24501237716,39.129010428505524,1.8990526036556,2.060449002475432,37.068561426030094
86,88,2003-09-03,2003-09-05,LONG,358.1631632284208,359.215324906995,2066.0092866893365,10330.046433446681,151.73083263497665,7.344150561787491,2.0660092866893365,149.6648233482873
95,96,2003-09-16,2003-09-17,LONG,362.76070450238706,363.1914765056841,2088.4590101915796,10442.295050957899,62.0002153250052,2.9687063534619127,2.08845901019158,59.91175631481362
100,103,2003-09-23,2003-09-26,LONG,365.5117310122863,367.29160939016987,2097.4457736388017,10487.228868194008,255.34053113314968,12.173879980227872,2.097445773638802,253.24308535951087
105,106,2003-09-30,2003-10-01,LONG,368.30477256980765,368.8182150471483,2135.4322364427285,10677.161182213642,74.4235276956993,3.4851739346070945,2.1354322364427283,72.28809545925658
107,109,2003-10-02,2003-10-06,LONG,369.259647626973,369.38011151439844,2146.275450761617,10731.377253808085,17.504531428365585,0.8155771162622212,2.146275450761617,15.358255977603967
113,115,2003-10-10,2003-10-14,LONG,369.9110912033717,370.2203346314663,2148.5791891582576,10742.895945791288,44.904979182058156,2.089984833170168,2.1485791891582577,42.7563999928999
117,119,2003-10-16,2003-10-20,LONG,370.3717185708823,370.5092467470954,2154.9926491571923,10774.963245785962,20.005051272192055,0.9283118102521575,2.1549926491571925,17.85005862303486
121,124,2003-10-22,2003-10-27,LONG,371.3259934548233,372.75418130640884,2157.6701579506475,10788.350789753238,207.46987563696703,9.615458362459888,2.1576701579506476,205.31220547901637
126,127,2003-10-29,2003-10-30,LONG,373.49405139218936,373.8148418636717,2188.4669887725004,10942.334943862501,46.99133456978784,2.1472261090008504,2.1884669887725003,44.802867581015335
129,130,2003-11-03,2003-11-04,LONG,374.2268888593601,374.3972489077258,2195.1874189096525,10975.937094548262,24.982987994066615,1.138079955217475,2.1951874189096525,22.787800575156965
137,140,2003-11-13,2003-11-18,LONG,376.9036817724908,378.57471201298404,2198.605588995926,10993.02794497963,243.69199637769094,11.083934180708683,2.1986055889959264,241.49339078869502
141,143,2003-11-19,2003-11-21,LONG,379.08597750421643,380.03781369720735,2234.8295976142304,11174.147988071152,140.28425096209932,6.277178855688073,2.2348295976142305,138.04942136448508
144,145,2003-11-24,2003-11-25,LONG,380.3914813933941,380.72791522513387,2255.537010818903,11277.685054094516,49.87223664953217,2.211102562729635,2.2555370108189035,47.616699638713264
146,148,2003-11-26,2003-11-28,LONG,381.22818665562846,382.1715982817543,2262.67951576471,11313.39757882355,139.98428212349774,6.1866597168617465,2.26267951576471,137.72160260773302
150,152,2003-12-02,2003-12-04,LONG,383.44251110548294,384.6798044746952,2283.33775615587,11416.68878077935,184.19701673260897,8.067007004811904,2.2833377561558703,181.9136789764531
153,154,2003-12-05,2003-12-08,LONG,385.3465451002596,386.02988434596637,2310.624808002338,11553.12404001169,102.43640649488674,4.433277360310549,2.310624808002338,100.1257816868844
155,156,2003-12-09,2003-12-10,LONG,386.7137421864603,387.30783496489687,2325.643675255371,11628.218376276855,89.319822517433,3.8406495142737245,2.325643675255371,86.99417884217763
161,162,2003-12-17,2003-12-18,LONG,390.44030268449114,391.06780812361995,2338.692802081697,11693.464010408487,93.96714706880319,4.017934590860413,2.3386928020816975,91.62845426672149
168,169,2003-12-26,2003-12-29,LONG,394.554690313182,395.1848605854089,2352.4370702217057,11762.185351108528,93.93095211728297,3.992920928950947,2.352437070221706,91.57851504706126
172,173,2004-01-02,2004-01-05,LONG,397.0437160132102,397.87032627347145,2366.173847478765,11830.869237393825,123.15417049836297,5.204781154587932,2.3661738474787652,120.78799665088421
175,177,2004-01-07,2004-01-09,LONG,399.3083479072451,400.890335028215,2384.2920469763976,11921.460234881988,236.1532967389816,9.904545755561097,2.3842920469763977,233.7690046920052
178,179,2004-01-12,2004-01-13,LONG,401.634564695096,402.32761487039056,2419.3573976801986,12096.786988400992,104.36950750462402,4.31393508064161,2.4193573976801988,101.95015010694382
180,183,2004-01-14,2004-01-19,LONG,402.8901491083494,403.30829030569583,2434.64992019624,12173.2496009812,63.17028568477305,2.594635276339086,2.4346499201962404,60.735635764576806
186,189,2004-01-22,2004-01-27,LONG,403.9921284320941,404.2967593902154,2443.7602655609267,12218.801327804633,46.06804060798511,1.88512929263996,2.4437602655609267,43.624280342424186
194,195,2004-02-03,2004-02-04,LONG,403.9342049563486,403.83353473448943,2450.30390761229,12251.51953806145,-15.266882265414733,-0.6230607647478151,2.45030390761229,-17.717186173027024
196,198,2004-02-05,2004-02-09,LONG,403.61771647639813,403.700963560318,2447.6463296863362,12238.231648431682,12.620817366016848,0.5156307597607124,2.447646329686336,10.173171036330512
200,201,2004-02-11,2004-02-12,LONG,403.97230065539486,404.2626414269696,2449.172305341786,12245.86152670893,44.00639447919698,1.7967863830248485,2.449172305341786,41.557222173855195
203,205,2004-02-16,2004-02-18,LONG,404.6671685065181,405.2312547823086,2455.4058886678645,12277.029443339323,85.567898206596,3.4848779422378637,2.4554058886678645,83.11249231792813
208,210,2004-02-23,2004-02-25,LONG,404.9225479831836,404.6105770586608,2467.8727625155534,12339.363812577767,-47.534062449805184,-1.9261147969943448,2.4678727625155537,-50.00193521232074
211,213,2004-02-26,2004-03-01,LONG,404.3145439020036,403.9044991745204,2460.3724722337047,12301.862361168523,-62.38105795971053,-2.535431470791757,2.4603724722337046,-64.84143043194423
214,215,2004-03-02,2004-03-03,LONG,403.58064114623545,403.2326243569748,2450.646257668913,12253.231288344567,-52.83120368368814,-2.155807004718089,2.4506462576689136,-55.28184994135705
216,217,2004-03-04,2004-03-05,LONG,402.9078908837518,402.85472982670717,2442.3539801777097,12211.769900888548,-8.056315239856868,-0.3298586243125445,2.44235398017771,-10.498669220034579
219,220,2004-03-09,2004-03-10,LONG,402.82850898249035,402.7404667493477,2440.7791797947043,12203.895898973522,-13.336422621872071,-0.5464002123696339,2.4407791797947045,-15.777201801666775
224,226,2004-03-16,2004-03-18,LONG,402.33566144515623,402.73687617110875,2438.4125995244544,12192.062997622272,60.79047525661104,2.4930348239041478,2.4384125995244545,58.352062657086584
227,228,2004-03-19,2004-03-22,LONG,403.0376576097735,403.47537233329615,2447.1654089230174,12235.827044615087,66.44294336747205,2.715098175432007,2.4471654089230177,63.995777958549034
230,231,2004-03-24,2004-03-25,LONG,404.3857466272646,404.76593638439914,2456.7647756168,12283.823878084,57.74417194279556,2.350415168594975,2.4567647756168003,55.28740716717876
232,234,2004-03-26,2004-03-30,LONG,405.2992637426873,406.15348989310536,2465.057886691877,12325.289433459384,129.88654911814538,5.269107464752235,2.465057886691877,127.4214912314535
235,236,2004-03-31,2004-04-01,LONG,406.8054862409241,407.44963876666446,2484.1711103765947,12420.855551882974,98.33846575588284,3.9586027445981746,2.484171110376595,95.85429464550624
237,238,2004-04-02,2004-04-05,LONG,407.8838678830409,408.1115951462496,2498.549254573421,12492.746272867105,34.874374088954994,1.3957849350025768,2.498549254573421,32.375824834381575
240,241,2004-04-07,2004-04-08,LONG,408.8788796032222,409.21570568747205,2503.405628298578,12517.02814149289,51.556362845592176,2.059449026669805,2.5034056282985784,49.052957217293596
243,244,2004-04-12,2004-04-13,LONG,409.9035649860477,409.8131865050073,2510.763571881172,12553.81785940586,-13.83977947873242,-0.5512179495404684,2.5107635718811725,-16.350543050613595
245,246,2004-04-14,2004-04-15,LONG,409.4983960872993,409.17161535523735,2508.3109904235794,12541.554952117896,-50.04095922727805,-1.99500617819434,2.5083109904235794,-52.54927021770163
248,250,2004-04-19,2004-04-21,LONG,408.64309790402746,407.7576802574209,2500.4285998909245,12502.142999454623,-135.44359477614205,-5.416815132495704,2.500428599890925,-137.944023376033
1,3,2004-04-26,2004-04-28,LONG,406.57819462064583,405.69092902675663,2479.73699638452,12398.684981922599,-135.2867263847602,-5.45568850978993,2.4797369963845197,-137.76646338114472
4,5,2004-04-29,2004-04-30,LONG,405.10291619457155,404.55499498902225,2459.072026877348,12295.36013438674,-83.15033388034485,-3.3813704101190263,2.459072026877348,-85.6094059072222
9,10,2004-05-06,2004-05-07,LONG,402.83975307573013,402.0976995375056,2446.230615991265,12231.153079956326,-112.65236797324158,-4.605140955918927,2.4462306159912655,-115.09859858923285
12,13,2004-05-11,2004-05-12,LONG,400.6109626759747,399.89159399916815,2428.96582620288,12144.829131014401,-109.04107071435477,-4.489197399899815,2.4289658262028806,-111.47003654055766
24,25,2004-05-27,2004-05-28,LONG,395.0370477862471,395.00788055355554,2412.2453207217964,12061.226603608982,-4.452653300047683,-0.1845854259431355,2.4122453207217966,-6.86489862076948
26,28,2004-05-31,2004-06-02,LONG,395.01697327645957,394.90416751310835,2411.215585928681,12056.077929643405,-17.214387809652244,-0.713929849745149,2.411215585928681,-19.625603395580924
29,32,2004-06-03,2004-06-08,LONG,394.6954887064047,394.4394406200171,2408.2717454193435,12041.358727096718,-39.05753863168173,-1.6218077841909317,2.4082717454193436,-41.46581037710107
33,35,2004-06-09,2004-06-11,LONG,394.13005834342107,393.57013895629905,2402.0518738627784,12010.259369313892,-85.31164932595927,-3.5516156105641556,2.4020518738627783,-87.71370119982204
40,41,2004-06-18,2004-06-21,LONG,392.74280937157033,392.7694909121357,2388.8948186828047,11944.474093414025,4.057324061077566,0.16984105073804395,2.388894818682805,1.6684292423947604
54,55,2004-07-08,2004-07-09,LONG,394.5844330151552,394.98333969825916,2389.1450830691642,11945.725415345822,60.38289025106341,2.5273848239259635,2.3891450830691645,57.99374516799424
56,57,2004-07-12,2004-07-13,LONG,395.3822804127421,395.5602543219861,2397.844144844363,11989.220724221816,26.983612908143648,1.1253280562942958,2.3978441448443633,24.585768763299285
63,64,2004-07-21,2004-07-22,LONG,396.87280572952915,396.8145114127386,2401.532010158858,12007.660050794291,-8.818673499526016,-0.36721032500177553,2.401532010158858,-11.220205509684874
66,67,2004-07-26,2004-07-27,LONG,396.4308356480677,396.13728458070426,2399.8489793324056,11999.244896662029,-44.426301264034095,-1.851212374054999,2.399848979332406,-46.8261502433665
72,74,2004-08-03,2004-08-05,LONG,395.35559314677664,395.17446084695547,2392.8250567959008,11964.125283979503,-27.406840393823714,-1.1453758525298416,2.3928250567959006,-29.799665450619614
75,76,2004-08-06,2004-08-09,LONG,395.3091007328238,395.4737891215469,2388.355106978308,11941.77553489154,24.87511377410503,1.0415165526024501,2.388355106978308,22.486758667126722
77,78,2004-08-10,2004-08-11,LONG,395.61467526187045,395.6111057960481,2391.728120778377,11958.640603891887,-0.5394890734162885,-0.02255645483821607,2.3917281207783776,-2.931217194194666
86,88,2004-08-23,2004-08-25,LONG,397.6501791364816,398.11217628618516,2391.288438199248,11956.44219099624,69.45605085393157,2.9045450872599554,2.3912884381992483,67.06476241573232
95,96,2004-09-03,2004-09-06,LONG,399.7074286189844,399.7850142133773,2401.348152561608,12006.74076280804,11.6528997474747,0.48526490151143287,2.4013481525616083,9.251551594913092
100,103,2004-09-10,2004-09-15,LONG,399.76784795609603,400.2361904819172,2402.735885300845,12013.679426504224,70.3723047736561,2.928840627227109,2.402735885300845,67.96956888835525
105,106,2004-09-17,2004-09-20,LONG,400.54710527138633,400.69504733852824,2412.931320634098,12064.65660317049,22.280403649666148,0.9233749613648782,2.412931320634098,19.86747232903205
107,109,2004-09-21,2004-09-23,LONG,400.9317646406139,401.43711131336045,2415.9114414834526,12079.557207417263,76.12721891082627,3.1510765503921596,2.415911441483453,73.71130746934281
113,115,2004-09-29,2004-10-01,LONG,402.52838300008517,403.5382267636976,2426.9681376038543,12134.84068801927,152.2165107947674,6.271879240452277,2.426968137603854,149.78954265716354
117,119,2004-10-05,2004-10-07,LONG,404.3070886732907,405.1217392291535,2449.4365690024288,12247.182845012143,123.38609180934455,5.037325455608571,2.4494365690024287,120.93665524034212
121,124,2004-10-11,2004-10-14,LONG,406.1833553959209,407.0985134064653,2467.57706728848,12337.8853364424,138.99036542029054,5.632665632324967,2.46757706728848,136.52278835300206
126,127,2004-10-18,2004-10-19,LONG,407.73480154918826,408.1103517141319,2488.0554855414302,12440.277427707151,57.29150690803504,2.3026619478933257,2.4880554855414303,54.80345142249361
129,130,2004-10-21,2004-10-22,LONG,409.0718853002089,409.53966135688194,2496.2760032548044,12481.380016274023,71.36264964243779,2.858764397422024,2.496276003254805,68.86637363918298
137,140,2004-11-02,2004-11-05,LONG,412.75107426103233,414.3122480638122,2506.6059593006817,12533.029796503408,237.0222515203756,9.455903934198833,2.5066059593006815,234.5156455610749
141,143,2004-11-08,2004-11-10,LONG,414.8565845826771,416.07258317681595,2541.783306134843,12708.916530674214,186.25743460084848,7.327825080576221,2.541783306134843,183.71565129471364
144,145,2004-11-11,2004-11-12,LONG,416.6555064089193,417.3136653350367,2569.3406538290496,12846.703269145248,101.46478682885599,3.9490593307526014,2.5693406538290495,98.89544617502695
146,148,2004-11-15,2004-11-17,LONG,417.9108731785269,419.4017475348657,2584.174970755303,12920.874853776515,230.47259855247947,8.918614302851052,2.5841749707553032,227.88842358172417
150,152,2004-11-19,2004-11-23,LONG,420.96954466558856,422.6191913495754,2618.358234292562,13091.79117146281,256.5129730537594,9.796710384935738,2.618358234292562,253.89461481946685
153,154,2004-11-24,2004-11-25,LONG,423.44033963656,424.30440706742496,2656.4424265154817,13282.212132577408,135.51763777926914,5.101470915634743,2.656442426515482,132.86119535275367
155,156,2004-11-26,2004-11-29,LONG,425.1727056345591,426.06377967405064,2676.371605818395,13381.858029091974,140.2280312430726,5.239482848279319,2.676371605818395,137.5516596372542
161,162,2004-12-06,2004-12-07,LONG,429.9508818254227,430.6060720267781,2697.004354763983,13485.021773819915,102.74724979932493,3.8096805300974914,2.6970043547639833,100.05024544456094
168,169,2004-12-15,2004-12-16,LONG,431.8609278576078,432.0333410562129,2712.011891580667,13560.059457903335,27.068126260122007,0.9980828750845057,2.712011891580667,24.35611436854134
172,173,2004-12-21,2004-12-22,LONG,432.90829754517176,433.11970102830196,2715.665308735948,13578.326543679741,33.15373651522116,1.2208329358028704,2.7156653087359484,30.438071206485212
175,177,2004-12-24,2004-12-28,LONG,433.6764740456444,434.3426113543688,2720.231019416921,13601.155097084604,104.45847762266824,3.8400590566406683,2.720231019416921,101.73824660325133
178,179,2004-12-29,2004-12-30,LONG,434.4066511336041,434.4967116202546,2735.4917564074085,13677.458782037043,14.177943533297544,0.5182959700056929,2.735491756407409,11.442451776890135
180,183,2004-12-31,2005-01-05,LONG,434.61198287480687,433.99874615263735,2737.208124173942,13686.04062086971,-96.5548928760049,-3.5274954806421253,2.737208124173942,-99.29210100017885
185,189,2005-01-07,2005-01-13,LONG,433.1519330713969,431.9703714415982,2722.314309023915,13611.571545119576,-185.64976202382599,-6.819556485760479,2.7223143090239152,-188.3720763328499
194,195,2005-01-20,2005-01-21,LONG,430.62240532775394,430.5127643709782,2694.058497573988,13470.29248786994,-17.148384967281793,-0.6365260807337328,2.694058497573988,-19.84244346485578
196,198,2005-01-24,2005-01-26,LONG,430.4127615244137,430.04650033741115,2691.0821310542597,13455.410655271298,-57.24963475469899,-2.1273834081114,2.6910821310542596,-59.94071688575325
200,201,2005-01-28,2005-01-31,LONG,429.8355736560545,429.6103539142433,2682.091023521397,13410.455117606984,-35.13319306576212,-1.3099179989661467,2.682091023521397,-37.815284089283516
203,205,2005-02-02,2005-02-04,LONG,429.11360490131096,428.30566774449517,2676.4187309080044,13382.093654540022,-125.97935110887869,-4.707012010267123,2.6764187309080043,-128.6557698397867
208,210,2005-02-09,2005-02-11,LONG,426.9388422129731,426.46913646137017,2657.120365432036,13285.60182716018,-73.08217213708832,-2.7504276090709006,2.657120365432036,-75.73929250252036
211,213,2005-02-14,2005-02-16,LONG,426.4451957590179,426.3808507085628,2645.7594715566584,13228.797357783293,-9.98026993752655,-0.3772175832618133,2.6457594715566586,-12.626029409083209
214,215,2005-02-17,2005-02-18,LONG,426.4001228008928,426.42190768894386,2643.8655671452957,13219.327835726479,3.3768936922424198,0.1277256201754845,2.643865567145296,0.7330281250971238
216,217,2005-02-21,2005-02-22,LONG,426.4492398305242,426.7371857372297,2643.9755213640606,13219.877606820302,44.63145069204767,1.688043264070075,2.6439755213640606,41.98747517068361
219,220,2005-02-24,2005-02-25,LONG,427.20358857002503,427.44937803027136,2650.273642639663,13251.368213198315,38.12054401918359,1.4383625677692535,2.650273642639663,35.47027037654393
224,226,2005-03-03,2005-03-07,LONG,428.06193396351193,428.43187744823473,2655.594183196145,13277.970915980724,57.37602950610128,2.1605721939429112,2.655594183196145,54.72043532290514
227,228,2005-03-08,2005-03-09,LONG,428.8075186308769,429.17458000507014,2663.802248494581,13319.011242472905,57.005700193486824,2.1400124662295403,2.663802248494581,54.34189794499224
230,231,2005-03-11,2005-03-14,LONG,430.097053720464,430.433314103888,2671.9535331863294,13359.767665931648,52.22496363253094,1.9545610724095257,2.6719535331863296,49.553010099344604
232,234,2005-03-15,2005-03-17,LONG,430.7466571097352,431.3728005664653,2679.3864847012314,13396.932423506158,97.3704779686335,3.6340587117461305,2.6793864847012316,94.69109148393227
235,236,2005-03-18,2005-03-21,LONG,431.6195483565611,431.6064891884794,2693.590148423821,13467.950742119105,-2.0374451658573567,-0.07564050407036076,2.693590148423821,-4.731035314281177
237,238,2005-03-22,2005-03-23,LONG,431.4568789010985,431.2652353988161,2692.880493126679,13464.402465633395,-29.902933187964255,-1.1104441234688522,2.692880493126679,-32.59581368109093
240,241,2005-03-25,2005-03-28,LONG,430.88740150515434,430.7321600090831,2687.9911210745154,13439.955605372577,-24.21095172452304,-0.900708024468652,2.6879911210745155,-26.898942845597553
242,244,2005-03-29,2005-03-31,LONG,430.58797601886124,430.3938617663845,2683.9562796476757,13419.781398238378,-30.248996483897873,-1.1270301499795174,2.6839562796476755,-32.93295276354555
245,246,2005-04-01,2005-04-04,LONG,430.26020789395255,430.07468611685147,2679.016336733144,13395.08168366572,-28.878796049161842,-1.0779626705963776,2.679016336733144,-31.557812385894987
248,250,2005-04-06,2005-04-08,LONG,429.8134888502245,429.6017632532258,2674.28266487526,13371.413324376299,-32.93370894888716,-1.2314969311751243,2.67428266487526,-35.607991613762415
1,3,2005-04-13,2005-04-15,LONG,429.48471488015605,429.1613277578166,2668.9414661331953,13344.707330665977,-50.24051325470916,-1.882413454630701,2.6689414661331954,-52.909454720842355
4,5,2005-04-18,2005-04-19,LONG,429.10650338566353,429.2557092567074,2661.0050479250685,13305.025239625342,23.131645226486363,0.869282275301333,2.6610050479250686,20.470640178561293
9,10,2005-04-25,2005-04-26,LONG,429.8206445400673,430.0410017203915,2664.0756439518527,13320.378219759263,34.144951186543445,1.2816809937083204,2.6640756439518527,31.48087554259159
12,13,2005-04-28,2005-04-29,LONG,430.1422851923848,430.29037729282055,2668.7977752832417,13343.988876416208,22.970763499987843,0.8607157766964916,2.6687977752832417,20.3019657247046
24,25,2005-05-16,2005-05-17,LONG,428.92063222781525,428.6024973761895,2671.8430701419475,13359.215350709737,-49.54333825537721,-1.8542757547787083,2.6718430701419478,-52.215181325519154
26,28,2005-05-18,2005-05-20,LONG,428.38764520954516,427.8230339872987,2664.0107929431197,13320.053964715598,-87.77858130955538,-3.294978441606846,2.66401079294312,-90.4425921024985
29,32,2005-05-23,2005-05-26,LONG,427.49859903091556,426.67182340971686,2650.4444041277447,13252.222020638725,-128.14795321217198,-4.834960997959328,2.650444404127745,-130.79839761629972
33,35,2005-05-27,2005-05-31,LONG,426.47348938792135,425.9412599778404,2630.8246444852994,13154.123222426497,-82.08026309973226,-3.1199442833176985,2.6308246444852994,-84.71108774421756
40,41,2005-06-07,2005-06-08,LONG,425.3971124403023,425.3287235163472,2618.1179813236668,13090.589906618334,-10.522536842282342,-0.4019122483151948,2.618117981323667,-13.14065482360601
54,55,2005-06-27,2005-06-28,LONG,428.5245797245392,428.74170174252174,2616.1468831001257,13080.734415500629,33.138302764486774,1.2666835711157773,2.616146883100126,30.52215588138665
56,57,2005-06-29,2005-06-30,LONG,429.0049809018898,429.21026227543695,2620.7252064823338,13103.626032411668,31.350805586532736,1.1962645114026789,2.6207252064823336,28.730080380050403
63,64,2005-07-08,2005-07-11,LONG,428.40078111112615,428.31982730176713,2625.034718539341,13125.173592696705,-12.40115386894621,-0.47241866103190566,2.6250347185393412,-15.026188587485551
66,67,2005-07-13,2005-07-14,LONG,428.13330512849984,427.86457857764907,2622.780790251218,13113.90395125609,-41.156038724336724,-1.5691756961661547,2.6227807902512184,-43.778819514587944
71,74,2005-07-20,2005-07-25,LONG,427.09843183301575,426.9478361288588,2616.21396732403,13081.06983662015,-23.062048187785518,-0.8815046657431584,2.6162139673240303,-25.678262155109547
75,76,2005-07-26,2005-07-27,LONG,426.84051626734384,426.79567770757956,2612.3622280007635,13061.811140003818,-6.860557715473094,-0.2626189294094743,2.6123622280007637,-9.472919943473858
77,78,2005-07-28,2005-07-29,LONG,426.83005164852716,426.91627108076625,2610.9412900092425,13054.706450046213,13.185217088437662,0.5049986048667907,2.610941290009243,10.57427579842842
86,88,2005-08-10,2005-08-12,LONG,428.82289923522285,429.8726718311084,2612.527431379007,13062.637156895034,159.8888322167556,6.12008242655501,2.6125274313790072,157.27630478537657
95,96,2005-08-23,2005-08-24,LONG,431.912052686305,432.08909988205215,2636.1188770968133,13180.594385484066,27.01461165203294,1.0247873070801887,2.636118877096813,24.378492774936127
100,103,2005-08-30,2005-09-02,LONG,432.5584634379718,433.29519098152826,2639.775651013054,13198.878255065269,112.40072702853885,4.257965141295374,2.639775651013054,109.7609513775258
105,106,2005-09-06,2005-09-07,LONG,433.9999677672747,434.33925011887294,2656.2397937196824,13281.198968598412,51.913326644834534,1.9543915714076918,2.6562397937196827,49.25708685111485
107,109,2005-09-08,2005-09-12,LONG,434.7239998331532,435.61446194533323,2663.6283567473497,13318.141783736748,136.4003444439592,5.120847437234918,2.6636283567473495,133.73671608721185
113,115,2005-09-16,2005-09-20,LONG,437.6599265211216,439.2737794473305,2683.6888641604314,13418.444320802157,247.39979970788258,9.218646878623145,2.6836888641604313,244.71611084372213
117,119,2005-09-22,2005-09-26,LONG,441.0925350343238,442.5559378559782,2720.39628078699,13601.98140393495,225.63494488814848,8.294193992313282,2.72039628078699,222.9145486073615
121,124,2005-09-28,2005-10-03,LONG,443.9862660793511,446.2289129482254,2753.833463078094,13769.16731539047,347.75152213095856,12.627906763187477,2.7538334630780943,344.9976886678805
126,127,2005-10-05,2005-10-06,LONG,447.3877572634995,448.1880952803279,2805.5831163782764,14027.915581891382,125.47364064808981,4.472283851282352,2.8055831163782767,122.66805753171154
129,130,2005-10-10,2005-10-11,LONG,449.8130601368042,450.6063852121069,2823.983325008033,14119.916625040165,124.51488087540918,4.409193204958283,2.823983325008033,121.69089755040115
137,140,2005-10-20,2005-10-25,LONG,454.19608641968335,455.45058775347053,2842.236959640593,14211.184798202965,196.25829919160043,6.905064636708465,2.842236959640593,193.41606223195984
141,143,2005-10-26,2005-10-28,LONG,455.9252520789539,456.9745898198062,2871.249368975387,14356.246844876934,165.2085683193577,5.75389132356389,2.871249368975387,162.33731895038233
144,145,2005-10-31,2005-11-01,LONG,457.24307062673904,457.3008707644873,2895.5999668179443,14477.999834089722,9.150826316322517,0.3160252252101873,2.8955999668179446,6.255226349504572
146,148,2005-11-02,2005-11-04,LONG,457.4751533439666,457.5543113877774,2896.5382507703703,14482.691253851852,12.529877310169539,0.4325811097725729,2.8965382507703703,9.63333905939917
150,152,2005-11-08,2005-11-10,LONG,457.70166305078345,458.24057481859245,2897.9832516292795,14489.916258146397,85.30432611969334,2.943575539014391,2.8979832516292796,82.40634286806406
153,154,2005-11-11,2005-11-14,LONG,458.55680449505945,458.8351769197399,2910.3442030594892,14551.721015297446,44.16898650934464,1.5176550754000901,2.9103442030594895,41.258642306285154
155,156,2005-11-15,2005-11-16,LONG,459.1328985776217,459.7512964636195,2916.5329994054323,14582.664997027161,98.20565281112451,3.367205268417838,2.9165329994054323,95.28911981171908
161,162,2005-11-23,2005-11-24,LONG,464.1536508153912,465.0577686607596,2930.8263673771903,14654.131836885952,142.72280395549288,4.869712021978844,2.9308263673771906,139.79197758811569
168,169,2005-12-02,2005-12-05,LONG,470.9192899561629,472.10461790550727,2951.795164015408,14758.97582007704,185.74548671454238,6.292627922794877,2.951795164015408,182.79369155052697
172,173,2005-12-08,2005-12-09,LONG,476.03256129501557,477.58165888264966,2979.214217747987,14896.071088739935,242.3727877565528,8.135460226816601,2.979214217747987,239.39357353880482
175,177,2005-12-13,2005-12-15,LONG,480.36969361517447,481.8468623465325,3015.1232537788073,15075.616268894037,231.7926094667648,7.68766614022371,3.0151232537788073,228.777486212986
178,179,2005-12-16,2005-12-19,LONG,482.4835016235978,483.13767647732885,3049.439876710755,15247.199383553776,103.36451291059431,3.3896229173105494,3.0494398767107556,100.31507303388356
180,183,2005-12-20,2005-12-23,LONG,483.4135316217172,484.98249084251404,3064.4871376658375,15322.435688329188,248.65126010873416,8.11395998542605,3.0644871376658376,245.5867729710683
186,189,2005-12-28,2006-01-02,LONG,487.18357642702057,489.87680229439883,3101.325153611498,15506.62576805749,428.6150812038173,13.82038515712209,3.1013251536114983,425.51375605020576
194,195,2006-01-09,2006-01-10,LONG,496.6721168159865,498.114152290345,3165.1522170190287,15825.761085095144,229.7421993379611,7.25848817325868,3.165152217019029,226.57704712094207
196,198,2006-01-11,2006-01-13,LONG,499.6420341796411,502.7910237269796,3199.1387740871696,15995.693870435847,504.06360308667195,15.756228118941154,3.1991387740871695,500.8644643125848
200,201,2006-01-17,2006-01-18,LONG,506.1801392338029,507.326221069118,3274.268443734057,16371.342218670286,185.33814824250467,5.660444506228098,3.2742684437340572,182.0638797987706
203,205,2006-01-20,2006-01-24,LONG,510.2766902659558,513.2315513600958,3301.5780257038728,16507.890128519364,477.96149831649024,14.476759131403302,3.301578025703873,474.6599202907864
208,210,2006-01-27,2006-01-31,LONG,517.5297513666179,520.6228965029848,3372.7770137474918,16863.885068737458,503.95599424836576,14.941871110785957,3.3727770137474917,500.58321723461825
211,213,2006-02-01,2006-02-03,LONG,522.1380555218612,525.0566727199706,3447.864496332684,17239.32248166342,481.8168542460276,13.974355858779003,3.4478644963326843,478.36898974969495
214,215,2006-02-06,2006-02-07,LONG,526.4400481330402,527.1267022810065,3519.6198447951383,17598.099223975692,114.7690783719645,3.2608373470131036,3.519619844795139,111.24945852716935
216,217,2006-02-08,2006-02-09,LONG,527.8760253000984,529.0035591511928,3536.307263574213,17681.536317871065,188.8372438056945,5.3399557711179515,3.536307263574213,185.3009365421203
219,220,2006-02-13,2006-02-14,LONG,530.012901878671,530.5478800276572,3564.102404055532,17820.51202027766,89.9372873830377,2.52342040679582,3.5641024040555322,86.37318497898217
224,226,2006-02-20,2006-02-22,LONG,532.7231054776375,534.0736443378278,3577.0583818023783,17885.291909011892,226.71047586071302,6.337902590968617,3.5770583818023787,223.13341747891064
227,228,2006-02-23,2006-02-24,LONG,534.538252968493,535.2903291253836,3610.5283944242146,18052.641972121073,126.9971000271347,3.5174103663956213,3.610528394424215,123.38657163271048
230,231,2006-02-28,2006-03-01,LONG,536.6551213092966,537.462700522474,3629.036380169121,18145.181900845604,136.52782895926438,3.7620959025189458,3.629036380169121,132.89879257909527
232,234,2006-03-02,2006-03-06,LONG,538.4630295405861,539.7810852594451,3648.971199055986,18244.85599527993,223.29979464750838,6.119527463118305,3.648971199055986,219.6508234484524
235,236,2006-03-07,2006-03-08,LONG,540.1769834743144,540.274192764002,3681.9188225732532,18409.594112866267,16.564789151499163,0.4498955558157094,3.6819188225732535,12.88287032892591
237,238,2006-03-09,2006-03-10,LONG,540.4212916860965,540.4299669643096,3683.8512531225924,18419.256265612963,1.4784037476031995,0.04013201527477637,3.683851253122593,-2.2054475055193934
240,241,2006-03-14,2006-03-15,LONG,540.9055566129531,541.272679058347,3683.5204359967647,18417.602179983824,62.50180893820478,1.696795498333966,3.683520435996765,58.81828850220802
242,244,2006-03-16,2006-03-20,LONG,541.7061910058035,542.469337557782,3692.3431792720958,18461.715896360478,130.04277100612688,3.521957865026061,3.6923431792720955,126.35042782685478
245,246,2006-03-21,2006-03-22,LONG,542.7628832338139,543.0068270451173,3711.295743446124,18556.47871723062,41.700881568041275,1.123620547936175,3.7112957434461245,37.98958582459515
248,250,2006-03-24,2006-03-28,LONG,543.7251699919757,545.0394051805977,3716.994181319813,18584.970906599065,224.60816689182028,6.042736575177189,3.716994181319813,220.89117271050046
1,3,2006-03-31,2006-04-04,LONG,548.3506193301931,550.7157303679486,3750.127857226388,18750.63928613194,404.3703278275858,10.782841098294178,3.750127857226388,400.6201999703594
4,5,2006-04-05,2006-04-06,LONG,551.8824930781103,553.2277127128422,3810.2208872219426,19051.104436109712,232.1863809073081,6.093777441774425,3.8102208872219427,228.37616002008616
9,10,2006-04-12,2006-04-13,LONG,558.1860720772839,559.3724339905489,3844.4773112249545,19222.386556124773,204.2751372080532,5.313469703972986,3.8444773112249546,200.43065989682825
12,13,2006-04-17,2006-04-18,LONG,562.2188662031757,564.0360799453598,3874.5419102094793,19372.709551047396,313.0840686408251,8.080544123573514,3.874541910209479,309.2095267306156
24,25,2006-05-03,2006-05-04,LONG,587.1481800822531,590.01656482628,3920.9233392190717,19604.61669609536,478.87045682145765,12.21320631371574,3.920923339219072,474.94953348223856
26,28,2006-05-05,2006-05-09,LONG,592.9201730519402,598.8467663863504,3992.1657692414074,19960.828846207038,997.6023802690748,24.989001908571538,3.992165769241408,993.6102144998334
29,32,2006-05-10,2006-05-15,LONG,602.2256734930154,611.2175010813878,4141.2073014163825,20706.036507081913,1545.8084776618623,37.32748363341199,4.141207301416383,1541.6672703604459
33,35,2006-05-16,2006-05-18,LONG,613.6697425910636,617.9989791039275,4372.457391970449,21862.286959852245,771.1559198085704,17.636670884997436,4.372457391970449,766.7834624166
40,41,2006-05-25,2006-05-26,LONG,623.2998391667187,624.2305333760646,4487.47491133294,22437.374556664698,167.5143587453073,3.732931371321017,4.4874749113329395,163.02688383397435
54,55,2006-06-14,2006-06-15,LONG,621.4677019879628,620.049328467838,4511.928943908036,22559.644719540178,-257.4389834842771,-5.705741085126547,4.5119289439080354,-261.9509124281852
56,57,2006-06-16,2006-06-19,LONG,618.7871605013073,617.1067167760124,4472.636307043808,22363.181535219042,-303.6590809192381,-6.78926387198117,4.472636307043809,-308.13171722628186
63,64,2006-06-27,2006-06-28,LONG,610.9558400426715,609.9798353007703,4426.4165494598665,22132.082747299333,-176.78051582259224,-3.993761406033146,4.426416549459867,-181.2069323720521
66,67,2006-06-30,2006-07-03,LONG,609.8111936626057,610.2341687576446,4399.235509604058,21996.177548020292,76.28455647876655,1.7340412058465209,4.3992355096040585,71.88532096916249
71,74,2006-07-07,2006-07-12,LONG,612.3066978209653,614.7064058321565,4410.018307749433,22050.091538747165,432.0855994335673,9.797818722754323,4.410018307749433,427.67558112581787
75,76,2006-07-13,2006-07-14,LONG,616.1006839077914,617.6040836404227,4474.169644918305,22370.848224591522,272.9450568554998,6.100462846005554,4.474169644918304,268.4708872105815
77,78,2006-07-17,2006-07-18,LONG,618.3883501059369,618.8275996107791,4514.440277999892,22572.20138999946,80.16668071170557,1.7757833922929456,4.514440277999892,75.65224043370567
86,88,2006-07-28,2006-08-01,LONG,620.6810927104589,621.9529615908428,4525.788114064948,22628.94057032474,231.8505078169066,5.122875883127997,4.525788114064948,227.32471970284166
95,96,2006-08-10,2006-08-11,LONG,626.5479569648875,626.6989851945166,4559.886822020374,22799.43411010187,27.47880774262176,0.6026203898290303,4.559886822020374,22.918920920601387
100,103,2006-08-17,2006-08-22,LONG,626.2579546143331,625.8973260937153,4563.324660158465,22816.623300792326,-65.6943759822347,-1.4396165268669139,4.563324660158465,-70.25770064239317
105,106,2006-08-24,2006-08-25,LONG,625.6184997696083,625.5183183988439,4552.786005062106,22763.93002531053,-18.226137132776568,-0.40032931731277227,4.552786005062106,-22.778923137838675
107,109,2006-08-28,2006-08-30,LONG,625.1722415128644,624.6336571793405,4549.36916659143,22746.84583295715,-97.98175598029745,-2.153743791553177,4.549369166591431,-102.53112514688888
113,115,2006-09-05,2006-09-07,LONG,625.1652930151188,625.1376865470266,4533.989497819397,22669.947489096987,-5.005373690769673,-0.11039667588945644,4.533989497819397,-9.539363188589071
117,119,2006-09-11,2006-09-13,LONG,623.559140404826,621.3932359150662,4532.5585933411085,22662.792966705543,-393.5909351374383,-8.683637001751556,4.5325585933411086,-398.1234937307794
121,124,2006-09-15,2006-09-20,LONG,618.6280562967074,614.9985488378019,4472.840069281491,22364.200346407455,-656.0568272287717,-14.667567296546766,4.472840069281491,-660.5296672980531
126,127,2006-09-22,2006-09-25,LONG,613.2422892488714,612.5157201324732,4373.7606191867835,21868.803095933916,-129.55072750739907,-2.96199858170305,4.3737606191867835,-133.92448812658586
129,130,2006-09-27,2006-09-28,LONG,611.5733840243565,611.2473818360046,4353.671945967796,21768.35972983898,-58.018653968082376,-1.3326372470901724,4.353671945967796,-62.37232591405017
137,140,2006-10-09,2006-10-12,LONG,604.9027401877989,602.1753202461106,4344.3160970806875,21721.580485403436,-489.6974988283677,-11.272142447402407,4.3443160970806876,-494.0418149254484
141,143,2006-10-13,2006-10-17,LONG,601.7838916581848,601.2304109652235,4270.209824841871,21351.049124209352,-98.18635583742639,-2.29933328489455,4.270209824841871,-102.45656566226826
144,145,2006-10-18,2006-10-19,LONG,600.8746196584444,600.8193815528999,4254.841339992531,21274.206699962655,-9.778636312980893,-0.2298237591392317,4.254841339992531,-14.033477652973424
146,148,2006-10-20,2006-10-24,LONG,600.5355250328155,599.5058014995574,4252.736318344585,21263.681591722925,-182.30156606895014,-4.2866886734212715,4.252736318344585,-186.5543023872947
150,152,2006-10-26,2006-10-30,LONG,599.1529019831067,599.3048091163927,4224.75317298649,21123.76586493245,26.778228947271057,0.6338412648221399,4.224753172986491,22.553475774284564
153,154,2006-10-31,2006-11-01,LONG,599.519433855821,600.0728847232444,4228.1361943526335,21140.68097176317,97.58089196953101,2.3078937736174683,4.2281361943526345,93.35275577517838
155,156,2006-11-02,2006-11-03,LONG,600.8145448881226,601.6514011688554,4242.139107718911,21210.695538594555,147.71865903720743,3.4821738581938892,4.242139107718911,143.47651992948852
161,162,2006-11-10,2006-11-13,LONG,605.021807408425,605.659226563764,4263.660585708333,21318.302928541667,112.29921367775232,2.633868513224904,4.263660585708333,108.03555309204398
168,169,2006-11-21,2006-11-22,LONG,608.4869255136869,609.1441064658384,4279.865918672141,21399.329593360704,115.55903017716255,2.700061926543147,4.279865918672141,111.27916425849041
172,173,2006-11-27,2006-11-28,LONG,611.6282890288483,612.5051822473969,4296.557793310913,21482.788966554566,153.99967838467833,3.584257114484353,4.296557793310914,149.70312059136742
175,177,2006-11-30,2006-12-04,LONG,614.2968813334396,616.2183926471988,4319.013261399618,21595.06630699809,337.74519691687436,7.819962025479513,4.319013261399618,333.42618365547474
178,179,2006-12-05,2006-12-06,LONG,617.0364531222558,617.4493039541738,4369.02718894794,21845.1359447397,73.08144034694041,1.6727165381760507,4.36902718894794,68.71241315799247
180,183,2006-12-07,2006-12-12,LONG,617.9457969505714,618.872641644317,4379.334050921639,21896.670254608194,164.21191580500076,3.7497006141936593,4.379334050921639,159.83258175407911
186,189,2006-12-15,2006-12-20,LONG,619.2283789978853,619.2387247775404,4403.30893818475,22016.54469092375,1.839210926558799,0.04176883685379132,4.40330893818475,-2.5640980116259513
194,195,2006-12-27,2006-12-28,LONG,619.5746142509469,620.0049532892672,4402.924323483006,22014.621617415032,76.4536738426373,1.7364294324767624,4.402924323483006,72.0507495191543
196,198,2006-12-29,2007-01-03,LONG,620.48103806636,621.2635547142818,4413.73193591088,22068.6596795544,139.15891491533077,3.1528628592758428,4.41373193591088,134.7451829794199
200,201,2007-01-05,2007-01-08,LONG,620.8019999833913,620.4533183633904,4433.943713357793,22169.718566788964,-62.25957217469153,-1.4041579280117387,4.4339437133577935,-66.69351588804932
203,205,2007-01-10,2007-01-12,LONG,619.9310818209776,619.8444197689787,4423.939685974586,22119.69842987293,-15.460899701136695,-0.34948260597116815,4.423939685974586,-19.88483938711128
208,210,2007-01-17,2007-01-19,LONG,620.5475578365387,621.1859753400468,4420.956960066519,22104.784800332596,113.70668814661047,2.571992651674664,4.420956960066519,109.28573118654396
211,213,2007-01-22,2007-01-24,LONG,621.5505946134996,623.1296051132952,4437.349819744501,22186.749098722503,281.820257971095,6.351093995724727,4.437349819744501,277.3829081513505
214,215,2007-01-25,2007-01-26,LONG,623.8321476829099,624.5190477460478,4478.957255967203,22394.786279836015,123.29422398891376,2.7527439299549448,4.478957255967203,118.81526673294655
216,217,2007-01-29,2007-01-30,LONG,625.097412015167,625.7698299214277,4496.779545977145,22483.897729885724,120.92975547098786,2.689252480237164,4.496779545977145,116.43297592501071
219,220,2007-02-01,2007-02-02,LONG,627.5449349137065,628.1660708208506,4514.244492365897,22571.222461829486,111.70352877684738,2.474467853164595,4.514244492365897,107.18928428448149
224,226,2007-02-08,2007-02-12,LONG,631.1267591059435,633.1141553568909,4530.322885008569,22651.614425042844,356.645736666348,7.872413197004907,4.5303228850085695,352.11541378133944
227,228,2007-02-13,2007-02-14,LONG,634.0693053334236,635.1410202425378,4583.14019707577,22915.700985378848,193.66257120678574,4.2255432493719125,4.58314019707577,189.07943100970996
230,231,2007-02-16,2007-02-19,LONG,637.2220853411758,638.2516926333192,4611.502111727226,23057.51055863613,186.27870530518692,4.039436625898382,4.611502111727226,181.6672031934597
232,234,2007-02-20,2007-02-22,LONG,638.8321534467926,641.2165877594371,4638.752192206245,23193.760961031225,432.8523476500459,9.331223779905695,4.638752192206245,428.21359545783963
235,236,2007-02-23,2007-02-26,LONG,642.5109433715332,643.8677281333667,4702.984231524921,23514.9211576246,248.28127078241965,5.279228221054775,4.702984231524921,243.57828655089475
237,238,2007-02-27,2007-02-28,LONG,644.4601405058531,645.2239860669761,4739.520974507555,23697.604872537777,140.4377800380721,2.9631218174461997,4.739520974507555,135.69825906356456
240,241,2007-03-02,2007-03-05,LONG,645.7054416134694,645.409568306424,4759.87571336709,23799.378566835447,-54.52641706563539,-1.1455428744181209,4.75987571336709,-59.28629277900248
242,244,2007-03-06,2007-03-08,LONG,645.4341718597025,645.7092147071335,4750.982769450239,23754.913847251195,50.61414029412564,1.0653404306070018,4.750982769450239,45.8631575246754
245,246,2007-03-09,2007-03-12,LONG,645.7774066876837,645.9337435896066,4757.86224307894,23789.3112153947,28.795891399884272,0.6052275145580861,4.75786224307894,24.038029156805333
248,250,2007-03-14,2007-03-16,LONG,645.7819643871135,645.9768305118342,4761.467947452461,23807.339737262304,35.91958501747422,0.7543804854696619,4.761467947452461,31.15811707002176
1,3,2007-03-21,2007-03-23,LONG,647.0998868606879,647.9027341380754,4766.141665012964,23830.70832506482,147.83204019562137,3.1017130959580754,4.766141665012965,143.06589853060842
4,5,2007-03-26,2007-03-27,LONG,648.3913386817673,648.8802979287417,4787.6015497925555,23938.007748962777,90.25961286588065,1.885278294928106,4.787601549792556,85.4720113160881
9,10,2007-04-02,2007-04-03,LONG,650.5926713291252,651.0006595992216,4800.422351489969,24002.111757449842,75.25891764641042,1.5677561709346544,4.800422351489969,70.45849529492045
12,13,2007-04-05,2007-04-06,LONG,652.4073426230696,653.076338749067,4810.991125784207,24054.955628921034,123.33300896097784,2.5635675838182754,4.810991125784207,118.52201783519362
24,25,2007-04-23,2007-04-24,LONG,662.0089817660233,662.6779268708619,4828.769428459485,24143.847142297425,121.98405763865863,2.5261934628668947,4.828769428459485,117.15528821019915
26,28,2007-04-25,2007-04-27,LONG,663.3851906880546,664.2717935782975,4846.342721691015,24231.713608455073,161.9263410034191,3.3412069740482324,4.846342721691014,157.0799982817281
29,32,2007-04-30,2007-05-03,LONG,664.6991077420114,665.702692714542,4869.904721433274,24349.52360716637,183.81863083465487,3.7745837208197934,4.869904721433275,178.9487261132216
33,35,2007-05-04,2007-05-08,LONG,666.3936222874241,667.6395558094465,4896.747030350257,24483.735151751283,228.88204020601447,4.674165089341829,4.896747030350257,223.9852931756642
40,41,2007-05-15,2007-05-16,LONG,668.201356144645,667.9989901924866,4930.344824326607,24651.724121633033,-37.32908934070337,-0.7571293828480208,4.930344824326607,-42.25943416502997
54,55,2007-06-04,2007-06-05,LONG,665.3235253427972,665.4597506843103,4924.005909201853,24620.029546009264,25.204819950105556,0.5118763140191089,4.924005909201853,20.280814040903703
56,57,2007-06-06,2007-06-07,LONG,665.6135244869488,665.4014417553341,4927.048031307988,24635.24015653994,-39.24731720566126,-0.7965685935325101,4.927048031307988,-44.17436523696925
63,64,2007-06-15,2007-06-18,LONG,662.9427603313645,662.7235422376974,4920.421876522442,24602.109382612212,-40.676419155329555,-0.8266856008712412,4.920421876522442,-45.596841031851994
66,67,2007-06-20,2007-06-21,LONG,662.415398152236,662.0880882015028,4913.582350367665,24567.911751838325,-60.69697358742733,-1.2352896371602606,4.913582350367665,-65.610555937795
71,74,2007-06-27,2007-07-02,LONG,660.2945358061469,659.5034390677845,4903.7407669769955,24518.70383488498,-146.8788970740909,-2.9952418786737214,4.903740766976996,-151.7826378410679
75,76,2007-07-03,2007-07-04,LONG,659.2978956081214,659.1298767732682,4880.9733713008345,24404.866856504173,-31.097303065072076,-0.6371127375518603,4.8809733713008345,-35.97827643637291
77,78,2007-07-05,2007-07-06,LONG,658.82079218794,658.7080887700102,4875.576629835379,24377.883149176894,-20.851427166409934,-0.427670996673761,4.875576629835379,-25.727003796245313
86,88,2007-07-18,2007-07-20,LONG,660.127936631882,661.3485975236126,4871.717579265943,24358.587896329715,225.21070517436388,4.6228193960352275,4.871717579265943,220.33898759509793
95,96,2007-07-31,2007-08-01,LONG,662.9339704460781,663.0480819552486,4904.768427405208,24523.84213702604,21.10657140583234,0.4303275826010495,4.904768427405208,16.201802978427132
100,103,2007-08-07,2007-08-10,LONG,663.9830934691685,664.4868294370574,4907.198697851972,24535.993489259858,93.07211697102255,1.896644556328298,4.907198697851972,88.16491827317058
105,106,2007-08-14,2007-08-15,LONG,664.7602076623931,664.8423757636347,4920.4234355929475,24602.117177964737,15.204800405731206,0.30901406362192313,4.920423435592948,10.284376970138258
107,109,2007-08-16,2007-08-20,LONG,664.4519726296936,664.0076353830163,4921.9660921384675,24609.830460692338,-82.28634091355566,-1.6718185248164592,4.921966092138468,-87.20830700569412
113,115,2007-08-24,2007-08-28,LONG,663.7162097136861,663.786432514417,4908.884846087613,24544.424230438068,12.984301020253222,0.2645061236382785,4.908884846087614,8.075416174165607
117,119,2007-08-30,2007-09-02,LONG,663.9240401044294,664.4588553801774,4910.096158513738,24550.48079256869,98.88158404956785,2.013842109346771,4.910096158513738,93.97148789105411
121,124,2007-09-04,2007-09-07,LONG,665.2136994414521,667.676774322849,4924.191881697397,24620.959408486982,455.8179328376429,9.256705339445869,4.924191881697396,450.89374095594553
126,127,2007-09-11,2007-09-12,LONG,670.1157494329776,671.3976804477538,4991.825942840788,24959.12971420394,238.73399863780176,4.782498455904516,4.991825942840788,233.74217269496097
129,130,2007-09-14,2007-09-17,LONG,673.6252750518059,674.9878390611489,5026.887268745032,25134.43634372516,254.20125717853065,5.05683226196541,5.026887268745032,249.1743699097856
137,140,2007-09-26,2007-10-01,LONG,685.6093666979305,690.6555386067547,5064.263424231501,25321.317121157503,931.8405301740256,18.400317126383133,5.064263424231501,926.7762667497941
141,143,2007-10-02,2007-10-04,LONG,691.9206677500927,694.4215439024496,5203.279864243969,26016.399321219847,470.1680096086744,9.035993101958379,5.20327986424397,464.96472974443043
144,145,2007-10-05,2007-10-08,LONG,695.8931676024743,697.0481819260463,5273.024573705635,26365.122868528175,218.79863155432983,4.149395256858597,5.273024573705635,213.5256069806242
146,148,2007-10-09,2007-10-11,LONG,698.3135400587925,701.122838430104,5305.053414752729,26525.267073763644,533.552518419268,10.057439137851492,5.305053414752729,528.2474650045153
150,152,2007-10-15,2007-10-17,LONG,704.3835104088822,707.6331006937537,5384.290534503405,26921.452672517025,620.9947405530272,11.533455272771638,5.384290534503405,615.6104500185238
153,154,2007-10-18,2007-10-19,LONG,709.4996741295271,711.255231799787,5476.632102006184,27383.16051003092,338.77899611668505,6.185900199368596,5.476632102006184,333.30236401467886
155,156,2007-10-22,2007-10-23,LONG,712.5826239514258,714.0336703917853,5526.627456608386,27633.137283041928,281.3495877023854,5.0908006720439545,5.526627456608386,275.82296024577704
161,162,2007-10-30,2007-10-31,LONG,723.432191219832,725.6754263878948,5568.000900645253,27840.004503226264,431.6346296075118,7.752057467474394,5.568000900645253,426.06662870686654
168,169,2007-11-08,2007-11-09,LONG,741.1845735931934,743.9771213761763,5631.910894951283,28159.554474756413,530.4812338244245,9.419205021513632,5.631910894951282,524.8493229294733
172,173,2007-11-14,2007-11-15,LONG,749.2402169712005,750.4466822414561,5710.638293390704,28553.19146695352,229.8891135281934,4.0256290403519195,5.710638293390705,224.1784752348027
175,177,2007-11-19,2007-11-21,LONG,752.4915138601569,755.4814621489392,5744.265064675925,28721.325323379624,570.6062853896535,9.933495041838663,5.7442650646759255,564.8620203249776
178,179,2007-11-22,2007-11-23,LONG,756.985460192053,759.071403625234,5828.994367724671,29144.971838623354,401.55832452579403,6.888981172279654,5.828994367724671,395.7293301580694
180,183,2007-11-26,2007-11-29,LONG,761.1017564808008,764.8902668719988,5888.353767248382,29441.768836241907,732.7564692998324,12.444165182049655,5.888353767248382,726.8681155325839
186,189,2007-12-04,2007-12-07,LONG,767.3982889367834,770.1383875841344,5997.383984578269,29986.919922891342,535.3616231851349,8.926585734076207,5.997383984578269,529.3642392005567
194,195,2007-12-14,2007-12-17,LONG,774.7353105176226,775.3038305610943,6076.788620458353,30383.943102291763,111.48246645564704,1.8345621909626055,6.076788620458353,105.40567783518868
196,198,2007-12-18,2007-12-20,LONG,776.1472456896234,777.5541017682948,6092.599472133631,30462.997360668156,276.0884178190053,4.531537303277201,6.092599472133632,269.99581834687166
200,201,2007-12-24,2007-12-26,LONG,779.6144173198271,780.9742066219329,6133.0988448856615,30665.49422442831,267.43098936983085,4.36045457824048,6.133098844885662,261.2978905249452
203,205,2007-12-28,2008-01-02,LONG,784.0560398593697,787.7724337962492,6172.293528464404,30861.46764232202,731.4105459202924,11.849898948377769,6.1722935284644045,725.238252391828
208,210,2008-01-07,2008-01-09,LONG,794.3933185721332,799.5238291402355,6281.079266323178,31405.396331615888,1014.1432084575474,16.146002389987466,6.281079266323178,1007.8621291912242
211,213,2008-01-10,2008-01-14,LONG,802.4272112515623,808.3954250333851,6432.258585701861,32161.292928509305,1196.0304249764133,18.59425284355087,6.432258585701861,1189.5981663907114
214,215,2008-01-15,2008-01-16,LONG,810.8763677545105,812.9408054950915,6610.6983106604675,33053.49155330234,420.760045144574,6.364835080524743,6.610698310660468,414.1493468339135
216,217,2008-01-17,2008-01-18,LONG,814.9440967140877,817.1091444800504,6672.820712685554,33364.10356342777,443.1891596896364,6.641706390329043,6.672820712685555,436.51633897695086
219,220,2008-01-22,2008-01-23,LONG,820.8722804636598,823.0333382887616,6738.298163532099,33691.490817660495,443.48713925219556,6.581589720270367,6.738298163532099,436.7488410886635
224,226,2008-01-29,2008-01-31,LONG,834.5205133229165,840.2201881781305,6803.810489695398,34019.05244847699,1161.7302076058209,17.074699675502437,6.803810489695398,1154.9263971161254
227,228,2008-02-01,2008-02-04,LONG,842.2085577821678,844.1101345606257,6977.049449262818,34885.24724631409,393.8274876299328,5.644613679376229,6.977049449262818,386.85043818067
230,231,2008-02-06,2008-02-07,LONG,847.1887970959743,849.1501297454437,7035.077014989916,35175.38507494958,407.1738875776206,5.787767308162215,7.035077014989917,400.1388105626307
232,234,2008-02-08,2008-02-12,LONG,851.3710178354363,855.2440665861186,7095.097836574312,35475.48918287156,806.9237511096617,11.372975675544234,7.095097836574313,799.8286532730874
235,236,2008-02-13,2008-02-14,LONG,856.8270454537941,858.4136668065663,7215.0721345652755,36075.36067282638,334.0110344098167,4.6293512827081615,7.2150721345652755,326.79596227525144
237,238,2008-02-15,2008-02-18,LONG,859.7797048155355,861.1779266794044,7264.091528906562,36320.45764453281,295.33180243656824,4.065639884372761,7.264091528906563,288.06771090766165
240,241,2008-02-20,2008-02-21,LONG,865.7530226742316,868.2321725691877,7307.301685542714,36536.50842771357,523.1254102401911,7.158940916250654,7.307301685542714,515.8181085546483
242,244,2008-02-22,2008-02-26,LONG,870.6310419637928,875.1009519811564,7384.67440182591,36923.37200912955,947.8420964992213,12.83525914514066,7.38467440182591,940.4574220973954
245,246,2008-02-27,2008-02-28,LONG,877.6719901811603,880.5645351780477,7525.743015140519,37628.715075702596,620.0650855284737,8.239254041508033,7.525743015140519,612.5393425133332
248,250,2008-03-03,2008-03-05,LONG,886.577442334304,892.1007105527815,7617.623916517518,38088.11958258759,1186.4214582213046,15.574691940996876,7.617623916517519,1178.8038343047872
1,3,2008-03-10,2008-03-12,LONG,899.5770713517433,904.3881292525222,7794.4444916632365,38972.22245831618,1042.1431622709836,13.370332720768447,7.794444491663237,1034.3487177793204
4,5,2008-03-13,2008-03-14,LONG,907.2116930886618,910.1777064139831,7949.596799330134,39747.98399665067,649.7549088424233,8.173432253786435,7.949596799330134,641.8053120430932
9,10,2008-03-20,2008-03-21,LONG,915.8379937144801,915.886613861141,8045.867596136598,40229.33798068299,10.678506057362984,0.13272038011774523,8.045867596136599,2.632638461226385
12,13,2008-03-25,2008-03-26,LONG,916.4610257499096,917.6201532171426,8046.262491905783,40231.31245952891,254.42008991334671,3.1619660702007066,8.046262491905782,246.37382742144092
24,25,2008-04-10,2008-04-11,LONG,917.6194423614143,917.842949634548,8083.218566018999,40416.092830094996,49.22133447786521,0.6089323711322929,8.083218566019,41.138115911846214
26,28,2008-04-14,2008-04-16,LONG,918.0221477822741,919.1196977281351,8089.389283405775,40446.94641702888,241.78362122031317,2.9888983302645316,8.089389283405776,233.69423193690739
29,32,2008-04-17,2008-04-22,LONG,919.7167178029589,919.4266071827965,8124.443418196312,40622.21709098156,-64.06829605527233,-0.7885868946022639,8.124443418196313,-72.19273947346863
33,35,2008-04-23,2008-04-25,LONG,918.946427358516,916.8591310839829,8113.6145072752915,40568.07253637646,-460.7318998647653,-5.678503698341073,8.113614507275292,-468.8455143720406
40,41,2008-05-02,2008-05-05,LONG,909.8910414747909,908.7676454001964,8043.287680119485,40216.43840059743,-248.26592951268168,-3.0866225278292374,8.043287680119485,-256.30921719280116
54,55,2008-05-22,2008-05-23,LONG,903.5471098714954,904.2024174814393,8004.8412975405645,40024.206487702824,145.14000878762346,1.8131528582861072,8.004841297540565,137.1351674900829
56,57,2008-05-26,2008-05-27,LONG,904.9618344256716,904.9816984326895,8025.411572664077,40127.057863320384,4.403965607643569,0.05487526175784216,8.025411572664078,-3.6214459650205093
63,64,2008-06-04,2008-06-05,LONG,901.5963900542087,900.8276722087309,8024.868355769325,40124.341778846625,-171.0537991483924,-2.13154648232225,8.024868355769325,-179.0786675041617
66,67,2008-06-09,2008-06-10,LONG,900.5644149162774,899.5009884248427,7998.006555643701,39990.032778218505,-236.1100413547517,-2.952111125592206,7.998006555643701,-244.1080479103954
72,74,2008-06-17,2008-06-19,LONG,896.1081187645838,896.1093651813519,7961.390348457142,39806.95174228571,0.2768418849308656,0.0034773057570844455,7.961390348457142,-7.684548463526276
75,76,2008-06-20,2008-06-23,LONG,896.2740453386573,895.8702057427498,7960.237666187613,39801.188330938065,-89.66730597520461,-1.12644006040273,7.960237666187613,-97.62754364139222
77,78,2008-06-24,2008-06-25,LONG,895.6656967277955,895.3554971844428,7945.593534641404,39727.96767320702,-68.79574307458314,-0.865835167311865,7.945593534641405,-76.74133660922455
86,88,2008-07-07,2008-07-09,LONG,903.2865831064375,904.5480023928046,7934.08233415002,39670.4116707501,276.9941639535515,3.491193464949415,7.934082334150021,269.06008161940144
95,96,2008-07-18,2008-07-21,LONG,915.874422281796,917.4097661821497,7974.441346392929,39872.206731964645,334.202746087439,4.190923621735692,7.974441346392929,326.22830474104603
100,103,2008-07-25,2008-07-30,LONG,918.9784661140154,918.87257338717,8023.3755921040865,40116.87796052043,-23.113085651124067,-0.28807183941220416,8.023375592104086,-31.136461243228155
105,106,2008-08-01,2008-08-04,LONG,918.390893370281,917.6410226561163,8018.705122917601,40093.525614588005,-163.68281144240913,-2.0412623850526783,8.018705122917602,-171.70151656532673
107,109,2008-08-05,2008-08-07,LONG,916.273282343052,913.7985503260318,7992.949895432804,39964.74947716402,-539.6973096848401,-6.75216680631546,7.992949895432805,-547.6902595802729
113,115,2008-08-13,2008-08-15,LONG,903.738416250235,897.172325919274,7910.796356495763,39553.98178247881,-1436.8926487076953,-18.1636915419751,7.910796356495763,-1444.803445064191
117,119,2008-08-19,2008-08-21,LONG,891.6284206137055,887.5408979510166,7694.075839736133,38470.37919868067,-881.8053753188439,-11.460835501058503,7.694075839736134,-889.49945115858
121,124,2008-08-25,2008-08-28,LONG,883.52065410131,878.5284747748308,7560.650922062346,37803.25461031173,-1068.0034771297435,-14.125813876861548,7.5606509220623455,-1075.564128051806
126,127,2008-09-01,2008-09-02,LONG,875.1528925244314,872.9599244173444,7399.316302854575,36996.581514272875,-463.53228118812063,-6.264528535012011,7.399316302854575,-470.9315974909752
129,130,2008-09-04,2008-09-05,LONG,868.3881281987268,866.3123448913143,7328.67656323093,36643.38281615465,-437.959248329874,-5.975966391083231,7.32867656323093,-445.28792489310496
137,140,2008-09-16,2008-09-19,LONG,847.6753641121039,849.0861176362853,7261.883374496964,36309.41687248482,302.14183390526034,4.160653900974964,7.261883374496964,294.8799505307634
141,143,2008-09-22,2008-09-24,LONG,850.5775200776245,852.8022809338588,7306.11536707658,36530.5768353829,477.7447997426637,6.538971474437931,7.30611536707658,470.4386843755871
144,145,2008-09-25,2008-09-26,LONG,853.5585894554505,854.3411593332204,7376.681169732918,36883.40584866459,169.07944435976884,2.2920801437578002,7.376681169732918,161.70276319003594
146,148,2008-09-29,2008-10-01,LONG,856.0425102651361,856.9402071186612,7400.936584211423,37004.682921057116,194.02650584278467,2.6216479986695953,7.400936584211424,186.62556925857325
150,152,2008-10-03,2008-10-07,LONG,855.6603954350302,856.7428354787905,7428.930419600208,37144.65209800104,234.946358724373,3.1625866101060716,7.428930419600208,227.51742830477278
153,154,2008-10-08,2008-10-09,LONG,858.3289653397305,859.9995691015778,7463.058033845924,37315.29016922962,363.14202740707054,4.865860961554565,7.4630580338459245,355.6789693732246
155,156,2008-10-10,2008-10-13,LONG,859.5140055384892,858.6606972117577,7516.409879251909,37582.04939625954,-186.55353769000942,-2.481950035813862,7.516409879251909,-194.06994756926133
161,162,2008-10-20,2008-10-21,LONG,851.9469412586594,849.4397784300729,7487.299387116518,37436.49693558259,-550.8523418765847,-7.357156611427114,7.4872993871165185,-558.3396412637012
168,169,2008-10-28,2008-10-29,LONG,829.2629612723484,826.9825249163067,7403.548440926963,37017.742204634815,-508.985744476684,-6.8748890959232565,7.403548440926963,-516.389292917611
172,173,2008-11-03,2008-11-04,LONG,818.0443243114938,816.2998478053556,7326.090046989322,36630.45023494661,-390.5715004985274,-5.33124078455784,7.326090046989323,-397.8975905455168
175,177,2008-11-06,2008-11-10,LONG,811.3810547991445,807.0846885633052,7266.405408407493,36332.027042037465,-961.9135999031356,-13.237819056863618,7.266405408407493,-969.1800053115431
178,179,2008-11-11,2008-11-12,LONG,804.7226464118371,801.8178176685864,7121.028407610762,35605.14203805381,-642.6241417513952,-9.024316502719971,7.121028407610763,-649.745170159006
180,183,2008-11-13,2008-11-18,LONG,799.7660116084468,794.3474086372629,7023.566632086911,35117.83316043456,-1189.6579270852606,-16.938088430034266,7.023566632086912,-1196.6814937173474
186,189,2008-11-21,2008-11-26,LONG,791.3106826387992,793.69954411448,6844.0644080293105,34220.32204014655,516.5329547586153,7.547166770561509,6.84406440802931,509.68889035058606
194,195,2008-12-03,2008-12-04,LONG,793.2456502379418,792.4131456256611,6920.517741581896,34602.58870790948,-181.57562343738545,-2.623728891646202,6.920517741581897,-188.49614117896735
196,198,2008-12-05,2008-12-09,LONG,791.3170755774298,790.2791446926303,6892.243320405051,34461.216602025255,-226.00523951101798,-3.2791245027857756,6.8922433204050515,-232.89748283142302
200,201,2008-12-11,2008-12-12,LONG,791.8088188760173,792.6956561555012,6857.308697980337,34286.543489901684,192.00711223861052,2.8000360009337455,6.857308697980337,185.1498035406302
203,205,2008-12-16,2008-12-18,LONG,796.0606999166134,799.9535414708266,6885.081168511433,34425.405842557164,841.7238182879635,12.225328905889219,6.885081168511433,834.838737119452
208,210,2008-12-23,2008-12-29,LONG,803.7417711283815,807.382373064987,7010.306979079351,35051.534895396755,793.8413207143834,11.323916671315825,7.010306979079352,786.831013735304
211,213,2008-12-30,2009-01-05,LONG,809.393708440252,812.6357701858719,7128.331631139647,35641.658155698235,713.8210691044796,10.013858866865837,7.128331631139647,706.69273747334
214,215,2009-01-06,2009-01-07,LONG,814.2096692745907,815.0933674110283,7234.335541760648,36171.67770880324,196.2936906139275,2.713361710703216,7.2343355417606485,189.05935507216685
216,217,2009-01-08,2009-01-09,LONG,816.3759951049407,817.4848538583906,7262.694445021474,36313.47222510737,246.61743967492814,3.3956741749473247,7.2626944450214745,239.35474522990665
219,220,2009-01-13,2009-01-14,LONG,817.6914245492347,817.486255062237,7298.597656805959,36492.988284029794,-45.78284338359765,-0.627282740279635,7.298597656805959,-53.08144104040361
224,226,2009-01-20,2009-01-22,LONG,819.9136963426412,822.0806719186473,7290.635440649899,36453.17720324949,481.7162161068185,6.607328264158515,7.290635440649899,474.42558066616857
227,228,2009-01-23,2009-01-26,LONG,824.4780316871353,826.919051058277,7361.799277749824,36808.99638874912,544.8991347492757,7.4017113777629,7.361799277749824,537.5373354715259
230,231,2009-01-28,2009-01-29,LONG,830.9572404505143,833.3553295639657,7442.429878070552,37212.14939035276,536.9593403672086,7.214839093739841,7.442429878070552,529.516910489138
232,234,2009-01-30,2009-02-03,LONG,836.2670691888939,840.3175762340834,7521.857414643922,37609.28707321961,910.8135897446314,12.108891986857058,7.5218574146439225,903.2917323299874
235,236,2009-02-04,2009-02-05,LONG,842.3527172331983,844.5953134936015,7657.35117449342,38286.7558724671,509.6542919965045,6.655751843981757,7.657351174493421,501.9969408220111
237,238,2009-02-06,2009-02-09,LONG,846.6498234965317,848.12990496405,7732.650715616723,38663.25357808361,337.94824912708526,4.370406236564792,7.732650715616723,330.21559841146853
240,241,2009-02-11,2009-02-12,LONG,852.9564733467585,855.8557266777887,7782.183055378441,38910.91527689221,661.3033856658528,8.497659088201623,7.782183055378442,653.5212026104743
242,244,2009-02-13,2009-02-17,LONG,858.5153274353283,864.4788793166412,7880.2112357700125,39401.05617885006,1368.468536275453,17.365886463343436,7.880211235770013,1360.588325039683
245,246,2009-02-18,2009-02-19,LONG,868.1898428552796,871.4895923093569,8084.2994845259645,40421.49742262982,768.1546562134987,9.501808507760158,8.084299484525964,760.0703567289727
248,250,2009-02-23,2009-02-25,LONG,878.8922453764624,883.7084417499786,8198.31003803531,40991.55019017655,1123.1374290154022,13.69962130981518,8.198310038035311,1114.939118977367
1,3,2009-03-02,2009-03-04,LONG,888.5485007491678,889.9046051593693,8365.550905881915,41827.754529409576,319.18799220489063,3.815504750326316,8.365550905881916,310.82244129900874
4,5,2009-03-05,2009-03-06,LONG,891.2055590964533,892.6807930241257,8412.174272076767,42060.87136038383,348.1218436362365,4.138309934826082,8.412174272076767,339.70966936415977
9,10,2009-03-12,2009-03-13,LONG,895.0479171100204,896.1016217270516,8463.13072248139,42315.65361240695,249.0827515025823,2.9431514137069983,8.463130722481392,240.61962078010092
12,13,2009-03-17,2009-03-18,LONG,897.4523268405122,898.7268939743889,8499.223665598403,42496.118327992015,301.7662003778899,3.5505148734857244,8.499223665598404,293.2669767122915
24,25,2009-04-02,2009-04-03,LONG,907.511258966421,907.0191061902347,8543.213712105247,42716.06856052624,-115.82683697925937,-1.3557759513277696,8.54321371210525,-124.37005069136461
26,28,2009-04-06,2009-04-08,LONG,905.8232450756784,904.2682078340822,8524.558204501544,42622.79102250772,-365.85519162314415,-4.291778915063866,8.524558204501545,-374.3797498276457
29,32,2009-04-09,2009-04-14,LONG,903.472353152657,902.0990325335298,8468.401242027398,42342.006210136984,-321.8092395449711,-3.8001179956835345,8.468401242027397,-330.2776407869985
33,35,2009-04-15,2009-04-17,LONG,901.7442179346968,899.8528893526828,8418.859595909347,42094.29797954674,-441.4452974862156,-5.243528442981876,8.418859595909348,-449.86415708212496
40,41,2009-04-24,2009-04-27,LONG,899.1559746507122,899.3783447931698,8351.37997234703,41756.899861735146,51.63446628072673,0.6182746618127548,8.35137997234703,43.283086308379694
54,55,2009-05-14,2009-05-15,LONG,902.294882870522,903.1946046239557,8357.872435293286,41789.36217646643,208.35094449760993,2.492870597280164,8.357872435293286,199.99307206231666
56,57,2009-05-18,2009-05-19,LONG,903.6523354836303,904.2919170727595,8387.871396102633,41939.35698051317,148.41792319552437,1.7694348922002514,8.387871396102634,140.03005179942173
63,64,2009-05-27,2009-05-28,LONG,912.4294411292675,913.8790303040104,8408.875903872547,42044.37951936274,333.98241366816205,3.9717843084633087,8.408875903872548,325.5735377642895
66,67,2009-06-01,2009-06-02,LONG,917.724227611981,919.7093588087345,8457.71193453719,42288.55967268595,457.3723595075191,5.407755230345838,8.45771193453719,448.9146475729819
71,74,2009-06-08,2009-06-11,LONG,924.7511310424537,927.4224978893378,8525.049131673137,42625.24565836568,615.6665521657035,7.221853418748239,8.525049131673137,607.1415030340304
75,76,2009-06-12,2009-06-15,LONG,927.7735296436084,927.7836915979842,8616.120357128242,43080.60178564121,2.3593209756480507,0.027382637171452118,8.616120357128242,-6.256799381480191
77,78,2009-06-16,2009-06-17,LONG,927.9927483108492,928.3011286513108,8615.18183722102,43075.9091861051,71.57256112553857,0.8307724953211849,8.61518183722102,62.957379288317554
86,88,2009-06-29,2009-07-01,LONG,929.3148025534572,929.5595904926956,8624.625444114266,43123.12722057133,56.79464814741245,0.6585172714505652,8.624625444114267,48.17002270329819
95,96,2009-07-10,2009-07-13,LONG,927.6729775558088,927.4310301883379,8631.850947519762,43159.254737598814,-56.282053689215815,-0.6520276361512898,8.631850947519764,-64.91390463673558
100,103,2009-07-17,2009-07-22,LONG,928.236977268391,930.1425507145691,8622.113861824251,43110.56930912126,442.5074530365797,5.132238568500588,8.622113861824252,433.8853391747555
105,106,2009-07-24,2009-07-27,LONG,931.3700069225054,932.0588412242648,8687.196662700464,43435.98331350232,160.6246444195508,1.848981330297405,8.687196662700465,151.93744775685033
107,109,2009-07-28,2009-07-30,LONG,932.2157560083401,932.1987303282158,8709.987279863992,43549.93639931996,-3.976908144874132,-0.04565917282184863,8.709987279863991,-12.686895424738124
113,115,2009-08-05,2009-08-07,LONG,935.3952917581302,936.8230389761894,8708.08424555028,43540.4212277514,332.29114914726847,3.815892678312856,8.70808424555028,323.5830649017182
117,119,2009-08-11,2009-08-13,LONG,937.3459493506209,938.1654971739802,8756.621705285539,43783.10852642769,191.40399186444515,2.185820037753975,8.75662170528554,182.6473701591596
121,124,2009-08-17,2009-08-20,LONG,938.3206539104435,938.4958347559799,8784.018810809413,43920.09405404707,40.99856046203684,0.4667403536475235,8.784018810809414,32.21454165122743
126,127,2009-08-24,2009-08-25,LONG,939.0728678896755,939.248022107056,8788.850992057098,43944.254960285485,40.98202519275973,0.4662955968851574,8.788850992057098,32.19317420070263
129,130,2009-08-27,2009-08-28,LONG,939.6936192115414,940.1825074730831,8793.679968187203,43968.39984093602,114.37576100090976,1.3006586709396484,8.793679968187204,105.58208103272256
137,140,2009-09-08,2009-09-11,LONG,948.2854111556521,952.8095529696133,8809.517280342112,44047.58640171056,1050.7254730471393,11.927162858193917,8.809517280342114,1041.9159557667972
141,143,2009-09-14,2009-09-16,LONG,954.2659865435563,957.7911350337284,8965.804673707133,44829.023368535665,828.0131864276129,9.235235615335467,8.965804673707133,819.0473817539058
144,145,2009-09-17,2009-09-18,LONG,959.4535783105057,960.9024161737444,9088.661780970218,45443.30890485109,343.1118923342775,3.775164051683417,9.088661780970218,334.0232305533073
146,148,2009-09-21,2009-09-23,LONG,962.2127762655517,965.1902426186654,9138.765265553215,45693.82632776607,706.9737265595927,7.735987368276015,9.138765265553214,697.8349612940395
150,152,2009-09-25,2009-09-29,LONG,966.8121692565901,968.2920759673287,9243.44050974732,46217.202548736605,353.7251101009367,3.8267689366089312,9.243440509747321,344.4816695911894
153,154,2009-09-30,2009-10-01,LONG,969.5031523824955,970.4026167330694,9295.112760185999,46475.563800929995,215.59039137227703,2.3193951158475565,9.295112760185999,206.29527861209104
155,156,2009-10-02,2009-10-05,LONG,971.373689233822,972.7969997264353,9326.057051977812,46630.28525988906,341.62637417274107,3.663138368859657,9.326057051977813,332.3003171207632
161,162,2009-10-12,2009-10-13,LONG,983.9085599843334,986.3797558386369,9375.902099545927,46879.510497729636,588.7155407795972,6.2790282420729255,9.375902099545927,579.3396386800513
168,169,2009-10-21,2009-10-22,LONG,998.3680820462774,1000.2646933561654,9462.803045347935,47314.01522673968,449.4148902042156,4.749278707910498,9.462803045347936,439.9520871588677
172,173,2009-10-27,2009-10-28,LONG,1004.2090726575564,1004.9340430458019,9528.795858421765,47643.97929210882,171.9785008193263,1.804829312901355,9.528795858421764,162.44970496090454
175,177,2009-10-30,2009-11-03,LONG,1007.4193357896332,1011.3312677816848,9553.1633141659,47765.8165708295,927.4024198842335,9.707804518625109,9.5531633141659,917.8492565700676
178,179,2009-11-04,2009-11-05,LONG,1013.8515595832522,1016.2031354297179,9690.84070265141,48454.20351325705,561.9349971131217,5.7986196900272695,9.69084070265141,552.2441564104703
180,183,2009-11-06,2009-11-11,LONG,1018.6620494409834,1026.7997947956385,9773.677326112982,48868.38663056491,1951.9647684460394,19.971651440045456,9.773677326112983,1942.1910911199266
186,189,2009-11-16,2009-11-19,LONG,1035.3038361118884,1045.0060848887833,10065.005989780972,50325.029948904856,2358.080513362441,23.428505812680157,10.065005989780971,2348.0155073726596
194,195,2009-11-26,2009-11-27,LONG,1063.824839057138,1067.3538369900098,10417.20831588687,52086.04157943435,863.91822373789,8.293183716220426,10.417208315886871,853.5010154220031
196,198,2009-11-30,2009-12-02,LONG,1070.832129545355,1079.0641436696833,10545.23346820017,52726.167341000844,2026.6601192527698,19.218731622816073,10.54523346820017,2016.1148857845697
200,201,2009-12-04,2009-12-07,LONG,1085.453746418371,1087.6963106436062,10847.650701067854,54238.25350533927,560.2853523314765,5.165038659258464,10.847650701067854,549.4377016304086
203,205,2009-12-09,2009-12-11,LONG,1090.1602739539428,1092.1318214255286,10930.066356312414,54650.33178156207,494.1737743500724,4.521233067031413,10.930066356312414,483.24370799376
208,210,2009-12-16,2009-12-18,LONG,1095.4699638958484,1096.005924853048,11002.552912511479,55012.76456255739,134.5755471391089,1.2231301972297466,11.00255291251148,123.57299422659742
211,213,2009-12-21,2009-12-23,LONG,1095.8843461878648,1095.2376266693825,11021.08886164547,55105.44430822735,-162.59820907534646,-1.4753370662059087,11.02108886164547,-173.61929793699193
214,215,2009-12-24,2009-12-28,LONG,1095.5383847474907,1095.8889219958296,10995.045966954924,54975.22983477462,87.95157733119282,0.7999200512260431,10.995045966954924,76.9565313642379
216,217,2009-12-29,2009-12-30,LONG,1095.883041472025,1095.721710343684,11006.589446659558,55032.94723329779,-40.50855400206598,-0.3680391114648154,11.006589446659559,-51.51514344872554
219,220,2010-01-05,2010-01-06,LONG,1097.1589205003359,1098.4239443763881,10998.862175142249,54994.31087571124,317.0421121540484,2.882499181329619,10.998862175142248,306.0432499789062
224,226,2010-01-12,2010-01-14,LONG,1102.9533976134974,1105.1738713388258,11044.768662639084,55223.84331319542,555.8851958474914,5.033018009040543,11.044768662639084,544.8404271848524
227,228,2010-01-15,2010-01-18,LONG,1105.9746415790712,1106.8314159568201,11126.494726716812,55632.47363358406,215.48630587042354,1.9366953489224263,11.126494726716812,204.35981114370674
230,231,2010-01-20,2010-01-21,LONG,1107.9198240481535,1107.4834327815506,11157.148698388368,55785.74349194184,-109.86540150478041,-0.9847085888588211,11.157148698388369,-121.02255020316878
232,234,2010-01-22,2010-01-26,LONG,1107.0419489102082,1106.481591476615,11138.995315857892,55694.97657928946,-140.95714336177502,-1.2654385729124344,11.138995315857892,-152.09613867763292
235,236,2010-01-27,2010-01-28,LONG,1105.8969819647448,1105.2807666681165,11116.180895056248,55580.90447528124,-154.8507867218158,-1.3930214718859364,11.11618089505625,-165.96696761687207
237,238,2010-01-29,2010-02-01,LONG,1104.5374365109083,1104.5922993473341,11091.285849913716,55456.42924956858,13.77272017276266,0.12417604558329731,11.091285849913717,2.6814343228489435
240,241,2010-02-03,2010-02-04,LONG,1105.04706458569,1103.7756290676452,11091.688065062144,55458.44032531072,-319.04446907605995,-2.8764284318545017,11.091688065062145,-330.1361571411221
242,244,2010-02-05,2010-02-09,LONG,1102.6309240204332,1100.6446432747164,11042.167641490976,55210.83820745488,-497.284370034243,-4.503503172381622,11.042167641490977,-508.326537675734
245,246,2010-02-10,2010-02-11,LONG,1099.7405785287433,1099.5867944787792,10965.918660839616,54829.593304198075,-38.335936132700574,-0.34959165135523035,10.965918660839616,-49.30185479354019
248,250,2010-02-15,2010-02-17,LONG,1099.3771769934417,1100.1785094158095,10958.523382620586,54792.61691310293,199.69079474126124,1.822241809128739,10.958523382620587,188.73227135864065
1,3,2010-02-22,2010-02-24,LONG,1101.3374762479668,1101.215444650785,10986.83322332438,54934.1661166219,-30.43437718065104,-0.27700772881525776,10.98683322332438,-41.42121040397542
4,5,2010-02-25,2010-02-26,LONG,1101.3830482470119,1101.8504768376627,10980.620041763783,54903.10020881891,116.50478366184242,1.0610036884868719,10.980620041763784,105.52416362007864
9,10,2010-03-04,2010-03-05,LONG,1105.2748837815675,1106.081847853622,10996.448666306796,54982.24333153398,200.71339546642534,1.8252565128723124,10.996448666306797,189.71694680011854
12,13,2010-03-09,2010-03-10,LONG,1107.0776237171997,1107.1063342739765,11024.906208326815,55124.53104163407,7.147899769442279,0.06483410955499706,11.024906208326815,-3.8770064388845364
24,25,2010-03-25,2010-03-26,LONG,1107.0184284645486,1107.014742173803,11024.324657360981,55121.623286804905,-0.9177549559469945,-0.008324817931901218,11.024324657360982,-11.942079613307977
26,28,2010-03-29,2010-03-31,LONG,1107.0671987377941,1107.1197745364261,11022.533345418986,55112.666727094926,13.086795775451757,0.11872765874544337,11.022533345418985,2.0642624300327714
29,32,2010-04-01,2010-04-06,LONG,1107.713679547539,1109.7507345154127,11022.842984783492,55114.21492391746,506.76762138156244,4.597431189767748,11.022842984783493,495.74477839677894
33,35,2010-04-07,2010-04-09,LONG,1110.966210427678,1113.6727599927115,11097.204701543009,55486.02350771504,675.8786693090558,6.090530791191752,11.09720470154301,664.7814646075128
40,41,2010-04-16,2010-04-19,LONG,1119.1138160504754,1119.6145263421615,11196.921921234136,55984.60960617068,125.24226671049723,1.1185419313586935,11.196921921234136,114.0453447892631
54,55,2010-05-06,2010-05-07,LONG,1135.6362023268714,1137.869974623531,11214.028722952526,56070.14361476263,551.4439096770611,4.917446916721222,11.214028722952527,540.2298809541086
56,57,2010-05-10,2010-05-11,LONG,1139.8785832488056,1142.7491343146205,11295.063205095643,56475.31602547821,711.1076609015607,6.295738660238327,11.295063205095643,699.8125976964651
63,64,2010-05-19,2010-05-20,LONG,1156.557984647034,1157.346798696352,11400.035094750112,57000.17547375056,194.38082579581888,1.7050897140249524,11.400035094750113,182.98079070106877
66,67,2010-05-24,2010-05-25,LONG,1158.9901238665195,1160.3849087464898,11427.482213355272,57137.41106677636,343.8096468446088,3.008621150534798,11.427482213355272,332.3821646312535
71,74,2010-05-31,2010-06-03,LONG,1166.6673837340725,1171.29507615361,11477.33953804996,57386.6976902498,1138.1478113902076,9.916477661194842,11.47733953804996,1126.6704718521576
75,76,2010-06-04,2010-06-07,LONG,1172.7301716330433,1174.8178360182285,11646.340108827784,58231.70054413892,518.3129515013884,4.450436331569207,11.646340108827784,506.66661139256064
77,78,2010-06-08,2010-06-09,LONG,1176.7284620143057,1178.4737855931114,11722.340100536667,58611.700502683336,434.6643519870435,3.707999838420862,11.722340100536668,422.94201188650686
86,88,2010-06-21,2010-06-23,LONG,1190.6500672187035,1193.5567571285267,11785.781402319642,58928.90701159821,719.3047903975702,6.1031574050406086,11.785781402319643,707.5190089952505
95,96,2010-07-02,2010-07-05,LONG,1201.075706655769,1201.306800624209,11891.90925366893,59459.546268344646,57.20181680743741,0.48101457543320325,11.89190925366893,45.30990755376848
100,103,2010-07-09,2010-07-14,LONG,1201.2122866708326,1201.5993359242573,11898.705739801995,59493.52869900998,95.84869436514535,0.8055388246515318,11.898705739801995,83.94998862534335
105,106,2010-07-16,2010-07-19,LONG,1201.4999894199796,1200.9054692215477,11911.298238095798,59556.49119047899,-147.34722127446886,-1.2370374608135457,11.9112982380958,-159.25851951256467
107,109,2010-07-20,2010-07-22,LONG,1200.6158204009935,1199.936226765416,11887.409460168914,59437.04730084457,-168.21800269831726,-1.4150938710571426,11.887409460168914,-180.1054121584862
113,115,2010-07-28,2010-07-30,LONG,1196.7395052991194,1195.3490122667536,11860.393648345142,59301.968241725706,-344.51513165803635,-2.9047529270337997,11.860393648345141,-356.3755253063815
117,119,2010-08-03,2010-08-05,LONG,1194.649011384367,1194.63384771231,11806.937319549183,59034.68659774591,-3.7466344467198125,-0.03173248358417531,11.806937319549183,-15.553571766268995
121,124,2010-08-09,2010-08-12,LONG,1195.1293534352565,1196.0260110182558,11804.604283784241,59023.021418921206,221.41301933001427,1.8756496533658913,11.804604283784242,209.60841504623002
126,127,2010-08-16,2010-08-17,LONG,1197.4665301624989,1198.3017683116739,11836.045546041176,59180.22773020588,206.3923401283855,1.7437609489211365,11.836045546041177,194.55629458234432
129,130,2010-08-19,2010-08-20,LONG,1200.2548819568178,1201.0842573306963,11865.228990228527,59326.14495114263,204.9716455616775,1.7274984387615235,11.865228990228527,193.10641657144896
137,140,2010-08-31,2010-09-03,LONG,1208.1097076882274,1211.6137488700326,11894.194952714244,59470.97476357122,862.4578685507431,7.251082330325611,11.894194952714244,850.5636735980289
141,143,2010-09-06,2010-09-08,LONG,1212.789911276504,1215.3703199318422,12021.779503753949,60108.89751876974,639.4574937427535,5.319158395336356,12.02177950375395,627.4357142389996
144,145,2010-09-09,2010-09-10,LONG,1216.2334541741745,1217.1350880020047,12115.894860889797,60579.47430444899,224.54777541927444,1.8533321557957425,12.115894860889798,212.43188055838465
146,148,2010-09-13,2010-09-15,LONG,1218.0055442449168,1221.0510483492612,12147.759642973555,60738.79821486778,759.3572136447231,6.251006242817346,12.147759642973556,747.2094540017495
150,152,2010-09-17,2010-09-21,LONG,1224.326451402299,1227.8775677479834,12259.841061073816,61299.205305369076,888.9810788946089,7.251163163258373,12.259841061073816,876.721237833535
153,154,2010-09-22,2010-09-23,LONG,1229.8361372574066,1231.7648696332888,12391.349246748847,61956.746233744234,485.82887892620283,3.9207100796845924,12.391349246748847,473.437529679454
155,156,2010-09-24,2010-09-27,LONG,1233.7549611226912,1235.7048962836575,12462.364876200765,62311.824381003826,492.41551658650474,3.9512205065257313,12.462364876200766,479.953151710304
161,162,2010-10-04,2010-10-05,LONG,1246.84487972868,1249.7476066040408,12534.35784895731,62671.78924478655,729.5177207904601,5.82014435507078,12.534357848957312,716.9833629415028
168,169,2010-10-13,2010-10-14,LONG,1267.2539369965657,1270.7820292057565,12641.905353398537,63209.52676699268,879.8908901471079,6.960112938280825,12.641905353398537,867.2489847937094
172,173,2010-10-19,2010-10-27,LONG,1279.3784753037246,1281.0880027302921,12771.992701117593,63859.96350558796,426.6538838184229,3.340542809589057,12.771992701117593,413.8818911173053
175,177,2010-11-01,2010-11-12,LONG,1285.3956387764224,1291.703726008761,12834.07498478519,64170.37492392595,1574.5826053109854,12.26876582206084,12.83407498478519,1561.7485303262001
178,179,2010-11-15,2010-11-16,LONG,1293.832678307694,1295.2479273175388,13068.337264334117,65341.68632167058,357.3675268013951,2.734605937793758,13.068337264334117,344.299189537061
180,183,2010-11-17,2010-11-22,LONG,1296.5039553566546,1302.0343437956817,13119.982142764673,65599.91071382337,1399.1202507096775,10.66404081564437,13.119982142764673,1386.0002685669128
185,189,2010-11-24,2010-11-30,LONG,1306.467789704111,1314.2867241039849,13327.882183049713,66639.41091524856,1994.1141545884173,14.96197315672939,13.327882183049713,1980.7862724053675
194,195,2010-12-07,2010-12-08,LONG,1327.1782025274044,1328.8690624070855,13625.000123910513,68125.00061955256,433.9651982359544,3.1850656461601705,13.625000123910514,420.3401981120439
196,198,2010-12-09,2010-12-13,LONG,1330.6629249951823,1334.2968293924278,13688.05115362732,68440.2557681366,934.5167048422045,6.8272443925997335,13.68805115362732,920.8286536885772
200,201,2010-12-15,2010-12-16,LONG,1337.580642486564,1338.5773003570985,13826.175451680605,69130.87725840302,257.5539400317858,1.862799592930665,13.826175451680605,243.72776458010523
203,205,2010-12-20,2010-12-22,LONG,1341.0780122512044,1343.7726719468578,13862.734616367621,69313.6730818381,696.3679946470518,5.023308992908626,13.862734616367621,682.5052600306841
208,210,2010-12-27,2010-12-29,LONG,1347.2721802923847,1351.01203885161,13965.110405372227,69825.55202686113,969.134864581008,6.939686378764269,13.965110405372226,955.1697541756357
211,213,2010-12-30,2011-01-04,LONG,1352.627141367106,1355.3422027836698,14108.38586849857,70541.92934249285,707.9765914433308,5.018126085026582,14.108385868498571,693.8682055748322
214,215,2011-01-05,2011-01-06,LONG,1356.04124055609,1356.513083156335,14212.466099334797,71062.33049667398,123.632798908305,0.8698898420879367,14.212466099334797,109.42033280897022
216,217,2011-01-07,2011-01-10,LONG,1356.8893093438116,1357.4561485804434,14228.879149256143,71144.39574628072,148.60252305675968,1.044372655765569,14.228879149256144,134.37364390750355
219,220,2011-01-12,2011-01-13,LONG,1359.0951221410871,1359.5217101629444,14249.035195842273,71245.17597921136,111.81093285054058,0.7846912532236983,14.249035195842273,97.56189765469831
224,226,2011-01-19,2011-01-21,LONG,1360.1216120763768,1359.132249346027,14263.669480490475,71318.34740245237,-259.3875219819656,-1.8185188764837128,14.263669480490476,-273.6511914624561
227,228,2011-01-24,2011-01-25,LONG,1358.3468519534827,1357.3649016355594,14222.621801771103,71113.10900885552,-257.03869339165954,-1.807252537360244,14.222621801771105,-271.2613151934306
230,231,2011-01-27,2011-01-28,LONG,1355.626534911436,1354.9720476531968,14181.932604492093,70909.66302246046,-171.17351180083207,-1.2069829731570807,14.181932604492093,-185.35544440532416
232,234,2011-01-31,2011-02-02,LONG,1354.2725663112872,1353.2568388514426,14154.12928783129,70770.64643915645,-265.3959429119849,-1.8750425230335672,14.15412928783129,-279.55007219981616
235,236,2011-02-03,2011-02-04,LONG,1353.279971027267,1353.14363685519,14112.19677700132,70560.9838850066,-35.54280535019856,-0.25185877090463166,14.112196777001321,-49.655002127199886
237,238,2011-02-07,2011-02-08,LONG,1353.067574432531,1353.3829636993264,14104.748526682239,70523.7426334112,82.1926114449416,0.5827300734178719,14.10474852668224,68.08786291825936
240,241,2011-02-10,2011-02-11,LONG,1353.9845966962455,1354.0504422820338,14114.961706119979,70574.8085305999,17.16060736930112,0.12157742774364458,14.11496170611998,3.045645663181139
242,244,2011-02-14,2011-02-16,LONG,1354.2760973019533,1355.4606453239285,14115.418552969455,70577.09276484727,308.6592010222755,2.186681180327756,14.115418552969455,294.54378246930605
245,246,2011-02-17,2011-02-18,LONG,1356.3396440697625,1357.3002260118722,14159.600120339852,70798.00060169926,250.70151570370575,1.770540930344356,14.159600120339851,236.5419155833659
248,250,2011-02-22,2011-02-24,LONG,1360.0544336606968,1362.8994867809276,14195.081407677357,70975.40703838678,742.3555934842689,5.229667743101273,14.195081407677357,728.1605120765915
1,3,2011-03-01,2011-03-03,LONG,1367.843767611033,1371.307201448734,14304.305484488845,71521.52742244423,905.4765027426832,6.330097631965106,14.304305484488847,891.1721972581944
4,5,2011-03-04,2011-03-07,LONG,1373.0687501640077,1374.893749200412,14437.981314077575,72189.90657038787,479.7520514298216,3.3228471556618886,14.437981314077575,465.314070115744
9,10,2011-03-11,2011-03-14,LONG,1380.4296572526096,1381.8450002980178,14507.778424594939,72538.89212297469,371.867613639233,2.5632292054365013,14.507778424594939,357.35983521463805
12,13,2011-03-16,2011-03-17,LONG,1382.7690930188326,1383.4081530007013,14561.382399877131,72806.91199938566,168.24205898566717,1.155398947472781,14.561382399877132,153.68067658579002
24,25,2011-04-01,2011-04-04,LONG,1395.9701574047976,1397.135225979322,14584.434501364998,72922.172506825,304.3021053247118,2.0864854602091794,14.584434501365,289.7176708233468
26,28,2011-04-05,2011-04-07,LONG,1398.9488178222641,1402.5914837590572,14627.8921519885,73139.4607599425,952.2243378438682,6.50964833449653,14.627892151988503,937.5964456918797
29,32,2011-04-08,2011-04-13,LONG,1404.7861832505052,1409.5332289271673,14768.531618842282,73842.65809421141,1247.643502758079,8.44798612995679,14.768531618842282,1232.8749711392368
33,35,2011-04-14,2011-04-18,LONG,1411.5336433070215,1416.4012592688716,14953.462864513165,74767.31432256583,1289.160107330242,8.621147616513728,14.953462864513167,1274.206644465729
40,41,2011-04-25,2011-04-26,LONG,1429.0323607106218,1431.421886230239,15144.593861183026,75722.96930591513,633.0926176076565,4.180320868361684,15.144593861183028,617.9480237464735
54,55,2011-05-13,2011-05-16,LONG,1458.7790352411835,1459.5734194001982,15237.286064744996,76186.43032372498,207.4381791860621,1.3613853431945373,15.237286064744998,192.20089312131708
56,57,2011-05-17,2011-05-18,LONG,1460.2652601556088,1461.259284154873,15266.116198713196,76330.58099356598,259.7967350716359,1.701786699969797,15.266116198713195,244.5306188729227
63,64,2011-05-26,2011-05-27,LONG,1469.9021313476005,1471.819471524548,15302.795791544133,76513.97895772067,499.0241282909363,3.2609997224604026,15.302795791544135,483.72133249939213
66,67,2011-05-31,2011-06-01,LONG,1475.5215265252716,1477.369784189532,15375.353991419044,76876.76995709522,481.48426411438373,3.131532869962533,15.375353991419045,466.1089101229647
71,74,2011-06-07,2011-06-10,LONG,1484.343285896942,1488.7168513262554,15445.27032793749,77226.35163968745,1137.7236821576794,7.36616231377808,15.44527032793749,1122.2784118297418
75,76,2011-06-13,2011-06-14,LONG,1489.407340187865,1490.3253502232762,15613.61208971195,78068.06044855976,240.589867536949,1.540898199305703,15.613612089711951,224.97625544723704
77,78,2011-06-15,2011-06-16,LONG,1491.4295600404027,1492.4651600154477,15647.358528029034,78236.79264014517,271.6253676222542,1.7359183477242697,15.647358528029034,255.97800909422517
86,88,2011-06-28,2011-06-30,LONG,1498.234084274917,1498.4098421753883,15685.75522939317,78428.77614696584,46.002414365040934,0.2932751001930598,15.68575522939317,30.316659135647765
95,96,2011-07-11,2011-07-12,LONG,1502.4867503335734,1504.364104523217,15690.302728263516,78451.51364131758,490.1250469786831,3.1237450001254783,15.690302728263516,474.43474425041956
100,103,2011-07-18,2011-07-21,LONG,1514.2259604838275,1520.9349425987593,15761.467939901082,78807.3396995054,1745.832677443997,11.076586800803744,15.761467939901083,1730.0712095040958
105,106,2011-07-25,2011-07-26,LONG,1526.0004304656936,1528.752019928138,16020.978621326696,80104.89310663348,722.2009095213053,4.507845160968699,16.020978621326694,706.1799308999787
107,109,2011-07-27,2011-07-29,LONG,1531.2405390540607,1536.4397349332287,16126.90561096169,80634.52805480846,1368.9381102729976,8.488535515099132,16.126905610961693,1352.8112046620358
113,115,2011-08-04,2011-08-08,LONG,1549.0636784852413,1557.4472844872957,16329.827291660997,81649.13645830499,2209.4449698277135,13.530118416843212,16.329827291660997,2193.1151425360526
118,119,2011-08-11,2011-08-12,LONG,1575.8795938328215,1581.016139328348,16658.794563041407,83293.97281520703,1357.4745257912168,8.148695997505486,16.658794563041408,1340.8157312281753
121,124,2011-08-16,2011-08-19,LONG,1592.6595721254614,1612.9482534264712,16859.91692272563,84299.58461362816,5369.40673313794,31.84717195077319,16.859916922725635,5352.546816215215
126,127,2011-08-23,2011-08-24,LONG,1627.935737709018,1631.8597058633661,17662.798945157912,88313.99472578955,1064.3580543755124,6.025987487488759,17.662798945157913,1046.6952554303546
129,130,2011-08-26,2011-08-29,LONG,1641.7949518726116,1646.2026538592718,17819.803233472467,89099.01616736234,1196.013881399797,6.711712052763979,17.819803233472467,1178.1940781663245
137,140,2011-09-07,2011-09-12,LONG,1686.1236693142191,1700.1842165548783,17996.532345197415,89982.66172598707,3751.8169309404184,20.847443601776064,17.996532345197416,3733.820398595221
141,143,2011-09-13,2011-09-15,LONG,1704.1876052172438,1710.007446020642,18556.605404986698,92783.02702493349,1584.2811110977054,8.537558872012028,18.556605404986698,1565.7245056927188
144,145,2011-09-16,2011-09-19,LONG,1712.8833240286142,1714.7825735783656,18791.464080840604,93957.32040420303,520.9006240244939,2.772006597163409,18.791464080840605,502.1091599436533
146,148,2011-09-20,2011-09-22,LONG,1717.3946485858985,1719.7678416994993,18866.78045483215,94333.90227416076,651.7796228154806,3.4546414761960467,18.866780454832153,632.9128423606485
150,152,2011-09-26,2011-09-28,LONG,1714.2586088891965,1708.7805364268963,18961.71738118625,94808.58690593124,-1514.848186924115,-7.988981991827081,18.961717381186247,-1533.8099043053012
153,154,2011-09-29,2011-09-30,LONG,1705.6995960732936,1702.979132513979,18731.645895540452,93658.22947770226,-746.8894314994664,-3.987313424909887,18.731645895540453,-765.6210773950068
155,156,2011-10-03,2011-10-04,LONG,1701.44834697384,1698.8851122773747,18616.802733931203,93084.01366965601,-701.1560884251235,-3.7662540579386823,18.616802733931202,-719.7728911590547
161,162,2011-10-11,2011-10-12,LONG,1691.6297251133155,1691.003152610808,18508.836800257344,92544.18400128672,-171.3898736271038,-0.925989436703666,18.508836800257345,-189.89871042736115
168,169,2011-10-20,2011-10-21,LONG,1683.9793363722806,1682.4516571596196,18480.351993693243,92401.75996846621,-419.12701916288376,-2.2679601519815127,18.480351993693244,-437.607371156577
172,173,2011-10-26,2011-10-27,LONG,1683.1634372254102,1684.9138974861314,18414.710888019752,92073.55444009876,478.77435591288105,2.5999558658526767,18.41471088801975,460.3596450248613
175,177,2011-10-31,2011-11-02,LONG,1687.3133191142792,1689.5576256380307,18483.764834773483,92418.82417386741,614.6344240313575,3.325266413663988,18.483764834773485,596.150659196584
178,179,2011-11-03,2011-11-04,LONG,1691.747153676203,1693.5541489031139,18573.18743365297,92865.93716826485,495.9615414189103,2.670309246544683,18.573187433652972,477.38835398525737
180,183,2011-11-07,2011-11-10,LONG,1696.559305465758,1702.8658202120419,18644.79568675076,93223.9784337538,1732.6785830758872,9.293095039422457,18.64479568675076,1714.0337873891365
186,189,2011-11-15,2011-11-18,LONG,1709.6650437508724,1711.5762027890635,18901.900754859133,94509.50377429566,528.2399993887798,2.7946395774667505,18.901900754859135,509.33809863392065
194,195,2011-11-25,2011-11-28,LONG,1707.6462883893462,1707.6355095644253,18978.30146965422,94891.5073482711,-2.994820857041981,-0.0157802365076275,18.97830146965422,-21.9731223266962
196,198,2011-11-29,2011-12-01,LONG,1707.7308971283549,1709.7445882502373,18975.005501305215,94875.02750652608,559.3650641898553,2.9479046219584957,18.975005501305215,540.3900586885501
200,201,2011-12-05,2011-12-06,LONG,1710.9561146758779,1711.3434521245792,19056.0640101085,95280.3200505425,107.8509137764145,0.5659663701759386,19.056064010108503,88.794849766306
203,205,2011-12-08,2011-12-12,LONG,1711.8638164573695,1710.1313785913806,19069.383237573446,95346.91618786723,-482.4642194697794,-2.530046270815691,19.069383237573447,-501.5336027073528
208,210,2011-12-15,2011-12-19,LONG,1698.9414954496742,1692.3095227825875,18994.153197167343,94970.76598583671,-1853.6351189175452,-9.758977405710215,18.994153197167343,-1872.6292721147126
211,213,2011-12-20,2011-12-22,LONG,1689.7755106124912,1684.6186178950684,18713.258806350135,93566.29403175067,-1427.7379961367785,-7.62955298652895,18.713258806350137,-1446.4512549431286
214,215,2011-12-23,2011-12-27,LONG,1682.0625339134276,1679.1377875651954,18496.291118108667,92481.45559054334,-804.027181107066,-4.346964350706443,18.49629111810867,-822.5234722251746
216,217,2011-12-28,2011-12-29,LONG,1675.1741787345052,1670.98221204257,18372.91259727489,91864.56298637445,-1149.4123808038414,-6.256016158125766,18.37291259727489,-1167.7852934011164
219,220,2012-01-03,2012-01-04,LONG,1665.3432904168924,1663.5241419424274,18197.744803264726,90988.72401632363,-496.9605949725149,-2.73089110955858,18.197744803264726,-515.1583397757796
224,226,2012-01-10,2012-01-12,LONG,1657.8632871516438,1656.8398315461786,18120.47105229836,90602.35526149179,-279.65963502345284,-1.5433353482716525,18.12047105229836,-297.7801060757512
227,228,2012-01-13,2012-01-16,LONG,1656.1008882383458,1655.559255502281,18075.804036386995,90379.02018193497,-147.79364086948547,-0.8176324581300705,18.075804036386995,-165.86944490587246
230,231,2012-01-18,2012-01-19,LONG,1655.283622026066,1655.2156530145817,18050.923619651116,90254.61809825558,-18.530108956580754,-0.10265463057196683,18.05092361965112,-36.58103257623188
232,234,2012-01-20,2012-01-24,LONG,1655.4050388355663,1656.0609840870814,18045.43646476468,90227.18232382339,178.7601536012161,0.9906114155247019,18.04543646476468,160.7147171364514
235,236,2012-01-25,2012-01-26,LONG,1657.6029716203234,1659.408229417203,18069.543672335145,90347.71836167572,491.9782535237385,2.7226932923434455,18.069543672335147,473.90870985140333
237,238,2012-01-27,2012-01-30,LONG,1661.7020132045302,1663.672272498528,18140.62997881286,90703.14989406429,537.7279519840546,2.9642187322716342,18.14062997881286,519.5873220052417
240,241,2012-02-01,2012-02-02,LONG,1668.0832400578042,1670.7731111430164,18218.568077113647,91092.84038556824,734.4597425920371,4.031380180282516,18.21856807711365,716.2411745149234
242,244,2012-02-03,2012-02-07,LONG,1672.3240592194327,1675.7173141133785,18326.00425329088,91630.02126645441,929.6165309009604,5.072663511654621,18.326004253290883,911.2905266476695
245,246,2012-02-08,2012-02-09,LONG,1677.347815791831,1678.8155090609491,18462.69783228803,92313.48916144016,403.87534837877024,2.187520762390764,18.462697832288033,385.4126505464822
248,250,2012-02-13,2012-02-15,LONG,1681.1016362679568,1683.443369962185,18520.509729870002,92602.54864935,644.9654906796607,3.4824391989571213,18.520509729870003,626.4449809497906
1,3,2012-02-20,2012-02-22,LONG,1687.0661731358603,1691.7095962600274,18614.47647701247,93072.38238506236,1280.8461798057854,6.880914332388223,18.614476477012474,1262.231703328773
4,5,2012-02-23,2012-02-24,LONG,1694.323942812786,1696.5985614559831,18803.811232511787,94019.05616255893,631.0997931367227,3.356233400415929,18.803811232511787,612.295981904211
9,10,2012-03-01,2012-03-02,LONG,1701.2615753200444,1701.4370810381818,18895.655629797417,94478.27814898708,48.73288827382054,0.2579052520250816,18.895655629797417,29.837232644023125
12,13,2012-03-06,2012-03-07,LONG,1700.4356405347648,1699.796433212855,18900.131214694018,94500.65607347009,-177.6177523203857,-0.9397699428789983,18.90013121469402,-196.51788353507973
24,25,2012-03-22,2012-03-23,LONG,1688.7264026871055,1687.7295255233582,18870.653532163757,94353.26766081879,-278.4898065972653,-1.475782521906823,18.870653532163757,-297.36046012942904
26,28,2012-03-26,2012-03-28,LONG,1687.6507896673838,1686.3830107383405,18826.049463144343,94130.24731572172,-353.55757501237963,-1.878023191772323,18.826049463144344,-372.38362447552396
29,32,2012-03-29,2012-04-03,LONG,1685.4559630282758,1683.0608616422044,18770.191919473014,93850.95959736507,-666.8301288985263,-3.5526015490908627,18.770191919473014,-685.6003208179993
33,35,2012-04-04,2012-04-06,LONG,1680.967251015992,1677.9002444528687,18667.351871350314,93336.75935675157,-851.4873010012114,-4.561371676440245,18.667351871350316,-870.1546528725618
40,41,2012-04-13,2012-04-16,LONG,1674.336722859531,1673.4858200898193,18536.82867341943,92684.14336709715,-235.51174988482268,-1.2705072374247637,18.53682867341943,-254.0485785582421
54,55,2012-05-03,2012-05-04,LONG,1663.7278332858757,1662.9207846403986,18498.721386635694,92493.60693317847,-224.33609241028847,-1.2127113421598907,18.498721386635694,-242.83481379692415
56,57,2012-05-07,2012-05-08,LONG,1662.0050118439942,1660.0874493228564,18462.296164566156,92311.48082283078,-532.5285863614738,-2.8844114600627613,18.46229616456616,-550.99088252604
63,64,2012-05-16,2012-05-17,LONG,1643.0375812707964,1640.739258873669,18379.64753218725,91898.23766093625,-642.7478600620292,-3.497063036363569,18.379647532187253,-661.1275075942165
66,67,2012-05-21,2012-05-22,LONG,1637.4712565082557,1635.168773238211,18280.478406048118,91402.39203024059,-642.6142677473807,-3.515303338750539,18.28047840604812,-660.8947461534289
71,74,2012-05-28,2012-05-31,LONG,1626.5377321966237,1620.0292737093664,18181.344194125104,90906.72097062552,-1818.7792632727933,-10.003546733692502,18.181344194125106,-1836.9606074669184
75,76,2012-06-01,2012-06-04,LONG,1619.9380949998572,1619.7501488519022,17905.800103005062,89529.00051502531,-51.93603023781983,-0.29005143550722207,17.905800103005063,-69.84183034082488
77,78,2012-06-05,2012-06-06,LONG,1619.5089120673158,1619.3467756719608,17895.32382845394,89476.6191422697,-44.789554377197675,-0.2502863586406933,17.89532382845394,-62.684878205651614
86,88,2012-06-18,2012-06-20,LONG,1617.176820937636,1616.8787466452304,17885.921096723094,89429.60548361547,-82.41729051984628,-0.4607942195101491,17.885921096723095,-100.30321161656937
95,96,2012-06-29,2012-07-02,LONG,1608.4388739096676,1608.070368487428,17870.87561498061,89354.37807490306,-102.35879446700926,-0.5727687701055062,17.870875614980612,-120.22967008198987
100,103,2012-07-06,2012-07-11,LONG,1607.623949222331,1604.8026157246338,17852.841164468307,89264.20582234154,-783.2804871864962,-4.387427636702574,17.85284116446831,-801.1333283509645
105,106,2012-07-13,2012-07-16,LONG,1603.2691413094321,1602.8218769390319,17732.671165215666,88663.35582607833,-123.67218640763356,-0.697425589497359,17.732671165215667,-141.40485757284924
107,109,2012-07-17,2012-07-19,LONG,1602.2017740703602,1600.6580566220139,17711.46043657974,88557.3021828987,-426.62370860730573,-2.408743819488728,17.711460436579742,-444.33516904388546
113,115,2012-07-25,2012-07-27,LONG,1598.9619889496187,1600.2123678996754,17644.810161223155,88224.05080611577,344.95346599568484,1.9549854197568333,17.644810161223155,327.30865583446166
117,119,2012-07-31,2012-08-02,LONG,1601.2803115721406,1600.8010885005156,17693.90645959832,88469.53229799161,-132.38357053003452,-0.7481873538345801,17.693906459598324,-150.07747698963283
121,124,2012-08-06,2012-08-09,LONG,1601.1538318712442,1602.269967611195,17671.394838049877,88356.97419024938,307.96034336186165,1.7427053505632981,17.671394838049878,290.28894852381177
126,127,2012-08-13,2012-08-14,LONG,1603.0265050736662,1602.888722448928,17714.93818032845,88574.69090164224,-38.0656631664062,-0.2148788936146343,17.71493818032845,-55.780601346734656
129,130,2012-08-16,2012-08-17,LONG,1603.2414362909276,1603.6323433026625,17706.57109012644,88532.8554506322,107.93169756338904,0.6095573051045103,17.70657109012644,90.22512647326259
137,140,2012-08-28,2012-08-31,LONG,1613.9035577873508,1618.8068628250774,17720.104859097428,88600.52429548714,1345.9149867631643,7.595412089630932,17.72010485909743,1328.194881904067
141,143,2012-09-03,2012-09-05,LONG,1621.088238458267,1625.5521364201454,17919.334091383036,89596.67045691518,1233.5861341640955,6.884107009072935,17.919334091383035,1215.6668000727125
144,145,2012-09-06,2012-09-07,LONG,1627.8694549094434,1631.244543123674,18101.684111393944,90508.42055696972,938.2629012086408,5.1832906564647185,18.101684111393947,920.1612170972468
146,148,2012-09-10,2012-09-12,LONG,1634.1815198785696,1640.1082904835118,18239.70829395853,91198.54146979266,1653.7723264577653,9.066879249409586,18.239708293958532,1635.5326181638068
150,152,2012-09-14,2012-09-18,LONG,1648.0037560402618,1655.25249884391,18485.0381866831,92425.1909334155,2032.6605300468582,10.996247394886192,18.485038186683102,2014.175491860175
153,154,2012-09-19,2012-09-20,LONG,1658.8242132389717,1662.2224983888686,18787.164510462124,93935.82255231062,962.1896891641554,5.121526926686222,18.787164510462127,943.4025246536933
155,156,2012-09-21,2012-09-24,LONG,1665.6706396831632,1668.7281983814053,18928.67488916018,94643.37444580089,868.6521388849692,4.589080556201097,18.928674889160177,849.723463995809
161,162,2012-10-01,2012-10-02,LONG,1683.216305291768,1686.0421047728844,19056.13340875955,95280.66704379774,799.7904328942059,4.197023686487026,19.05613340875955,780.7342994854463
168,169,2012-10-10,2012-10-11,LONG,1701.288663772799,1703.3278173951871,19173.243553682365,95866.21776841182,574.5231523308628,2.996483879852042,19.173243553682365,555.3499087771804
172,173,2012-10-16,2012-10-17,LONG,1707.18618996649,1708.506393145817,19256.546039998942,96282.73019999471,372.2873558589425,1.9333028627545241,19.25654603999894,353.0308098189435
175,177,2012-10-19,2012-10-23,LONG,1709.9032298335867,1710.3677658163467,19309.500661471782,96547.50330735891,131.14715660334693,0.6791846091858017,19.309500661471784,111.83765594187514
178,179,2012-10-24,2012-10-25,LONG,1710.0948539440772,1710.1417042177688,19326.276309863064,96631.38154931532,13.236712169357505,0.06849075298898742,19.326276309863065,-6.08956414050556
180,183,2012-10-26,2012-10-31,LONG,1710.196434214439,1710.445537569753,19325.362875241986,96626.81437620994,70.37221921665522,0.36414436132948447,19.32536287524199,51.04685634141323
185,189,2012-11-02,2012-11-08,LONG,1709.5452435355285,1709.8935063765193,19333.0199036932,96665.099518466,98.46145432612859,0.5092916410194117,19.333019903693202,79.12843442243539
194,195,2012-11-15,2012-11-16,LONG,1712.060815908783,1712.0495848896987,19344.889168856564,96724.44584428282,-3.172533613013609,-0.016399854169860468,19.344889168856565,-22.517422781870174
196,198,2012-11-19,2012-11-21,LONG,1712.645674674938,1713.563016284367,19341.511555439283,96707.55777719642,258.9965572187751,1.3390709225408974,19.341511555439283,239.65504566333578
200,201,2012-11-23,2012-11-26,LONG,1715.1189555447793,1716.154885603088,19377.45981228878,96887.2990614439,292.59913734148586,1.5099973896265062,19.37745981228878,273.22167752919705
203,205,2012-11-28,2012-11-30,LONG,1717.0260875052165,1717.1535015909492,19418.443063918163,97092.21531959082,36.02425128169742,0.1855156521206114,19.418443063918165,16.605808217779252
208,210,2012-12-05,2012-12-07,LONG,1715.7582232453901,1714.8956897143694,19420.933935150828,97104.66967575414,-244.07877659943566,-1.2567818695766553,19.420933935150828,-263.4997105345865
211,213,2012-12-10,2012-12-12,LONG,1714.8211197293788,1714.5539641251517,19381.408978570642,96907.04489285321,-75.48676603744318,-0.38948028041153404,19.381408978570644,-94.86817501601382
214,215,2012-12-13,2012-12-14,LONG,1713.9982286186505,1713.3788618448434,19367.17875231824,96835.8937615912,-174.96206853194747,-0.9033947110701636,19.367178752318242,-194.3292472842657
216,217,2012-12-17,2012-12-18,LONG,1712.8939428309277,1711.580583398476,19338.029365225597,96690.14682612798,-370.68528641465184,-1.91687208357038,19.338029365225598,-390.02331577987746
219,220,2012-12-20,2012-12-21,LONG,1708.2323653763874,1706.5691906087084,19279.525867858614,96397.62933929307,-469.274871588863,-2.434058154776529,19.279525867858613,-488.55439745672163
224,226,2012-12-28,2013-01-02,LONG,1701.0283335788731,1699.4019252234536,19206.24270824011,96031.21354120054,-459.0927881720614,-2.3903310769633017,19.20624270824011,-478.2990308803015
227,228,2013-01-03,2013-01-04,LONG,1698.2875283921223,1696.9743686201703,19134.497853608063,95672.48926804031,-369.88219629762386,-1.933064557677314,19.134497853608064,-389.01669415123195
230,231,2013-01-08,2013-01-09,LONG,1694.2547824045243,1693.1045008999097,19076.145349485378,95380.72674742689,-323.78449514706745,-1.697326630800715,19.07614534948538,-342.86064049655283
232,234,2013-01-10,2013-01-14,LONG,1692.5378543301454,1690.8644999029734,19024.716253410894,95123.58126705447,-470.2271959071561,-2.471664699981269,19.024716253410894,-489.251912160567
235,236,2013-01-15,2013-01-16,LONG,1690.4951968273795,1690.1529523132137,18951.32846658681,94756.64233293405,-95.91846542975063,-0.5061305628197252,18.951328466586812,-114.86979389633744
237,238,2013-01-17,2013-01-18,LONG,1690.0610365662146,1689.869263649416,18934.09799750236,94670.4899875118,-53.71177610406853,-0.2836775013584158,18.93409799750236,-72.64587410157088
240,241,2013-01-22,2013-01-23,LONG,1689.9458514639944,1689.8105793223235,18923.20111638712,94616.0055819356,-37.86781008492327,-0.20011313018351048,18.923201116387123,-56.7910112013104
242,244,2013-01-24,2013-01-28,LONG,1689.1161239614237,1687.1586073481715,18914.682464706926,94573.41232353463,-548.0056201260275,-2.8972499070420876,18.914682464706928,-566.9203025907344
245,246,2013-01-29,2013-01-30,LONG,1686.4190796110345,1686.1103311060513,18829.644419318316,94148.22209659158,-86.18297542581965,-0.45769836915985534,18.829644419318317,-105.01261984513796
248,250,2013-02-01,2013-02-05,LONG,1684.843141690125,1684.1289183707152,18813.892526341544,94069.46263170772,-199.3853379980829,-1.05977717114585,18.813892526341544,-218.19923052442442
1,3,2013-02-08,2013-02-12,LONG,1683.0348000454032,1680.962798558807,18781.16264176288,93905.81320881439,-578.0420718675737,-3.0777757633715703,18.78116264176288,-596.8232345093365
4,5,2013-02-13,2013-02-14,LONG,1679.7531267520453,1678.3414322571823,18691.63915658648,93458.1957829324,-392.7196752468695,-2.10104460051319,18.69163915658648,-411.41131440345595
9,10,2013-02-20,2013-02-21,LONG,1668.5672629112373,1665.6766087668927,18629.92745942596,93149.6372971298,-806.8700347966336,-4.331042278902656,18.62992745942596,-825.4999622560596
12,13,2013-02-25,2013-02-26,LONG,1660.8274881497416,1659.3450002235456,18506.10246508755,92530.51232543775,-412.97295566805195,-2.231550141079899,18.50610246508755,-431.4790581331395
24,25,2013-03-13,2013-03-14,LONG,1636.6210566825348,1635.1636703302383,18441.38060636758,92206.9030318379,-410.54427815598393,-2.226212271841665,18.44138060636758,-428.98565876235153
26,28,2013-03-15,2013-03-19,LONG,1633.8076757608353,1632.2075685172736,18377.03275755323,91885.16378776614,-449.94927595806246,-2.448432681675048,18.37703275755323,-468.3263087156157
29,32,2013-03-20,2013-03-25,LONG,1631.4229393582023,1629.3854800938389,18306.783811245885,91533.91905622942,-571.5765877914284,-3.1222119280193175,18.306783811245886,-589.8833716026743
33,35,2013-03-26,2013-03-28,LONG,1628.417890772852,1626.6844997757812,18218.301305505483,91091.50652752741,-484.8178045055959,-2.6611581199345204,18.218301305505484,-503.0361058111014
40,41,2013-04-04,2013-04-05,LONG,1619.2453169427745,1617.9863865148184,18142.84588963382,90714.22944816909,-352.6423776124084,-1.9436993499123298,18.14284588963382,-370.7852235020422
54,55,2013-04-24,2013-04-25,LONG,1560.7887557840968,1557.881869272318,18087.228106108512,90436.14053054256,-842.1626440840748,-4.656117781804584,18.087228106108512,-860.2498721901834
56,57,2013-04-26,2013-04-29,LONG,1554.7355213002731,1552.2598406668405,17958.190625279985,89790.95312639992,-714.8924066730392,-3.9808710219763213,17.958190625279986,-732.8505972983191
63,64,2013-05-07,2013-05-08,LONG,1537.1338079506356,1535.1530956424808,17848.263035685235,89241.31517842617,-574.9706709186755,-3.221437681465686,17.848263035685235,-592.8189339543608
66,67,2013-05-10,2013-05-13,LONG,1529.955271010019,1526.8502157028443,17759.34019559208,88796.70097796041,-901.0677398732345,-5.073768112718974,17.759340195592085,-918.8270800688266
72,74,2013-05-20,2013-05-22,LONG,1506.7837402477098,1498.5727114778854,17621.516133581757,88107.58066790878,-2400.6559812786886,-13.623436048750081,17.621516133581757,-2418.2774974122703
75,76,2013-05-23,2013-05-24,LONG,1495.2087614536158,1491.7254077405473,17258.774508969916,86293.87254484958,-1005.1843230637899,-5.824192920194679,17.258774508969918,-1022.4430975727598
77,78,2013-05-27,2013-05-28,LONG,1488.7053241481192,1485.3403589980946,17105.408044334003,85527.04022167002,-966.5966295087719,-5.650824739190876,17.105408044334006,-983.7020375531059
86,88,2013-06-07,2013-06-11,LONG,1466.11054230234,1460.9426491002132,16957.85273870104,84789.2636935052,-1494.368421793408,-8.812250258447966,16.957852738701042,-1511.3262745321092
95,96,2013-06-20,2013-06-21,LONG,1441.4204403132667,1436.8192734971542,16731.153797521223,83655.76898760612,-1335.1904048151655,-7.980264965426224,16.731153797521223,-1351.9215586126868
100,103,2013-06-27,2013-07-02,LONG,1414.0465846692275,1398.5222732260563,16528.36556372932,82641.82781864659,-4536.475273159786,-27.446605386771317,16.52836556372932,-4553.003638723516
105,106,2013-07-04,2013-07-05,LONG,1389.4365949574337,1384.2155033889724,15845.415017920794,79227.07508960397,-1488.5595184602826,-9.394260212034563,15.845415017920795,-1504.4049334782032
107,109,2013-07-08,2013-07-10,LONG,1379.6144902431654,1371.9815152875033,15619.754277899065,78098.77138949532,-2160.480229440502,-13.831717138453586,15.619754277899064,-2176.0999837184013
113,115,2013-07-16,2013-07-18,LONG,1361.8162099332003,1356.7846117822664,15293.339280341304,76466.69640170652,-1412.6344121051402,-9.236925868250365,15.293339280341304,-1427.9277513854815
117,119,2013-07-22,2013-07-24,LONG,1354.2375926277984,1352.9432020199854,15079.15011763348,75395.7505881674,-360.3191639399494,-2.38951904536446,15.07915011763348,-375.3983140575829
121,124,2013-07-26,2013-07-31,LONG,1351.7175878230719,1349.390207728735,15022.840370524844,75114.20185262422,-646.6561498076724,-4.304486594135863,15.022840370524845,-661.6789901781972
126,127,2013-08-02,2013-08-05,LONG,1346.889331010006,1345.5107489971313,14923.588521998117,74617.94260999058,-381.86861812435103,-2.558825697729856,14.923588521998118,-396.79220664634914
129,130,2013-08-07,2013-08-08,LONG,1341.7952632385368,1340.8865101857375,14864.069691001165,74320.34845500582,-251.67343108881735,-1.6931663825633338,14.864069691001164,-266.5375007798185
137,140,2013-08-19,2013-08-22,LONG,1341.8478746291332,1344.4819446764525,14824.08906588419,74120.44532942095,727.4984319297489,4.9075422354551055,14.824089065884191,712.6743428638647
141,143,2013-08-23,2013-08-27,LONG,1346.091758579349,1349.979728704221,14930.990217313773,74654.95108656886,1078.144255948404,7.22084898761907,14.930990217313774,1063.2132657310901
144,145,2013-08-28,2013-08-29,LONG,1352.068963212792,1353.7850120654784,15090.472207173438,75452.36103586719,478.8214991653188,3.173005407595564,15.090472207173438,463.7310269581454
146,148,2013-08-30,2013-09-03,LONG,1355.0398857776877,1357.92137716978,15160.031861217158,75800.15930608578,805.9449350982052,5.3162482933825315,15.160031861217158,790.784903236988
150,152,2013-09-05,2013-09-09,LONG,1359.2075769170349,1360.9556732700942,15278.649596702704,76393.24798351352,491.25225780905373,3.215285845125156,15.278649596702705,475.97360821235105
153,154,2013-09-10,2013-09-11,LONG,1361.0348698392168,1361.155178699061,15350.045637934556,76750.22818967278,33.92173356799461,0.2209878352684754,15.350045637934556,18.57168793006005
155,156,2013-09-12,2013-09-13,LONG,1359.9083919985683,1358.7782305130784,15352.831391124066,76764.15695562033,-318.9769773015549,-2.077642678248685,15.352831391124067,-334.32980869267897
161,162,2013-09-20,2013-09-23,LONG,1355.4392640322906,1354.4077471348126,15302.681919820165,76513.40959910082,-291.1413184620891,-1.9025509383750594,15.302681919820165,-306.44400038190923
168,169,2013-10-01,2013-10-02,LONG,1348.7306710648638,1347.7056469841964,15256.715319762876,76283.57659881438,-289.87441544384933,-1.8999791853516386,15.256715319762877,-305.1311307636122
172,173,2013-10-07,2013-10-08,LONG,1344.88459562683,1344.072667482417,15210.945650148333,76054.72825074167,-229.57722388694242,-1.5092896205615174,15.210945650148334,-244.78816953709077
175,177,2013-10-10,2013-10-14,LONG,1341.1330099553916,1336.8419379806267,15174.22742471777,75871.13712358885,-1213.7815853753657,-7.9989679303092505,15.17422742471777,-1228.9558128000835
178,179,2013-10-15,2013-10-16,LONG,1335.1255498094447,1333.4750378797528,14989.884052797755,74949.42026398878,-463.2707099600529,-3.0905556595922214,14.989884052797757,-478.2605940128507
180,183,2013-10-17,2013-10-22,LONG,1333.0556040246865,1332.1968387475758,14918.144963695828,74590.72481847914,-240.2597621405874,-1.6105203611124135,14.918144963695829,-255.17790710428324
185,189,2013-10-24,2013-10-30,LONG,1332.6570298645154,1334.4837967726187,14879.868277630183,74399.34138815092,509.92210218698335,3.4269261842430456,14.879868277630184,495.0422339093532
194,195,2013-11-06,2013-11-07,LONG,1331.8376488377226,1331.0769847600236,14954.124612716585,74770.62306358293,-213.5219975245119,-1.4278468519844922,14.954124612716587,-228.4761221372285
196,198,2013-11-08,2013-11-12,LONG,1329.736139120571,1326.3897605832178,14919.853194396002,74599.26597198001,-938.6726253677168,-6.291433388367981,14.919853194396003,-953.5924785621128
200,201,2013-11-14,2013-11-15,LONG,1323.8067945668595,1322.6860208229543,14776.814322611684,73884.07161305842,-312.7621337818313,-2.1165734843351074,14.776814322611685,-327.538948104443
203,205,2013-11-19,2013-11-21,LONG,1319.7820850830583,1315.100459363212,14727.683480396017,73638.41740198008,-1306.0773925272483,-8.86817940014643,14.727683480396017,-1320.8050760076444
208,210,2013-11-26,2013-11-28,LONG,1308.8188993978317,1304.5321924049613,14529.562718994868,72647.81359497434,-1189.6981725187693,-8.188120974648786,14.52956271899487,-1204.2277352377641
211,213,2013-11-29,2013-12-03,LONG,1302.8845863859178,1297.88032436941,14348.928558709205,71744.64279354602,-1377.8234640705427,-9.602274193735957,14.348928558709206,-1392.172392629252
214,215,2013-12-04,2013-12-05,LONG,1296.1876427388606,1293.971804260818,14140.102699814815,70700.51349907408,-604.3141944232242,-4.273760999141389,14.140102699814816,-618.454297123039
216,217,2013-12-06,2013-12-09,LONG,1291.943219158003,1290.3263966414054,14047.334555246362,70236.6727762318,-439.4939048077063,-3.1286640399944434,14.047334555246362,-453.5412393629527
219,220,2013-12-11,2013-12-12,LONG,1288.3321702098858,1286.3670722438446,13979.303369341917,69896.51684670958,-533.0671167919984,-3.8132595216516343,13.979303369341917,-547.0464201613403
224,226,2013-12-18,2013-12-20,LONG,1279.8570828317172,1274.672481184481,13897.246406317714,69486.23203158857,-1407.4166478577677,-10.127305846847138,13.897246406317715,-1421.3138942640853
227,228,2013-12-23,2013-12-24,LONG,1272.3014809900274,1270.1474652308916,13684.049322178098,68420.24661089049,-579.1799021138112,-4.232518375793334,13.6840493221781,-592.8639514359893
230,231,2013-12-27,2013-12-30,LONG,1266.6010355095339,1264.412794214627,13595.119729462702,67975.59864731351,-587.1896826068462,-4.319121083827724,13.595119729462704,-600.7848023363089
232,234,2013-12-31,2014-01-03,LONG,1262.6070456788723,1260.627000343346,13505.002009112253,67525.01004556127,-529.4702798850162,-3.920549434407828,13.505002009112255,-542.9752818941284
235,236,2014-01-06,2014-01-07,LONG,1259.9164704851707,1259.0444093951903,13423.555716828134,67117.77858414067,-232.2804904939929,-1.7303946539499946,13.423555716828135,-245.70404621082102
237,238,2014-01-08,2014-01-09,LONG,1258.0065069935545,1257.0662772302358,13386.700109896516,66933.50054948257,-250.12934762210776,-1.8684914547177478,13.386700109896516,-263.51604773200427
240,241,2014-01-13,2014-01-14,LONG,1256.6330173086405,1256.2678068561552,13347.172702736712,66735.86351368357,-96.97594514520148,-0.7265654480166985,13.347172702736714,-110.32311784793819
242,244,2014-01-15,2014-01-17,LONG,1255.8112460041602,1255.3319311525563,13330.624235059524,66653.12117529762,-127.19997128044022,-0.954193659933077,13.330624235059526,-140.53059551549975
245,246,2014-01-20,2014-01-21,LONG,1255.3060358568562,1254.8669610986299,13309.5446457322,66547.723228661,-116.38367319404337,-0.8744376783120271,13.309544645732199,-129.69321783977557
248,250,2014-01-23,2014-01-27,LONG,1254.6061881427252,1255.0904661210561,13290.090663056233,66450.45331528116,128.2493721728705,0.9649999794913201,13.290090663056233,114.95928150981426
1,3,2014-01-30,2014-02-03,LONG,1255.1239157376676,1254.8742713885756,13307.334555282703,66536.67277641351,-66.1707746850408,-0.49725040285225663,13.307334555282704,-79.4781092403235
4,5,2014-02-04,2014-02-05,LONG,1254.856396198575,1254.941795611139,13295.412838896655,66477.06419448328,22.62052553734322,0.17013781979876022,13.295412838896656,9.325112698446564
9,10,2014-02-11,2014-02-12,LONG,1257.1078982037652,1258.1472851138535,13296.811605801422,66484.05802900711,274.84776662225624,2.0670200854943275,13.296811605801423,261.55095501645485
12,13,2014-02-14,2014-02-17,LONG,1261.3636442870409,1263.4564921238298,13336.044249053894,66680.22124526947,553.1773387548616,4.147986677489511,13.336044249053893,539.8412945058077
24,25,2014-03-04,2014-03-05,LONG,1283.106284906438,1284.7589185984696,13417.020443229765,67085.10221614882,432.0261753057655,3.2199859658391303,13.417020443229765,418.6091548625357
26,28,2014-03-06,2014-03-10,LONG,1286.8083361096046,1290.059020919538,13479.811816459143,67399.05908229572,851.3043139936403,6.315402066326914,13.479811816459144,837.8245021771812
29,32,2014-03-11,2014-03-14,LONG,1291.8874354684203,1299.2646594893617,13605.485491785721,68027.4274589286,1942.3270099027334,14.276058072866334,13.605485491785721,1928.7215244109477
33,35,2014-03-17,2014-03-19,LONG,1301.3730390908238,1303.8713606819754,13894.793720447362,69473.96860223681,666.8661120535237,4.7993955539777025,13.894793720447362,652.9713183330763
40,41,2014-03-26,2014-03-27,LONG,1305.7666484036577,1305.3101236104999,13992.739418197325,69963.69709098662,-122.30425084781933,-0.8740550880892178,13.992739418197324,-136.29699026601665
54,55,2014-04-15,2014-04-16,LONG,1304.4394946625087,1304.3822372102807,13972.294869657422,69861.47434828711,-15.332600885059364,-0.10973573795923829,13.972294869657423,-29.30489575471679
56,57,2014-04-17,2014-04-18,LONG,1304.0870861804096,1303.7513194699961,13967.899135294214,69839.49567647107,-89.90878741430572,-0.643681533947531,13.967899135294214,-103.87668654959994
63,64,2014-04-28,2014-04-29,LONG,1301.6925012445472,1301.5215376456679,13952.317632311775,69761.58816155887,-45.81224891529425,-0.3283486666702524,13.952317632311775,-59.76456654760602
66,67,2014-05-01,2014-05-02,LONG,1300.7444471162148,1300.6527961081795,13943.352947329633,69716.76473664817,-24.561364760166843,-0.17615106533519057,13.943352947329634,-38.504717707496475
72,74,2014-05-09,2014-05-13,LONG,1300.0640578273983,1299.7557560566806,13937.577239673508,69687.88619836755,-82.63015419575608,-0.5928588073438488,13.93757723967351,-96.5677314354296
75,76,2014-05-14,2014-05-15,LONG,1299.9470062740538,1299.8272615515239,13923.09207995819,69615.46039979096,-32.06316853354431,-0.2302877000985875,13.923092079958192,-45.986260613502495
77,78,2014-05-16,2014-05-19,LONG,1299.6147512300201,1299.4057429868262,13916.194140866166,69580.97070433083,-55.95118258266784,-0.4020580772034656,13.916194140866166,-69.86737672353401
86,88,2014-05-29,2014-06-02,LONG,1294.9644791428448,1292.02481444127,13905.714034357636,69528.57017178817,-789.1748645501509,-5.67518404736565,13.905714034357636,-803.0805785845085
95,96,2014-06-11,2014-06-12,LONG,1284.3251934214645,1283.9726771926773,13785.251947569957,68926.25973784979,-94.59296318272482,-0.68618958538077,13.785251947569959,-108.37821513029478
100,103,2014-06-18,2014-06-23,LONG,1282.7679871963212,1285.8800763406814,13768.995215300416,68844.97607650208,835.1147862666044,6.065183212051712,13.768995215300416,821.345791051304
105,106,2014-06-25,2014-06-26,LONG,1287.8811671586343,1288.7688651456372,13892.19708395811,69460.98541979055,239.38690348435125,1.7231752618941831,13.892197083958111,225.49470640039314
107,109,2014-06-27,2014-07-01,LONG,1289.6149249696448,1291.8811039560092,13926.02128991817,69630.10644959085,611.7883757358458,4.393131124815627,13.92602128991817,597.8623544459276
113,115,2014-07-07,2014-07-09,LONG,1295.380699749878,1297.0928244087092,14015.700643085056,70078.50321542528,463.1191951226518,3.304288575477969,14.015700643085058,449.10349447956673
118,119,2014-07-14,2014-07-15,LONG,1299.7452979223078,1299.5586839073965,14083.066167256993,70415.33083628496,-50.55024095750195,-0.35894343147396995,14.083066167256993,-64.63330712475894
121,124,2014-07-17,2014-07-22,LONG,1300.1408513214328,1300.98832074691,14073.371171188279,70366.8558559414,229.33576329155517,1.629572335596911,14.07337117118828,215.26239212036688
126,127,2014-07-24,2014-07-25,LONG,1300.855010073322,1301.0493961836373,14105.660530006333,70528.30265003166,52.69504407913473,0.3735737434417832,14.105660530006332,38.5893835491284
129,130,2014-07-29,2014-07-30,LONG,1301.0685090535555,1300.9091866083288,14111.4489375387,70557.2446876935,-43.20046436402397,-0.3061376939762993,14.1114489375387,-57.31191330156267
137,140,2014-08-08,2014-08-13,LONG,1300.3239974922553,1301.2009516770213,14102.852150543466,70514.26075271732,237.7783389833276,1.6860301479808437,14.102852150543466,223.67548683278412
141,143,2014-08-14,2014-08-18,LONG,1301.5759991413092,1301.539348989545,14136.403473568385,70682.01736784192,-9.951422987365767,-0.07039571985882048,14.136403473568386,-24.087826460934153
144,145,2014-08-19,2014-08-20,LONG,1301.3498074725326,1301.046327855566,14132.790299599244,70663.95149799623,-82.39548202495428,-0.5830093016188793,14.132790299599247,-96.52827232455353
146,148,2014-08-21,2014-08-25,LONG,1300.2807246190487,1298.937981072817,14118.311058750562,70591.55529375281,-364.48419750634656,-2.581641642471381,14.118311058750564,-378.60250856509714
150,152,2014-08-27,2014-08-29,LONG,1297.8746488578877,1297.28378892865,14061.520682465798,70307.60341232899,-160.03835814821167,-1.1381298065988956,14.061520682465797,-174.09987883067748
153,154,2014-09-01,2014-09-02,LONG,1296.9590192061198,1295.953345114517,14035.405700641195,70177.02850320598,-272.07960446791583,-1.9385232623199922,14.035405700641196,-286.11501016855703
155,156,2014-09-03,2014-09-04,LONG,1295.1159319765165,1294.0664652920993,13992.488449115912,69962.44224557956,-283.46208429829727,-2.0258161036124154,13.992488449115912,-297.4545727474132
161,162,2014-09-11,2014-09-12,LONG,1288.120689456824,1286.325589523224,13947.8702632038,69739.351316019,-485.9370163889322,-3.4839513647534703,13.947870263203802,-499.884886652136
168,169,2014-09-22,2014-09-23,LONG,1275.6307367357479,1273.9956267186064,13872.88753020598,69364.4376510299,-444.55845869162056,-3.204512814824355,13.87288753020598,-458.4313462218265
172,173,2014-09-26,2014-09-29,LONG,1268.9705300618182,1267.3092800252307,13804.122828272706,69020.61414136353,-451.7855027021212,-3.2728302140053662,13.804122828272707,-465.5896255303939
175,177,2014-10-01,2014-10-03,LONG,1263.8473856387634,1260.1074305855238,13734.284384443152,68671.42192221576,-1016.0563464762498,-7.397956224258315,13.734284384443152,-1029.790630860693
178,179,2014-10-06,2014-10-07,LONG,1258.4543699750882,1256.9056791742705,13579.815789814045,67899.07894907023,-417.79297470475296,-3.076573211089736,13.579815789814047,-431.372790494567
180,183,2014-10-08,2014-10-13,LONG,1255.7818274759682,1253.2513494328077,13515.109871239862,67575.5493561993,-680.8445549975065,-5.037654606466374,13.515109871239861,-694.3596648687463
186,189,2014-10-16,2014-10-21,LONG,1251.842012832957,1251.162011059293,13410.955921509554,67054.77960754777,-182.12110073932342,-1.3580023810772741,13.410955921509554,-195.53205666083298
194,195,2014-10-28,2014-10-29,LONG,1248.2720198773009,1247.1336525182196,13381.626113010429,66908.13056505214,-305.0858734296117,-2.279886396863149,13.381626113010428,-318.46749954262214
196,198,2014-10-30,2014-11-03,LONG,1245.6120643038932,1240.90429353899,13333.855988079033,66669.27994039516,-1259.8773567432595,-9.44870979459833,13.333855988079033,-1273.2112127313385
200,201,2014-11-05,2014-11-06,LONG,1235.5693594158033,1232.6397316026266,13142.874306169333,65714.37153084666,-779.0685690571875,-5.927687893138327,13.142874306169332,-792.2114433633568
203,205,2014-11-10,2014-11-12,LONG,1228.3739794295188,1224.3683434595523,13024.04258966483,65120.21294832415,-1061.7607981196027,-8.152313621595173,13.02404258966483,-1074.7848407092674
208,210,2014-11-17,2014-11-19,LONG,1220.3561973283329,1218.4582606324077,12862.82486355844,64314.1243177922,-500.11683833073107,-3.888079357650339,12.86282486355844,-512.9796631942895
211,213,2014-11-20,2014-11-24,LONG,1217.676722602976,1216.5284395489587,12785.877914079296,63929.38957039648,-301.43072186039063,-2.35752854740203,12.785877914079297,-314.21659977446996
214,215,2014-11-25,2014-11-26,LONG,1216.0295266515918,1215.4574321026516,12738.745424113127,63693.727120565636,-149.82709419768662,-1.176152668174681,12.738745424113128,-162.56583962179974
216,217,2014-11-27,2014-11-28,LONG,1214.686814217862,1213.2024796652092,12714.360548169856,63571.80274084928,-388.4203824318025,-3.054973790936839,12.714360548169855,-401.1347429799724
219,220,2014-12-02,2014-12-03,LONG,1212.6671840367767,1212.5592619381714,12654.190336722862,63270.951683614316,-28.154195876394013,-0.22248911330731008,12.654190336722865,-40.808386213116876
224,226,2014-12-09,2014-12-11,LONG,1211.9974921680998,1212.891425789977,12648.069078790897,63240.345393954485,233.2210725355758,1.8439263027639214,12.648069078790897,220.57300345678487
227,228,2014-12-12,2014-12-15,LONG,1213.1765022492864,1212.5453610546144,12681.155029309413,63405.775146547065,-164.93064529727448,-1.3005963961175249,12.681155029309414,-177.6118003265839
230,231,2014-12-17,2014-12-18,LONG,1211.3408826507555,1210.9302936185536,12654.513259260426,63272.56629630213,-107.2324980218528,-0.8473854017528593,12.654513259260426,-119.88701128111323
232,234,2014-12-19,2014-12-23,LONG,1210.4282103371445,1208.324468651949,12636.53020756826,63182.65103784129,-549.0617933154546,-4.345036052591485,12.63653020756826,-561.6983235230229
235,236,2014-12-24,2014-12-26,LONG,1207.2622855570667,1206.8837133880577,12552.275459039805,62761.377295199025,-98.4032675288566,-0.7839476424012769,12.552275459039805,-110.95554298789641
237,238,2014-12-29,2014-12-30,LONG,1206.127840817415,1205.9433265215405,12535.63212759162,62678.1606379581,-47.942748212282034,-0.3824517800483104,12.53563212759162,-60.47838033987365
240,241,2015-01-02,2015-01-05,LONG,1204.8325406262295,1204.8050700231474,12526.56037054064,62632.801852703196,-7.140248879395993,-0.05700087388863814,12.52656037054064,-19.666809249936634
242,244,2015-01-06,2015-01-08,LONG,1205.2064470166124,1205.464083078284,12523.610349153147,62618.05174576573,66.92906547777581,0.5344230905611144,12.523610349153147,54.40545512862266
245,246,2015-01-09,2015-01-12,LONG,1205.9258766467656,1206.7654928798358,12531.771167422441,62658.855837112205,218.12863263510343,1.7406049769098086,12.531771167422441,205.59686146768098
248,250,2015-01-14,2015-01-16,LONG,1208.1409698045404,1211.8632715317467,12562.610696642592,62813.05348321296,967.6401318858153,7.702540142746134,12.562610696642594,955.0775211891728
1,3,2015-01-21,2015-01-23,LONG,1218.781489537623,1223.6109411009315,12705.87232482097,63529.36162410485,1258.6832727822512,9.906311354344467,12.705872324820971,1245.9774004574301
4,5,2015-01-26,2015-01-27,LONG,1225.3972747964253,1227.4719561243949,12892.768934889584,64463.844674447915,545.7084719623826,4.232670846102123,12.892768934889583,532.8157030274931
9,10,2015-02-02,2015-02-03,LONG,1233.089709585686,1233.9273389081525,12972.691290343706,64863.45645171853,220.30648969871223,1.698232731882694,12.972691290343706,207.33379840836852
12,13,2015-02-05,2015-02-06,LONG,1235.9291910909383,1235.917388112535,13003.791360104964,65018.95680052482,-3.10461694913249,-0.02387470594658503,13.003791360104964,-16.108408309237454
24,25,2015-02-23,2015-02-24,LONG,1230.3600761962236,1229.4057283071593,13001.375098858576,65006.87549429288,-252.11795962385463,-1.9391638015734867,13.001375098858576,-265.11933472271323
26,28,2015-02-25,2015-02-27,LONG,1228.6351634559505,1227.4954950734134,12961.607198650168,64808.03599325084,-300.5760853697269,-2.318972337018739,12.961607198650169,-313.53769256837705
29,32,2015-03-02,2015-03-05,LONG,1226.8419739838068,1224.4347364695548,12914.576544764912,64572.88272382456,-633.5056551392568,-4.905353674922128,12.914576544764913,-646.4202316840217
33,35,2015-03-06,2015-03-09,LONG,1222.6034035598113,1219.2745700154123,12817.613510012308,64088.06755006154,-872.4763420222121,-6.8068548122526,12.81761351001231,-885.2939555322243
40,41,2015-03-15,2015-03-16,LONG,1210.148604241409,1208.419557879652,12684.819416682474,63424.09708341237,-453.0980902900509,-3.5719711523378703,12.684819416682474,-465.7829097067334
54,55,2015-04-01,2015-04-02,LONG,1201.0316840632202,1201.0711625899266,12614.951980226464,63074.75990113232,10.366498345980181,0.0821762806725649,12.614951980226465,-2.2484536342462835
56,57,2015-04-06,2015-04-07,LONG,1201.4829330296438,1201.710689391781,12614.614712181328,63073.07356090664,59.78151411113747,0.4739067777742694,12.614614712181329,47.16689939895614
63,64,2015-04-14,2015-04-15,LONG,1201.484873662136,1201.5009078601593,12621.689747091174,63108.448735455866,4.211011666286149,0.03336329564951182,12.621689747091175,-8.410678080805026
66,67,2015-04-17,2015-04-20,LONG,1201.4870266903856,1201.2991137954102,12620.428145379052,63102.14072689526,-49.34595913115704,-0.3910006741667078,12.620428145379053,-61.96638727653609
72,74,2015-04-27,2015-04-29,LONG,1199.975801211765,1200.4518160447226,12611.13318728757,63055.66593643786,125.06682325366243,0.9917175672978683,12.611133187287573,112.45569006637486
75,76,2015-04-30,2015-05-01,LONG,1199.942837494742,1199.2582723976655,12628.001540797528,63140.00770398764,-180.1062690350135,-1.426245225367931,12.628001540797529,-192.73427057581102
77,78,2015-05-04,2015-05-05,LONG,1198.9047265285437,1198.7193753684194,12599.091400211157,62995.45700105578,-48.69561683820605,-0.38650102052113,12.599091400211156,-61.29470823841721
86,88,2015-05-15,2015-05-19,LONG,1199.3071226883847,1200.3213220023335,12589.897193975394,62949.48596987697,266.1675407254005,2.114135934745908,12.589897193975395,253.5776435314251
95,96,2015-05-28,2015-05-29,LONG,1199.8566959394107,1199.5389948788602,12627.933840505106,63139.66920252553,-83.59139860757445,-0.6619562603301609,12.627933840505108,-96.21933244807956
100,103,2015-06-04,2015-06-09,LONG,1197.873523163174,1195.6882424606601,12613.500940637894,63067.50470318947,-575.2702531551344,-4.56075007139169,12.613500940637895,-587.8837540957722
105,106,2015-06-11,2015-06-12,LONG,1194.9409096678808,1194.5023057384426,12525.318377523528,62626.591887617644,-114.93568036290387,-0.9176268171286887,12.52531837752353,-127.4609987404274
107,109,2015-06-15,2015-06-17,LONG,1194.2158680596906,1193.5412434531847,12506.199227712465,62530.996138562325,-176.6219566858428,-1.4122752522162492,12.506199227712466,-189.12815591355528
113,115,2015-06-23,2015-06-25,LONG,1193.2585302742152,1192.0741492462405,12477.830004325431,62389.15002162715,-309.6249629160548,-2.4814007147775174,12.477830004325432,-322.10279292038024
117,119,2015-06-29,2015-07-01,LONG,1191.136123182208,1189.852922366936,12429.514585387376,62147.57292693688,-334.75525884468914,-2.6932287382987625,12.429514585387377,-347.1847734300765
121,124,2015-07-03,2015-07-08,LONG,1188.4598269380378,1185.9479310738607,12377.436869372863,61887.18434686431,-654.0152173547715,-5.283930948362082,12.377436869372863,-666.3926542241444
126,127,2015-07-10,2015-07-12,LONG,1184.407180404799,1183.7517392525867,12277.477971239243,61387.38985619621,-169.85637289405528,-1.3834793537561576,12.277477971239243,-182.13385086529453
129,130,2015-07-14,2015-07-15,LONG,1182.082263625201,1181.055633636879,12250.15789360945,61250.78946804725,-265.97936205998286,-2.171232112842697,12.250157893609451,-278.22951995359233
137,140,2015-07-24,2015-07-29,LONG,1166.447649828766,1159.9840434624687,12208.423465616412,61042.11732808206,-1691.2555751301213,-13.853185711433943,12.208423465616413,-1703.4639985957376
141,143,2015-07-30,2015-08-03,LONG,1157.7480846441465,1153.634904437725,11952.903865827053,59764.51932913526,-1061.639579505115,-8.881854915108175,11.952903865827054,-1073.592483370942
144,145,2015-08-04,2015-08-05,LONG,1151.573228503589,1149.491683629112,11791.864993321411,58959.324966607055,-532.8644225532308,-4.51891556471373,11.791864993321411,-544.6562875465522
146,148,2015-08-06,2015-08-09,LONG,1147.616557056132,1144.2656554357989,11710.166550189426,58550.83275094713,-854.8067694330426,-7.29969779481245,11.710166550189426,-866.5169359832321
150,152,2015-08-11,2015-08-13,LONG,1141.9411259579852,1140.5402635475425,11580.18900979194,57900.9450489597,-355.14640643206377,-3.066844644174289,11.58018900979194,-366.7265954418557
153,154,2015-08-14,2015-08-16,LONG,1139.7468350168172,1138.9687653023482,11525.18002047566,57625.9001023783,-196.69704824411332,-1.7066722419490274,11.525180020475661,-208.22222826458898
155,156,2015-08-17,2015-08-18,LONG,1138.292731176186,1137.64085245412,11493.946686235971,57469.733431179855,-164.55914792619637,-1.4317027250809884,11.493946686235972,-176.05309461243235
161,162,2015-08-25,2015-08-26,LONG,1139.1620801264833,1138.702584855932,11467.538722044106,57337.69361022053,-115.63937870584405,-1.0084062631813913,11.467538722044106,-127.10691742788816
168,169,2015-09-03,2015-09-04,LONG,1137.5064533297098,1137.0222318195765,11448.472684429922,57242.36342214961,-121.83659960228286,-1.064217061617156,11.448472684429923,-133.2850722867128
172,173,2015-09-09,2015-09-10,LONG,1135.0918093539906,1134.323234090728,11428.479923586914,57142.39961793457,-193.4567515503738,-1.6927601294648462,11.428479923586915,-204.88523147396072
175,177,2015-09-14,2015-09-16,LONG,1132.7272421985156,1131.456224408348,11397.74713886582,56988.735694329094,-319.73141550859236,-2.805215904626645,11.39774713886582,-331.1291626474582
178,179,2015-09-17,2015-09-18,LONG,1131.4373546253537,1131.6883184045798,11348.077764468702,56740.38882234351,62.92784286908709,0.5545242478520613,11.348077764468703,51.57976510461838
180,183,2015-09-21,2015-09-24,LONG,1131.7291467623993,1132.1376300171714,11355.814729234395,56779.07364617197,102.46842573722483,0.9023432327883111,11.355814729234394,91.11261100799044
186,189,2015-09-29,2015-10-02,LONG,1132.3813939394902,1131.434814071527,11369.481620885594,56847.40810442797,-237.5993298085623,-2.0897991459179224,11.369481620885594,-248.9688114294479
194,195,2015-10-09,2015-10-12,LONG,1133.3763243120154,1134.3108631347961,11332.136299171178,56660.68149585589,233.60116779937806,2.0614045016071985,11.332136299171179,222.2690315002069
196,198,2015-10-13,2015-10-15,LONG,1135.36727745734,1138.2982015774978,11365.476653896209,56827.38326948104,733.4928160118543,6.453691634309108,11.36547665389621,722.1273393579581
200,201,2015-10-19,2015-10-20,LONG,1140.4120063517528,1141.5104061741145,11473.795754799903,57368.978773999515,276.2776774685904,2.4079013028710525,11.473795754799903,264.80388171379053
203,205,2015-10-22,2015-10-25,LONG,1143.0260774814494,1144.3250751004362,11513.516337056973,57567.581685284866,327.11480959725907,2.8411373208758093,11.513516337056974,315.6012932602021
208,210,2015-10-28,2015-10-30,LONG,1145.9728517508279,1145.8418393716,11560.856531046004,57804.28265523002,-33.04212917722025,-0.28581039033299604,11.560856531046005,-44.60298570826625
211,213,2015-11-02,2015-11-04,LONG,1145.4530092702485,1143.4209686069207,11554.166083189764,57770.83041594882,-512.429037286339,-4.435015332104976,11.554166083189765,-523.9832033695288
214,215,2015-11-05,2015-11-06,LONG,1142.1830284370023,1140.4918189741336,11475.568602684334,57377.84301342167,-424.7915992767214,-3.7017041506540713,11.475568602684334,-436.26716787940575
216,217,2015-11-09,2015-11-10,LONG,1138.9870962658063,1137.4404994755198,11410.128527502422,57050.64263751211,-387.3368762307938,-3.3946758382009086,11.410128527502422,-398.7470047582962
219,220,2015-11-12,2015-11-13,LONG,1134.253653516696,1132.62094284804,11350.316476788677,56751.58238394339,-408.4576396738622,-3.598645381467164,11.350316476788677,-419.8079561506509
224,226,2015-11-19,2015-11-23,LONG,1125.9037444331466,1122.6530643447961,11287.34528336608,56436.726416830395,-814.7132635536166,-7.21793515747447,11.28734528336608,-826.0006088369827
227,228,2015-11-24,2015-11-25,LONG,1121.155773287162,1119.5899191047686,11163.445192040532,55817.22596020266,-389.78364470766485,-3.4916070980092972,11.163445192040532,-400.94708989970536
230,231,2015-11-27,2015-11-30,LONG,1116.18061332205,1114.5704085297348,11103.303128555575,55516.51564277788,-400.4412837568821,-3.6065059119841876,11.103303128555575,-411.5445868854377
232,234,2015-12-01,2015-12-03,LONG,1113.150394427357,1109.7298000010128,11041.57144052276,55207.857202613806,-848.239777765233,-7.6822378257878965,11.041571440522763,-859.2813492057558
235,236,2015-12-04,2015-12-07,LONG,1108.9864999329895,1107.8087734456337,10912.679238141898,54563.39619070949,-289.7274084841013,-2.654961280924016,10.9126792381419,-300.6400877222432
237,238,2015-12-08,2015-12-09,LONG,1106.7750929474696,1105.7097777473894,10867.58322498356,54337.9161249178,-261.5120649056207,-2.406349778894988,10.86758322498356,-272.37964813060427
240,241,2015-12-11,2015-12-14,LONG,1103.6648470321602,1102.288583461894,10826.72627776397,54133.63138881985,-337.5215990932218,-3.117485289957194,10.82672627776397,-348.3483253709858
242,244,2015-12-15,2015-12-17,LONG,1100.9940668865918,1098.5573877543882,10774.474028958322,53872.37014479161,-596.1416327399875,-5.532907046207085,10.774474028958323,-606.9161067689458
245,246,2015-12-18,2015-12-21,LONG,1097.4879546496782,1096.8798020261418,10683.43661294298,53417.1830647149,-148.0007132884661,-1.38532869759496,10.683436612942982,-158.68414990140909
248,250,2015-12-23,2015-12-28,LONG,1095.274221072189,1093.8885470297907,10659.633990457769,53298.169952288845,-337.14794518727814,-3.1628472937165037,10.659633990457769,-347.80757917773593
1,3,2015-12-31,2016-01-05,LONG,1091.0917192860613,1090.1574369290254,10607.462853581108,53037.31426790554,-227.07452595048053,-2.1407053607905833,10.607462853581108,-237.68198880406163
4,5,2016-01-06,2016-01-07,LONG,1090.2536983022749,1090.8403220316743,10571.8105552605,52859.052776302495,142.20715197041676,1.3451541836384397,10.5718105552605,131.63534141515626
9,10,2016-01-13,2016-01-14,LONG,1091.2642321230187,1090.8295712512154,10591.55585647277,52957.77928236385,-105.46792350583058,-0.995773660971409,10.591555856472771,-116.05947936230335
12,13,2016-01-18,2016-01-19,LONG,1090.7100041594583,1090.60074921049,10574.146934568425,52870.734672842125,-26.479950658611912,-0.2504216257109602,10.574146934568425,-37.05409759318034
24,25,2016-02-03,2016-02-04,LONG,1098.626881668727,1100.3940431489627,10568.58881992945,52842.94409964725,424.99422175663994,4.021295832374686,10.56858881992945,414.4256329367105
26,28,2016-02-05,2016-02-09,LONG,1102.6586981156781,1107.9633693546616,10630.752664869957,53153.763324349784,1278.5608095789607,12.027001755050248,10.630752664869958,1267.9300569140908
29,32,2016-02-10,2016-02-15,LONG,1110.748795473935,1121.6923522241423,10820.942173407071,54104.710867035355,2665.309997362294,24.63103447602194,10.820942173407072,2654.4890551888866
33,35,2016-02-16,2016-02-18,LONG,1124.1158061427457,1129.970681935675,11219.115531685404,56095.57765842702,1460.8487752239844,13.021069005824979,11.219115531685405,1449.629659692299
40,41,2016-02-25,2016-02-26,LONG,1143.8839870314143,1146.3590604342894,11436.559980639247,57182.79990319624,618.6450232144092,5.409362817680339,11.436559980639249,607.20846323377
54,55,2016-03-15,2016-03-16,LONG,1181.4206416747643,1183.8603347363598,11527.641250124312,57638.20625062156,595.1289782490817,5.162625773444016,11.527641250124312,583.6013369989573
56,57,2016-03-17,2016-03-18,LONG,1186.1960740764102,1188.3439405924905,11615.181450674154,58075.907253370766,525.7954368025669,4.52679485925766,11.615181450674154,514.1802553518927
63,64,2016-03-28,2016-03-29,LONG,1196.2107351711697,1197.5784207688203,11692.308488976938,58461.54244488469,334.2095471449739,2.858370932139311,11.692308488976938,322.51723865599695
66,67,2016-03-31,2016-04-01,LONG,1199.4757076366097,1200.1861532042262,11740.686074775338,58703.43037387669,173.84925616867466,1.480741883919261,11.740686074775338,162.10857009389932
72,74,2016-04-08,2016-04-12,LONG,1204.5798074434654,1207.7606975873668,11765.002360289423,58825.011801447115,776.6853598983862,6.60165919320121,11.765002360289424,764.9203575380968
75,76,2016-04-13,2016-04-14,LONG,1208.8638071566634,1209.4096514825274,11879.740413920135,59398.70206960068,134.1029663409175,1.1288375138549476,11.879740413920137,122.22322592699737
77,78,2016-04-15,2016-04-18,LONG,1210.1703995924267,1210.8701160268765,11898.073897809185,59490.36948904592,171.98565275185518,1.4454915495483955,11.898073897809185,160.087578854046
86,88,2016-04-28,2016-05-02,LONG,1218.7801030052572,1223.2921646512984,11922.087034637292,59610.43517318646,1103.4228306876298,9.255282464235085,11.922087034637292,1091.5007436529925
95,96,2016-05-11,2016-05-12,LONG,1233.9048975613734,1234.824539964218,12085.81214618524,60429.060730926205,225.19209836213162,1.863276506686488,12.085812146185242,213.10628621594637
100,103,2016-05-18,2016-05-23,LONG,1239.1049801744114,1240.236849417622,12117.778089117633,60588.89044558817,276.7267611415814,2.2836427528747683,12.117778089117635,264.60898305246377
105,106,2016-05-25,2016-05-26,LONG,1239.3371171890283,1238.7212089506024,12157.469436575504,60787.34718287752,-151.04618187706538,-1.24241465434119,12.157469436575505,-163.20365131364088
107,109,2016-05-27,2016-05-31,LONG,1237.8754580875132,1236.1704102331305,12132.988888878457,60664.944444392284,-417.79903093385946,-3.4434963615340437,12.132988888878458,-429.9320198227379
113,115,2016-06-06,2016-06-08,LONG,1235.2847164713878,1236.3803273631988,12068.499085905047,60342.49542952523,267.5978029603342,2.2173246321314726,12.068499085905048,255.52930387442916
117,119,2016-06-10,2016-06-14,LONG,1238.5440430270332,1241.3843127116968,12106.82848148621,60534.142407431056,694.0943704622869,5.733081719326391,12.106828481486211,681.9875419808006
121,124,2016-06-16,2016-06-21,LONG,1244.057209682017,1247.752323320406,12209.126612783331,61045.633063916655,906.5923558138912,7.4255299708716365,12.209126612783331,894.383229201108
126,127,2016-06-23,2016-06-24,LONG,1248.5685015674392,1250.5398039690897,12343.284097163496,61716.42048581748,487.20485809241734,3.947125045954161,12.343284097163496,474.8615739952538
129,130,2016-11-07,2016-11-08,LONG,1253.1413120863708,1253.865590233938,12414.513333262785,62072.56666631393,179.3804224879136,1.4449251265234155,12.414513333262786,166.9659091546508
137,140,2016-11-17,2016-11-22,LONG,1249.8900610883088,1246.3618004649952,12439.558219635981,62197.79109817991,-877.8772790532992,-7.0571419302299665,12.439558219635982,-890.3168372729351
141,143,2016-11-23,2016-11-25,LONG,1244.5875208579098,1240.8669209192435,12306.01069404504,61530.053470225204,-919.697125878498,-7.47356026858928,12.30601069404504,-932.0031365725431
144,145,2016-11-28,2016-11-29,LONG,1239.3863182528298,1237.8135992270131,12166.21022355916,60831.051117795796,-385.957752011706,-3.1723745103822165,12.16621022355916,-398.1239622352652
146,148,2016-11-30,2016-12-02,LONG,1235.7790441742231,1231.9610548141934,12106.491629223869,60532.458146119345,-935.087393769345,-7.723851156945724,12.10649162922387,-947.1938853985689
150,152,2016-12-06,2016-12-08,LONG,1228.0822803164087,1224.6393143568948,11964.412546414082,59822.06273207041,-838.5648458398018,-7.008825904211507,11.964412546414081,-850.5292583862159
153,154,2016-12-09,2016-12-12,LONG,1222.5887067789117,1220.6921954223926,11836.833157656149,59184.16578828074,-459.040075870266,-3.878064933046349,11.836833157656148,-470.8769090279221
155,156,2016-12-13,2016-12-14,LONG,1218.7635149447347,1216.311864344073,11766.20162130196,58831.0081065098,-591.7188798041575,-5.028971105959021,11.76620162130196,-603.4850814254595
161,162,2016-12-21,2016-12-22,LONG,1204.0608600689911,1201.7160567870897,11675.67885908814,58378.3942954407,-568.4341011144754,-4.868531483049625,11.67567885908814,-580.1097799735636
168,169,2017-01-03,2017-01-04,LONG,1192.240737353018,1191.3508012137527,11588.662392092107,57943.31196046053,-216.25601997471065,-1.8660999229926645,11.588662392092107,-227.84468236680277
172,173,2017-01-09,2017-01-10,LONG,1190.2089795008862,1190.1118958705763,11554.485689737086,57772.42844868543,-23.562068435966715,-0.20392139528023295,11.554485689737087,-35.1165541257038
175,177,2017-01-12,2017-01-16,LONG,1190.3407223015174,1190.9577277030755,11549.21820661823,57746.09103309115,149.66156084030405,1.2958588032784861,11.54921820661823,138.1123426336858
178,179,2017-01-17,2017-01-18,LONG,1191.7235159706092,1192.149220185424,11569.935058013283,57849.675290066414,103.32451389358025,0.8930431620877437,11.569935058013284,91.75457883556696
180,183,2017-01-19,2017-01-24,LONG,1192.5476665922833,1194.2137285376511,11583.698244838617,57918.49122419309,404.5783529872844,3.492652730034241,11.583698244838619,392.9946547424458
186,189,2017-01-27,2017-02-01,LONG,1194.1120299428912,1195.1486905792465,11642.647443049986,58213.23721524993,252.68722708850632,2.170358832254657,11.642647443049986,241.04457964545634
194,195,2017-02-08,2017-02-09,LONG,1200.1233712274607,1201.0813470170058,11678.804129996804,58394.02064998402,233.05961444475489,1.995577730823872,11.678804129996804,221.3808103147581
196,198,2017-02-10,2017-02-14,LONG,1202.0702012755114,1203.5957729608065,11712.011251544018,58560.05625772009,371.59877859574266,3.1728007309312827,11.712011251544018,359.88676734419863
200,201,2017-02-16,2017-02-17,LONG,1205.5833419604455,1206.5254440290844,11765.994266645646,58829.97133322823,229.86315322204237,1.9536228559422355,11.765994266645647,218.09715895539674
203,205,2017-02-21,2017-02-23,LONG,1208.3784277530976,1210.5313532000748,11798.708840488955,58993.54420244477,525.5336391472202,4.454162283789702,11.798708840488954,513.7349303067313
208,210,2017-02-28,2017-03-02,LONG,1214.3945884371228,1216.0930182234533,11875.769080034965,59378.845400174825,415.2307687543391,3.496453711384531,11.875769080034965,403.35499967430417
211,213,2017-03-03,2017-03-07,LONG,1216.6753053793936,1216.9522787241053,11936.272329986108,59681.36164993054,67.93162596480066,0.5691192701271061,11.936272329986108,55.99535363481455
214,215,2017-03-08,2017-03-09,LONG,1216.6922996060428,1216.2271946925543,11944.671633031332,59723.358165156664,-114.15222789540272,-0.9556748933953996,11.944671633031334,-126.09689952843405
216,217,2017-03-10,2017-03-13,LONG,1215.8497147873825,1215.4746465782375,11925.757098102067,59628.78549051034,-91.97214719635576,-0.7712059405519229,11.925757098102068,-103.89790429445783
219,220,2017-03-15,2017-03-16,LONG,1215.0662350077116,1215.406567349782,11910.172412457898,59550.86206228949,83.39909288092196,0.7002341359365,11.910172412457898,71.48892046846406
224,226,2017-03-22,2017-03-24,LONG,1218.2689455165914,1219.9178476813324,11920.895750528169,59604.47875264085,403.3672302211289,3.38369899932442,11.92089575052817,391.44633447060073
227,228,2017-03-27,2017-03-28,LONG,1220.9849389530084,1221.9316603218724,11979.612700698759,59898.063503493795,232.2173470909374,1.9384378518129588,11.979612700698759,220.23773439023864
230,231,2017-03-30,2017-03-31,LONG,1223.5412808205333,1224.3321711417955,12012.648360857294,60063.241804286474,194.1227376275469,1.615986182198487,12.012648360857295,182.1100892666896
232,234,2017-04-03,2017-04-05,LONG,1225.2276195603868,1227.088493858485,12039.964874247298,60199.82437123649,457.15711976300184,3.7969971219835634,12.0399648742473,445.11715488875456
235,236,2017-04-06,2017-04-07,LONG,1227.8545695453988,1228.6715039519422,12106.732447480612,60533.662237403056,201.37576819916217,1.6633370653290358,12.106732447480612,189.26903575168154
237,238,2017-04-10,2017-04-11,LONG,1229.489467582259,1230.8764912079114,12135.122802843365,60675.61401421683,342.2498214001538,2.8203243342536397,12.135122802843366,330.11469859731045
240,241,2017-04-13,2017-04-17,LONG,1234.2869596479818,1235.797011917772,12184.640007632961,60923.2000381648,372.67353341699527,3.0585518585985074,12.18464000763296,360.48889340936233
242,244,2017-04-18,2017-04-20,LONG,1237.4841736497324,1240.1164383673206,12238.713341644365,61193.56670822183,650.8271783160025,5.317774509036412,12.238713341644367,638.5884649743581
245,246,2017-04-21,2017-04-24,LONG,1241.4963971348095,1242.579719456439,12334.501611390517,61672.50805695258,269.0753060708288,2.181485029134427,12.334501611390516,256.74080445943827
248,250,2017-04-26,2017-04-28,LONG,1244.073375041655,1245.4192222331192,12373.012732059433,61865.063660297164,334.63027120154254,2.7045173107636886,12.373012732059433,322.25725846948313
1,3,2017-05-03,2017-05-05,LONG,1245.9114078021164,1244.8665331581374,12421.351320829854,62106.75660414927,-260.42692437470436,-2.096607024857144,12.421351320829855,-272.8482756955342
4,5,2017-05-08,2017-05-09,LONG,1244.3010683999896,1243.53843027875,12380.424079475522,61902.120397377614,-189.7005395218053,-1.5322620477621123,12.380424079475523,-202.0809636012808
9,10,2017-05-15,2017-05-16,LONG,1241.441309321828,1241.2937278705058,12350.11193493533,61750.55967467665,-36.704261201528396,-0.29719780188956313,12.350111934935331,-49.054373136463724
12,13,2017-05-18,2017-05-19,LONG,1242.0910786373095,1242.4975601462327,12342.753778964861,61713.76889482431,100.9809438822611,0.8181394986130072,12.342753778964862,88.63819010329624
24,25,2017-06-05,2017-06-06,LONG,1249.3624872795258,1250.731674676234,12356.049507480355,61780.247537401774,338.52759769469907,2.739772105070916,12.356049507480355,326.1715481872187
26,28,2017-06-07,2017-06-09,LONG,1251.837243970286,1253.0677266366995,12404.975239708436,62024.87619854218,304.83409651040563,2.457353526467582,12.404975239708437,292.4291212706972
29,32,2017-06-12,2017-06-15,LONG,1253.4515899701207,1253.99789880854,12448.839607899039,62244.1980394952,135.64367304406267,1.0896089701243643,12.44883960789904,123.19483343616362
33,35,2017-06-16,2017-06-20,LONG,1253.9808445106967,1253.351616901552,12467.318832914463,62336.594164572314,-156.3975489741241,-1.2544601695853423,12.467318832914463,-168.86486780703856
40,41,2017-06-27,2017-06-28,LONG,1252.7093490624352,1252.6172342055554,12441.989102743408,62209.94551371704,-22.87226574857272,-0.18383126331085983,12.441989102743408,-35.31425485131613
54,55,2017-07-17,2017-07-18,LONG,1243.130939075444,1243.092623968179,12436.69196451571,62183.45982257855,-9.582924285478988,-0.07705364346741823,12.436691964515711,-22.019616249994698
56,57,2017-07-19,2017-07-20,LONG,1243.0430507932012,1243.0557177909602,12433.389022078209,62166.94511039104,3.1675031443715405,0.0254757824978125,12.433389022078208,-9.265885877706667
63,64,2017-07-28,2017-07-31,LONG,1245.767940558964,1246.5237616476456,12431.999139196554,62159.99569598277,188.56575968033758,1.5167774512291679,12.431999139196554,176.13376054114102
66,67,2017-08-02,2017-08-03,LONG,1247.8303499074286,1248.478397517935,12458.419203277725,62292.09601638862,161.7537351125145,1.2983487910726121,12.458419203277725,149.2953159092368
72,74,2017-08-10,2017-08-14,LONG,1251.281954341918,1253.3944295254153,12480.81350066411,62404.06750332055,526.7679418400351,4.220621851388176,12.48081350066411,514.287128339371
75,76,2017-08-15,2017-08-16,LONG,1253.9720037427614,1254.8537616110884,12557.956569915013,62789.782849575065,220.76005250876892,1.757929733868023,12.557956569915014,208.20209593885392
77,78,2017-08-17,2017-08-18,LONG,1255.8901646068566,1256.844505000509,12589.186884305842,62945.93442152921,239.1604358708281,1.8997290140237302,12.589186884305843,226.57124898652228
86,88,2017-08-30,2017-09-01,LONG,1265.8307587012007,1269.4015166226488,12623.172571653822,63115.86285826911,890.2116879409718,7.052202470399571,12.623172571653823,877.588515369318
95,96,2017-09-12,2017-09-13,LONG,1282.9077220698873,1284.1074171178361,12754.81084895922,63774.0542447961,298.1875303613327,2.337843609696999,12.75481084895922,285.43271951237347
100,103,2017-09-19,2017-09-22,LONG,1287.9698409893244,1288.7136500028314,12797.625756886076,63988.12878443038,184.76731920502348,1.4437624815337713,12.797625756886077,171.9696934481374
105,106,2017-09-26,2017-09-27,LONG,1289.5954875211062,1289.4010859223038,12823.421210903298,64117.10605451649,-48.32704537273745,-0.37686546030045937,12.823421210903298,-61.15046658364075
107,109,2017-09-28,2017-10-02,LONG,1289.307671933489,1288.4861036264576,12814.248640915752,64071.24320457876,-204.1363126694298,-1.5930416085233812,12.814248640915752,-216.95056131034556
113,115,2017-10-06,2017-10-10,LONG,1286.5844161168627,1286.5459660420843,12781.706056719202,63908.53028359601,-9.549656196679665,-0.0747134705985475,12.781706056719203,-22.33136225339887
117,119,2017-10-12,2017-10-16,LONG,1286.9010763921017,1287.6382908635721,12778.356352381192,63891.78176190596,183.00531014769942,1.43215062329669,12.778356352381191,170.22695379531822
121,124,2017-10-18,2017-10-23,LONG,1287.350395718281,1287.0235772849423,12803.89039545049,64019.45197725245,-81.26279009972882,-0.634672647062047,12.803890395450491,-94.06668049517931
126,127,2017-10-25,2017-10-26,LONG,1286.4051019367446,1285.7979719107072,12789.780393376213,63948.901966881065,-150.9061898843467,-1.1798966459385067,12.789780393376214,-163.69597027772292
129,130,2017-10-30,2017-10-31,LONG,1285.1268300802344,1284.6808827200077,12765.225997834556,63826.129989172776,-110.74040910179916,-0.8675162439003018,12.765225997834555,-123.50563509963371
137,140,2017-11-09,2017-11-14,LONG,1283.3052026387525,1282.8236071683905,12746.70015256961,63733.50076284805,-119.58871987188424,-0.938193559434881,12.74670015256961,-132.33542002445384
141,143,2017-11-15,2017-11-17,LONG,1282.684358409505,1282.9059108082329,12726.84983956594,63634.249197829704,54.956312745990765,0.4318139479821591,12.726849839565942,42.22946290642482
144,145,2017-11-20,2017-11-21,LONG,1282.7096284301347,1282.6361809149732,12733.184259001904,63665.921295009524,-18.2274445281305,-0.143149146021698,12.733184259001906,-30.960628787132407
146,148,2017-11-22,2017-11-24,LONG,1282.926089639467,1283.3415227268463,12728.540164683833,63642.70082341916,103.04289508861983,0.8095421293835336,12.728540164683833,90.314354923936
150,152,2017-11-28,2017-11-30,LONG,1283.99603720282,1283.6826751948802,12742.087317922425,63710.43658961213,-77.7433487253277,-0.6101304031716808,12.742087317922426,-90.48543604325013
153,154,2017-12-01,2017-12-04,LONG,1283.566489224891,1283.3294128273199,12728.514502515938,63642.57251257969,-58.77432898920499,-0.4617532468347942,12.728514502515939,-71.50284349172092
155,156,2017-12-05,2017-12-06,LONG,1282.779110531798,1282.1665641873437,12717.78907599218,63588.9453799609,-151.82339547162968,-1.193787651017362,12.71778907599218,-164.54118454762187
161,162,2017-12-13,2017-12-14,LONG,1277.0586864719278,1276.2926985521055,12693.107898310036,63465.53949155018,-190.33517053876278,-1.499515895268676,12.693107898310037,-203.02827843707283
168,169,2017-12-22,2017-12-25,LONG,1274.2785989093475,1274.2854904011413,12662.653656544475,63313.268282722376,1.7120387534646755,0.013520378902409903,12.662653656544476,-10.950614903079801
172,173,2017-12-28,2017-12-29,LONG,1275.5651316167227,1276.4050823074335,12661.011064309014,63305.05532154507,208.42967412970188,1.6462324617759674,12.661011064309015,195.76866306539287
175,177,2018-01-03,2018-01-05,LONG,1278.7878269116115,1281.3902550433827,12690.376363768823,63451.881818844115,645.6464426079954,5.087685535090383,12.690376363768824,632.9560662442266
178,179,2018-01-08,2018-01-09,LONG,1282.602944474416,1283.5366546986104,12785.319773705458,63926.59886852729,232.68665965043763,1.8199518179356424,12.785319773705458,219.90133987673218
180,183,2018-01-10,2018-01-15,LONG,1284.5658084943102,1289.0096947101965,12818.304974686967,64091.524873434835,1108.605888685593,8.648615326869036,12.818304974686967,1095.7875837109061
186,189,2018-01-18,2018-01-23,LONG,1292.7736145026847,1296.655726712644,12982.673112243601,64913.36556121801,974.6523529245362,7.507331845283607,12.982673112243603,961.6696798122927
194,195,2018-01-30,2018-01-31,LONG,1303.9794475287677,1305.2562831572454,13126.923564215447,65634.61782107723,321.3417920592857,2.4479596493978004,13.126923564215447,308.2148684950702
196,198,2018-02-01,2018-02-05,LONG,1306.5992059481662,1308.4105409291649,13173.155794489703,65865.77897244852,456.5477652228808,3.4657433066559005,13.173155794489704,443.37460942839107
200,201,2018-02-07,2018-02-08,LONG,1309.202083139483,1309.4883842068205,13239.661985903967,66198.30992951983,72.3824344340746,0.5467090814791109,13.239661985903968,59.14277244817063
203,205,2018-02-12,2018-02-14,LONG,1310.091665061165,1311.911897518978,13248.53340177119,66242.66700885595,460.18555722966414,3.4734830133586114,13.24853340177119,446.937023827893
208,210,2018-02-19,2018-02-21,LONG,1315.2653022836319,1315.9728919375534,13315.573955345371,66577.86977672686,179.08862855408069,1.3449561329813184,13.315573955345373,165.7730545987353
211,213,2018-02-22,2018-02-26,LONG,1316.4670943807198,1317.3520388676016,13340.439913535185,66702.19956767593,224.18997034661294,1.6805290665051473,13.340439913535185,210.84953043307775
214,215,2018-02-27,2018-02-28,LONG,1317.3815457970634,1317.403908926482,13372.067343100145,66860.33671550073,5.6749176717732155,0.04243859626313815,13.372067343100147,-7.697149671326931
216,217,2018-03-01,2018-03-02,LONG,1317.3960055720854,1317.5455382057298,13370.912770649447,66854.56385324724,37.94204233898283,0.28376553635343116,13.370912770649449,24.571129568333383
219,220,2018-03-06,2018-03-07,LONG,1318.1381037641709,1318.3641428417945,13374.598440084697,66872.99220042348,57.33810983747949,0.42870901952190793,13.374598440084696,43.9635113973948
224,226,2018-03-13,2018-03-15,LONG,1319.0036385710139,1319.082032061227,13381.192966794308,66905.96483397153,19.882401935950863,0.14858467391726157,13.381192966794307,6.501208969156556
227,228,2018-03-16,2018-03-19,LONG,1318.9238450254627,1318.8561803400287,13382.16814813968,66910.8407406984,-17.163617929574745,-0.1282573775757013,13.382168148139682,-30.545786077714425
230,231,2018-03-21,2018-03-22,LONG,1319.0313946859922,1319.33390308182,13377.586280228023,66887.93140114011,76.70083104130315,0.5733532898581745,13.377586280228023,63.323244761075124
232,234,2018-03-23,2018-03-27,LONG,1320.1981708615813,1321.9620801982567,13387.084766942184,66935.42383471092,447.16021299786576,3.3402359123180783,13.387084766942184,433.7731282309236
235,236,2018-03-28,2018-03-29,LONG,1322.0519716958818,1322.1468468475032,13452.150736176822,67260.75368088411,24.13435454983781,0.17940889173159036,13.452150736176822,10.682203813660987
237,238,2018-04-02,2018-04-03,LONG,1322.7367965132,1323.0422494407353,13453.753066748872,67268.76533374436,77.67018108606119,0.5773123729914745,13.453753066748874,64.21642801931232
240,241,2018-04-05,2018-04-06,LONG,1323.4561169966623,1323.7438488396797,13463.385530951771,67316.92765475885,73.17667511456496,0.5435235806501625,13.46338553095177,59.71328958361319
242,244,2018-04-09,2018-04-11,LONG,1324.1284554108227,1325.4848187478467,13472.34252438931,67361.71262194656,345.0079066959219,2.560860563568256,13.472342524389312,331.5355641715326
245,246,2018-04-12,2018-04-13,LONG,1325.7778825450678,1326.3808731991517,13522.07285901504,67610.3642950752,153.7528206115328,1.1370506742169135,13.52207285901504,140.23074775251774
248,250,2018-04-17,2018-04-19,LONG,1327.6100200712733,1328.8272737112788,13543.107471177917,67715.53735588958,310.43372332698436,2.2921897650715777,13.543107471177917,296.89061585580646
1,3,2018-04-24,2018-04-26,LONG,1328.9607346579076,1328.408721575765,13587.641063556288,67938.20531778144,-141.09814208453122,-1.0384300072731067,13.587641063556289,-154.6857831480875
4,5,2018-04-27,2018-04-30,LONG,1328.2388094274884,1327.8267285914856,13564.438196084075,67822.19098042038,-105.2078322075258,-0.775615109794214,13.564438196084076,-118.77227040360987
9,10,2018-05-04,2018-05-07,LONG,1325.5992827129317,1325.242903990372,13546.622355523534,67733.11177761767,-91.04802697574394,-0.6721086968119384,13.546622355523535,-104.59464933126748
12,13,2018-05-09,2018-05-10,LONG,1324.5191150012147,1324.4111327980022,13530.933158123842,67654.66579061921,-27.57793295292991,-0.2038139766906792,13.530933158123844,-41.10886611105376
24,25,2018-05-25,2018-05-28,LONG,1316.5308543430085,1315.9478241121565,13524.766828207186,67623.83414103593,-149.73724125145498,-1.1071336249521413,13.524766828207186,-163.26200807966217
26,28,2018-05-29,2018-05-31,LONG,1315.407843088778,1314.4542963814229,13500.277526995236,67501.38763497618,-244.6607197129609,-1.8122643717785496,13.500277526995237,-258.16099723995615
29,32,2018-06-01,2018-06-06,LONG,1313.794275990045,1312.070104732779,13461.553377409242,67307.76688704621,-441.66015630546315,-3.2809003829130408,13.461553377409242,-455.1217096828724
33,35,2018-06-07,2018-06-11,LONG,1311.5901273084994,1310.8469481852203,13393.285120956813,66966.42560478406,-189.7240930450863,-1.4165612941982413,13.393285120956813,-203.11737816604312
40,41,2018-06-18,2018-06-19,LONG,1307.9055986598257,1306.8626789635994,13362.817514231905,66814.08757115953,-266.3866871766442,-1.9934919180998494,13.362817514231907,-279.7495046908761
54,55,2018-07-06,2018-07-09,LONG,1289.8931116368935,1288.87859467713,13320.855088528275,66604.27544264137,-261.92545110801865,-1.966281063545125,13.320855088528276,-275.2463061965469
56,57,2018-07-10,2018-07-11,LONG,1287.8474098817808,1286.4203299697895,13279.568142598791,66397.84071299396,-367.8814118584546,-2.77028144219802,13.279568142598793,-381.1609800010534
63,64,2018-07-19,2018-07-20,LONG,1277.3205286848975,1275.8911728237222,13222.393995598633,66111.96997799317,-369.9053200028871,-2.797566916596331,13.222393995598635,-383.1277139984857
66,67,2018-07-24,2018-07-25,LONG,1272.7279213079155,1271.4446309658135,13164.92483849886,65824.6241924943,-331.85452713220775,-2.520747601701064,13.16492483849886,-345.0194519707066
72,74,2018-08-01,2018-08-03,LONG,1264.0893319741251,1260.7939831445617,13113.171920703255,65565.85960351628,-854.6167317397659,-6.5172388260271745,13.113171920703255,-867.7299036604692
75,76,2018-08-06,2018-08-07,LONG,1259.117996062078,1257.6015641914023,12983.012435154185,64915.06217577093,-390.9056556974895,-3.010901034331846,12.983012435154187,-403.8886681326437
77,78,2018-08-08,2018-08-09,LONG,1256.219488726683,1254.8415243391883,12922.42913493429,64612.14567467145,-354.3697440547092,-2.7422842900079187,12.92242913493429,-367.2921731896435
86,88,2018-08-21,2018-08-23,LONG,1240.2055250976848,1237.1375723205106,12867.335308955842,64336.67654477921,-795.7628049760924,-6.184363629835857,12.867335308955843,-808.6301402850482
95,96,2018-09-03,2018-09-04,LONG,1230.4459333178982,1229.2212231063224,12746.040787913087,63730.203939565436,-317.16562848122794,-2.488346254014754,12.746040787913088,-329.91166926914104
100,103,2018-09-10,2018-09-13,LONG,1225.3703326458085,1223.2383245058827,12696.554037522716,63482.770187613576,-552.2648099892942,-4.349722045502744,12.696554037522716,-564.9613640268169
105,106,2018-09-17,2018-09-18,LONG,1221.6415893000385,1220.9041476155373,12611.809832918692,63059.04916459346,-190.3273916272934,-1.5091203732751401,12.611809832918693,-202.93920146021208
107,109,2018-09-19,2018-09-21,LONG,1220.3639697621816,1219.2959990296304,12581.36895269966,62906.8447634983,-275.25668877970185,-2.1878119131117155,12.58136895269966,-287.8380577324015
113,115,2018-09-27,2018-10-01,LONG,1216.258242252171,1214.6430397811375,12538.193244039801,62690.96622019901,-416.2709860154127,-3.320023690122121,12.538193244039801,-428.8091792594525
118,119,2018-10-04,2018-10-05,LONG,1213.2878228621826,1212.9567022306553,12473.871867150883,62369.359335754416,-85.10668805068514,-0.6822796398511032,12.473871867150883,-97.58055991783601
121,124,2018-10-09,2018-10-12,LONG,1211.461674264946,1211.54195392512,12459.234783163209,62296.17391581604,20.64083321141094,0.16566694159503229,12.45923478316321,8.18159842824773
126,127,2018-10-16,2018-10-17,LONG,1212.3977122329534,1212.6997127169157,12460.462022927446,62302.31011463723,77.59552668544178,0.6227339447178186,12.460462022927446,65.13506466251434
129,130,2018-10-19,2018-10-22,LONG,1213.5135980743894,1213.7684139902644,12470.232282626825,62351.16141313412,65.46308309429597,0.5249548012469446,12.470232282626824,52.99285081166914
137,140,2018-10-31,2018-11-05,LONG,1216.4993643372654,1217.9060129836296,12478.181210248575,62390.90605124287,360.71569831943634,2.8907714372922673,12.478181210248575,348.23751710918776
141,143,2018-11-06,2018-11-08,LONG,1218.167290344411,1218.5358882486182,12530.416837814953,62652.08418907477,94.78758422326703,0.7564599442311613,12.530416837814954,82.25716738545208
144,145,2018-11-09,2018-11-12,LONG,1218.2375109009454,1217.690069211799,12542.75541292277,62713.77706461385,-140.90904171720084,-1.1234297176202814,12.542755412922771,-153.4517971301236
146,148,2018-11-13,2018-11-15,LONG,1217.1798999658456,1216.8648318241503,12519.737643353252,62598.688216766255,-81.01864140860752,-0.6471273098252218,12.51973764335325,-93.53837905196077
150,152,2018-11-19,2018-11-21,LONG,1217.220342329001,1217.5979820465786,12505.706886495458,62528.53443247729,96.99664581043945,0.7756190568898048,12.505706886495458,84.49093892394399
153,154,2018-11-22,2018-11-23,LONG,1217.8937487862847,1218.032457311069,12518.380527334051,62591.90263667026,35.64362854652835,0.2847303488554291,12.518380527334052,23.125248019194295
155,156,2018-11-26,2018-11-27,LONG,1218.163735620244,1218.031019476205,12521.84931453693,62609.24657268465,-34.105668816697865,-0.27236926399604355,12.521849314536931,-46.627518131234794
161,162,2018-12-04,2018-12-05,LONG,1219.3720189466874,1219.9269456851475,12514.855186817244,62574.27593408622,142.3853357140481,1.1377305896757985,12.514855186817243,129.87048052723085
168,169,2018-12-13,2018-12-14,LONG,1224.0122421685483,1224.4529268626716,12534.335758896328,62671.67879448164,112.8193356579925,0.900082284599072,12.534335758896328,100.28499989909616
172,173,2018-12-19,2018-12-20,LONG,1226.3649026168937,1227.437688370049,12549.378508881193,62746.892544405964,274.4451192005338,2.18692199782092,12.549378508881194,261.8957406916526
175,177,2018-12-24,2018-12-27,LONG,1229.5690858931484,1232.105479322649,12588.66286998494,62943.3143499247,649.2071522445972,5.157077911685897,12.58866286998494,636.6184893746123
178,179,2018-12-28,2018-12-31,LONG,1233.6081072551165,1235.116878734482,12684.155643391132,63420.77821695566,387.83573490703293,3.0576393558297927,12.684155643391133,375.1515792636418
180,183,2019-01-02,2019-01-07,LONG,1236.5846011711305,1241.3070343096101,12740.428380280677,63702.14190140338,1216.3709042729856,9.547331282483835,12.740428380280678,1203.630475892705
186,189,2019-01-10,2019-01-15,LONG,1245.544562091366,1249.531840086121,12920.972951664582,64604.86475832291,1034.0760316614353,8.003081776656899,12.920972951664583,1021.1550587097707
194,195,2019-01-22,2019-01-23,LONG,1254.8067850366715,1255.6868377424976,13074.146210471046,65370.73105235523,229.23723967101634,1.7533629805013262,13.074146210471046,216.1630934605453
196,198,2019-01-24,2019-01-28,LONG,1256.4542100480533,1259.2039584020247,13106.570674490127,65532.853372450634,717.0928086788583,5.4712466478707995,13.106570674490127,703.9862380043681
200,201,2019-01-30,2019-01-31,LONG,1262.6022535083314,1264.382632274327,13212.168610190787,66060.84305095393,465.75761252162374,3.5252169894530136,13.212168610190787,452.5454439114329
203,205,2019-02-04,2019-02-06,LONG,1267.5229282179912,1270.167456169614,13280.050426777501,66400.25213388751,692.6790784358595,5.215937109991404,13.280050426777501,679.399028009082
208,210,2019-02-11,2019-02-13,LONG,1273.849779960695,1275.9788878883808,13381.960280978863,66909.80140489432,559.164003684298,4.178490982962298,13.381960280978864,545.7820434033191
211,213,2019-02-14,2019-02-18,LONG,1277.1147368533493,1279.9837325667424,13463.827587489362,67319.13793744681,756.1510042853492,5.616166720583733,13.463827587489362,742.6871766978599
214,215,2019-02-19,2019-02-20,LONG,1281.8577567493849,1283.659752927928,13575.23066399404,67876.1533199702,477.09103546307773,3.5144230493886153,13.57523066399404,463.5158047990837
216,217,2019-02-21,2019-02-22,LONG,1284.9026509154987,1286.2528459139412,13644.758034713905,68223.79017356952,358.4529154855033,2.6270375375917694,13.644758034713904,344.8081574507894
219,220,2019-02-26,2019-02-27,LONG,1288.8143259512103,1289.7925043973091,13696.479258331523,68482.39629165761,259.8822911913861,1.897438650398427,13.696479258331523,246.1858119330546
224,226,2019-03-05,2019-03-07,LONG,1290.338690580186,1290.0770602662576,13733.40713012148,68667.0356506074,-69.6149709566779,-0.506902404458624,13.733407130121481,-83.34837808679937
227,228,2019-03-08,2019-03-11,LONG,1290.3955782102876,1290.4850495589476,13720.90487340846,68604.52436704231,23.78394433051384,0.1733409315926959,13.720904873408463,10.063039457105377
230,231,2019-03-13,2019-03-14,LONG,1291.3873685659755,1291.533434833866,13722.414329327026,68612.07164663513,38.80287774841575,0.28277004918506,13.722414329327027,25.080463419088726
232,234,2019-03-15,2019-03-19,LONG,1291.8610923772167,1292.6643633158678,13726.176398839889,68630.88199419944,213.37121043908883,1.554483959984097,13.72617639883989,199.64503404024893
235,236,2019-03-20,2019-03-21,LONG,1293.2774240653905,1293.7745981111614,13756.12315394593,68780.61576972964,132.2065025512988,0.9610738510535616,13.75612315394593,118.45037939735286
237,238,2019-03-22,2019-03-25,LONG,1294.378002266222,1295.2405861153204,13773.890710855529,68869.45355427764,229.47577225565334,1.6660199871834185,13.773890710855529,215.7018815447978
240,241,2019-03-27,2019-03-28,LONG,1296.2895486523337,1296.0903516344192,13806.245993087248,69031.22996543624,-53.03913452969607,-0.3841676771241989,13.806245993087249,-66.84538052278332
242,244,2019-03-29,2019-04-02,LONG,1295.965833772383,1295.5885662307337,13796.219186008831,68981.09593004416,-100.40514882264034,-0.7277729316192967,13.796219186008832,-114.20136800864917
245,246,2019-04-03,2019-04-04,LONG,1295.401850484071,1295.304677489445,13779.088980807535,68895.44490403768,-25.840540118527024,-0.18753446003955346,13.779088980807536,-39.61962909933456
248,250,2019-04-08,2019-04-10,LONG,1295.257063468914,1295.914011816054,13773.146036442637,68865.73018221318,174.6418872892342,1.267988350861494,13.773146036442638,160.86874125279158
1,3,2019-04-15,2019-04-17,LONG,1295.3794496449414,1294.1382816610135,13797.276347630555,68986.38173815278,-330.4965520484803,-2.3953753169931784,13.797276347630556,-344.2938283961108
4,5,2019-04-18,2019-04-22,LONG,1293.5550202420452,1292.9662575291256,13745.632273371139,68728.1613668557,-156.40841752812233,-1.1378772137759432,13.74563227337114,-170.15404980149347
9,10,2019-04-26,2019-04-29,LONG,1291.16425122458,1290.8002474334955,13720.109165900916,68600.54582950458,-96.69900141955375,-0.7047976094817326,13.720109165900917,-110.41911058545467
12,13,2019-05-01,2019-05-02,LONG,1290.1237027110014,1289.5097683578606,13703.546299313099,68517.7314965655,-163.0285106638541,-1.1896811752445862,13.7035462993131,-176.7320569631672
24,25,2019-05-17,2019-05-20,LONG,1288.6519000766534,1288.3063342393427,13677.036490768625,68385.18245384312,-91.69110305467566,-0.6704018309563111,13.677036490768625,-105.3681395454443
26,28,2019-05-21,2019-05-23,LONG,1287.8800121524182,1287.3070196460767,13661.231269836808,68306.15634918404,-151.9509401332403,-1.112278513787692,13.661231269836808,-165.6121714030771
29,32,2019-05-24,2019-05-29,LONG,1287.2264941861138,1286.700125347635,13636.389444126344,68181.94722063172,-139.40379772259885,-1.022292581872871,13.636389444126344,-153.0401871667252
33,35,2019-05-30,2019-06-03,LONG,1286.7530368856162,1288.4846181966573,13613.433416051335,68067.16708025668,457.9893384085274,3.3642456271797014,13.613433416051336,444.375904992476
40,41,2019-06-10,2019-06-11,LONG,1294.8417635559736,1295.8315386508596,13680.089801800208,68400.44900900104,261.4260012829837,1.9109962366517637,13.680089801800207,247.7459114811835
54,55,2019-06-28,2019-07-01,LONG,1324.8641628626508,1326.6952187652905,13717.251688522385,68586.25844261193,473.9552811586514,3.455176677666586,13.717251688522387,460.23802947012905
56,57,2019-07-02,2019-07-03,LONG,1329.534747827271,1332.2998986652196,13786.287392942904,68931.43696471452,716.8139869810387,5.199470796959959,13.786287392942905,703.0276995880959
63,64,2019-07-11,2019-07-12,LONG,1344.7968708359092,1346.9780181517183,13891.74154788112,69458.7077394056,563.2808836445384,4.054789543147343,13.89174154788112,549.3891420966573
66,67,2019-07-16,2019-07-17,LONG,1350.8199105873912,1353.16468988128,13974.149919195615,69870.74959597808,606.4149840296085,4.339548291210226,13.974149919195616,592.4408341104129
71,74,2019-07-23,2019-07-26,LONG,1362.0388422821698,1367.2092976760262,14063.016044312177,70315.08022156089,1334.6204767253514,9.490286241016856,14.063016044312178,1320.5574606810392
75,76,2019-07-29,2019-07-30,LONG,1369.0585585189494,1370.9735197680307,14261.099663414334,71305.49831707167,498.6903784135254,3.496857817303347,14.261099663414335,484.4292787501111
77,78,2019-07-31,2019-08-01,LONG,1372.2539638485237,1374.51052833401,14333.764055226848,71668.82027613424,589.2688919558972,4.111054777276165,14.33376405522685,574.9351279006703
86,88,2019-08-13,2019-08-15,LONG,1399.8186232941023,1407.1776490262123,14420.00432441195,72100.02162205975,1895.1952259137422,13.142820094064215,14.42000432441195,1880.7752215893302
95,96,2019-08-26,2019-08-27,LONG,1427.6852230845882,1431.261210425036,14702.120607650348,73510.60303825173,920.6265555005502,6.261862353526714,14.702120607650347,905.9244348928999
100,103,2019-09-02,2019-09-05,LONG,1442.9123009524305,1451.6770668814208,14838.009272884281,74190.0463644214,2253.284521227908,15.185895087325985,14.838009272884282,2238.4465119550237
105,106,2019-09-09,2019-09-10,LONG,1454.7947210176253,1455.7567012674137,15173.776249677536,75868.88124838768,250.84076907923148,1.6531202579487239,15.173776249677537,235.66699282955395
107,109,2019-09-11,2019-09-13,LONG,1457.0255294284325,1459.269890161452,15209.126298601968,76045.63149300985,585.6926518903584,3.8509289777164626,15.20912629860197,570.4835255917565
113,115,2019-09-19,2019-09-23,LONG,1463.8523616918799,1467.2620899114793,15294.698827440734,76473.49413720367,890.6425191322596,5.823210572373794,15.294698827440735,875.3478203048189
117,119,2019-09-25,2019-09-27,LONG,1470.3259144691935,1472.17684810088,15426.001000486456,77130.00500243228,485.479167803049,3.14714855643883,15.426001000486458,470.05316680256254
121,124,2019-10-01,2019-10-04,LONG,1472.404471078115,1475.1912210004155,15496.508975506842,77482.54487753421,733.2376400589492,4.731631112645275,15.496508975506842,717.7411310834424
126,127,2019-10-08,2019-10-09,LONG,1476.6786353662776,1477.57481637658,15604.17014516936,78020.8507258468,236.75024190621065,1.5172241759969676,15.60417014516936,221.1460717610413
129,130,2019-10-11,2019-10-14,LONG,1478.3771943864842,1478.8311094278176,15637.342055933515,78186.71027966758,120.03067946082,0.7675900356433971,15.637342055933516,104.39333740488648
137,140,2019-10-23,2019-10-28,LONG,1480.7050130796265,1482.444849611184,15653.00105654425,78265.00528272125,459.809057613088,2.9375137454606493,15.65300105654425,444.1560565565437
141,143,2019-10-29,2019-10-31,LONG,1482.6149618673835,1483.925259687245,15719.624465027731,78598.12232513865,347.3152199884779,2.209437132300254,15.719624465027731,331.5955955234502
144,145,2019-11-01,2019-11-04,LONG,1484.8588978464365,1485.6230933547747,15769.36380435625,78846.81902178125,202.8959958100633,1.2866466797729263,15.769363804356251,187.12663200570705
146,148,2019-11-05,2019-11-07,LONG,1485.563233748691,1485.1667319869791,15797.432799157104,78987.16399578552,-105.40968221835658,-0.6672583042985368,15.797432799157106,-121.20711501751369
150,152,2019-11-11,2019-11-13,LONG,1483.4482267480814,1482.0002156117691,15779.25173190448,78896.2586595224,-385.05779673483653,-2.4402791924301335,15.77925173190448,-400.837048466741
153,154,2019-11-14,2019-11-15,LONG,1481.6571923446768,1481.2118562429268,15719.126174634468,78595.63087317234,-118.1159584297884,-0.7514155501874459,15.719126174634468,-133.8350846044229
155,156,2019-11-18,2019-11-19,LONG,1480.8855903421218,1480.6177264619214,15699.050911943807,78495.25455971903,-70.9914513342799,-0.45220218554912606,15.699050911943807,-86.6905022462237
161,162,2019-11-26,2019-11-27,LONG,1477.938214773589,1477.1878049007942,15686.047336606873,78430.23668303437,-199.11124614094606,-1.2693525772823329,15.686047336606874,-214.79729347755293
168,169,2019-12-05,2019-12-06,LONG,1475.6988927827924,1475.1937404318985,15653.82774258524,78269.1387129262,-133.96309916828255,-0.855784932421637,15.653827742585241,-149.6169269108678
172,173,2019-12-11,2019-12-12,LONG,1474.4457993008077,1474.285316132153,15631.385203548609,78156.92601774304,-42.534188593406725,-0.272107609399522,15.631385203548609,-58.165573796955336
175,177,2019-12-16,2019-12-18,LONG,1474.3847764050604,1474.4687657505597,15622.660367479064,78113.30183739532,22.248890524042586,0.14241422395866088,15.622660367479066,6.626230156563521
178,179,2019-12-19,2019-12-20,LONG,1474.6023378369832,1474.7065396105904,15623.654302002547,78118.27151001274,27.600873244282425,0.1766608036171455,15.62365430200255,11.977218942279876
180,183,2019-12-23,2019-12-27,LONG,1475.038146987193,1477.935893996452,15625.45088484389,78127.25442421946,767.414111668299,4.911308590862247,15.625450884843891,751.7886607834552
186,189,2020-01-02,2020-01-07,LONG,1481.773641658704,1489.16656748543,15738.21918396141,78691.09591980705,1963.0442160777461,12.473102535503228,15.73821918396141,1947.3059968937846
194,195,2020-01-14,2020-01-15,LONG,1498.4084550397902,1500.2070055426245,16030.315083495478,80151.57541747739,481.0325775498977,3.0007680762629563,16.030315083495477,465.00226246640227
196,198,2020-01-16,2020-01-20,LONG,1501.8259999360707,1505.2843524531052,16100.06542286544,80500.3271143272,926.866723940653,5.756912780145039,16.10006542286544,910.7666585177875
200,201,2020-01-22,2020-01-23,LONG,1508.5501241146187,1510.2328312319826,16236.680421643108,81183.40210821554,452.7787521130031,2.788616517385289,16.236680421643108,436.54207169136004
203,205,2020-01-27,2020-01-29,LONG,1514.2850570456458,1517.826431477122,16302.161732396813,81510.80866198406,953.1240249034611,5.846611268794772,16.30216173239681,936.8218631710643
208,210,2020-02-03,2020-02-05,LONG,1523.4310945085685,1525.3347627253768,16442.685011872472,82213.42505936236,513.6664363902182,3.12398149097501,16.442685011872474,497.22375137834575
211,213,2020-02-06,2020-02-10,LONG,1526.612989245629,1529.312496146414,16517.268574579222,82586.34287289612,730.1863801321126,4.420745335920132,16.517268574579223,713.6691115575334
214,215,2020-02-11,2020-02-12,LONG,1530.504883445259,1531.598213436438,16624.318941312853,83121.59470656427,296.8933107966773,1.7858975868110427,16.624318941312854,280.26899185536445
216,217,2020-02-13,2020-02-14,LONG,1532.9787394864154,1534.5615729019887,16666.359290091157,83331.79645045579,430.2093323411781,2.581303599982723,16.666359290091158,413.5429730510869
219,220,2020-02-18,2020-02-19,LONG,1538.0373620149135,1540.316854506204,16728.39073604882,83641.9536802441,619.8198108829051,3.7051968755561493,16.72839073604882,603.0914201468563
224,226,2020-02-25,2020-02-27,LONG,1552.0841737675505,1557.6191730969797,16818.85444907085,84094.27224535424,1499.473251366911,8.915430333899756,16.818854449070848,1482.6543969178401
227,228,2020-02-28,2020-03-02,LONG,1558.460865593381,1559.4323038686764,17041.252608608524,85206.26304304262,265.5588826203456,1.5583295941883784,17.041252608608524,248.5176300117371
230,231,2020-03-04,2020-03-05,LONG,1564.2200137245038,1567.5617789444034,17078.530253110283,85392.65126555141,912.1549063765267,5.340944992678209,17.078530253110284,895.0763761234164
232,234,2020-03-06,2020-03-10,LONG,1570.883568112092,1576.5630565815736,17212.791709528796,86063.95854764398,1555.8099598582364,9.038684637059534,17.212791709528798,1538.5971681487076
235,236,2020-03-11,2020-03-12,LONG,1578.432432796043,1578.4329796056434,17443.581284751104,87217.90642375551,0.15107263245128666,0.0008660643132001334,17.443581284751104,-17.29250865229982
237,238,2020-03-13,2020-03-16,LONG,1576.9188827518929,1574.8060351499582,17440.98740845326,87204.9370422663,-584.2112239314249,-3.3496453512045465,17.44098740845326,-601.6522113398781
240,241,2020-03-18,2020-03-19,LONG,1570.572394954583,1567.575750187229,17350.73957675228,86753.6978837614,-827.6282444767368,-4.769988280993222,17.350739576752282,-844.9789840534891
243,244,2020-03-23,2020-03-24,LONG,1564.9997748217693,1566.9579643649124,17223.992729144255,86119.96364572128,538.7835032951488,3.128098761813152,17.223992729144257,521.5595105660045
245,246,2020-03-25,2020-03-26,LONG,1568.6559908055292,1570.5293221620004,17302.226655729155,86511.13327864578,516.5696609220423,2.9855675295468087,17.302226655729157,499.26743426631316
248,250,2020-03-30,2020-04-01,LONG,1573.6288388961632,1574.3100817433774,17377.116770869103,86885.58385434552,188.0690702399767,1.0822800624511806,17.377116770869105,170.6919534691076
1,3,2020-04-06,2020-04-08,LONG,1579.2856562848513,1583.4096508677987,17402.720563889467,87013.60281944733,1136.094743981584,6.528259416742997,17.402720563889467,1118.6920234176946
4,5,2020-04-09,2020-04-13,LONG,1586.5699585509947,1590.4735629503564,17570.524367402122,87852.6218370106,1080.7650783064814,6.151012091088077,17.570524367402122,1063.1945539390792
9,10,2020-04-17,2020-04-20,LONG,1604.7139241526822,1607.5080484870844,17730.003550492984,88650.01775246492,771.7860738889368,4.352994468901148,17.730003550492984,754.0560703384439
12,13,2020-04-22,2020-04-23,LONG,1613.1121338654634,1616.7548285636904,17843.11196104375,89215.55980521874,1007.3231732597039,5.645445567224808,17.84311196104375,989.4800612986602
24,25,2020-05-08,2020-05-11,LONG,1642.5401439204634,1644.261136298254,17991.533970238546,89957.66985119274,471.2714776279231,2.619406874408245,17.99153397023855,453.27994365768456
26,28,2020-05-12,2020-05-14,LONG,1646.0620934806186,1650.7711219735404,18059.5259617872,90297.629808936,1291.610180738878,7.151960596705818,18.0595259617872,1273.5506547770908
29,32,2020-05-15,2020-05-20,LONG,1653.6110898225404,1661.5461480222527,18250.558560003763,91252.79280001881,2189.4393010878603,11.996560510131635,18.250558560003764,2171.1887425278564
33,35,2020-05-21,2020-05-25,LONG,1663.5741743292142,1667.7172399389992,18576.236871382942,92881.18435691472,1156.5845594483349,6.226151009250297,18.576236871382946,1138.008322576952
40,41,2020-06-01,2020-06-02,LONG,1675.6608754247063,1677.2691662734524,18746.938119769486,93734.69059884743,449.83041411036817,2.3994873788802975,18.74693811976949,431.0834759905987
54,55,2020-06-19,2020-06-22,LONG,1691.7989299648668,1693.7555894691818,18811.600641168076,94058.00320584037,543.9165454887087,2.891388967180068,18.811600641168077,525.1049448475407
56,57,2020-06-23,2020-06-24,LONG,1696.0310906592272,1698.0664335330744,18890.366382895205,94451.83191447603,566.740386033309,3.000155606015559,18.890366382895206,547.8500196504139
63,64,2020-07-02,2020-07-03,LONG,1710.870596072378,1712.8872783035752,18972.54388584277,94862.71942921384,559.0953550640185,2.94686552540386,18.97254388584277,540.1228111781757
66,67,2020-07-07,2020-07-08,LONG,1717.581045895096,1720.4088766877803,19053.562307519496,95267.81153759747,784.2461107192627,4.116007799810535,19.053562307519496,765.1925484117431
72,74,2020-07-15,2020-07-17,LONG,1732.7282162469523,1737.0587763681451,19168.34118978126,95841.7059489063,1197.6727389723085,6.248181452502495,19.16834118978126,1178.5043977825271
75,76,2020-07-20,2020-07-21,LONG,1739.5523767321536,1742.7272291308325,19345.116849448637,96725.58424724318,882.6680279034338,4.562743325732824,19.345116849448637,863.3229110539851
77,78,2020-07-22,2020-07-23,LONG,1746.729278952394,1751.0658773086336,19474.615286106735,97373.07643053368,1208.7388935390823,6.206740804792181,19.474615286106737,1189.2642782529756
86,88,2020-08-04,2020-08-06,LONG,1798.7108002594923,1814.1916958042575,19653.00492784468,98265.0246392234,4228.669172176355,21.516654515183635,19.65300492784468,4209.01616724851
95,96,2020-08-17,2020-08-18,LONG,1844.4544055009753,1849.3660662401735,20284.35735293196,101421.78676465979,1350.3977291756496,6.657335530427634,20.28435735293196,1330.1133718227177
100,103,2020-08-24,2020-08-27,LONG,1859.5740326706693,1866.4995594572233,20483.874358705365,102419.37179352682,1907.1789838864647,9.310636017819256,20.483874358705364,1886.6951095277593
105,106,2020-08-31,2020-09-01,LONG,1872.6155469274431,1875.669528939009,20766.87862513453,103834.39312567265,846.699071007868,4.077160974895345,20.76687862513453,825.9321923827335
107,109,2020-09-02,2020-09-04,LONG,1877.767173882502,1881.0806205982617,20890.76845399194,104453.8422699597,921.5792176787129,4.411418467962636,20.890768453991942,900.6884492247209
113,115,2020-09-10,2020-09-14,LONG,1887.8996028762172,1891.615805333655,21025.871721375646,105129.35860687823,1034.7000979515803,4.921080617550175,21.025871721375648,1013.6742262302047
118,119,2020-09-17,2020-09-18,LONG,1897.090438350869,1898.751035709353,21177.92285531018,105889.61427655088,463.4465764093596,2.1883476466302945,21.17792285531018,442.2686535540494
121,124,2020-09-22,2020-09-25,LONG,1899.1949284913424,1895.983007819197,21244.263153343283,106221.31576671642,-898.2080638889998,-4.2280029079174986,21.244263153343287,-919.4523270423431
126,127,2020-09-29,2020-09-30,LONG,1895.5928290540132,1895.269956812993,21106.34530428693,105531.72652143464,-89.87495763450765,-0.4258196117745362,21.10634530428693,-110.98130293879458
129,130,2020-10-02,2020-10-05,LONG,1895.7548962871547,1896.3131574036295,21089.698108846114,105448.49054423058,155.2621390483996,0.7361989642861441,21.089698108846115,134.1724409395535
137,140,2020-10-14,2020-10-19,LONG,1897.2114009629977,1897.7573247045657,21109.823974987048,105549.11987493525,151.8591191579557,0.7193765297990784,21.10982397498705,130.74929518296864
141,143,2020-10-20,2020-10-22,LONG,1898.0621386566472,1899.0363761251413,21129.43636926449,105647.18184632246,271.13296477305005,1.283200176448853,21.129436369264493,250.00352840378557
144,145,2020-10-23,2020-10-26,LONG,1899.1090142035528,1899.1862391765922,21166.93689852506,105834.6844926253,21.518197732327668,0.10165947881588425,21.16693689852506,0.3512608338026091
146,148,2020-10-27,2020-10-29,LONG,1899.4406616163021,1897.7366070643889,21166.98958765013,105834.94793825064,-474.74113940525467,-2.2428373077777777,21.16698958765013,-495.9081289929048
150,152,2020-11-02,2020-11-04,LONG,1897.0665234883634,1897.6140576957107,21092.603368301192,105463.01684150596,152.19447661906366,0.721553778647294,21.092603368301194,131.10187325076248
153,154,2020-11-05,2020-11-06,LONG,1899.2135340065925,1900.8485110894935,21112.268649288806,105561.34324644403,454.3732812499783,2.152176484668238,21.112268649288808,433.26101260068947
155,156,2020-11-09,2020-11-10,LONG,1899.671344535998,1898.971262545243,21177.25780117891,105886.28900589453,-195.11028635065753,-0.9213198808950421,21.177257801178907,-216.28754415183644
161,162,2020-11-17,2020-11-18,LONG,1896.226729983893,1895.4676508435684,21144.81466955613,105724.07334778065,-211.61219130456942,-1.0007758148348507,21.14481466955613,-232.75700597412555
168,169,2020-11-26,2020-11-27,LONG,1884.44523255566,1881.4239093469962,21109.90111866001,105549.50559330005,-846.1354180071642,-4.008239608755089,21.109901118660012,-867.2453191258242
172,173,2020-12-02,2020-12-03,LONG,1874.8111946516008,1873.755027544189,20979.814320791138,104899.07160395569,-295.4722836683167,-1.4083646268284733,20.97981432079114,-316.45209798910787
175,177,2020-12-07,2020-12-09,LONG,1872.354854112968,1871.2757658784385,20932.346506092774,104661.73253046387,-301.5967938209179,-1.4408169372369801,20.932346506092774,-322.5291403270107
178,179,2020-12-10,2020-12-11,LONG,1870.169342449672,1869.220308943702,20883.96713504372,104419.83567521861,-264.9437152409291,-1.2686464862145288,20.883967135043722,-285.82768237597287
180,183,2020-12-14,2020-12-17,LONG,1867.9291626000072,1867.9502822711486,20841.092982687325,104205.46491343662,5.890975937874532,0.028266156399609943,20.841092982687325,-14.950117044812792
186,189,2020-12-22,2020-12-28,LONG,1868.309398843318,1868.8953956316586,20838.850465130603,104194.25232565301,163.40306713704672,0.7841270679036116,20.838850465130605,142.5642166719161
194,195,2021-01-05,2021-01-06,LONG,1875.4459559418847,1876.7916903235775,20860.23509763139,104301.17548815695,374.20880473972795,1.7938858454295086,20.860235097631392,353.34856964209655
196,198,2021-01-07,2021-01-11,LONG,1877.930564730825,1876.0097635535974,20913.237383077707,104566.18691538853,-534.7664570177053,-2.557071615561637,20.913237383077707,-555.679694400783
200,201,2021-01-13,2021-01-14,LONG,1874.402343004389,1873.5300991220931,20829.88542891759,104149.42714458796,-242.3271103200648,-1.1633626653733216,20.829885428917592,-263.1569957489824
203,205,2021-01-18,2021-01-20,LONG,1871.0207130868912,1870.083079794384,20790.411879555242,103952.0593977762,-260.4698896016673,-1.2528366013652992,20.790411879555244,-281.26030148122254
208,210,2021-01-25,2021-01-27,LONG,1869.1592153987335,1867.8306671660955,20748.222834333057,103741.11417166528,-368.6820061908506,-1.77693294088193,20.748222834333056,-389.4302290251836
211,213,2021-01-28,2021-02-01,LONG,1867.0428288833011,1866.2430705868599,20689.80829997928,103449.0414998964,-221.56489374141324,-1.0708890605894843,20.68980829997928,-242.25470204139253
214,215,2021-02-02,2021-02-03,LONG,1865.3490153468604,1864.3757131737536,20653.47009467307,103267.35047336535,-269.4142913732717,-1.3044504876822556,20.65347009467307,-290.06776146794476
216,217,2021-02-04,2021-02-05,LONG,1862.1496629361252,1860.62664256798,20609.95993045288,103049.7996522644,-421.4133453597084,-2.04470725213316,20.60995993045288,-442.02330529016126
219,220,2021-02-09,2021-02-10,LONG,1858.9889400782308,1858.473514434548,20543.656434659355,102718.28217329677,-142.39900939093977,-0.6931531874272262,20.543656434659354,-162.94266582559914
224,226,2021-02-16,2021-02-18,LONG,1853.3160094364925,1848.5799305782634,20519.215034785517,102596.07517392759,-1310.9019187619942,-6.388655299628507,20.519215034785518,-1331.4211337967797
227,228,2021-02-19,2021-02-22,LONG,1846.5265024136963,1845.3578026005928,20319.501864715996,101597.50932357999,-321.51444889376694,-1.5822949353500833,20.319501864716,-341.83395075848296
230,231,2021-02-24,2021-02-25,LONG,1842.8907748895856,1840.628148824133,20268.226772102225,101341.13386051112,-622.1125367265911,-3.069397948432691,20.268226772102224,-642.3807634986933
232,234,2021-02-26,2021-03-02,LONG,1837.2907985401725,1830.8189238405248,20171.869657577423,100859.34828788711,-1776.3901743969468,-8.80627430452218,20.171869657577425,-1796.5620440545242
235,236,2021-03-03,2021-03-04,LONG,1827.1061610786662,1823.1046282655557,19902.38535096924,99511.92675484621,-1089.701979797072,-5.475233046595612,19.902385350969244,-1109.6043651480413
237,238,2021-03-05,2021-03-08,LONG,1819.288658469946,1815.028384801547,19735.94469619704,98679.7234809852,-1155.4038596176206,-5.854312410189606,19.73594469619704,-1175.1398043138176
240,241,2021-03-10,2021-03-11,LONG,1809.2625172558342,1806.5534796594663,19559.673725549965,97798.36862774982,-732.1752784605691,-3.7432898356794158,19.559673725549963,-751.734952186119
242,244,2021-03-12,2021-03-16,LONG,1804.0644780820776,1799.6470057508116,19446.913482722044,97234.56741361022,-1190.4536018825775,-6.121555500003932,19.446913482722046,-1209.9005153652995
245,246,2021-03-17,2021-03-18,LONG,1797.9282809654753,1796.0159082312427,19265.42840541725,96327.14202708624,-512.2935156240696,-2.6591337853666297,19.26542840541725,-531.5589440294868
248,250,2021-03-22,2021-03-24,LONG,1792.6893424124862,1788.8640435345799,19185.694563812827,95928.47281906413,-1023.4764907460478,-5.33458138480158,19.185694563812827,-1042.6621853098607
1,3,2021-03-29,2021-03-31,LONG,1782.9596854709507,1777.658874575081,19029.295236016347,95146.47618008174,-1414.3715131331437,-7.432600606543708,19.02929523601635,-1433.4008083691601
4,5,2021-04-01,2021-04-05,LONG,1776.1554885854337,1774.6696389589222,18814.285114760976,94071.42557380488,-393.47904350863166,-2.0913845044259634,18.814285114760978,-412.29332862339265
9,10,2021-04-09,2021-04-12,LONG,1771.1517974829176,1769.9396666980379,18752.441115467467,93762.20557733733,-320.8422225583056,-1.7109357687499531,18.752441115467466,-339.5946636737731
12,13,2021-04-14,2021-04-15,LONG,1768.1481427385977,1768.0012823872382,18701.5019159164,93507.509579582,-38.83313105862338,-0.20764712499146087,18.7015019159164,-57.534632974539775
24,25,2021-04-30,2021-05-03,LONG,1770.951414017184,1771.6408270552727,18692.871720970223,93464.35860485112,181.9235324830425,0.9732240995317762,18.692871720970224,163.23066076207226
26,28,2021-05-04,2021-05-06,LONG,1771.8789207901405,1773.7088034173403,18717.35632008453,93586.78160042266,483.25205457546167,2.581839263576509,18.717356320084534,464.5346982553771
29,32,2021-05-07,2021-05-12,LONG,1775.4843092967117,1780.343790700578,18787.03652482284,93935.18262411421,1285.4979082059137,6.842473034570501,18.78703652482284,1266.7108716810908
33,35,2021-05-13,2021-05-17,LONG,1781.7907543490564,1786.2590755827105,18977.043155575007,94885.21577787504,1189.7514435554895,6.269424766555208,18.97704315557501,1170.7744003999144
40,41,2021-05-24,2021-05-25,LONG,1799.4191337383993,1802.5259195439148,19152.659315634995,95763.29657817498,826.700252654146,4.31637319408319,19.152659315634995,807.547593338511
54,55,2021-06-11,2021-06-14,LONG,1833.346762897811,1834.3715555835354,19273.79145463577,96368.95727317885,269.3385794303865,1.3974343349326044,19.27379145463577,250.06478797575073
56,57,2021-06-15,2021-06-16,LONG,1835.1313106231223,1834.3490551228717,19311.301172832133,96556.50586416066,-205.79415042395678,-1.0656669303748199,19.31130117283213,-225.1054515967889
63,64,2021-06-24,2021-06-25,LONG,1824.1622042961174,1822.8143483091537,19277.535355092616,96387.67677546307,-356.09965743548804,-1.8472260632706656,19.277535355092613,-375.37719279058064
66,67,2021-06-29,2021-06-30,LONG,1819.5652459494295,1818.0084349328033,19221.228776174026,96106.14388087014,-411.1397046417228,-2.138987623680737,19.221228776174026,-430.36093341789683
71,74,2021-07-06,2021-07-09,LONG,1814.4803590638292,1813.5859470888124,19156.67463616134,95783.3731808067,-236.07253600863265,-1.2323252364635735,19.15667463616134,-255.229210644794
75,76,2021-07-12,2021-07-13,LONG,1813.3563579811726,1813.1628630896716,19118.390254564623,95591.95127282312,-51.00088065560112,-0.26676346688458447,19.118390254564623,-70.11927091016574
77,78,2021-07-14,2021-07-15,LONG,1813.6284298399128,1814.1202810352481,19107.872363928098,95539.36181964049,129.5501011657477,0.6779933354082519,19.1078723639281,110.4422288018196
86,88,2021-07-27,2021-07-29,LONG,1812.0479137571585,1812.3899787665619,19124.43869824837,95622.19349124185,90.25425395051283,0.47193151848571285,19.124438698248373,71.12981525226446
95,96,2021-08-09,2021-08-10,LONG,1808.045076349668,1805.5725222390126,19135.10817053621,95675.54085268104,-654.19539291046,-3.4188225490032753,19.135108170536206,-673.3305010809962
100,103,2021-08-16,2021-08-19,LONG,1801.1414880885188,1799.6319803193446,19034.10859537406,95170.54297687029,-398.80452193840375,-2.095209869903374,19.034108595374057,-417.8386305337778
105,106,2021-08-23,2021-08-24,LONG,1799.2360301430067,1799.3485212040885,18971.43280079399,94857.16400396996,29.653094011141295,0.15630392455070793,18.97143280079399,10.681661210347304
107,109,2021-08-25,2021-08-27,LONG,1799.0653139984324,1799.4233062547733,18973.03504997554,94865.1752498777,94.38511729291446,0.4974697882774224,18.973035049975543,75.41208224293891
113,115,2021-09-02,2021-09-06,LONG,1800.9025946259449,1802.3959301725058,18984.346862311984,94921.73431155992,393.5526563503822,2.073037640982366,18.984346862311984,374.5683094880702
117,119,2021-09-08,2021-09-10,LONG,1801.7247816444199,1801.0580758456035,19040.532108735195,95202.66054367597,-176.14278965870025,-0.9250938400922708,19.040532108735196,-195.18332176743544
121,124,2021-09-14,2021-09-17,LONG,1800.9390070578722,1797.7923114858302,19011.254610470078,95056.27305235039,-830.4366564787288,-4.368131790846576,19.01125461047008,-849.4479110891989
126,127,2021-09-21,2021-09-22,LONG,1796.0493546786295,1795.1734686056361,18883.837423806697,94419.18711903348,-230.22878186917242,-1.2191843040277655,18.883837423806696,-249.1126192929791
129,130,2021-09-24,2021-09-27,LONG,1792.170996672379,1790.8599078152506,18846.47053091275,94232.35265456374,-344.6852665727519,-1.8289114983486436,18.84647053091275,-363.5317371036647
137,140,2021-10-06,2021-10-11,LONG,1783.4311160506716,1780.8740998849746,18791.9407703472,93959.70385173599,-673.5793704357479,-3.5844055633605687,18.7919407703472,-692.3713112060951
141,143,2021-10-12,2021-10-14,LONG,1780.225291232401,1781.0851238850933,18688.085073666283,93440.42536833142,225.65438545566266,1.2074773020679166,18.688085073666283,206.96630038199638
144,145,2021-10-15,2021-10-18,LONG,1780.6541704631575,1780.1482313007518,18719.130018723583,93595.6500936179,-132.96715779701162,-0.7103276576636458,18.719130018723583,-151.6862878157352
146,148,2021-10-19,2021-10-21,LONG,1779.7949979781347,1779.9638056121955,18696.377075551223,93481.88537775612,44.33222903787359,0.23711668233224564,18.696377075551226,25.635851962322363
150,152,2021-10-25,2021-10-27,LONG,1781.1885539542154,1782.0313854516278,18700.222453345574,93501.11226672787,221.21656431751722,1.1829622073717116,18.700222453345575,202.51634186417164
153,154,2021-10-28,2021-10-29,LONG,1782.5520925065953,1782.5579414522574,18730.5999046252,93652.999523126,1.5364804978480915,0.008203050119439496,18.7305999046252,-17.19411940677711
155,156,2021-11-01,2021-11-02,LONG,1782.8857699866098,1783.0365550224276,18728.020786714183,93640.10393357092,39.59739503027301,0.2114339549343289,18.728020786714186,20.869374243558827
161,162,2021-11-09,2021-11-10,LONG,1786.670414399815,1788.603371384332,18731.151192850717,93655.75596425359,506.61987284357275,2.7046915997183283,18.73115119285072,487.888721650722
168,169,2021-11-18,2021-11-19,LONG,1801.0601022838098,1802.4383906691023,18804.33450109833,94021.67250549165,359.75750896867373,1.9131626750612256,18.80433450109833,340.9531744675754
172,173,2021-11-24,2021-11-25,LONG,1801.6670323512592,1801.2469138802344,18855.477477268465,94277.38738634232,-109.91951101329119,-0.5829579820813686,18.855477477268465,-128.77498849055965
175,177,2021-11-29,2021-12-01,LONG,1800.4118536107173,1799.0459256336324,18836.16122899488,94180.8061449744,-357.26324996095605,-1.8966882137906826,18.83616122899488,-376.0994111899509
178,179,2021-12-02,2021-12-03,LONG,1798.0932632744657,1797.64649313536,18779.746317316385,93898.73158658193,-116.65454242452338,-0.621172088554566,18.779746317316388,-135.43428874183977
180,183,2021-12-06,2021-12-09,LONG,1797.0418099441963,1795.5312937256908,18759.431174005113,93797.15587002557,-394.2093178003439,-2.1013927029226696,18.759431174005115,-412.968748974349
186,189,2021-12-14,2021-12-17,LONG,1794.1073874241213,1793.870315502558,18697.48586165896,93487.4293082948,-61.76677233336424,-0.3303480093012029,18.69748586165896,-80.4642581950232
194,195,2021-12-27,2021-12-28,LONG,1794.8857846822334,1795.2370253966835,18685.416222929704,93427.08111464852,91.41360135488378,0.4892243248117005,18.685416222929707,72.72818513195408
196,198,2021-12-29,2021-12-31,LONG,1795.5072979958265,1797.1246398887577,18696.325450699496,93481.62725349749,421.02795166918713,2.2519288765024945,18.696325450699497,402.33162621848766
200,201,2022-01-04,2022-01-05,LONG,1797.7873708290867,1798.1877424041122,18756.67519463227,93783.37597316134,104.42891789885222,0.5567560178721727,18.75667519463227,85.67224270421995
203,205,2022-01-07,2022-01-11,LONG,1797.8708709287814,1798.7206404392875,18769.5260310379,93847.63015518952,221.78693706166055,1.1816331253911603,18.769526031037906,203.01741103062264
208,210,2022-01-14,2022-01-18,LONG,1800.83621164148,1801.7771429478116,18799.978642692495,93999.89321346248,245.57325575919165,1.3062422060497678,18.799978642692498,226.77327711649914
211,213,2022-01-19,2022-01-21,LONG,1803.005803880094,1805.1085899565032,18833.99463425997,94169.97317129985,549.1366360948658,2.915667370404572,18.83399463425997,530.3026414606059
214,215,2022-01-24,2022-01-25,LONG,1806.3060791189362,1807.6119674531521,18913.54003047906,94567.7001523953,341.84366052425867,1.807401787150262,18.91354003047906,322.9301204937796
216,217,2022-01-26,2022-01-27,LONG,1807.9608368471222,1807.5991182054843,18961.97954855313,94809.89774276564,-94.84305944688067,-0.5001748852435481,18.961979548553128,-113.8050389954338
219,220,2022-01-31,2022-02-01,LONG,1806.7658955287147,1806.5783291103944,18944.908792703813,94724.54396351907,-49.16836066651757,-0.2595333722876175,18.944908792703814,-68.11326945922139
224,226,2022-02-07,2022-02-09,LONG,1807.0106824001066,1808.4201725312519,18934.69180228493,94673.45901142465,369.23220061087443,1.950030158749759,18.93469180228493,350.2975088085895
227,228,2022-02-10,2022-02-11,LONG,1809.0115750157513,1810.5740877965898,18987.23642860622,94936.1821430311,410.0001349112498,2.159346024119353,18.98723642860622,391.0128984826436
230,231,2022-02-15,2022-02-16,LONG,1813.7620532513577,1815.4895228110552,19045.888363378617,95229.44181689309,453.4937800434569,2.381058690417579,19.04588836337862,434.4478916800783
232,234,2022-02-17,2022-02-21,LONG,1818.0799040685547,1823.163939670456,19111.055547130625,95555.27773565313,1336.0425822607817,6.990940814158107,19.111055547130626,1316.931526713651
235,236,2022-02-22,2022-02-23,LONG,1825.5151301653,1828.0956875981499,19308.595276137676,96542.97638068837,682.3682016431128,3.5340126606020394,19.308595276137677,663.0596063669751
237,238,2022-02-24,2022-02-25,LONG,1830.452426496978,1832.2536547869681,19408.054217092722,97040.27108546361,477.45486038650324,2.460086184044187,19.408054217092722,458.0468061694105
240,241,2022-03-01,2022-03-02,LONG,1838.065131817689,1840.8554833539251,19476.761238018134,97383.80619009068,739.1877700718865,3.795229407181986,19.476761238018135,719.7110088338683
242,244,2022-03-03,2022-03-07,LONG,1843.8369420652868,1852.4170832992272,19584.717889343214,97923.58944671607,2278.3962302168325,11.63354122888129,19.584717889343214,2258.8115123274893
245,246,2022-03-08,2022-03-09,LONG,1858.575597459146,1862.7436035359553,19923.539616192335,99617.69808096168,1117.0037192106806,5.60645217029039,19.923539616192336,1097.0801795944883
248,250,2022-03-11,2022-03-15,LONG,1870.5798053366395,1874.4782638515708,20088.101643131507,100440.50821565754,1046.6357900909848,5.210227470393395,20.08810164313151,1026.5476884478533
1,3,2022-03-18,2022-03-22,LONG,1879.4474632453318,1882.4225545039508,20242.083796398685,101210.41898199343,801.0605209324308,3.957401466122521,20.242083796398685,780.8184371360321
4,5,2022-03-23,2022-03-24,LONG,1884.3722533077948,1886.6329175116155,20359.206561969087,101796.03280984543,610.6188601010417,2.999227196022831,20.35920656196909,590.2596535390726
9,10,2022-03-30,2022-03-31,LONG,1892.0939043511496,1893.4919954972106,20447.745509999946,102238.72754999973,377.727182153826,1.8472803369403192,20.447745509999947,357.27943664382605
12,13,2022-04-04,2022-04-05,LONG,1895.6401144804875,1896.5097917309809,20501.33742549652,102506.6871274826,235.13886717534297,1.146944037333448,20.50133742549652,214.63752974984644
24,25,2022-04-21,2022-04-22,LONG,1914.1376625773955,1914.6774728180742,20533.533054959,102667.665274795,144.76768882776872,0.7050305879669659,20.533533054959,124.23415577280971
26,28,2022-04-25,2022-04-27,LONG,1914.1440393424639,1913.0078001894954,20552.16817832492,102760.8408916246,-304.9950484738397,-1.484004246303798,20.55216817832492,-325.5472166521646
29,32,2022-04-28,2022-05-03,LONG,1912.4214410842405,1909.084622298376,20503.336095827097,102516.68047913548,-894.3624504997056,-4.362033799376332,20.5033360958271,-914.8657865955327
33,35,2022-05-04,2022-05-06,LONG,1908.2347187141388,1906.4897735217355,20366.106227837765,101830.53113918882,-465.5839609472587,-2.2860725351165416,20.366106227837765,-485.9500671750964
40,41,2022-05-13,2022-05-16,LONG,1896.0191926794475,1893.80268342224,20293.213717761497,101466.06858880748,-593.0859803209866,-2.9225828327126524,20.293213717761496,-613.3791940387481
54,55,2022-06-02,2022-06-03,LONG,1878.2689367251069,1877.4226340543812,20201.206838655686,101006.03419327844,-227.55441147374367,-1.1264396889314092,20.20120683865569,-247.75561831239935
56,57,2022-06-06,2022-06-07,LONG,1876.3219109203103,1875.565160652717,20164.043495908827,100820.21747954414,-203.31193201022703,-1.008289493382009,20.164043495908828,-223.47597550613585
63,64,2022-06-15,2022-06-16,LONG,1869.1336915566872,1868.740757328076,20130.522099582908,100652.61049791455,-105.79729005571255,-0.5255566126519123,20.13052209958291,-125.92781215529547
66,67,2022-06-20,2022-06-21,LONG,1866.8564813412552,1865.8126003681668,20111.632927759616,100558.16463879807,-281.1430760861398,-1.397912725913392,20.111632927759615,-301.2547090138994
72,74,2022-06-28,2022-06-30,LONG,1860.0154926687987,1857.110103505031,20066.44472140753,100332.22360703765,-783.6067935819973,-3.905060435274916,20.06644472140753,-803.6732383034048
75,76,2022-07-01,2022-07-04,LONG,1855.5954736403014,1854.0872132339578,19945.89373566202,99729.46867831009,-405.3092688841683,-2.03204365898882,19.94589373566202,-425.25516261983034
77,78,2022-07-05,2022-07-06,LONG,1851.3450351341967,1847.8493467175829,19882.105461269046,99410.52730634523,-938.5290753462162,-4.7204712658551164,19.88210546126905,-958.4111808074853
86,88,2022-07-18,2022-07-20,LONG,1820.3336982739186,1813.1928634536828,19738.34378414792,98691.7189207396,-1935.7474500592741,-9.807040910969917,19.738343784147922,-1955.485793843422
95,96,2022-07-29,2022-08-01,LONG,1797.746773026309,1796.9469165309606,19445.02091507141,97225.10457535705,-216.287779158736,-1.1123041734097392,19.44502091507141,-235.7328000738074
100,103,2022-08-05,2022-08-10,LONG,1794.1863669119857,1793.9818198524576,19409.660995060338,97048.3049753017,-55.320187972019326,-0.2850136743042449,19.40966099506034,-74.72984896707966
105,106,2022-08-12,2022-08-15,LONG,1794.0727640410648,1793.5936376430923,19398.45151771528,96992.2575885764,-129.5141198871035,-0.6676518472045417,19.39845151771528,-148.91257140481878
107,109,2022-08-16,2022-08-18,LONG,1793.005229233248,1790.9924175517674,19376.11463200456,96880.57316002279,-543.7863375569093,-2.8064777066229185,19.37611463200456,-563.1624521889139
113,115,2022-08-24,2022-08-26,LONG,1785.608479848753,1783.2945644994295,19291.64026417622,96458.20132088111,-624.9861465247519,-3.2396734438663843,19.291640264176223,-644.2777867889281
118,119,2022-08-31,2022-09-01,LONG,1777.90096604897,1775.3830948538969,19194.99859615788,95974.9929807894,-679.6010432760722,-3.5405110340154073,19.19499859615788,-698.7960418722301
121,124,2022-09-05,2022-09-08,LONG,1771.485565283577,1765.8812008180587,19090.179189877043,95450.89594938522,-1509.867254760799,-7.909130866416575,19.090179189877045,-1528.957433950676
126,127,2022-09-12,2022-09-13,LONG,1763.1213029152973,1761.2184854037034,18860.835574784443,94304.17787392222,-508.88058801811997,-2.698080824682317,18.860835574784446,-527.7414235929044
129,130,2022-09-15,2022-09-16,LONG,1756.2447948324327,1753.7274269944376,18781.674361245507,93908.37180622753,-673.0323574454881,-3.5834523828942366,18.781674361245507,-691.8140318067335
137,140,2022-09-27,2022-09-30,LONG,1733.8259667583975,1727.1561418048202,18677.902256474496,93389.51128237248,-1796.292432735129,-9.617206515321941,18.677902256474496,-1814.9703349916035
141,143,2022-10-03,2022-10-05,LONG,1726.2741303922396,1725.9479295087683,18405.656706225756,92028.28353112878,-86.94942148435206,-0.47240597209955143,18.405656706225756,-105.35507819057781
144,145,2022-10-06,2022-10-07,LONG,1725.5274718448727,1724.5595092598987,18389.85344449717,91949.26722248585,-257.9021540931506,-1.4024154943460039,18.38985344449717,-276.2920075376478
146,148,2022-10-10,2022-10-12,LONG,1722.7974403949227,1719.5267673120318,18348.40964336652,91742.04821683261,-870.8459875680113,-4.746166041059843,18.348409643366523,-889.1943972113778
150,152,2022-10-14,2022-10-18,LONG,1715.5557660561178,1711.5824480685565,18215.030483784816,91075.15241892409,-1054.674375750273,-5.790132367273025,18.21503048378482,-1072.8894062340578
153,154,2022-10-19,2022-10-20,LONG,1708.9985420771532,1706.4695407098816,18054.097072849705,90270.48536424853,-667.9180095524825,-3.699537046119674,18.054097072849707,-685.9721066253322
155,156,2022-10-21,2022-10-24,LONG,1704.9191326245423,1703.1838444701064,17951.201256855904,89756.00628427952,-456.7739651522996,-2.5445314696020636,17.951201256855903,-474.72516640915546
161,162,2022-10-31,2022-11-01,LONG,1695.571633054247,1694.072830211546,17879.992481894533,89399.96240947266,-395.1260895870257,-2.2098783877405683,17.879992481894533,-413.00608206892025
168,169,2022-11-09,2022-11-10,LONG,1690.7059201740492,1692.6934888252176,17818.04156958419,89090.20784792096,523.665594742753,2.938962695185661,17.818041569584192,505.8475531731688
172,173,2022-11-15,2022-11-16,LONG,1699.9726002516825,1702.2485057535835,17893.918702560168,89469.59351280084,598.9047708724271,3.3469738005836525,17.893918702560168,581.0108521698669
175,177,2022-11-18,2022-11-22,LONG,1705.4882860797957,1707.538201786113,17981.07033038565,89905.35165192824,540.3097574387062,3.0048809526408093,17.98107033038565,522.3286871083205
178,179,2022-11-23,2022-11-24,LONG,1708.833440960714,1710.2608056560532,18059.419633451897,90297.09816725948,377.1195217922226,2.088215066965248,18.059419633451895,359.0601021587707
180,183,2022-11-25,2022-11-30,LONG,1711.6801594302146,1715.4308362057088,18113.27864877571,90566.39324387856,992.2568358015069,5.478063110725535,18.11327864877571,974.1435571527312
186,189,2022-12-05,2022-12-08,LONG,1722.1326836714409,1727.571687536965,18259.40018234862,91297.0009117431,1441.7145251871816,7.895738692341539,18.25940018234862,1423.455125004833
194,195,2022-12-15,2022-12-16,LONG,1737.304074744677,1739.027434907103,18472.918451099347,92364.59225549674,458.1162878330079,2.4799345541729756,18.47291845109935,439.64336938190854
196,198,2022-12-19,2022-12-21,LONG,1740.5278230975787,1745.1454945413311,18538.864956506633,92694.32478253316,1229.6038330041138,6.63257343903655,18.538864956506632,1211.0649680476072
200,201,2022-12-23,2022-12-27,LONG,1748.2089000409226,1750.253026585729,18720.524701713777,93602.62350856888,547.2332493356753,2.9231726036267487,18.720524701713778,528.5127246339615
203,205,2022-12-29,2023-01-03,LONG,1753.8735813400745,1758.644677676914,18799.80161040887,93999.00805204436,1278.536628167316,6.800798511934454,18.799801610408874,1259.736826556907
208,210,2023-01-06,2023-01-10,LONG,1767.0164844050623,1773.5808419648613,18988.762134392407,94943.81067196204,1763.5520857929528,9.287346238324881,18.98876213439241,1744.5633236585604
211,213,2023-01-11,2023-01-13,LONG,1776.7560534031181,1784.848538971672,19250.446632941188,96252.23316470595,2191.9717294182324,11.386601938197893,19.25044663294119,2172.7212827852914
214,215,2023-01-16,2023-01-17,LONG,1788.8679789905254,1792.5780367514951,19576.35482535898,97881.7741267949,1015.0191071157844,5.184923935895055,19.57635482535898,995.4427522904255
216,217,2023-01-18,2023-01-19,LONG,1796.040635217401,1800.2517506388638,19725.671238202547,98628.35619101273,1156.252769579548,5.8616650131542425,19.725671238202548,1136.5270983413454
219,220,2023-01-23,2023-01-24,LONG,1808.135730697787,1812.1462313775528,19896.15030295375,99480.75151476875,1103.256837415686,5.545076914964291,19.89615030295375,1083.3606871127322
224,226,2023-01-30,2023-02-01,LONG,1826.2847821033245,1833.1860338360664,20058.654406020658,100293.27203010328,1894.9649150089315,9.44711881790113,20.058654406020658,1874.9062606029108
227,228,2023-02-02,2023-02-03,LONG,1835.6436125602543,1836.5695203068212,20339.890345111093,101699.45172555547,256.48854039529374,1.2610124049018951,20.339890345111094,236.14865005018265
230,231,2023-02-07,2023-02-08,LONG,1838.5892182120456,1839.7356399830476,20375.31264261862,101876.5632130931,317.6171949271194,1.5588334790150216,20.37531264261862,297.2418822845008
232,234,2023-02-09,2023-02-13,LONG,1840.3925496822712,1841.5398967183817,20419.898924961297,102099.49462480648,318.25697340050783,1.5585629222261737,20.4198989249613,297.83707447554656
235,236,2023-02-14,2023-02-15,LONG,1841.9277389790543,1841.7363799726504,20464.574486132627,102322.87243066313,-53.15193095353933,-0.25972653860727263,20.464574486132626,-73.61650543967195
237,238,2023-02-16,2023-02-17,LONG,1841.5540900191393,1841.5601880560614,20453.532010316674,102267.66005158337,1.693221964848472,0.008278384212538051,20.453532010316675,-18.760310045468202
240,241,2023-02-21,2023-02-22,LONG,1841.3033857925607,1840.790311906668,20450.717963809853,102253.58981904926,-142.46334167347595,-0.6966178005367976,20.450717963809854,-162.91405963728582
242,244,2023-02-23,2023-02-27,LONG,1840.2007619469528,1838.5885199180204,20426.28085486426,102131.4042743213,-447.39831068955095,-2.190307251077519,20.426280854864263,-467.8245915444152
245,246,2023-02-28,2023-03-01,LONG,1838.221581850843,1838.1627030948089,20356.107166132595,101780.53583066298,-16.300296431515182,-0.08007570552897632,20.356107166132595,-36.65640359764778
248,250,2023-03-03,2023-03-07,LONG,1838.5907829641544,1838.0422255095261,20350.60870559295,101753.04352796475,-151.79394750471022,-0.7458938929084354,20.35060870559295,-172.14455621030316
1,3,2023-03-10,2023-03-14,LONG,1837.9964273980318,1842.3036691222499,20324.7870221614,101623.935110807,1190.7500117074753,5.858610033202933,20.3247870221614,1170.4252246853139
4,5,2023-03-15,2023-03-16,LONG,1844.6501990289942,1846.9781609108704,20500.350805864196,102501.75402932099,646.7897716632758,3.1550180667067385,20.500350805864198,626.2894208574116
9,10,2023-03-22,2023-03-23,LONG,1861.3112780517881,1865.4016017546164,20594.29421899281,102971.47109496406,1131.4245336107392,5.493873796205641,20.59429421899281,1110.8302393917463
12,13,2023-03-27,2023-03-28,LONG,1871.5870275821305,1874.7576887402656,20760.91875490157,103804.59377450784,879.2783575285293,4.235257446498774,20.76091875490157,858.5174387736278
24,25,2023-04-13,2023-04-14,LONG,1911.8710624382559,1914.7471391462684,20889.696370717615,104448.48185358808,785.6226597814201,3.760814163305294,20.889696370717616,764.7329634107025
26,28,2023-04-17,2023-04-19,LONG,1917.2333200566304,1922.2659620072163,21004.40631522922,105022.0315761461,1378.3880039969767,6.5623754526095714,21.00440631522922,1357.3835976817475
29,32,2023-04-20,2023-04-25,LONG,1924.8215921641868,1930.6443821597845,21208.013854881483,106040.06927440742,1603.9124275649872,7.562765841912217,21.208013854881486,1582.7044137101057
33,35,2023-04-26,2023-04-28,LONG,1932.4508411203524,1935.8748331703287,21445.419516938,107227.09758469,949.9458456059722,4.429597867533843,21.445419516938,928.5004260890341
40,41,2023-05-05,2023-05-08,LONG,1948.3433124436676,1950.6026986108848,21584.694580851356,107923.47290425678,625.7644642003055,2.899111969624282,21.584694580851355,604.1797696194542
54,55,2023-05-25,2023-05-26,LONG,1962.3567633193152,1961.8532335881143,21675.32154629427,108376.60773147136,-139.04414625192987,-0.6414859680626127,21.675321546294274,-160.71946779822414
56,57,2023-05-29,2023-05-30,LONG,1961.2916067422934,1961.2361511516822,21651.21362612454,108256.0681306227,-15.304721069516457,-0.07068758977579737,21.65121362612454,-36.955934695641
63,64,2023-06-07,2023-06-08,LONG,1960.7257392326526,1960.8612731284315,21645.670235920195,108228.35117960098,37.40607310751606,0.17281087949608534,21.645670235920196,15.760402871595861
66,67,2023-06-12,2023-06-13,LONG,1960.7195369655271,1960.166118133069,21648.034296350932,108240.17148175466,-152.75552723673482,-0.7056323227577472,21.648034296350932,-174.40356153308576
72,74,2023-06-20,2023-06-22,LONG,1958.4069596435816,1956.2124655475307,21621.87376212097,108109.36881060485,-605.7100910881138,-2.8013765030357733,21.62187376212097,-627.3319648502347
75,76,2023-06-23,2023-06-26,LONG,1955.1266884885438,1954.1291798941484,21527.773967393437,107638.86983696719,-274.58757119312133,-1.275503782272237,21.52777396739344,-296.1153451605148
77,78,2023-06-27,2023-06-28,LONG,1952.8502081184618,1951.4177495625509,21483.35666561936,107416.7833280968,-393.9628592277199,-1.8338049558996232,21.48335666561936,-415.44621589333923
86,88,2023-07-10,2023-07-12,LONG,1944.1419685348221,1944.1979468410595,21421.03973323536,107105.1986661768,15.419572509597966,0.07198330567341256,21.42103973323536,-6.001467223637395
95,96,2023-07-21,2023-07-24,LONG,1948.449584945814,1948.6388483786398,21420.139513151815,107100.69756575907,52.01634631951543,0.24283850386491532,21.420139513151813,30.596206806363615
100,103,2023-07-28,2023-08-02,LONG,1949.9881078860258,1949.7919809353375,21424.72894417277,107123.64472086384,-53.87169721894612,-0.251446342025244,21.42472894417277,-75.2964261631189
105,106,2023-08-04,2023-08-07,LONG,1949.103179232845,1948.7040356053587,21413.434480248303,107067.17240124152,-109.62780224323565,-0.5119580529893795,21.413434480248306,-131.04123672348396
107,109,2023-08-08,2023-08-10,LONG,1947.959981162242,1945.8459015705953,21393.778294739783,106968.89147369891,-580.4553291456562,-2.7131968984103016,21.393778294739782,-601.849107440396
113,115,2023-08-16,2023-08-18,LONG,1940.817872259308,1937.6617871624392,21303.500928623722,106517.5046431186,-866.0738180663252,-4.06540606151102,21.303500928623723,-887.377318994949
117,119,2023-08-22,2023-08-24,LONG,1935.1055605007941,1933.9427746456774,21170.39433077448,105851.9716538724,-318.02703141290516,-1.5022253551064144,21.17039433077448,-339.1974257436796
121,124,2023-08-28,2023-08-31,LONG,1932.9016397351716,1933.540908951322,21119.514716912927,105597.57358456464,174.6216069795741,0.8268258495529429,21.119514716912928,153.50209226266117
126,127,2023-09-04,2023-09-05,LONG,1933.8724549793847,1933.6249210667524,21142.540030752327,105712.70015376163,-67.65564661878093,-0.31999772269734,21.142540030752325,-88.79818664953326
129,130,2023-09-07,2023-09-08,LONG,1932.66286319876,1932.2375829558518,21129.220302754897,105646.10151377448,-116.2365163878684,-0.5501221281350979,21.1292203027549,-137.3657366906233
137,140,2023-09-19,2023-09-22,LONG,1929.960516695265,1929.4888773690632,21108.615442251306,105543.07721125653,-128.96187613830597,-0.6109442681881164,21.108615442251306,-150.07049158055727
141,143,2023-09-25,2023-09-27,LONG,1929.068078934085,1926.5330684289895,21086.104868514223,105430.52434257112,-692.737311048707,-3.285278695939251,21.086104868514226,-713.8234159172213
144,145,2023-09-28,2023-09-29,LONG,1924.628017091685,1922.276454421944,20979.031356126638,104895.15678063319,-640.8187263498105,-3.054567751349817,20.97903135612664,-661.7977577059371
146,148,2023-10-02,2023-10-04,LONG,1919.3444268933883,1913.3815203932586,20879.761692470747,104398.80846235374,-1621.700422455099,-7.766853119975431,20.87976169247075,-1642.5801841475698
150,152,2023-10-06,2023-10-10,LONG,1908.0255211519298,1905.1245567655874,20633.374664848612,103166.87332424306,-784.2752155202761,-3.8010031236256347,20.633374664848613,-804.9085901851247
153,154,2023-10-11,2023-10-12,LONG,1904.1476581660284,1903.048957518839,20512.638376320847,102563.19188160423,-295.89681455339803,-1.442509779214809,20.512638376320847,-316.4094529297189
155,156,2023-10-13,2023-10-16,LONG,1903.8919017946507,1904.3870688596032,20465.176958381388,102325.88479190694,133.06534891323454,0.6502037543278532,20.465176958381388,112.60017195485315
161,162,2023-10-23,2023-10-24,LONG,1912.579284045596,1914.3986636527563,20482.066984174617,102410.33492087308,487.09947993206424,2.3781754073376464,20.482066984174615,466.61741294788965
168,169,2023-11-01,2023-11-02,LONG,1927.2161199893608,1929.023458658854,20552.059596116804,102760.29798058402,481.8418087691711,2.344494022682828,20.552059596116806,461.2897491730543
172,173,2023-11-07,2023-11-08,LONG,1933.5919829451614,1934.1148502731535,20621.253058492763,103106.26529246381,139.40608439688037,0.6760311024817508,20.621253058492762,118.78483133838762
175,177,2023-11-10,2023-11-14,LONG,1934.9652332754467,1936.181436551787,20639.07078319352,103195.3539159676,324.3120997147065,1.5713502953766463,20.63907078319352,303.673028931513
178,179,2023-11-15,2023-11-16,LONG,1936.906955894321,1938.2884548893473,20684.62173753325,103423.10868766624,368.8326903873742,1.7831251403457353,20.68462173753325,348.148068649841
180,183,2023-11-17,2023-11-22,LONG,1939.6032960250695,1944.059126334357,20736.843947830726,103684.21973915363,1190.9633528034758,5.743223779856153,20.736843947830728,1170.226508855645
186,189,2023-11-27,2023-11-30,LONG,1949.4026923632994,1957.64260658894,20912.37792415907,104561.88962079535,2209.8589612127435,10.567229462029754,20.91237792415907,2188.9465832885844
194,195,2023-12-07,2023-12-08,LONG,1968.8432267285593,1969.9390984262463,21240.71991165236,106203.59955826179,295.56827422407633,1.3915172152989586,21.24071991165236,274.32755431242396
196,198,2023-12-11,2023-12-13,LONG,1970.3008190826126,1972.304576154851,21281.869044799227,106409.34522399613,541.0810267645181,2.5424506918331273,21.281869044799226,519.7991577197189
200,201,2023-12-15,2023-12-18,LONG,1975.6422579927832,1977.2364987785663,21359.838918457182,106799.19459228592,430.90704103685084,2.0173702745693514,21.359838918457186,409.54720211839367
203,205,2023-12-20,2023-12-22,LONG,1980.8056541154501,1984.9967018959785,21421.270998774944,107106.35499387472,1133.0941287574701,5.289574688739386,21.421270998774943,1111.6728577586953
208,210,2023-12-28,2024-01-02,LONG,1992.6694500623043,1996.8246635139371,21588.02192743875,107940.10963719375,1125.4104275075879,5.213124348725864,21.58802192743875,1103.822405580149
211,213,2024-01-03,2024-01-05,LONG,1998.19440570617,2001.0013947797656,21753.595288275774,108767.97644137887,763.9660099042057,3.5119068815073047,21.753595288275775,742.21241461593
214,215,2024-01-08,2024-01-09,LONG,2001.8311899653518,2002.702390075979,21864.927150468164,109324.63575234082,237.891274846661,1.0880039673105766,21.864927150468166,216.02634769619283
216,217,2024-01-10,2024-01-11,LONG,2003.3615798052242,2004.1409439302663,21897.331102622597,109486.65551311299,212.9669759516366,0.9725704696776037,21.897331102622598,191.06964484901403
219,220,2024-01-15,2024-01-16,LONG,2007.0197535563004,2007.669998600311,21925.991549349947,109629.95774674973,177.59251390921517,0.8099634331678851,21.92599154934995,155.6665223598652
224,226,2024-01-22,2024-01-24,LONG,2009.1121038727722,2009.8682840249808,21949.341527703928,109746.70763851964,206.5297449717138,0.9409382268303447,21.94934152770393,184.58040344400987
227,228,2024-01-25,2024-01-26,LONG,2010.182094868024,2010.4375801083806,21977.028588220528,109885.14294110265,69.82957471266387,0.31773892649933505,21.97702858822053,47.852546124443336
230,231,2024-01-30,2024-01-31,LONG,2011.8941625142943,2012.7372560429142,21984.206470139197,109921.03235069598,230.31457807470335,1.0476365311958658,21.9842064701392,208.33037160456416
232,234,2024-02-01,2024-02-05,LONG,2014.0437302779203,2015.1495810292158,22015.45602587988,110077.28012939941,302.2005955026265,1.372674702478931,22.015456025879885,280.18513947674666
235,236,2024-02-06,2024-02-07,LONG,2015.7988976415543,2016.3918961456602,22057.483796801393,110287.41898400696,162.21924358560202,0.7354385707817036,22.057483796801392,140.16175978880062
237,238,2024-02-08,2024-02-09,LONG,2016.9402900933824,2017.1603470391806,22078.508060769716,110392.54030384858,60.22152806775828,0.27276085821561075,22.078508060769718,38.143020006988564
240,241,2024-02-13,2024-02-14,LONG,2016.4868803552363,2015.7305979399719,22084.229513770766,110421.14756885383,-207.0669861361321,-0.9376237735937952,22.08422951377077,-229.15121564990287
242,244,2024-02-15,2024-02-19,LONG,2015.3716881403602,2015.3904096013962,22049.85683142328,110249.2841571164,5.120712198490644,0.023223335360586603,22.04985683142328,-16.929144632932637
245,246,2024-02-20,2024-02-21,LONG,2015.653106446307,2015.9652108466873,22047.317459728343,110236.58729864171,85.34535002274475,0.38710083518612487,22.047317459728344,63.298032563016406
248,250,2024-02-23,2024-02-27,LONG,2016.8406551886376,2017.6831824217663,22056.812164612795,110284.06082306398,230.35365829326776,1.0443651447639357,22.056812164612797,208.29684612865495
1,3,2024-03-01,2024-03-05,LONG,2021.0184094334788,2027.1697130508749,22088.056691532092,110440.28345766047,1680.71629622063,7.609163267246444,22.088056691532095,1658.628239529098
4,5,2024-03-06,2024-03-07,LONG,2030.9432153637892,2034.9466351899587,22336.85092746146,111684.2546373073,1100.766766651968,4.9280302323129135,22.336850927461462,1078.4299157245066
9,10,2024-03-13,2024-03-14,LONG,2051.4006563369758,2054.834225405596,22498.615414820135,112493.07707410067,941.4366439885258,4.184420359345264,22.498615414820136,918.9380285737057
12,13,2024-03-18,2024-03-19,LONG,2061.1662711993563,2064.167937761648,22636.456119106188,113182.28059553093,824.134063939009,3.640738018365882,22.63645611910619,801.4976078199028
24,25,2024-04-04,2024-04-05,LONG,2111.5168283781245,2118.260221714604,22756.680760279174,113783.40380139588,1816.907724068812,7.984062980046492,22.756680760279178,1794.151043308533
26,28,2024-04-08,2024-04-10,LONG,2125.114631850868,2138.41760902849,23025.803416775452,115129.01708387726,3603.4731110362427,15.64971717082815,23.025803416775453,3580.447307619467
29,32,2024-04-11,2024-04-16,LONG,2145.771995760107,2165.939902287854,23562.870512918373,117814.35256459186,5536.62936892789,23.497261786896576,23.562870512918373,5513.066498414972
33,35,2024-04-17,2024-04-19,LONG,2172.030161164925,2185.016776002411,24389.830487680618,121949.15243840309,3645.6829670035468,14.947553525822958,24.38983048768062,3621.293136515866
40,41,2024-04-26,2024-04-29,LONG,2205.697246483289,2209.764973163341,24933.024458158,124665.12229079001,1149.5313892754866,4.610477125246488,24.933024458158002,1124.5983648173287
54,55,2024-05-16,2024-05-17,LONG,2252.146502346545,2257.1959892281625,25101.7142128806,125508.571064403,1406.9996833242512,5.605193619016938,25.1017142128806,1381.8979691113707
56,57,2024-05-20,2024-05-21,LONG,2262.417934161255,2267.347227300445,25308.998908247304,126544.99454123652,1378.563535879637,5.446930322599256,25.308998908247304,1353.2545369713896
63,64,2024-05-29,2024-05-30,LONG,2281.3852278604177,2283.2903322286606,25511.98708879301,127559.93544396505,532.6040233349796,2.0876618566843965,25.51198708879301,507.0920362461866
66,67,2024-06-03,2024-06-04,LONG,2286.727096283394,2287.970388230912,25588.05089422994,127940.25447114969,347.805141255988,1.3592482784002025,25.588050894229937,322.2170903617581
71,74,2024-06-10,2024-06-13,LONG,2293.274779942401,2295.219267416421,25636.383457784203,128181.91728892102,543.4327685984088,2.1197715718883954,25.636383457784206,517.7963851406246
75,76,2024-06-14,2024-06-17,LONG,2296.3831186242046,2297.075591276372,25714.052915555298,128570.26457777648,193.8513468854099,0.753873174026731,25.7140529155553,168.1372939698546
77,78,2024-06-18,2024-06-19,LONG,2298.0761415820625,2299.0794761641646,25739.273509650775,128696.36754825388,280.9426411415332,1.0914940588210293,25.73927350965078,255.20336763188243
86,88,2024-07-01,2024-07-03,LONG,2305.2632276809372,2307.5787290018543,25777.554014795558,128887.7700739778,647.3009205039391,2.511102954657402,25.77755401479556,621.5233664891435
95,96,2024-07-12,2024-07-15,LONG,2322.375480284187,2325.4674389797656,25870.78251976893,129353.91259884465,861.0945091837496,3.328444002518098,25.87078251976893,835.2237266639806
100,103,2024-07-19,2024-07-24,LONG,2339.3785938372816,2344.9998774418887,25996.066078768526,129980.33039384263,1561.646118522901,6.007240148532806,25.996066078768525,1535.6500524441324
105,106,2024-07-26,2024-07-29,LONG,2346.9302542827036,2348.084425486515,26226.41358663515,131132.06793317574,322.44003934191414,1.2294477027016306,26.22641358663515,296.213625755279
107,109,2024-07-30,2024-08-01,LONG,2350.028774508827,2355.9308858055797,26270.84563049844,131354.2281524922,1649.4846409211962,6.278764924895569,26.270845630498442,1623.2137952906978
113,115,2024-08-07,2024-08-09,LONG,2361.7089362746046,2365.8359271265344,26514.32769979204,132571.6384989602,1158.3178835186868,4.368648892906954,26.514327699792045,1131.8035558188947
117,119,2024-08-13,2024-08-15,LONG,2372.1439885162026,2377.038731397586,26684.098233164877,133420.49116582438,1376.5163550908815,5.158564261991998,26.684098233164878,1349.8322568577166
121,124,2024-08-19,2024-08-22,LONG,2384.9159167843427,2395.605324636058,26886.573071693536,134432.86535846768,3012.7010272734215,11.205225073645494,26.886573071693537,2985.814454201728
126,127,2024-08-26,2024-08-27,LONG,2402.923552441106,2406.6972465136523,27334.445239823795,136672.22619911897,1073.1909664070768,3.92614869989582,27.334445239823797,1045.856521167253
129,130,2024-08-29,2024-08-30,LONG,2413.223985733494,2416.0293137735994,27491.323717998883,137456.6185899944,798.9538242373012,2.9062035441902605,27.491323717998885,771.4625005193024
137,140,2024-09-10,2024-09-13,LONG,2433.473060052166,2444.0992271864975,27607.04309307678,138035.2154653839,3013.769279054945,10.916668144770382,27.60704309307678,2986.162235961868
141,143,2024-09-16,2024-09-18,LONG,2448.4271116698637,2455.513190761803,28054.967428471056,140274.83714235527,2029.8717202197859,7.23533800349313,28.054967428471056,2001.816752791315
144,145,2024-09-19,2024-09-20,LONG,2459.573884535483,2464.6306120487134,28355.239941389755,141776.19970694877,1457.4142583945104,5.13984103610826,28.355239941389755,1429.0590184531206
146,148,2024-09-23,2024-09-25,LONG,2469.728839973591,2481.18519950298,28569.598794157722,142847.9939707886,3313.1531496365287,11.59677870700111,28.569598794157724,3284.583550842371
150,152,2024-09-27,2024-10-01,LONG,2492.467369695077,2502.0660320711177,29062.286326784077,145311.43163392038,2798.021327363904,9.627671050729486,29.062286326784076,2768.95904103712
153,154,2024-10-02,2024-10-03,LONG,2506.949628124226,2511.5903237561893,29477.63018293964,147388.1509146982,1364.1748930248198,4.627830950312771,29.47763018293964,1334.69726284188
155,156,2024-10-04,2024-10-07,LONG,2515.9850965747114,2519.940522681967,29677.834772365924,148389.17386182962,1166.4266476106493,3.930295645074317,29.677834772365927,1136.7488128382834
161,162,2024-10-14,2024-10-15,LONG,2536.537607013019,2540.457470507252,29848.347094291665,149241.73547145832,1153.1609645232006,3.8633997416350616,29.848347094291665,1123.3126174289089
168,169,2024-10-23,2024-10-24,LONG,2570.2818597635364,2575.434520627236,30016.843986906002,150084.21993453,1504.3740891255347,5.011766359520592,30.016843986906004,1474.3572451386287
172,173,2024-10-29,2024-10-30,LONG,2591.6401644243547,2597.710182767993,30237.9975736768,151189.987868384,1770.5505809279562,5.855383037894283,30.2379975736768,1740.3125833542795
175,177,2024-11-01,2024-11-05,LONG,2606.388668563562,2614.582018171171,30499.04446117994,152495.2223058997,2396.892460653009,7.858910018324812,30.49904446117994,2366.393416191829
178,179,2024-11-06,2024-11-07,LONG,2615.9748764838814,2618.837449979572,30854.003473608715,154270.01736804357,844.0625077619741,2.735666081336743,30.854003473608714,813.2085042883654
180,183,2024-11-08,2024-11-13,LONG,2620.8834892637974,2618.6857251495294,30975.98474925197,154879.92374625985,-649.3793787943448,-2.096396237443352,30.97598474925197,-680.3553635435968
186,189,2024-11-18,2024-11-21,LONG,2615.2157627612114,2618.441240832557,30873.931444720434,154369.65722360217,951.9595884703492,3.0833766349932676,30.873931444720437,921.0856570256287
194,195,2024-11-28,2024-11-29,LONG,2622.8083449958817,2623.633877369177,31012.094293274276,155060.47146637138,244.0274358172643,0.7868782853216963,31.012094293274277,213.01534152399
196,198,2024-12-02,2024-12-04,LONG,2624.0966111425864,2625.488677592389,31044.046594502877,155220.23297251438,411.71669848985175,1.326233992197256,31.044046594502877,380.67265189534885
200,201,2024-12-06,2024-12-09,LONG,2625.9261343430935,2626.978338115368,31101.14749228718,155505.7374614359,311.5543149277722,1.0017454018538545,31.101147492287183,280.45316743548506
203,205,2024-12-11,2024-12-13,LONG,2631.8052059851348,2633.819141342335,31143.2154674025,155716.0773370125,595.7927910477075,1.91307410652995,31.143215467402502,564.649575580305
208,210,2024-12-18,2024-12-20,LONG,2633.1764999217853,2631.653863182564,31227.912903739547,156139.56451869773,-451.4392358227424,-1.4456273053351654,31.227912903739547,-482.6671487264819
211,213,2024-12-23,2024-12-26,LONG,2631.0738519692977,2630.712800630623,31155.512831430573,155777.56415715287,-106.88354116768288,-0.3430646182779431,31.155512831430574,-138.03905399911346
214,215,2024-12-27,2024-12-30,LONG,2630.4173207960275,2629.6591570675296,31134.806973330706,155674.03486665353,-224.34920453820604,-0.7205736163078768,31.134806973330708,-255.48401151153675
216,217,2024-12-31,2025-01-02,LONG,2629.491098967571,2630.3598117723254,31096.484371603972,155482.42185801986,256.83595360969156,0.8259324447757301,31.096484371603974,225.7394692380876
219,220,2025-01-06,2025-01-07,LONG,2630.78477506814,2631.325920256705,31130.345291989688,155651.72645994843,160.08565897126616,0.514243120240811,31.130345291989688,128.95531367927646
224,226,2025-01-13,2025-01-15,LONG,2636.0680210003984,2639.204174538549,31149.68858904158,155748.4429452079,926.4765296509718,2.974272205009796,31.14968858904158,895.3268410619302
227,228,2025-01-16,2025-01-17,LONG,2641.545708436665,2643.4430161638406,31283.987615200873,156419.93807600436,561.7482904954098,1.7956415831799417,31.28398761520087,530.464302880209
230,231,2025-01-21,2025-01-22,LONG,2648.5942951148945,2651.940596078495,31363.557260632904,156817.78630316452,990.6377703521481,3.158563176108798,31.363557260632906,959.2742130915152
232,234,2025-01-23,2025-01-27,LONG,2655.127643327487,2661.313212670608,31507.448392596627,157537.24196298313,1835.048376553515,5.824173235763199,31.507448392596626,1803.5409281609184
235,236,2025-01-28,2025-01-29,LONG,2664.4936418605134,2667.4368720146235,31777.979531820765,158889.89765910382,877.5579919327561,2.761528595781291,31.777979531820765,845.7800124009353
237,238,2025-01-30,2025-01-31,LONG,2671.378858364685,2675.385526482906,31904.846533680906,159524.23266840453,1196.312262326169,3.7496255030196157,31.904846533680907,1164.407415792488
240,241,2025-02-04,2025-02-05,LONG,2684.735097626647,2690.393155788495,32079.50764604978,160397.5382302489,1690.1827691049036,5.268730392478545,32.079507646049784,1658.103261458854
242,244,2025-02-06,2025-02-10,LONG,2695.5781481095464,2707.196426108764,32328.223135268614,161641.11567634306,3483.466838734642,10.775311789203592,32.328223135268615,3451.138615599373
245,246,2025-02-11,2025-02-12,LONG,2713.164465142158,2719.1033060885784,32845.89392760852,164229.46963804262,1797.4079924495416,5.472245621967181,32.84589392760852,1764.562098521933
248,250,2025-02-14,2025-02-18,LONG,2730.5232449037394,2741.9624293133197,33110.57824238681,165552.89121193404,3467.815290800181,10.47343620946138,33.11057824238681,3434.704712557794