Date,Close,retorno_log,precio_vwap_ratio,MACD_Histograma,volumen_cambio
1996-05-20,391.1,-0.0033184459297394,-0.007629575930271,0.0355335492835717,0.3468208092485549
1996-05-21,391.3,0.0005112474548983,-0.006923528910119,0.0004075639886205,0.0751072961373391
1996-05-22,391.5,0.000510986214491,-0.0063152065300213,-0.0038215199958441,-0.4790419161676646
1996-05-23,392.0,0.0012763243596046,-0.0049988823228191,0.0306906799217656,-0.3448275862068966
1996-05-24,390.7,-0.0033218377294377,-0.0082797408480526,-0.0272657656420358,-0.7309941520467836
1996-05-27,391.2,0.0012789360996374,-0.0069924002969212,-0.0252076550663395,0.108695652173913
1996-05-28,391.6,0.0010219724956931,-0.0058848697662198,0.0080342140283614,5.686274509803922
1996-05-29,391.5,-0.0002553952254975,-0.0060441257528811,0.0271517216176376,0.0
1996-05-30,390.9,-0.0015337426319487,-0.0075037610200411,0.0044434655370729,-0.5131964809384164
1996-05-31,391.0,0.0002557871864566,-0.0070958793945226,0.0013722725109409,2.0180722891566263
1996-06-03,390.7,-0.0007675579243408,-0.0078276326798802,-0.0147599860263147,-0.8383233532934131
1996-06-04,388.3,-0.0061617653234031,-0.0135737750220619,-0.1722164407644827,6.851851851851852
1996-06-05,386.5,-0.004646368710145,-0.0178381628381099,-0.3713149218399361,-0.3144654088050315
1996-06-06,386.1,-0.0010354647572859,-0.0182796727057381,-0.4958857157500433,0.6307339449541285
1996-06-07,385.6,-0.0012958405338,-0.019170614503113,-0.5724653348540483,-0.2742616033755274
1996-06-10,386.5,0.002331305291086,-0.0167590258561986,-0.5243010915172508,-0.6686046511627908
1996-06-11,384.8,-0.0044081492359252,-0.0204735893218094,-0.5652055987992688,3.3625730994152043
1996-06-12,384.2,-0.0015604684570952,-0.0216996966276493,-0.5883047434690198,-0.4959785522788204
1996-06-13,384.7,0.0013005594237931,-0.0201941177779526,-0.5274926407559826,-0.199468085106383
1996-06-14,384.9,0.000519750531451,-0.0194661070256056,-0.4352175014419817,-0.0996677740863787
1996-06-17,385.6,0.0018170024466901,-0.0175144894624104,-0.2951583749770283,-0.1107011070110701
1996-06-18,385.9,0.0007777058071822,-0.016557358251607,-0.1573456418277321,0.2282157676348548
1996-06-19,384.8,-0.0028545497520215,-0.0190467725208013,-0.1171513824843943,0.625
1996-06-20,384.6,-0.000519885636872,-0.0193743355766892,-0.0825466316973688,-0.4573804573804574
1996-06-21,384.7,0.00025997660357,-0.0188532746132639,-0.0339258751881514,0.3831417624521072
1996-06-24,384.8,0.0002599090333021,-0.0184669188627083,0.0210083857064276,-0.4709141274238226
1996-06-25,384.2,-0.0015604684570952,-0.0197153813522968,0.0322998370733023,1.3089005235602094
1996-06-26,383.4,-0.0020844197229122,-0.0215211085968536,0.0028077537652217,-0.2607709750566893
1996-06-27,382.5,-0.0023501773449535,-0.0235284597936699,-0.0570888010489538,0.138036809815951
1996-06-28,380.7,-0.0047169898781389,-0.0277343099327816,-0.1902081937033402,0.202156334231806
1996-07-01,382.2,0.0039323684177208,-0.0235472564156027,-0.1512120904747678,0.0
1996-07-02,382.1,-0.0002616773533182,-0.0236095461659895,-0.1081451881941655,-0.4372197309417041
1996-07-03,382.4,0.0007848267243918,-0.0225980539833091,-0.0390108758279956,0.3386454183266931
1996-07-04,381.3,-0.002880714313728,-0.0251550968681762,-0.0464179663907411,-0.0595238095238095
1996-07-05,381.9,0.0015723273679523,-0.0234831894879671,0.0071843908958106,-0.4430379746835443
1996-07-08,382.3,0.0010468464708967,-0.0220206767903196,0.0834364565585434,2.5568181818181817
1996-07-09,383.0,0.0018293484782788,-0.0199349221335409,0.1888427919344728,-0.2715654952076677
1996-07-10,382.6,-0.0010449321744934,-0.0206530141808385,0.2363670433572764,0.131578947368421
1996-07-11,383.7,0.0028709402467541,-0.0176404777025952,0.3403083935534028,-0.2906976744186046
1996-07-12,383.9,0.0005211047538453,-0.016945359688056,0.4159505818454274,-0.0273224043715847
1996-07-15,383.3,-0.0015641296202425,-0.0182371178087605,0.417887948630498,0.3651685393258426
1996-07-16,385.2,0.0049447075374611,-0.0130919638317597,0.5321187096056783,0.4012345679012346
1996-07-17,383.5,-0.0044230591166595,-0.0173640966769834,0.4797882334076195,-0.763582966226138
1996-07-18,384.2,0.0018236295271453,-0.015416071424352,0.4778725093383642,1.2422360248447206
1996-07-19,385.2,0.0025994295895142,-0.0127380849556539,0.5257123316615628,-0.1662049861495844
1996-07-22,385.0,-0.0005193456361862,-0.0131173591085612,0.5244507226749167,0.2325581395348837
1996-07-23,384.5,-0.0012995453420855,-0.0141714685631666,0.4721387949960698,0.6469002695417789
1996-07-24,385.0,0.0012995453420856,-0.0127565366640031,0.4533133582603226,-0.3600654664484451
1996-07-25,385.2,0.0005193456361863,-0.0121663299572489,0.4362849738232215,-0.3964194373401535
1996-07-26,385.3,0.0002595717081414,-0.0118276212182903,0.4138994549139296,0.0847457627118644
1996-07-29,384.7,-0.0015584418738625,-0.0131872333887733,0.3437139485405725,0.9375
1996-07-30,385.0,0.0007795245295349,-0.0123229747593914,0.3039000801055672,-0.4133064516129032
1996-07-31,385.7,0.0018165309263977,-0.0103911290170386,0.3100440904784165,0.8762886597938144
1996-08-01,386.6,0.0023307015600485,-0.0080248441718324,0.3567284093255717,-0.4853479853479854
1996-08-02,387.8,0.0030991760343209,-0.0049087990487822,0.4447075819336551,-0.1779359430604982
1996-08-05,389.4,0.0041173501295477,-0.0007878150609357,0.5784710422508048,0.7792207792207793
1996-08-06,388.9,-0.0012848517763977,-0.0020534735431057,0.5985835589564606,-0.1824817518248175
1996-08-07,388.6,-0.0007717042183617,-0.0028111059254057,0.5578067743826844,-0.5505952380952381
1996-08-08,388.2,-0.0010298662084299,-0.0038120344295198,0.4733502209632555,0.8278145695364238
1996-08-09,387.9,-0.0007730962889884,-0.0045380380371829,0.3712462922164383,0.5072463768115942
1996-08-12,388.0,0.0002577651773521,-0.0042466226712842,0.2881147072962089,-0.2524038461538461
1996-08-13,387.5,-0.0012894908298717,-0.0055225833552392,0.1822852449930617,-0.8360128617363344
1996-08-14,386.7,-0.0020666501801502,-0.0075014523038288,0.0482161840748126,7.0588235294117645
1996-08-15,386.6,-0.0002586318390207,-0.0076873716934083,-0.0519623182157414,-0.0608272506082725
1996-08-16,386.0,-0.0015531973093997,-0.0091983176912404,-0.157437751575229,-0.6735751295336787
1996-08-19,387.6,0.0041365105517802,-0.0050567480699206,-0.1199463093223575,0.9126984126984128
1996-08-20,387.5,-0.0002580312232095,-0.0052864610712619,-0.1030280091073556,-0.0829875518672199
1996-08-21,387.1,-0.0010327912097992,-0.00626902164899,-0.1188019184792386,0.407239819004525
1996-08-22,387.7,0.0015487870932808,-0.0046920692998929,-0.0901513396514159,0.0643086816720257
1996-08-23,388.5,0.0020613251308188,-0.0026180374477685,-0.0221892570480143,-0.2719033232628398
1996-08-26,389.8,0.0033406172657582,0.0007233782962517,0.0988092355735243,-0.020746887966805
1996-08-27,388.9,-0.0023115459117589,-0.0015767586998193,0.1060829149509103,-0.2330508474576271
1996-08-28,388.4,-0.0012865047445318,-0.0028424979933902,0.0669800674159603,0.580110497237569
1996-08-29,387.9,-0.0012881619712483,-0.0040915198491026,0.0007064860348736,0.0
1996-08-30,386.8,-0.0028398108667821,-0.0068417889451441,-0.1174152228036619,0.8041958041958042
1996-09-02,387.2,0.0010335918232826,-0.0057546536167329,-0.1658480895332367,-0.2131782945736434
1996-09-03,386.9,-0.0007750936959547,-0.0064637959361771,-0.2123567725494314,0.0246305418719212
1996-09-04,385.8,-0.0028471612348384,-0.0092114024829752,-0.3057914794901231,-0.0240384615384615
1996-09-05,385.9,0.0002591680719442,-0.0088994788458419,-0.3464623501690069,-0.2955665024630541
1996-09-06,385.3,-0.001556016911461,-0.0103606737161822,-0.3958125431321047,0.2972027972027973
1996-09-09,383.8,-0.0039006680585123,-0.0139795484693694,-0.5045495090795802,1.2398921832884096
1996-09-10,382.9,-0.0023477250903507,-0.0162508134911778,-0.6053682137047751,-0.8604091456077015
1996-09-11,383.5,0.0015657623240621,-0.0146636992304236,-0.5988325701048864,0.2155172413793102
1996-09-12,382.2,-0.0033955890011382,-0.0179434949589502,-0.6452406107689944,0.1063829787234043
1996-09-13,382.7,0.0013073606254839,-0.0165261366191357,-0.6060575121203219,1.698717948717949
1996-09-16,383.0,0.0007835967489893,-0.0156726864165044,-0.5266637934051508,-0.3800475059382423
1996-09-17,383.6,0.0015653538286372,-0.0140254124981492,-0.4058831145047537,0.4406130268199233
1996-09-18,383.4,-0.0005215123977392,-0.0144652028720109,-0.3156224548620061,-0.3457446808510638
1996-09-19,383.0,-0.0010438414308981,-0.0154030809554206,-0.2612669302910808,0.2032520325203253
1996-09-20,382.1,-0.0023526347277916,-0.0175283688233494,-0.2635788069271784,0.7601351351351351
1996-09-23,381.6,-0.0013094148787227,-0.0187246372068491,-0.2751597054718389,-0.5374280230326296
1996-09-24,382.3,0.0018327011282355,-0.0167999313727604,-0.2147348163306242,0.6224066390041494
1996-09-25,382.5,0.0005230125642233,-0.0161831977780327,-0.1437650748141021,-0.1406649616368286
1996-09-26,381.4,-0.0028799601002718,-0.0187909437948794,-0.1525416685155083,0.8482142857142858
1996-09-27,381.0,-0.0010493180396176,-0.0196821020198876,-0.1658215986528581,-0.4186795491143317
1996-09-30,379.0,-0.0052631700442746,-0.0245830679010588,-0.2829582980849663,0.4986149584487533
1996-10-01,378.9,-0.0002638870578713,-0.0246208370633583,-0.3371514286760906,-0.1386321626617375
1996-10-02,380.8,0.0050019848926551,-0.0195913947613979,-0.2206480923418183,-0.2467811158798283
1996-10-03,379.9,-0.0023662427236304,-0.0218156125426497,-0.1814493719365486,-0.3703703703703703
1996-10-04,380.5,0.0015781171081607,-0.0201597241658407,-0.0966184933041494,0.3846153846153846
1996-10-07,381.2,0.0018379944783064,-0.0182543358510946,0.0189687427007467,-0.0490196078431373
1996-10-08,381.5,0.0007866789444647,-0.0173984231895384,0.1222038946182326,-0.1030927835051546
1996-10-09,381.5,0.0,-0.0172594543425962,0.1928614157373958,0.6896551724137931
1996-10-10,382.2,0.0018331810816609,-0.0153601693421213,0.2836287194866931,-0.2154195011337868
1996-10-11,381.6,-0.0015710922320411,-0.0167852676333434,0.2986328631621011,0.1589595375722543
1996-10-14,381.8,0.0005239717175157,-0.0161838587673339,0.3157370702266375,-0.2743142144638404
1996-10-15,381.0,-0.0020975361649463,-0.0182353000954686,0.2687236330731071,-0.8934707903780069
1996-10-16,382.0,0.0026212334798742,-0.0155779159842007,0.2982463401052191,8.064516129032258
1996-10-17,380.3,-0.0044601936723611,-0.0199444621637738,0.2012053344289681,-0.8540925266903915
1996-10-18,380.4,0.0002629157370211,-0.0195430965184105,0.1443369026589765,9.146341463414634
1996-10-21,382.2,0.0047207011349373,-0.0148089241691727,0.22379005459777,-0.2163461538461538
1996-10-22,384.3,0.0054794657646255,-0.0093095521646972,0.4031571050454198,0.4294478527607361
1996-10-23,384.0,-0.0007809449830713,-0.0100354354451176,0.4816642644949384,-0.4184549356223176
1996-10-24,383.3,-0.0018245802012174,-0.0117676664513689,0.4662140474058447,0.3505535055350552
1996-10-25,383.0,-0.0007829832058634,-0.0124639652454706,0.4171475622768777,-0.040983606557377
1996-10-28,383.2,0.0005220569160595,-0.0119070874715016,0.380541266059001,-0.4273504273504274
1996-10-29,380.9,-0.0060201726121471,-0.0177093385085093,0.1932522473283622,1.3184079601990049
1996-10-30,380.5,-0.0010506961828177,-0.0186265673198725,0.0421493174694225,-0.2253218884120171
1996-10-31,378.6,-0.005005938526518,-0.0233203033407466,-0.1741743702037986,0.5401662049861495
1996-11-01,378.1,-0.0013215278783353,-0.0244681513442365,-0.3302954122069064,-0.368705035971223
1996-11-04,379.1,0.0026413116254019,-0.0217815052968552,-0.3440191734406184,-0.1566951566951566
1996-11-05,379.6,0.0013180442134837,-0.0204205028435952,-0.2988963981651783,-0.304054054054054
1996-11-06,378.2,-0.0036949105114157,-0.0238821835352482,-0.3398274801961023,0.9223300970873788
1996-11-07,379.1,0.0023768662979321,-0.0213467458905139,-0.2849946155428335,0.606060606060606
1996-11-08,379.3,0.0005274261725641,-0.0206686831085519,-0.217035998031103,-0.2594339622641509
1996-11-11,381.0,0.0044719264318477,-0.0161715780700652,-0.0481917512741196,-0.1273885350318471
1996-11-12,382.6,0.0041906818794516,-0.0119904383537408,0.1687626313650283,-0.4014598540145985
1996-11-13,383.4,0.0020887736053914,-0.0098434044699107,0.3530596326606325,1.178861788617886
1996-11-14,382.8,-0.0015661710327448,-0.0112792054093822,0.4170770430002458,0.1119402985074626
1996-11-15,380.0,-0.0073414068583677,-0.0183598910826093,0.261000174151978,-0.075503355704698
1996-11-18,379.3,-0.0018438040255781,-0.0199506246058052,0.1085765042386162,0.4990925589836661
1996-11-19,378.7,-0.0015831137871041,-0.0213080491432999,-0.0274328121457502,-0.2421307506053268
1996-11-20,378.6,-0.0002640961325266,-0.0214559835411159,-0.1140527397906022,-0.4233226837060703
1996-11-21,378.0,-0.0015860431556348,-0.022759951011474,-0.1968244783095379,0.9418282548476452
1996-11-22,376.4,-0.0042417879083631,-0.0267517454926499,-0.3362142761472801,-0.449358059914408
1996-11-25,375.7,-0.0018614551313013,-0.028385887440566,-0.4455819353781685,0.0906735751295337
1996-11-26,374.8,-0.0023984022156559,-0.0306033594814146,-0.5421470277382325,-0.4275534441805225
1996-11-27,373.3,-0.0040101644437289,-0.0342958939147178,-0.66268055305223,0.6431535269709543
1996-11-29,371.9,-0.0037573849895139,-0.0377880770193301,-0.7840263118181754,-0.3787878787878788
1996-12-02,369.5,-0.0064742605427678,-0.0436548920920726,-0.9615507268481291,1.4024390243902438
1996-12-03,368.8,-0.0018962487058176,-0.0447978396126581,-1.0542991149837104,0.8206429780033841
1996-12-04,370.9,0.0056779928131062,-0.0391000744942049,-0.9079570884455994,-0.5622676579925651
1996-12-05,371.2,0.0008085164165005,-0.0378339354453676,-0.7322316897973566,0.9235668789808916
1996-12-06,369.2,-0.0054024982833484,-0.0424944891258849,-0.6924129011749391,0.1214128035320087
1996-12-09,369.0,-0.0005418585881698,-0.0428002187657317,-0.6234151655308029,-0.6299212598425197
1996-12-10,368.7,-0.0008133388004283,-0.0433864761790637,-0.5447064836150859,-0.0930851063829787
1996-12-11,368.8,0.00027118644234,-0.0428158148276782,-0.4372686460885338,0.6598240469208212
1996-12-12,369.0,0.0005421523580884,-0.042104738281374,-0.3100776093005324,-0.3798586572438163
1996-12-13,368.9,-0.0002710394378972,-0.0421822020822153,-0.19561178377156,-0.0227920227920227
1996-12-16,368.3,-0.0016277811516101,-0.0435353360244081,-0.1265853549369855,0.0670553935860058
1996-12-17,368.9,0.0016277811516101,-0.0417390918239791,-0.0127882288926173,0.2185792349726776
1996-12-18,369.5,0.0016251357856264,-0.0400295506931423,0.1231340163826417,-0.3363228699551569
1996-12-19,369.3,-0.0005414185297389,-0.0403636257616639,0.2144638106739695,0.2533783783783783
1996-12-20,369.0,-0.0008126778179903,-0.0409786296610418,0.2661856890679193,-0.1347708894878706
1996-12-23,368.9,-0.0002710394378972,-0.0411434037894611,0.3025275885128353,-0.4205607476635514
1996-12-24,368.5,-0.0010848929732386,-0.04216417566682,0.3074896919765404,-0.8064516129032258
1996-12-26,369.1,0.0016268984065616,-0.0404990805741251,0.3556402581947839,4.861111111111111
1996-12-27,369.8,0.0018947089170715,-0.0386108573737853,0.4339075742164269,-0.3317535545023696
1996-12-30,369.6,-0.0005409791854953,-0.0389639795154061,0.4685237229520509,1.4893617021276595
1996-12-31,367.9,-0.0046101776568005,-0.0431305300634803,0.3771711739155718,0.3988603988603989
1997-01-02,365.7,-0.005997836955393,-0.04852507530283,0.1788842558000181,0.1832993890020366
1997-01-03,361.2,-0.0123815036125051,-0.0598148061345872,-0.2232208654742034,0.0688468158347677
1997-01-06,358.1,-0.0086195445384432,-0.0673522269291189,-0.642142778119057,0.1127214170692432
1997-01-07,359.1,0.00278862422765,-0.0644084680179476,-0.7865285559672697,-0.3473227206946454
1997-01-08,356.1,-0.0083893109483051,-0.0715755321998392,-1.0047494597059572,0.753880266075388
1997-01-09,357.5,0.0039237718503302,-0.0675248977013943,-0.9747215415053984,-0.3792667509481668
1997-01-10,359.3,0.0050223319854106,-0.0626268653500752,-0.7629215310971142,-0.4276985743380855
1997-01-13,358.9,-0.0011138959659115,-0.063273444077411,-0.5869532092384424,0.9786476868327404
1997-01-14,353.8,-0.0143120164278765,-0.0759318841265578,-0.7412732806439504,0.4586330935251799
1997-01-15,352.5,-0.0036811594733615,-0.0786424957489703,-0.8503253707951881,0.0
1997-01-16,354.2,0.0048111030964098,-0.0736750055026692,-0.7318966215408165,-0.191122071516646
1997-01-17,355.6,0.0039447782910165,-0.0696759484243598,-0.4945726786107371,-0.3353658536585365
1997-01-20,354.1,-0.0042271445218915,-0.0731622344145945,-0.3791124388098641,0.2637614678899083
1997-01-21,353.2,-0.0025448903880531,-0.0749301967341687,-0.3069319515722961,0.3448275862068966
1997-01-22,351.2,-0.0056786069688433,-0.0796812891700211,-0.3351620653827245,-0.2226720647773279
1997-01-23,351.3,0.0002846975108197,-0.0787264264774986,-0.2900667332790183,0.3732638888888888
1997-01-24,352.8,0.0042607648608549,-0.0742462524419659,-0.1113705539472666,-0.11378002528445
1997-01-27,356.7,0.0109937682322095,-0.0636076676758493,0.2951127283291512,-0.1854493580599143
1997-01-28,353.6,-0.0087287616013573,-0.0710864295938795,0.3756637600965238,0.6217162872154116
1997-01-29,351.5,-0.0059566195127688,-0.0761281201190847,0.3106656035316932,-0.3347732181425485
1997-01-30,345.9,-0.0160599953075966,-0.0900998703894614,-0.0662225468654318,0.4139610389610388
1997-01-31,344.3,-0.0046363455986448,-0.0937244483531066,-0.3634186136109623,-0.2640642939150401
1997-02-03,346.3,0.0057920810638981,-0.0880872038068413,-0.3645138230278357,-0.3510140405616224
1997-02-04,344.6,-0.0049211273145469,-0.0920133794935344,-0.4152558941997091,0.5048076923076923
1997-02-05,344.9,0.0008701958489658,-0.090508011587506,-0.3658738934660785,0.279552715654952
1997-02-06,342.7,-0.006399091062232,-0.0957474167439257,-0.4150350091983945,-0.2247191011235955
1997-02-07,342.0,-0.0020446918179579,-0.0967799876055826,-0.4267114898470048,0.4025764895330113
1997-02-10,341.4,-0.001755926702265,-0.0978026554298553,-0.4069268988312817,-0.2985074626865671
1997-02-11,340.1,-0.0038151183471903,-0.1006248675064206,-0.4122051545091452,0.067103109656301
1997-02-12,343.0,0.0084907551527901,-0.091585532306079,-0.1639419351001887,1.371165644171779
1997-02-13,341.2,-0.0052616315484158,-0.0958498091579158,-0.0693475623292254,-0.6209573091849936
1997-02-14,345.0,0.0110756014138358,-0.0850553646421848,0.2815083355999164,0.5375426621160408
1997-02-17,344.5,-0.0014503265776465,-0.0857070522295037,0.4995339781000725,-0.0665926748057713
1997-02-18,346.1,0.0046336601875853,-0.0810724442600509,0.7557534804325181,-0.380499405469679
1997-02-19,345.5,-0.001735107433574,-0.0823063000337774,0.8803593290208838,-0.0575815738963532
1997-02-20,350.9,0.0155086393814448,-0.0672689350185858,1.296839710655041,1.158859470468432
1997-02-21,352.5,0.0045493396631539,-0.0624637657530724,1.6289659227150923,-0.0745283018867924
1997-02-24,353.0,0.0014174346809733,-0.0608341198367702,1.8168977976059837,-0.4495412844036697
1997-02-25,354.5,0.0042402890388854,-0.0565331255315302,1.9642763422595708,0.0944444444444445
1997-02-26,354.5,0.0,-0.0561218769209112,1.978307539483982,0.3891708967851099
1997-02-27,358.9,0.0123354521813794,-0.0439120554909171,2.184312421907956,0.4628501827040194
1997-02-28,360.9,0.0055571134951812,-0.0382566663214554,2.341702691710209,-0.2123230641132389
1997-03-03,362.1,0.0033195051228527,-0.0349207246952007,2.4039802609583023,-0.5126849894291754
1997-03-04,359.2,-0.0080410803435511,-0.0423831755633152,2.1362467601071864,0.6529284164859002
1997-03-05,353.1,-0.0171280334937037,-0.0581477548818926,1.4666182837168682,0.4068241469816274
1997-03-06,352.4,-0.0019844088723164,-0.0597764171955306,0.9214655187795066,-0.5606343283582089
1997-03-07,349.3,-0.008835742249238,-0.0675610974148051,0.3276469275727951,0.881104033970276
1997-03-10,352.0,0.0077000237853108,-0.0601281501502528,0.1038501675822728,-0.5191873589164786
1997-03-11,354.0,0.0056657375356773,-0.0545209612852324,0.078798658638294,0.2934272300469482
1997-03-12,352.3,-0.0048138277865825,-0.0587187404905988,-0.0566748899982805,0.2813067150635209
1997-03-13,353.6,0.0036832454162963,-0.054980748379641,-0.062674921613305,-0.2053824362606232
1997-03-14,352.5,-0.0031157085111651,-0.0576842712241841,-0.1402284738445109,-0.1158645276292335
1997-03-17,348.0,-0.012848142477849,-0.0692590660609224,-0.4752253491396078,0.7258064516129032
1997-03-18,349.6,0.0045871640069061,-0.0645603576780403,-0.5636507380794924,-0.1051401869158878
1997-03-19,352.2,0.0074095522807252,-0.0571386505493475,-0.4277921533866367,0.2676240208877285
1997-03-20,351.7,-0.0014206565821689,-0.0581467627827044,-0.3553383836123002,-0.2615859938208033
1997-03-21,353.1,0.0039727634544039,-0.0541301245844045,-0.2043602205019691,-0.1617852161785216
1997-03-24,350.4,-0.0076759438721045,-0.0609802202617576,-0.2732656570808339,0.341098169717138
1997-03-25,347.8,-0.0074477571420536,-0.0675469548264132,-0.4693731431550811,-0.0173697270471464
1997-03-26,350.5,0.0077331045544621,-0.059876914186051,-0.3956247164963083,0.1060606060606059
1997-03-27,348.4,-0.0060094614962971,-0.0652569053274264,-0.4620249236724427,-0.4166666666666666
1997-03-28,349.1,0.0020071691326427,-0.063353742101601,-0.4330442638762503,-0.9001956947162426
1997-03-31,351.5,0.0068512971397292,-0.056661442991999,-0.2363229146077251,9.803921568627452
1997-04-01,351.6,0.0002844545603024,-0.0562218462333827,-0.0910194081055004,-0.3176043557168784
1997-04-02,349.3,-0.0065630139982356,-0.0621558230960214,-0.138515600753571,0.3856382978723405
1997-04-03,349.0,-0.0008592296103592,-0.0625639591801029,-0.1764140480674937,0.5950095969289828
1997-04-04,349.0,0.0,-0.0622924710163592,-0.1867627328670503,-0.3249097472924187
1997-04-07,348.4,-0.0017206772240794,-0.0636540005576501,-0.2171661933367756,-0.0730837789661319
1997-04-08,348.7,0.0008607087032578,-0.0626698750907248,-0.2006149359151627,-0.2769230769230769
1997-04-09,348.3,-0.0011477763096498,-0.0635540574038569,-0.1997161379001744,0.0664893617021276
1997-04-10,348.3,0.0,-0.0633482087833816,-0.1826928556760825,0.0872817955112219
1997-04-11,347.2,-0.0031631945857604,-0.0659094415431525,-0.2262384839431107,0.8830275229357798
1997-04-14,346.6,-0.0017296055046893,-0.0673207192771765,-0.2730403229246269,-0.4969549330085262
1997-04-15,342.2,-0.0127760158234127,-0.078606540342183,-0.5613144703437437,1.4358353510895885
1997-04-16,340.2,-0.0058616814963317,-0.0834669219111665,-0.8313852330547418,-0.1292246520874751
1997-04-17,342.8,0.0076135067618633,-0.0759912560839442,-0.7804327625575374,-0.0285388127853881
1997-04-18,341.7,-0.0032140276023786,-0.0786652416110884,-0.7652867534315071,-0.381903642773208
1997-04-21,343.0,0.0037972880446937,-0.0750051689634733,-0.6184708829574077,-0.4562737642585551
1997-04-22,341.6,-0.004089985251525,-0.0785290222131791,-0.5677212968531398,0.6118881118881119
1997-04-23,341.1,-0.0014647724898147,-0.0797980572451537,-0.5211147247322767,-0.6941431670281996
1997-04-24,341.0,-0.0002932121410832,-0.079816790476579,-0.4528333156415938,2.198581560283688
1997-04-25,342.2,0.0035128841745762,-0.0763043781651492,-0.2905509012557408,0.1330376940133038
1997-04-28,339.8,-0.0070381522202613,-0.0824765481676069,-0.3069389556412591,0.0684931506849315
1997-04-29,340.1,0.0008824827753181,-0.0814679175621194,-0.2614478412646246,-0.3571428571428571
1997-04-30,339.6,-0.0014712375759575,-0.0825326042711872,-0.2300150206312183,0.4558404558404558
1997-05-01,340.5,0.0026466711523748,-0.0798268584041237,-0.1191724464554941,-0.0293542074363992
1997-05-02,340.0,-0.0014695079793599,-0.0811272339728398,-0.0534410393121222,-0.8165322580645161
1997-05-05,343.2,0.0093677500036,-0.0722457835092082,0.2168169723694153,3.956043956043956
1997-05-06,340.4,-0.0081919709145881,-0.0793671509427973,0.2177007732405744,0.8869179600886918
1997-05-07,341.2,0.0023474189183051,-0.0769634003016741,0.2789471127644178,-0.4582843713278496
1997-05-08,344.0,0.0081728417558743,-0.0690705601651625,0.5018164385165771,0.4338394793926248
1997-05-09,347.7,0.0106983816404172,-0.0588452825220677,0.8705968988145683,-0.2571860816944024
1997-05-12,347.7,0.0,-0.0584041987395531,1.0733899278063972,1.3014256619144602
1997-05-13,349.1,0.0040183750971746,-0.0544303500268235,1.2484127614619138,-0.588495575221239
1997-05-14,347.4,-0.0048815603039859,-0.0588101096864386,1.1961746454808746,0.2387096774193549
1997-05-15,347.8,0.0011507481131781,-0.0574449075962993,1.135522947441855,0.2517361111111111
1997-05-16,344.3,-0.0101142315757046,-0.066645668088765,0.8213002660215679,-0.0818307905686546
1997-05-19,341.9,-0.0069950736992226,-0.0727622170140912,0.4329437976539237,0.2416918429003021
1997-05-20,343.3,0.0040864038183909,-0.0687031792617787,0.2600003516549269,-0.3175182481751825
1997-05-21,342.7,-0.0017492715830832,-0.0702417129801795,0.1029116750181882,-0.6595365418894831
1997-05-22,342.9,0.0005834305883113,-0.0695306574228352,0.0148148831957972,0.9424083769633508
1997-05-23,342.8,-0.0002916727452497,-0.0695860703211083,-0.0446000176804429,0.2695417789757413
1997-05-27,344.3,0.0043661836208533,-0.0653646997649463,0.0192868768803876,-0.2653927813163482
1997-05-28,344.5,0.0005807201092351,-0.0646800955751702,0.07410096983083,-0.0578034682080924
1997-05-29,345.5,0.0028985527540112,-0.0618056054618842,0.1712402011275853,0.1687116564417177
1997-05-30,344.9,-0.0017381232649294,-0.0631365878295908,0.1873172569811547,0.9448818897637796
1997-06-02,344.2,-0.0020316361653561,-0.0649527250319145,0.1449346255674371,-0.728744939271255
1997-06-03,343.5,-0.002035772115035,-0.0665944429876674,0.067802026970736,2.0398009950248754
1997-06-04,341.5,-0.0058394326515593,-0.0717348730657795,-0.1101852570608707,0.0900163666121112
1997-06-05,343.1,0.0046742708535592,-0.0671111175661645,-0.1120611922715688,-0.0825825825825825
1997-06-06,343.9,0.0023289675738164,-0.0646104040847209,-0.0542543271908249,0.2782324058919803
1997-06-09,344.3,0.0011624529062577,-0.0633486394212537,0.0125268205349307,-0.4481434058898847
1997-06-10,343.8,-0.0014532773957291,-0.0646652409480197,0.0239676480535996,-0.7540603248259861
1997-06-11,344.0,0.0005815644246494,-0.063949689562434,0.0447402254572812,3.018867924528302
1997-06-12,341.8,-0.0064158866919078,-0.0697605020935654,-0.0829915351158611,-0.0352112676056337
1997-06-13,341.3,-0.0014639147688291,-0.0709616187609639,-0.1884278447838329,-0.1094890510948904
1997-06-16,342.4,0.0032177883549255,-0.0678802566244623,-0.1718249248995348,-0.4508196721311475
1997-06-17,342.0,-0.0011689072049818,-0.0688410015551056,-0.1749354046859217,0.4975124378109452
1997-06-18,339.4,-0.0076313842624792,-0.0756719617089451,-0.3302389522095353,0.8338870431893688
1997-06-19,340.2,0.0023543271616355,-0.0733317889781342,-0.3550601591803638,-0.3659420289855072
1997-06-20,337.9,-0.0067836862415171,-0.0793567354697076,-0.4938218981819281,0.4485714285714286
1997-06-23,339.6,0.0050184607169482,-0.0745805527966191,-0.4403290603475459,-0.3964497041420118
1997-06-24,337.8,-0.0053144500634925,-0.0792487704125511,-0.4914971856584046,0.65359477124183
1997-06-25,337.6,-0.0005922416518976,-0.0795427280360345,-0.5023539737547491,0.0494071146245058
1997-06-26,338.5,0.0026623296305276,-0.0768634623275018,-0.4160308693519354,-0.0941619585687382
1997-06-27,334.8,-0.0109907537370093,-0.0866135925897324,-0.5659355258486982,0.4158004158004158
1997-06-30,334.2,-0.0017937224540269,-0.0878669992153787,-0.6569202772106426,0.1027900146842877
1997-07-01,334.2,0.0,-0.0876905271872407,-0.6664177500070743,-0.5459387483355527
1997-07-02,331.4,-0.0084135111688308,-0.0950431123464357,-0.8015132598864767,0.5718475073313782
1997-07-03,325.5,-0.0179636433438385,-0.1103175427896642,-1.2042572032945484,1.6044776119402986
1997-07-04,324.7,-0.0024607825398237,-0.1120156527099689,-1.425430665377771,-0.4512893982808023
1997-07-07,316.7,-0.0249467255642062,-0.1328588629045125,-1.9774433236829931,0.9203655352480418
1997-07-08,320.5,0.0119273228161307,-0.1217600540986677,-1.9503267386748824,-0.3059143439836845
1997-07-09,318.5,-0.0062598013485066,-0.1265532031557218,-1.9273419207446123,-0.029382957884427
1997-07-10,320.1,0.0050109719635994,-0.1216831605395385,-1.6740153246673932,-0.2734611503531786
1997-07-11,321.6,0.0046750903289939,-0.1171973992576863,-1.2921611101166135,-0.2069444444444445
1997-07-14,320.0,-0.0049875415110391,-0.1211882729444742,-1.0446553644986842,0.0910683012259194
1997-07-15,318.3,-0.005326661505725,-0.1254026314942747,-0.898332082108757,0.1091492776886036
1997-07-16,318.3,0.0,-0.1247646561919469,-0.7125610066716419,0.4052098408104196
1997-07-17,324.0,0.0177491815042822,-0.1086356316338939,-0.1464184910986139,-0.2368692070030895
1997-07-18,329.2,0.0159219530105852,-0.0938199257032223,0.5968802334094345,0.2699055330634279
1997-07-21,325.8,-0.0103817726349698,-0.1028883406322626,0.862059770590041,-0.4303931987247609
1997-07-22,325.5,-0.0009212345193208,-0.1032407016859449,1.0095322635750827,0.6436567164179106
1997-07-23,323.3,-0.0067817769172364,-0.1090614999479053,0.9519430203639904,-0.5221339387060159
1997-07-24,323.5,0.0006184292095677,-0.1075676999011111,0.9198366993627864,3.016627078384798
1997-07-25,326.2,0.0083115762459582,-0.0997269030406019,1.0628333123590297,-0.5706682436428149
1997-07-28,328.9,0.0082430630080977,-0.0918658222573027,1.3056625212254382,0.1101928374655647
1997-07-29,326.2,-0.0082430630080977,-0.098988886844436,1.2507441051097965,-0.1985111662531017
1997-07-30,326.3,0.0003065134123614,-0.0984119648025698,1.1879209199810314,-0.0851393188854489
1997-07-31,324.8,-0.004607595311752,-0.1021268619728325,1.0186206997739244,0.3908629441624365
1997-08-01,324.9,0.0003078343875315,-0.1016312507351445,0.891244353568986,-0.4951338199513382
1997-08-04,324.2,-0.0021568333734788,-0.103354080632458,0.7437369007195631,-0.0337349397590361
1997-08-05,320.9,-0.0102310611857645,-0.1119620598786875,0.4237231918874342,1.2867830423940148
1997-08-06,318.8,-0.0065656011997511,-0.1174078365075629,0.0879769969379378,-0.3227917121046891
1997-08-07,322.1,0.0102981094210931,-0.1078849658460273,0.1043852220559626,0.1111111111111111
1997-08-08,327.3,0.0160151251699817,-0.0929354010415288,0.4616725152509922,0.5797101449275361
1997-08-11,328.6,0.0039640240960328,-0.0891026677392177,0.7639454801553685,-0.544954128440367
1997-08-12,327.3,-0.0039640240960329,-0.0923730811484162,0.8482237693835466,0.4133064516129032
1997-08-13,327.1,-0.0006112469627965,-0.0925744797214974,0.8597153686229906,0.0855920114122681
1997-08-14,324.7,-0.0073642554355381,-0.0988183178143376,0.6826249464423806,0.1195795006570301
1997-08-15,325.8,0.0033820170591444,-0.0956223473723595,0.6184243222634391,-0.6584507042253521
1997-08-18,321.7,-0.0126642619229641,-0.1064889447081433,0.2950849732622964,2.508591065292096
1997-08-19,323.5,0.0055796796959745,-0.1013209407100161,0.2021241330422454,-0.6758080313418218
1997-08-20,321.7,-0.0055796796959746,-0.1060370015059501,0.0282289682792213,0.6646525679758308
1997-08-21,323.7,0.006197726687218,-0.100301330324507,0.0551643917144692,-0.3629764065335753
1997-08-22,324.9,0.0037002817428559,-0.0963624252552068,0.1553846758306911,2.618233618233618
1997-08-25,324.9,0.0,-0.0961366448270463,0.2193494282700517,-0.621259842519685
1997-08-26,326.1,0.003686640120219,-0.0925462364803666,0.3333180326854306,0.1455301455301454
1997-08-27,325.7,-0.0012273705130857,-0.093451850472583,0.3697856988881463,-0.1814882032667876
1997-08-28,324.2,-0.004616102980612,-0.0973128125100228,0.2847233365323366,0.5099778270509978
1997-08-29,325.5,0.0040018523470482,-0.0934505962520068,0.3059879329094079,-0.2202643171806168
1997-09-01,324.8,-0.0021528533611009,-0.0952891043484875,0.2644487458151427,-0.5461393596986817
1997-09-02,322.8,-0.0061766718917291,-0.1005483102835124,0.1021572216331364,1.7219917012448134
1997-09-03,322.2,-0.0018604656529197,-0.1019894519096161,-0.0382000458299546,-0.2820121951219512
1997-09-04,321.6,-0.0018639334380626,-0.1033415652356523,-0.1573645205974471,0.3927813163481952
1997-09-05,322.8,0.0037243990909824,-0.0998649689656736,-0.1417685043529502,-0.586890243902439
1997-09-08,321.7,-0.0034135021508131,-0.1028037358457125,-0.1889822997117652,-0.03690036900369
1997-09-09,321.6,-0.0003108969401692,-0.1029242595779274,-0.2088406502795786,0.2452107279693487
1997-09-10,321.9,0.0009324009999509,-0.1019771942203563,-0.1845090748511286,-0.3046153846153846
1997-09-11,324.4,0.0077363839364954,-0.0946453587156871,0.0070637826034212,2.433628318584071
1997-09-12,323.9,-0.0015424960639742,-0.0957456752854665,0.1019485786406537,-0.1675257731958762
1997-09-15,323.3,-0.0018541414458961,-0.0971137331106063,0.1246430253279484,0.0386996904024767
1997-09-16,321.0,-0.0071395616013715,-0.103290039067333,-0.0078738359513805,-0.2309985096870342
1997-09-17,320.5,-0.001558846769291,-0.1045159513860693,-0.115837644342805,-0.3197674418604651
1997-09-18,320.9,0.0012472717550864,-0.1032347614196184,-0.1450525187593265,-0.0284900284900284
1997-09-19,321.1,0.0006230529796572,-0.1024265710366005,-0.135810523720657,0.5571847507331378
1997-09-22,321.2,0.0003113809771383,-0.101957813476713,-0.1090212153190518,-0.2448210922787194
1997-09-23,321.7,0.0015554521723739,-0.1004746278295603,-0.0468623837336551,-0.5486284289276808
1997-09-24,323.4,0.0052705128980258,-0.0954820505487157,0.1108949165305478,1.9281767955801103
1997-09-25,327.4,0.012292717794028,-0.084001638060647,0.4668294613852314,0.3415094339622642
1997-09-26,327.0,-0.001222494039781,-0.0849476015799061,0.6464572672526404,-0.3938115330520394
1997-09-29,328.5,0.0045766670274118,-0.0805469380603623,0.8259431927240806,0.2320185614849188
1997-09-30,334.7,0.0186977702926157,-0.0628415078938053,1.2939917698481151,1.0169491525423728
1997-10-01,334.0,-0.0020936152405805,-0.0644213176988637,1.4750787974809632,0.2521008403361344
1997-10-02,331.7,-0.0069100470236936,-0.0706839160421187,1.3613407389756746,-0.5853840417598807
1997-10-03,335.1,0.010198048790258,-0.0609170175112228,1.4294322780058255,0.4226618705035971
1997-10-06,332.8,-0.0068872857962111,-0.0671989550333284,1.2409029660878268,-0.327433628318584
1997-10-07,331.7,-0.0033107629940468,-0.0700632258809781,0.9751646221409684,0.3007518796992481
1997-10-08,333.5,0.0054119194026716,-0.0648528005964237,0.8578122234491978,-0.2326589595375722
1997-10-09,328.0,-0.0166292569715347,-0.0797956352148175,0.3717929937411752,1.6195856873822976
1997-10-10,329.8,0.0054728017413549,-0.0745980644254219,0.1452000221757836,-0.693745506829619
1997-10-13,328.7,-0.0033409294553249,-0.0774881215786271,-0.0923133840037411,0.3427230046948357
1997-10-14,328.2,-0.0015223020141832,-0.0787349027047645,-0.2857196626454166,-0.229020979020979
1997-10-15,325.6,-0.0079535445276052,-0.0858490584107993,-0.5747076526390151,0.1179138321995465
1997-10-16,326.1,0.0015344486668882,-0.0842181163592872,-0.7093105467905918,0.2393509127789046
1997-10-17,325.5,-0.0018416211466495,-0.0856196555199745,-0.8086745156570274,0.2127659574468086
1997-10-20,323.9,-0.0049276354713404,-0.0899644507517624,-0.9427171164255208,-0.4844804318488529
1997-10-21,323.1,-0.0024729533468308,-0.0920143353041383,-1.0382661031517335,0.2984293193717278
1997-10-22,322.6,-0.001548707139344,-0.0932356547079319,-1.0831674849559985,-0.0806451612903226
1997-10-23,323.8,0.0037128755524262,-0.0896907273970744,-0.9830113382817258,-0.043859649122807
1997-10-24,308.7,-0.0477561097354212,-0.1312669692824594,-1.835173732242514,3.0986238532110093
1997-10-27,312.0,0.0106332563013688,-0.1215343156104624,-2.0611314307760304,-0.5209848908785675
1997-10-28,316.0,0.0127390257774297,-0.1099070113500921,-1.8333809817550564,-0.1226635514018691
1997-10-29,314.1,-0.0060308070423111,-0.1148284917169968,-1.7055396809237666,0.2063914780292943
1997-10-30,316.6,0.0079277409023109,-0.1073524168606694,-1.3623361601275883,0.0375275938189845
1997-10-31,311.7,-0.0155979606736204,-0.1206716487112653,-1.371284740363437,0.1074468085106383
1997-11-03,313.7,0.0063959284233411,-0.114705631242161,-1.1570190201959245,-0.3458213256484149
1997-11-04,314.1,0.0012742913479685,-0.1132096994828315,-0.9135502457439824,0.1615271659324522
1997-11-05,313.8,-0.0009555662456686,-0.1137938544773679,-0.7071307969637513,-0.2781289506953224
1997-11-06,312.7,-0.0035115758351366,-0.1166156998556191,-0.5841964332768597,0.0525394045534151
1997-11-07,310.5,-0.0070603630902621,-0.1223493091512145,-0.5889012543926477,0.6322795341098171
1997-11-10,310.4,-0.0003221130644698,-0.1223299710856264,-0.5380018901652606,-0.3771661569826707
1997-11-11,309.9,-0.0016121235153611,-0.1232407501432621,-0.4792199789696822,0.7283142389525368
1997-11-12,307.7,-0.0071243824657063,-0.1291225685814136,-0.525976674183847,-0.3541666666666666
1997-11-13,308.0,0.0009745006455784,-0.128108755253494,-0.4756888932693712,-0.5219941348973607
1997-11-14,303.6,-0.0143887374520995,-0.1397429687278547,-0.6660705120868045,3.6656441717791415
1997-11-17,304.1,0.0016455491618441,-0.1379835364884604,-0.6830942669302429,-0.5785667324128863
1997-11-18,307.0,0.0094911529038781,-0.1295137688956763,-0.4358489546029336,-0.2496099843993759
1997-11-19,305.8,-0.0039164540922351,-0.132543992575823,-0.2965849522629478,0.498960498960499
1997-11-20,303.0,-0.0091984879855928,-0.1402645527662107,-0.3337342772120344,-0.4230235783633842
1997-11-21,304.0,0.0032948958968524,-0.1371444237209881,-0.2362408585792677,0.3004807692307691
1997-11-24,303.2,-0.0026350476380051,-0.1390092407037281,-0.1738000970062803,0.4436229205175601
1997-11-25,300.6,-0.0086121764493423,-0.1459696406596732,-0.2510785789901559,0.0
1997-11-26,296.8,-0.0127219660256487,-0.1562283338255641,-0.4878882480134692,0.1920614596670935
1997-11-28,296.6,-0.0006740815893935,-0.1566999723380702,-0.5814194345302495,-0.8216970998925887
1997-12-01,294.1,-0.0084645841438823,-0.1634091403628048,-0.7256988389075687,3.072289156626506
1997-12-02,293.9,-0.0006802721350778,-0.1635787718737344,-0.7457882370673188,-0.0073964497041419
1997-12-03,292.6,-0.0044330848388475,-0.1666764837955726,-0.7554842537922593,0.4813710879284649
1997-12-04,286.5,-0.0210679524312297,-0.1835205988086207,-1.062760504060007,-0.1539235412474848
1997-12-05,288.4,0.0066098692559997,-0.1778431653370494,-1.027482794131946,-0.5101070154577884
1997-12-08,288.1,-0.0010407633203111,-0.1784203734717986,-0.9174052334468143,0.0703883495145631
1997-12-09,283.0,-0.0178607444472452,-0.1923130978764449,-1.0704488572725612,1.2471655328798188
1997-12-10,286.8,0.0133382110822278,-0.1808335875483358,-0.8099719649392405,-0.0050454086781028
1997-12-11,284.3,-0.0087550900685111,-0.1875439294852988,-0.7041682455175904,-0.3184584178498986
1997-12-12,283.1,-0.0042298265391001,-0.1906380770911612,-0.6162891753309596,-0.2395833333333333
1997-12-15,284.6,0.0052844935378979,-0.1859570156887922,-0.3705393540984882,0.1956947162426614
1997-12-16,284.0,-0.0021104474945459,-0.1872058404264245,-0.1718943761630873,0.1963993453355155
1997-12-17,289.4,0.0188355760361773,-0.1710900895289173,0.3701106655373749,0.4678522571819425
1997-12-18,287.6,-0.0062391883504917,-0.1756013868857044,0.6385836067494957,-0.0018639328984156
1997-12-19,289.3,0.0058935861351976,-0.1703978872137842,0.9434444935140308,-0.4855275443510738
1997-12-22,291.0,0.005859055189403,-0.1653174275435228,1.252981027316249,-0.3629764065335753
1997-12-23,294.3,0.0112763880679345,-0.1555945827137216,1.6484742144075408,0.3190883190883191
1997-12-24,296.7,0.0081218720573489,-0.1484824802305084,2.015917856511986,-0.0863930885529157
1997-12-26,294.9,-0.0060852114755455,-0.153438985592868,2.073889711730189,-0.0756501182033096
1997-12-29,291.4,-0.0119394220601261,-0.1630921490545264,1.8216348233006905,0.8056265984654731
1997-12-30,290.4,-0.0034376108104634,-0.1655601957422474,1.543551725429443,0.0070821529745042
1997-12-31,289.3,-0.0037950709685514,-0.1683139259313573,1.253957748764246,-0.0140646976090014
1998-01-02,288.4,-0.0031158065712954,-0.1705955017498846,0.9822354804664282,-0.2496433666191155
1998-01-05,282.1,-0.0220867874028432,-0.1879439815535941,0.3891048850835319,1.4163498098859315
1998-01-06,281.7,-0.0014189431256238,-0.1885189534988598,0.0012520306928127,-0.2675059008654602
1998-01-07,283.9,0.0077793885965985,-0.1819381226133467,-0.0716817527164366,-0.5746509129967776
1998-01-08,281.2,-0.0095559035424155,-0.1890085995728868,-0.255950229479339,1.893939393939394
1998-01-09,278.8,-0.0085714810501409,-0.1955511327001321,-0.4806128155921438,-0.4712041884816754
1998-01-12,278.4,-0.0014357504261043,-0.1964510892938561,-0.590085721420091,-0.3382838283828383
1998-01-13,282.4,0.0142655771588224,-0.1845471469417259,-0.3394785711026395,0.4364089775561097
1998-01-14,282.2,-0.0007084662003733,-0.1844244325285203,-0.14357790613272,1.0520833333333337
1998-01-15,285.9,0.0130260599095524,-0.1732636086800766,0.2569804890737712,-0.3265651438240271
1998-01-16,290.4,0.0156171836223749,-0.1597201003175367,0.8152848722829642,0.2449748743718593
1998-01-19,287.7,-0.0093410123931387,-0.1670640206290296,0.981848767776266,-0.141271442986882
1998-01-20,290.6,0.0100294805786803,-0.1581903541918179,1.2492868456377293,0.0528789659224442
1998-01-21,292.7,0.0072004425616574,-0.1517850783349215,1.512029852307867,-0.3013392857142857
1998-01-22,290.7,-0.0068563861330099,-0.1570627814834388,1.492958013204036,0.6309904153354633
1998-01-23,299.9,0.0311572781901331,-0.1298253327828205,2.009604947201709,0.1616062683643486
1998-01-26,297.3,-0.0087073557509112,-0.1365737859492971,2.0773178143590605,0.5354131534569984
1998-01-27,300.7,0.0113713599904312,-0.1265183340738201,2.238269240741293,-0.771554091158704
1998-01-28,305.7,0.0164911389023053,-0.111511656290487,2.546230243737344,1.8149038461538465
1998-01-29,303.1,-0.0085414448330312,-0.1187649099427572,2.4393725578585443,-0.3458582408198121
1998-01-30,302.6,-0.0016509827095019,-0.1198070243092024,2.206573481157577,0.3263707571801566
1998-02-02,303.2,0.0019808524139608,-0.1178607427150218,1.972210695754245,-0.5068897637795275
1998-02-03,295.6,-0.0253854646941697,-0.1394627175895665,1.2213535820897867,1.3273453093812375
1998-02-04,299.1,0.0117707765618556,-0.1290532926647263,0.891721356767968,-0.5703259005145798
1998-02-05,298.9,-0.0006688963460102,-0.128915828611407,0.6052268274458195,2.435129740518962
1998-02-06,298.4,-0.0016742009602863,-0.129951066034557,0.3402639533872622,-0.4125508425334108
1998-02-09,300.0,0.0053476063265952,-0.1250071922427306,0.2359280590379606,-0.3264094955489613
1998-02-10,300.7,0.0023306153382822,-0.1227994914613525,0.1797658784916511,-0.3964757709251101
1998-02-11,300.3,-0.0013311150051987,-0.1236844034082487,0.0861330097854988,0.6812652068126521
1998-02-12,299.0,-0.0043384015985982,-0.127189817111933,-0.083709582620941,0.0144717800289435
1998-02-13,299.6,0.0020046782523781,-0.1253513057957249,-0.1709711717443958,-0.6990014265335236
1998-02-16,298.6,-0.0033433665379744,-0.1279957314852574,-0.3036167753990964,2.156398104265403
1998-02-17,298.2,-0.001340482774452,-0.1288344074596543,-0.4187720960604828,0.2027027027027026
1998-02-18,297.8,-0.0013422820807294,-0.1298193920186816,-0.5159737476746642,-0.449438202247191
1998-02-19,299.1,0.0043558453859937,-0.1258474045233651,-0.487160879122996,-0.0340136054421769
1998-02-20,297.5,-0.005363740650218,-0.1303148619415742,-0.5648358557039046,0.176056338028169
1998-02-23,293.7,-0.0128553867811101,-0.1410681804975722,-0.844294985206534,0.6187624750499001
1998-02-24,291.7,-0.0068329613308986,-0.1466760391584023,-1.1187826892726116,-0.345252774352651
1998-02-25,292.3,0.0020547952435246,-0.1447390933708488,-1.207289443189795,-0.2448210922787194
1998-02-26,294.9,0.0088556437040301,-0.136959106024369,-1.044200285826686,-0.0249376558603491
1998-02-27,299.4,0.0151441561642974,-0.1234465683177458,-0.6083315836918892,1.1508951406649617
1998-03-02,299.9,0.0016686137694355,-0.1217625359267435,-0.2782230496556139,-0.332936979785969
1998-03-03,298.1,-0.0060200850709375,-0.1267460312629208,-0.177854275072848,0.2762923351158646
1998-03-04,296.3,-0.0060565461045062,-0.1317500720434201,-0.2263380620629178,-0.0837988826815642
1998-03-05,293.7,-0.0088136163749452,-0.1390740313504548,-0.4161164114909946,0.0609756097560976
1998-03-06,294.6,0.0030596658239557,-0.1362208783358645,-0.4601967238185508,-0.2729885057471264
1998-03-09,294.6,0.0,-0.1360805175946491,-0.4670325823340442,-0.3458498023715415
1998-03-10,296.1,0.0050787310790157,-0.1315710064952674,-0.3533750342934372,-0.1963746223564955
1998-03-11,294.8,-0.004400074792364,-0.1351749412403283,-0.348036715353011,0.8834586466165413
1998-03-12,294.3,-0.0016975050757544,-0.1365818674432394,-0.3590232570914224,-0.718562874251497
1998-03-13,295.5,0.0040691816067257,-0.1329424679485926,-0.270357657450063,1.0283687943262412
1998-03-16,294.4,-0.0037294499914318,-0.1360233851085174,-0.2700444504123425,0.2272727272727273
1998-03-17,292.2,-0.0075008875381219,-0.1421717109602716,-0.3947091744912995,1.0541310541310542
1998-03-18,291.4,-0.0027416055554947,-0.1439623453893048,-0.5009281623395873,0.7212205270457697
1998-03-19,291.7,0.0010289831125712,-0.1427494980712107,-0.5186763984014051,-0.3827558420628525
1998-03-20,291.9,0.0006854009863933,-0.1419787744184279,-0.4852420872972357,-0.443864229765013
1998-03-23,299.2,0.0247009682402532,-0.120127019808125,0.0327311489408784,1.3497652582159625
1998-03-24,299.9,0.002336839654641,-0.1177820307591587,0.4059798013145348,-0.2197802197802197
1998-03-25,299.7,-0.0006671114323458,-0.1182545959432377,0.6105903696570905,-0.6017925736235595
1998-03-26,301.3,0.0053244718136381,-0.1133987645132263,0.812255965805674,0.3215434083601285
1998-03-27,302.5,0.0039748313346405,-0.1096336652890414,0.9741257054743628,0.6812652068126521
1998-03-30,302.1,-0.0013231890782697,-0.1106369781051574,0.9982382024083551,-0.260492040520984
1998-03-31,301.1,-0.0033156529049381,-0.113330706734267,0.8941773263875883,0.3992172211350293
1998-04-01,300.0,-0.0036599608314871,-0.1162926785809834,0.7068151290209672,0.0993006993006992
1998-04-02,302.4,0.0079681696491768,-0.109014132670686,0.6988139619456776,-0.2290076335877863
1998-04-03,308.4,0.0196469973837964,-0.0911049178357341,1.0318030996245762,0.2475247524752475
1998-04-06,309.3,0.0029140380018497,-0.0880270429128136,1.2332407399613947,1.0912698412698414
1998-04-07,309.7,0.001292407288133,-0.0866270430374636,1.30694511935963,-0.5028462998102468
1998-04-08,309.0,-0.0022628100814115,-0.0885017452391226,1.2235468375530258,-0.1272264631043257
1998-04-09,308.7,-0.0009713453896318,-0.0892118444817752,1.0687898818152313,-0.0860058309037901
1998-04-10,308.0,-0.002270148534539,-0.0912233604913708,0.8494562531863692,-0.6953748006379585
1998-04-13,311.4,0.0109784764263234,-0.0811289108244786,0.860861387315988,0.2617801047120418
1998-04-14,308.5,-0.0093564160544553,-0.0895584025064077,0.6122778725253699,0.954356846473029
1998-04-15,307.5,-0.0032467560988699,-0.0923565852240016,0.3336277241497796,0.1486199575371549
1998-04-16,308.3,0.0025982476455321,-0.0898635081236982,0.1648510833585996,-0.1386321626617375
1998-04-17,308.0,-0.0009735519185302,-0.0906103819496642,0.0032134197537292,0.0643776824034334
1998-04-20,308.2,0.0006491399124408,-0.0899216533474929,-0.1135748499606781,-0.2923387096774194
1998-04-21,310.9,0.0087223941786928,-0.0817152331769913,-0.0363271347787708,1.566951566951567
1998-04-22,313.5,0.0083280430082673,-0.073902284044981,0.1521901542653854,-0.3773584905660377
1998-04-23,314.3,0.0025485837305465,-0.0714275395162526,0.2853480017366121,-0.124777183600713
1998-04-24,312.9,-0.0044642931286856,-0.075463280974792,0.2357780431082945,-0.1221995926680244
1998-04-27,309.9,-0.0096339858811339,-0.0841488087374594,-0.0283692731770566,0.6612529002320187
1998-04-28,308.2,-0.0055007419076871,-0.0889577121663592,-0.3301348591100872,0.1201117318435753
1998-04-29,310.4,0.0071128654230482,-0.0823002468739267,-0.3900184640005011,-0.256857855361596
1998-04-30,306.9,-0.0113398266833731,-0.0923987756158064,-0.6580276844733901,0.563758389261745
1998-05-01,302.5,-0.0144406841547942,-0.1051554079897048,-1.0983726417663615,-0.0922746781115879
1998-05-04,304.5,0.0065898096790555,-0.0990645544823699,-1.212714228041729,-0.3073286052009456
1998-05-05,303.6,-0.0029600416284768,-0.1015640784614441,-1.2990364462437094,-0.068259385665529
1998-05-06,301.0,-0.0086007807725992,-0.109031421859667,-1.4688007757047372,0.3205128205128205
1998-05-07,298.7,-0.0076705395268116,-0.1155689564725626,-1.65947268406709,0.1248266296809985
1998-05-08,300.1,0.0046760272242573,-0.111217396217592,-1.6133460912817383,-0.221948212083847
1998-05-11,300.5,0.0013320015289408,-0.1098134902345944,-1.4813573394699553,0.0713153724247226
1998-05-12,298.2,-0.0076833516446242,-0.1164339785114409,-1.471402297561215,-0.1405325443786982
1998-05-13,298.7,0.0016753228914261,-0.1146530845716275,-1.356414398420886,0.5335628227194493
1998-05-14,298.8,0.0003347280365982,-0.1141398056557184,-1.2040573176124707,-0.2805836139169473
1998-05-15,301.5,0.0089955629085777,-0.1058977425019026,-0.8675945515215093,0.2028081123244929
1998-05-18,299.8,-0.0056544304987428,-0.1107436630363851,-0.7121961401105661,-0.1945525291828793
1998-05-19,299.0,-0.0026720122778109,-0.1129542779770974,-0.6193724634218161,-0.1851851851851852
1998-05-20,299.8,0.0026720122778109,-0.1103649767952771,-0.4671154514600779,0.3359683794466404
1998-05-21,300.9,0.0036623979675021,-0.1070191264252586,-0.2653783907772804,-0.613905325443787
1998-05-22,300.1,-0.0026622311896779,-0.1092658330240535,-0.1638522944400231,0.5747126436781609
1998-05-25,299.4,-0.0023352804607936,-0.1113193123460644,-0.123703435974781,-0.8150851581508516
1998-05-26,295.8,-0.0120969217088284,-0.1217611293769999,-0.3089185905546332,8.618421052631579
1998-05-27,293.3,-0.008487574293294,-0.128796982511061,-0.554774739872977,0.4787961696306428
1998-05-28,293.4,0.0003408897254759,-0.12836873233545,-0.6585609344993781,-0.6567992599444958
1998-05-29,293.1,-0.0010230179920344,-0.1290215077061298,-0.6918858620004591,0.7951482479784366
1998-06-01,288.7,-0.0151257610479574,-0.1418503538080009,-0.9393755583813896,-0.015015015015015
1998-06-02,291.4,0.009308807092215,-0.1335345756742871,-0.852879323974483,0.1753048780487804
1998-06-03,293.3,0.0064990822223009,-0.1276436106967035,-0.6106917006232768,-0.1232166018158236
1998-06-04,293.4,0.0003408897254759,-0.127256954325948,-0.3970955112932404,-0.6286982248520709
1998-06-05,291.9,-0.0051255878488123,-0.1314645663096251,-0.3138201452090552,1.8326693227091635
1998-06-08,296.6,0.0159731518437628,-0.1171458873147064,0.0797919965621378,0.3586497890295359
1998-06-09,293.9,-0.0091448562789601,-0.1247512739209613,0.1748508438754257,0.3467908902691512
1998-06-10,293.5,-0.0013619341567204,-0.1254807554947099,0.2241812346462497,0.0153727901614142
1998-06-11,287.3,-0.0213506732829071,-0.1435332033188597,-0.1283894703584471,-0.1249053747161241
1998-06-12,286.3,-0.0034867538811745,-0.1461483274348261,-0.3822371797000796,-0.1730103806228373
1998-06-15,285.1,-0.0042002161854429,-0.1494667355200981,-0.5727924484675291,-0.303347280334728
1998-06-16,288.8,0.0128944111000448,-0.1382213547133587,-0.3996759570343933,-0.1801801801801802
1998-06-17,293.6,0.0164838897216894,-0.1235796278011671,0.063418268208895,0.6776556776556777
1998-06-18,293.5,-0.0003406574722094,-0.1236118626528726,0.3711376589200226,-0.1255458515283842
1998-06-19,299.0,0.0185659341225351,-0.1068510939245234,0.9218729740947332,0.3745318352059925
1998-06-22,296.0,-0.010084119066626,-0.115531561769169,1.0515042300200386,-0.1716621253405994
1998-06-23,295.3,-0.0023676655741833,-0.1174530042070365,1.0547841710510926,-0.4122807017543859
1998-06-24,293.1,-0.0074779410330302,-0.1238202882022688,0.880567053596266,0.1865671641791044
1998-06-25,294.0,0.0030659196218347,-0.1209626959497525,0.8000587351482751,-0.1886792452830188
1998-06-26,294.0,0.0,-0.1208020396789416,0.7232462624347866,-0.0387596899224805
1998-06-29,293.9,-0.00034019391381,-0.1209579485929201,0.6447467200619617,-0.1108870967741935
1998-06-30,297.2,0.0111657394187324,-0.1109015102031068,0.7848153796223882,0.3854875283446712
1998-07-01,296.7,-0.0016837855468279,-0.11220391677616,0.8102398476890823,0.0572831423895254
1998-07-02,294.1,-0.0088016817368266,-0.1198039571192309,0.62661097040189,-0.108359133126935
1998-07-03,295.1,0.0033944363889443,-0.116726362468804,0.5498930520546355,-0.5295138888888888
1998-07-06,293.5,-0.0054366426807426,-0.1213661926412185,0.3770272881880773,0.7195571955719557
1998-07-07,295.2,0.0057754534581663,-0.1161331809864985,0.3626987955761389,-0.0107296137339055
1998-07-08,293.5,-0.0057754534581661,-0.120927198528867,0.2306827955670106,1.0195227765726682
1998-07-09,292.4,-0.0037549113925277,-0.1240283921928794,0.069587868311002,-0.359828141783029
1998-07-10,291.1,-0.0044558771240457,-0.1277624526392218,-0.1142104424989853,-0.1929530201342282
1998-07-13,291.9,0.0027444271084914,-0.1251284236226433,-0.1683263804001046,0.4781704781704781
1998-07-14,293.3,0.0047846981233364,-0.1207771097954516,-0.0996488242793375,-0.3108298171589311
1998-07-15,293.9,0.0020435974414661,-0.1188450891805116,-0.0084338872138425,-0.1306122448979592
1998-07-16,293.5,-0.0013619341567204,-0.1198430183757593,0.0283269645969295,0.528169014084507
1998-07-17,294.7,0.0040802504754978,-0.1161657141225,0.1310736853506919,-0.6067588325652842
1998-07-20,295.6,0.0030492993303977,-0.1133890880401982,0.2503488749286414,0.0
1998-07-21,295.1,-0.0016929071251529,-0.1148003595515923,0.2838158609542412,0.15625
1998-07-22,294.5,-0.0020352788572523,-0.1164818879319741,0.2547168925264993,0.320945945945946
1998-07-23,293.4,-0.0037421373827601,-0.1196025088580012,0.1554388287292427,0.485933503836317
1998-07-24,291.7,-0.0058109888352055,-0.1244425856009709,-0.021266687120353,0.4302925989672976
1998-07-27,290.6,-0.003778125737493,-0.1275875209887729,-0.1988999653922581,-0.421179302045728
1998-07-28,291.9,0.0044635267238863,-0.1235730614224659,-0.2141871907877207,-0.2806652806652806
1998-07-29,290.3,-0.0054964068294847,-0.1281950296613061,-0.3115007229275946,0.6213872832369942
1998-07-30,290.2,-0.0003445305804968,-0.1283234727480371,-0.3586889499792652,-0.0623885918003565
1998-07-31,286.7,-0.0121339675607632,-0.1385806909060662,-0.5881484543610649,0.4277566539923954
1998-08-03,283.2,-0.0122830110697594,-0.1488450159615059,-0.9184829085106944,-0.0665778961384819
1998-08-04,288.5,0.0185417241285896,-0.1326598854522327,-0.7310382990299991,0.0641940085592012
1998-08-05,288.2,-0.0010404023827325,-0.1333769593969389,-0.5845986929013252,-0.2546916890080428
1998-08-06,287.7,-0.0017364130079195,-0.1347181245457743,-0.4829679486982754,-0.1348920863309353
1998-08-07,286.9,-0.0027845475701831,-0.1369355059318194,-0.4327947001020686,0.1455301455301454
1998-08-10,287.2,0.0010451141867501,-0.1359192371216776,-0.3463183205872984,-0.3992740471869328
1998-08-11,284.2,-0.0105006215110688,-0.1447133335384357,-0.4514300377236147,0.996978851963746
1998-08-12,283.0,-0.0042313180197625,-0.1480121327518349,-0.5552146370188238,0.3328290468986383
1998-08-13,285.1,0.0073930982753888,-0.141568622697926,-0.4408631273062402,-0.6129398410896708
1998-08-14,284.3,-0.0028099772616722,-0.1438103667603857,-0.3798490343890275,0.3958944281524927
1998-08-17,285.3,0.0035112395625001,-0.1405633214752258,-0.2397267129166964,0.4096638655462186
1998-08-18,285.1,-0.0007012623008279,-0.1410457013327789,-0.1334011409105562,-0.4843517138599106
1998-08-19,283.6,-0.0052752012606538,-0.1453042982507246,-0.1364913936757537,1.1705202312138727
1998-08-20,285.4,0.0063269103847634,-0.1396926859076032,0.00291001257931,-0.2796271637816245
1998-08-21,285.0,-0.0014025247740854,-0.1407048886512708,0.0839092852142502,0.0369685767097967
1998-08-24,284.9,-0.000350938764788,-0.1409094725911727,0.1430111691281155,-0.4991087344028521
1998-08-25,283.4,-0.0052789142472825,-0.1452115071678327,0.0956192948711418,1.2455516014234878
1998-08-26,282.5,-0.0031807766700844,-0.1476013887274322,0.0220362190553258,0.4595879556259905
1998-08-27,276.8,-0.0203833268429811,-0.1645139326182187,-0.3704806593906689,-0.1737242128121606
1998-08-28,274.6,-0.0079797304096438,-0.1706959852605632,-0.7181164594540204,0.5124835742444152
1998-08-31,275.8,0.0043604720253306,-0.166864368282278,-0.8007812363467313,-0.5386620330147698
1998-09-01,279.1,0.0118941751830751,-0.1567348497349093,-0.5771916486199258,-0.1883239171374764
1998-09-02,280.5,0.0050035844204744,-0.1523481864660138,-0.2933067186680054,0.0
1998-09-03,285.2,0.0166169635773897,-0.1377240551182192,0.22475524249004,1.8329466357308584
1998-09-04,287.1,0.0066398985868775,-0.1317941607712488,0.6832354446339477,-0.5323505323505324
1998-09-07,288.8,0.0059038198916528,-0.1265316790038538,1.0660159001731562,-0.3152364273204904
1998-09-08,286.3,-0.0086941949146017,-0.1338787412315298,1.1108193831906994,0.7161125319693096
1998-09-09,284.5,-0.0063069585376837,-0.1390902013738254,0.983577357522027,0.059612518628912
1998-09-10,290.7,0.0215585539984445,-0.1200176472580391,1.2634703161136065,0.4360056258790437
1998-09-11,293.9,0.0109477658600412,-0.1099973808739524,1.589542448056393,0.2007835455435846
1998-09-14,290.6,-0.0112918222886889,-0.1197677660870702,1.509027847666017,-0.367047308319739
1998-09-15,290.1,-0.0017220600088242,-0.1210670283782314,1.353143347719434,-0.0386597938144329
1998-09-16,287.9,-0.0076124935092283,-0.127562618021985,1.0466160620704694,-0.2412868632707775
1998-09-17,291.2,0.0113971187044007,-0.1173969875761307,1.0103491648880545,-0.008833922261484
1998-09-18,291.7,0.0017155605511449,-0.1156830465262658,0.9643851652523604,0.249554367201426
1998-09-21,289.2,-0.008607386589066,-0.1229305944421646,0.7211016981561622,0.6562054208273895
1998-09-22,287.9,-0.0045052926664794,-0.1267246223652271,0.4418331928683308,-0.5684754521963824
1998-09-23,289.4,0.0051966165792533,-0.1220958578762673,0.3323321107737688,-0.4690618762475049
1998-09-24,294.0,0.0157699531412982,-0.1079593873667161,0.53205549399102,1.5413533834586466
1998-09-25,294.3,0.0010198879007456,-0.1067237511356031,0.6394963351063181,0.9615384615384616
1998-09-28,295.5,0.0040691816067257,-0.1029377342632908,0.7394423961445475,-0.5806938159879336
1998-09-29,294.9,-0.0020325210249223,-0.1045609195236867,0.7128944028894073,0.4316546762589928
1998-09-30,297.2,0.0077689970223736,-0.0973939515794263,0.7919004711985191,-0.0565326633165829
1998-10-01,300.5,0.0110424411316581,-0.0871594617156119,0.994936914180882,0.2596537949400799
1998-10-02,300.7,0.0006653360192211,-0.0863719905239184,1.0649672669804766,-0.0845665961945031
1998-10-05,296.9,-0.0127177082247692,-0.0977372006018748,0.790262941303435,-0.0866050808314087
1998-10-06,296.4,-0.0016854883477823,-0.0990752174486405,0.5226831739585318,-0.0442477876106194
1998-10-07,300.7,0.0144031965725516,-0.0859176044059354,0.5787294009527768,-0.4695767195767195
1998-10-08,299.9,-0.00266400423952,-0.0881417347599116,0.5078909688505822,1.5586034912718203
1998-10-09,297.0,-0.0097169469522637,-0.0967453467117078,0.2260624779859488,-0.0536062378167641
1998-10-12,296.5,-0.0016849203649195,-0.0980315541802785,-0.0205894279162972,0.0463439752832131
1998-10-13,296.8,0.0010112928554453,-0.0970325498602148,-0.1811623728423725,-0.6348425196850394
1998-10-14,296.3,-0.0016860567137058,-0.098408788964068,-0.3300064189089826,0.6603773584905661
1998-10-15,298.6,0.0077324305255705,-0.0913413568710988,-0.2842547574774157,-0.5032467532467533
1998-10-16,300.2,0.0053440340942715,-0.0863051462431715,-0.162957144805889,1.584967320261438
1998-10-19,296.4,-0.0127390257774298,-0.0977503802311425,-0.3449113870759919,-0.316055625790139
1998-10-20,296.4,0.0,-0.097639469485412,-0.464106429687237,-0.1201478743068391
1998-10-21,295.5,-0.0030410565757788,-0.100239314054275,-0.5940949257094665,0.2626050420168067
1998-10-22,292.5,-0.0102041701742417,-0.1092139217704454,-0.856697368976822,0.0665557404326122
1998-10-23,293.1,0.0020491810449356,-0.1072761090668838,-0.956957434872718,-0.3120124804992199
1998-10-26,292.1,-0.0034176383231514,-0.1102479549626939,-1.0501358079421137,-0.3514739229024943
1998-10-27,294.0,0.0064835579449861,-0.1044081436682996,-0.946526251858621,-0.2622377622377622
1998-10-28,293.3,-0.0023837913552762,-0.1064373253833223,-0.888773819469753,0.9952606635071092
1998-10-29,293.9,0.0020435974414661,-0.1045142704302274,-0.7778025634717822,-0.0712589073634204
1998-10-30,292.8,-0.003749791337715,-0.107717745080771,-0.7460093355808693,0.537084398976982
1998-11-02,290.2,-0.008919441637069,-0.1154863847039928,-0.8595362048645631,0.0
1998-11-03,289.2,-0.0034518501654778,-0.1183790520459539,-0.9541283106716336,-0.0415973377703826
1998-11-04,291.2,0.0068918260379212,-0.1121670672600441,-0.8382661561930821,-0.234375
1998-11-05,294.2,0.0102494918448062,-0.1028912716243251,-0.5308407921835252,0.1927437641723355
1998-11-06,293.4,-0.0027229424584558,-0.1051904325729091,-0.3607602941774414,0.1045627376425855
1998-11-09,292.9,-0.0017056118751936,-0.1064979559560466,-0.2657132532901776,0.4991394148020653
1998-11-10,293.8,0.0030680099060893,-0.1036409978386211,-0.1327279090292375,-0.4718714121699197
1998-11-11,293.3,-0.0017032877563716,-0.1050465669567876,-0.0719770982867734,0.0891304347826087
1998-11-12,297.1,0.0128728064851567,-0.0933027858791761,0.2148938531591223,0.3193612774451098
1998-11-13,296.2,-0.0030338806348636,-0.0959180569043089,0.3280214723133527,-0.0983358547655067
1998-11-16,295.2,-0.0033818091073809,-0.0988860610431859,0.3191904063551535,-0.3775167785234899
1998-11-17,294.4,-0.0027137058715962,-0.1012246747571247,0.2464169716329071,0.202156334231806
1998-11-18,297.7,0.0111468811670095,-0.0910257550612835,0.3984713901685009,0.2802690582959641
1998-11-19,295.9,-0.0060647086155667,-0.0963934795741146,0.3570943252383743,0.0350262697022767
1998-11-20,296.3,0.0013508951733556,-0.095065604504979,0.3362321781773824,-0.1776649746192893
1998-11-23,296.2,-0.0003375527458212,-0.0952862781120814,0.296646839363063,-0.2057613168724279
1998-11-24,296.4,0.0006749915882333,-0.0945893921296822,0.2658704765514809,0.0259067357512954
1998-11-25,296.9,0.0016854883477823,-0.0929702387478948,0.2607680835834887,0.0757575757575756
1998-11-26,296.4,-0.0016854883477823,-0.0944669503045711,0.2076131063685604,-0.6690140845070423
1998-11-27,296.5,0.0003373250158482,-0.0940766815088384,0.1649435780463065,1.773049645390071
1998-11-30,293.6,-0.0098289216974195,-0.1028077880999526,-0.060745998096205,0.4603580562659846
1998-12-01,293.9,0.0010212766845109,-0.1018093309645836,-0.1849629973753135,-0.3835376532399299
1998-12-02,293.3,-0.0020435974414661,-0.1035365078656716,-0.2960816203166062,0.3096590909090908
1998-12-03,292.1,-0.0040997665897099,-0.1070631367320057,-0.4307811812843682,0.2928416485900216
1998-12-04,292.7,0.0020519843041447,-0.1051435656192637,-0.4573460114800537,-0.3942953020134228
1998-12-07,295.3,0.0088435950520368,-0.0970143774946171,-0.2860638033434826,1.2465373961218835
1998-12-08,293.9,-0.0047522153250054,-0.1011857962964458,-0.2543724588932844,-0.4007398273736128
1998-12-09,293.8,-0.0003403096850946,-0.1013840151621147,-0.2282925468698168,-0.0205761316872428
1998-12-10,294.5,0.0023797393518643,-0.0991519331279652,-0.1555224681159132,-0.1365546218487394
1998-12-11,291.1,-0.0116121523400638,-0.1093211929348838,-0.3186005796579548,1.386861313868613
1998-12-14,291.5,0.0013731550389693,-0.1079705943565713,-0.3777216659834958,-0.4638124362895005
1998-12-15,293.1,0.0054738419262998,-0.1029903018048895,-0.2911431771842406,-0.3136882129277566
1998-12-16,294.8,0.0057833125983346,-0.097729032779613,-0.1107362642388367,-0.2770083102493075
1998-12-17,291.8,-0.0102285242264962,-0.1067179659422424,-0.1806673708793017,2.2413793103448274
1998-12-18,289.3,-0.0086044241065958,-0.1141988490985041,-0.3715189847847878,-0.1654846335697399
1998-12-21,289.2,-0.0003457216974798,-0.1143631751763004,-0.4741473129768812,-0.1912181303116147
1998-12-22,287.9,-0.0045052926664794,-0.1181943564491302,-0.591599567248624,0.0262697022767075
1998-12-23,287.1,-0.0027826104911117,-0.1204721294913616,-0.6789289229594391,0.1194539249146757
1998-12-24,286.5,-0.002092050972224,-0.1221795994269996,-0.7284889311863676,-0.2439024390243902
1998-12-28,286.4,-0.0003491010683037,-0.1224591273968572,-0.7182086210577536,-0.7963709677419355
1998-12-29,286.5,0.0003491010683038,-0.1220259154068383,-0.6565599940383195,3.811881188118812
1998-12-30,287.3,0.0027884298304496,-0.1194783366010137,-0.5197776263520053,-0.2366255144032921
1998-12-31,288.5,0.0041681199629103,-0.1157216606257311,-0.3163614994567258,-0.1617250673854448
1999-01-04,287.6,-0.0031244601012625,-0.118342007386063,-0.2151400748672192,0.7395498392282958
1999-01-05,287.2,-0.0013917886728226,-0.1194595545342423,-0.1508793245221888,-0.22181146025878
1999-01-06,287.8,0.0020869572791982,-0.1175468686443315,-0.0489919151473787,-0.3206650831353919
1999-01-07,291.9,0.0141454834068014,-0.1048392473660313,0.2946115346439943,0.9965034965034965
1999-01-08,291.6,-0.0010282777255658,-0.1056642754504627,0.4902364550556768,-0.2802101576182136
1999-01-11,293.2,0.0054719698779931,-0.1006529607262007,0.7029925316978027,0.121654501216545
1999-01-12,288.8,-0.0151205629938252,-0.1139389843514673,0.5308248149926731,0.9002169197396963
1999-01-13,286.8,-0.0069492982932059,-0.1198696483436717,0.278372174068036,-0.0856164383561643
1999-01-14,286.6,-0.0006975933313937,-0.1204298112813317,0.1030698109938133,-0.7428214731585518
1999-01-15,286.6,0.0,-0.1203579563284911,-0.0021579972118634,0.3398058252427185
1999-01-18,287.1,0.0017430717329466,-0.118782057851672,-0.0260344659877969,-0.4166666666666666
1999-01-19,286.8,-0.001045478401553,-0.1195671743860104,-0.0486646405392248,2.298136645962733
1999-01-20,286.7,-0.0003487358361412,-0.1198028128166427,-0.0564529015477397,-0.480225988700565
1999-01-21,287.8,0.0038294215639434,-0.1162957377113324,0.022179598991491,0.8876811594202898
1999-01-22,286.6,-0.0041782790591959,-0.1198526671966604,0.0040257344348835,-0.0287907869481766
1999-01-25,288.0,0.0048729647418744,-0.1154508322063521,0.0920764573404486,-0.1877470355731225
1999-01-26,286.3,-0.0059202680318764,-0.1205455222252029,0.0440337750447228,0.2189781021897809
1999-01-27,283.4,-0.0101808848474894,-0.1292668139844836,-0.1634726987326882,0.3992015968063871
1999-01-28,284.4,0.0035223706725056,-0.1259997480639886,-0.2107886792038342,0.035663338088445
1999-01-29,286.3,0.0066585141749837,-0.1200593018800875,-0.0973036525199211,-0.4545454545454546
1999-02-01,289.1,0.009732436918231,-0.1113686425352434,0.1686769297342081,-0.1136363636363636
1999-02-02,288.7,-0.001384562353411,-0.1124834259073215,0.3116946571967707,0.3846153846153846
1999-02-03,287.9,-0.0027748890507592,-0.1148010239149178,0.3439069431631223,0.1954732510288066
1999-02-04,289.8,0.0065778322684519,-0.1088801710015761,0.4765037626180878,-0.4302925989672977
1999-02-05,288.8,-0.0034566228679108,-0.111862484932603,0.4789114449773315,0.1963746223564955
1999-02-08,289.3,0.0017298049634182,-0.1102986754035347,0.4942278433695407,-0.7196969696969697
1999-02-09,288.0,-0.0045037318461435,-0.1141779196438798,0.4008340238761526,3.423423423423423
1999-02-10,287.4,-0.0020855064910214,-0.1159118725652541,0.2879573870742734,-0.0610997963340121
1999-02-11,287.7,0.0010432969125776,-0.1149471582211411,0.2255660619522372,-0.6290672451193058
1999-02-12,289.8,0.0072727593290798,-0.1083392219699514,0.3124462926771241,2.690058479532164
1999-02-15,289.7,-0.0003451251112773,-0.1085713311879826,0.3472216487776231,-0.4754358161648178
1999-02-16,285.3,-0.0153046465558503,-0.1218910981561484,0.0723083544831213,1.691842900302115
1999-02-17,285.0,-0.0010520779508037,-0.1226996125757694,-0.1208127607670734,-0.4882154882154882
1999-02-18,286.6,0.005598335125421,-0.1177181322018308,-0.1310154768179872,-0.5043859649122807
1999-02-19,288.5,0.0066075705540826,-0.1117648064783898,-0.0065897308158537,0.9292035398230089
1999-02-22,287.5,-0.003472225710749,-0.1147400525808127,0.0106397180634703,-0.0114678899082568
1999-02-23,287.1,-0.0013922731103867,-0.1159311932335295,-0.0019562433159669,-0.6148491879350348
1999-02-24,288.1,0.0034770549634644,-0.1127161060508343,0.056763295096851,2.409638554216868
1999-02-25,288.2,0.0003470414749389,-0.1122867578066462,0.0995385594681416,-0.0971731448763251
1999-02-26,287.3,-0.0031277175801777,-0.1149306524572239,0.0660333793918067,0.0391389432485322
1999-03-01,286.9,-0.0013932429979249,-0.1160509407728329,0.0182318199177266,-0.1318267419962335
1999-03-02,287.0,0.0003484927723021,-0.115579456039702,-0.0041573185566932,0.4989154013015184
1999-03-03,286.9,-0.000348492772302,-0.1158315032774452,-0.0221988256273675,-0.6657018813314037
1999-03-04,288.5,0.0055613629608353,-0.1107947493890278,0.0719710681549622,0.9523809523809524
1999-03-05,288.1,-0.0013874438576713,-0.1119886096790404,0.1037369883975971,-0.6319290465631929
1999-03-08,291.8,0.0127609939982023,-0.1004872488513594,0.3561400690336064,1.6566265060240966
1999-03-09,292.2,0.0013698632279136,-0.0991355031872341,0.5221928549334444,0.3061224489795917
1999-03-10,292.7,0.0017096943812411,-0.0975582982405691,0.630609770786436,-0.703125
1999-03-11,294.1,0.0047716518621091,-0.0931954787854675,0.7532168562159546,0.3508771929824561
1999-03-12,292.1,-0.006823636166254,-0.0992458807834203,0.6595940084544604,1.45021645021645
1999-03-15,286.9,-0.0179624864063762,-0.1151064464315166,0.2296304196389413,0.3621908127208479
1999-03-16,284.3,-0.0091037043303649,-0.1228797056607639,-0.2232030761093677,0.278858625162127
1999-03-17,284.3,0.0,-0.1227626436968621,-0.5001980554546636,-0.5223123732251521
1999-03-18,283.6,-0.0024652239989816,-0.1247582038928916,-0.6959926368712582,0.3715498938428874
1999-03-19,284.5,0.0031684589084131,-0.1219176828587383,-0.7269339363736363,-0.6114551083591331
1999-03-22,284.6,0.0003514320893665,-0.1215864532138327,-0.7023237000325786,-0.6374501992031872
1999-03-23,284.7,0.0003513086282396,-0.1211097788185545,-0.6425842087145492,6.428571428571429
1999-03-24,284.2,-0.0017577786209915,-0.1225579868540846,-0.6007840426909383,-0.4289940828402366
1999-03-25,283.7,-0.0017608738481946,-0.123966464595258,-0.5710498236344552,0.3886010362694301
1999-03-26,280.0,-0.013127738645556,-0.1352044502960175,-0.7533520094341056,0.3264925373134328
1999-03-29,280.5,0.0017841217935013,-0.1335734321499242,-0.7892466944989074,-0.5414908579465542
1999-03-30,279.5,-0.0035714323675971,-0.1365359896392108,-0.825421978645051,0.4447852760736197
1999-03-31,280.3,0.0028581655755887,-0.1339328401658782,-0.7431236701606716,0.0424628450106157
1999-04-01,280.7,0.001426025197094,-0.1326307840859336,-0.6147159587170228,-0.4887983706720977
1999-04-05,278.7,-0.0071505488799342,-0.1386655536066201,-0.6159004423518313,1.1155378486055776
1999-04-06,280.1,0.0050107477781604,-0.1342191176370113,-0.4798648919823576,-0.160075329566855
1999-04-07,280.8,0.0024959898855931,-0.1319946064611187,-0.3085323465480643,-0.4820627802690582
1999-04-08,281.0,0.0007119971820895,-0.1312598108725444,-0.1552634878502783,0.9307359307359306
1999-04-09,281.7,0.0024880055485811,-0.1289644039423051,0.0109115039193503,0.1345291479820627
1999-04-12,283.0,0.0046042227609107,-0.1248217867919774,0.2147303709712826,-0.0197628458498023
1999-04-13,284.2,0.0042313180197626,-0.1210318781456152,0.4245879876289686,-0.3528225806451612
1999-04-14,281.7,-0.0088355407806733,-0.1285883797983349,0.3901364144764565,1.1838006230529596
1999-04-15,283.8,0.0074270898436155,-0.1219561284824817,0.4970346363558391,-0.2139800285306704
1999-04-16,284.4,0.0021119332031433,-0.1200144656183987,0.5900650517263135,-0.3539019963702359
1999-04-19,285.1,0.0024582979895407,-0.1177887624968077,0.6745634753128005,-0.2949438202247191
1999-04-20,284.7,-0.0014040016346345,-0.1189361042560712,0.6775477679399322,0.5179282868525896
1999-04-21,284.1,-0.0021097054238494,-0.1206939032942209,0.6149763397416376,0.078740157480315
1999-04-22,283.3,-0.0028198820236714,-0.1231353329887346,0.5004307651770828,-0.656934306569343
1999-04-23,283.8,0.0017633578894713,-0.1214983332958666,0.4411358508953389,1.6312056737588652
1999-04-26,281.5,-0.0081373171461972,-0.1284737779173641,0.2398844209563576,0.5525606469002695
1999-04-27,282.5,0.0035461030067504,-0.1252648775086632,0.170258875147067,-0.2170138888888888
1999-04-28,283.2,0.0024748112330689,-0.1230189882465381,0.167250416093575,-0.2882483370288248
1999-04-29,286.3,0.0108868502845047,-0.1133003312590635,0.3589351604588573,0.5919003115264798
1999-04-30,286.8,0.0017448966213958,-0.1115772287051172,0.4958573900875093,0.5088062622309197
1999-05-03,286.5,-0.001046572570671,-0.112430010527789,0.5390935565273149,-0.5577172503242542
1999-05-04,285.9,-0.0020964368265281,-0.1141975606935098,0.5009685998637641,0.1759530791788857
1999-05-05,287.4,0.0052328743166585,-0.1094381342953897,0.5467219259352503,0.2618453865336658
1999-05-06,289.8,0.0083160562416576,-0.1019148475473905,0.6988398772524009,-0.1877470355731225
1999-05-07,283.0,-0.0237441322433444,-0.1226271914132703,0.3209355361138059,2.7372262773722627
1999-05-10,278.1,-0.0174661364033183,-0.1376276574903914,-0.2488440554300512,-0.517578125
1999-05-11,278.3,0.0007189072919259,-0.1368571471024245,-0.5829812975732434,-0.2226720647773279
1999-05-12,277.6,-0.0025184398991955,-0.1388714161554043,-0.8080136190280675,0.0260416666666667
1999-05-13,277.9,0.0010801081158084,-0.1378380157740612,-0.8872052334702236,-0.3384094754653131
1999-05-14,276.2,-0.0061360957732662,-0.1429614212244388,-0.996448570318976,0.4347826086956521
1999-05-17,274.7,-0.0054456478739636,-0.1474645622741317,-1.1037663877237611,-0.017825311942959
1999-05-18,274.1,-0.0021865897924879,-0.1492052277057444,-1.1442999452194913,-0.2087114337568058
1999-05-19,273.4,-0.002557079018891,-0.1512524335076379,-1.1446232617063437,0.0114678899082569
1999-05-20,274.7,0.004743668811379,-0.1470962723718561,-0.9894824737639404,-0.0226757369614512
1999-05-21,273.2,-0.0054754654045931,-0.1515805818973155,-0.9214667614474914,0.4292343387470998
1999-05-24,272.3,-0.003299728016921,-0.1543304527235527,-0.8712340472368743,-0.7467532467532467
1999-05-25,270.9,-0.0051546505886646,-0.1584613180710559,-0.864703766892335,3.782051282051282
1999-05-26,269.6,-0.0048103700528972,-0.1623658920949602,-0.8775550523464641,-0.3954423592493298
1999-05-27,271.1,0.0055483774664679,-0.1575064444416955,-0.7211910579758394,0.4878048780487805
1999-05-28,270.5,-0.0022156582180836,-0.1591295305657915,-0.5993364171338804,0.2235469448584202
1999-05-31,270.8,0.0011084427515837,-0.158103351179755,-0.446697485790807,-0.6090133982947625
1999-06-01,267.9,-0.010766764487557,-0.1668431041530834,-0.4859635528461123,1.822429906542056
1999-06-02,265.7,-0.0082459237847951,-0.1735393867562535,-0.5976735890511096,-0.4801324503311258
1999-06-03,266.1,0.0015043252178759,-0.1720831513621855,-0.5816459320240002,0.4352441613588109
1999-06-04,265.5,-0.00225733730165,-0.1737536253266058,-0.5488869349188441,-0.066568047337278
1999-06-07,265.9,0.0015054575669805,-0.1723167987853353,-0.4422896505818952,-0.0158478605388272
1999-06-08,262.5,-0.0128692162172955,-0.18265687466304,-0.536499019009463,0.2254428341384862
1999-06-09,259.8,-0.0103389777951792,-0.1907549031460719,-0.7057363418925955,0.2233902759526937
1999-06-10,258.7,-0.0042430150445157,-0.193901683527907,-0.8094112549912609,-0.1074113856068743
1999-06-11,260.9,0.0084681029506991,-0.1869303438926678,-0.6541150069572499,-0.5776173285198556
1999-06-14,260.8,-0.0003833620901847,-0.1870899361468791,-0.4899313045330657,0.3133903133903133
1999-06-15,259.7,-0.0042267113837952,-0.190377770021526,-0.3914849101292983,-0.0759219088937093
1999-06-16,258.5,-0.0046314247202189,-0.1939894467900756,-0.3448916026013231,-0.0938967136150235
1999-06-17,258.6,0.0003867723892733,-0.1935716619650313,-0.2494922628485829,-0.1813471502590673
1999-06-18,259.7,0.0042446523309455,-0.1897899408095725,-0.0641169315053318,2.4050632911392404
1999-06-21,259.2,-0.0019271541905831,-0.1912071439080524,0.0659738004031682,-0.5994423791821561
1999-06-22,258.6,-0.0023174981403623,-0.192927814135674,0.148061511277306,0.0580046403712297
1999-06-23,260.8,0.0084713637147407,-0.1859481012960637,0.3741106816480064,-0.2412280701754385
1999-06-24,260.8,0.0,-0.1858411038955066,0.5372907004777527,-0.0433526011560693
1999-06-25,259.7,-0.0042267113837952,-0.1890940584319711,0.5810873624816955,0.6797583081570997
1999-06-28,260.7,0.0038432022707533,-0.1858462092528492,0.6804536342505338,-0.3057553956834532
1999-06-29,260.9,0.0007668712032265,-0.1850822202333387,0.7568358941683706,0.1295336787564767
1999-06-30,261.2,0.0011492052595933,-0.184102999517729,0.8194649207385698,-0.6995412844036697
1999-07-01,263.8,0.0099048428809382,-0.1759078859947951,1.0151034704940476,0.8015267175572518
1999-07-02,263.0,-0.0030372081054496,-0.1783785580499493,1.064560433380195,-0.6144067796610169
1999-07-05,262.5,-0.001902950146086,-0.1798086957424536,1.036519944485486,3.626373626373627
1999-07-06,257.1,-0.0207859677598345,-0.1963468004297699,0.6463064916258836,1.4251781472684084
1999-07-07,257.6,0.0019428799583546,-0.1945666937481121,0.4245968287008206,-0.3623898139079333
1999-07-08,257.1,-0.0019428799583547,-0.1960009126858744,0.2553390578568209,-0.4070660522273426
1999-07-09,257.3,0.0007776050158546,-0.195177974492816,0.1719202841497962,0.544041450777202
1999-07-12,255.9,-0.0054559761219553,-0.1994055538932776,0.0441765776195133,-0.2432885906040268
1999-07-13,256.0,0.0003907013138192,-0.1989276101032618,-0.0090267935348915,0.0776053215077605
1999-07-14,254.5,-0.005876608488985,-0.2034629724670584,-0.1148084061515577,-0.0411522633744856
1999-07-15,254.2,-0.0011794772352237,-0.2042381290491656,-0.1711569268155051,0.0214592274678111
1999-07-16,254.1,-0.0003934684292352,-0.2042866540717597,-0.1804142265357247,0.6407563025210083
1999-07-19,253.5,-0.0023640672948805,-0.2060400819126684,-0.1911680097211903,-0.5313700384122919
1999-07-20,253.2,-0.0011841327612168,-0.2069342918130385,-0.1827150189577833,-0.6420765027322404
1999-07-21,255.7,0.0098251920271199,-0.1989100177372844,0.0164391890530706,3.3587786259541987
1999-07-22,256.2,0.0019535071654928,-0.1971125239641238,0.1970084369949947,0.2101576182136602
1999-07-23,255.0,-0.0046948443042077,-0.2007472365086051,0.2475242030938744,-0.4558610709117221
1999-07-26,254.2,-0.0031421864030725,-0.2030716846656598,0.2388397541951805,0.4388297872340425
1999-07-27,254.1,-0.0003934684292352,-0.203270049028308,0.2376330111566043,-0.3696857670979667
1999-07-28,254.3,0.0007867821019556,-0.2025109156580936,0.2597800941927639,0.1466275659824047
1999-07-29,256.6,0.0090037797534621,-0.1951575526908351,0.4288289189189309,0.0767263427109974
1999-07-30,256.2,-0.0015600627189023,-0.1962409168312742,0.5078060104876441,0.2375296912114013
1999-08-02,255.6,-0.0023446669592541,-0.1979481212570328,0.5122668496691309,0.0095969289827255
1999-08-03,256.3,0.0027349108666456,-0.1956180130898897,0.55158390410462,-0.2281368821292775
1999-08-04,256.4,0.0003900916764893,-0.1950008933750606,0.5711393244403005,1.293103448275862
1999-08-05,255.7,-0.0027338427493739,-0.1970221788837413,0.5249275348167584,-0.4189044038668098
1999-08-06,255.7,0.0,-0.1969591278387694,0.4833925791253963,-0.6469500924214417
1999-08-09,257.4,0.0066264128648852,-0.1914841069600712,0.5543545823699358,1.2041884816753927
1999-08-10,257.3,-0.0003885758743276,-0.1917268907644293,0.5759722734785986,-0.4750593824228029
1999-08-11,259.1,0.0069713682803657,-0.1858383929874744,0.6854694745443228,2.3755656108597285
1999-08-12,261.2,0.0080723098342116,-0.1791182107646481,0.8618908012832347,-0.4691689008042895
1999-08-13,260.9,-0.0011492052595932,-0.1799171586825477,0.9158837593472274,0.1893939393939394
1999-08-16,260.4,-0.0019182818082686,-0.1813121988405045,0.87545957056125,0.2123142250530785
1999-08-17,261.1,0.0026845653706692,-0.1790266878652192,0.8525614932003485,-0.5166374781085814
1999-08-18,259.9,-0.0046065340576387,-0.1826013060883125,0.7186520766440316,1.358695652173913
1999-08-19,259.0,-0.0034688799479067,-0.1852431895391499,0.5396900019119908,-0.0691244239631336
1999-08-20,257.6,-0.0054200674693391,-0.189503183100053,0.3087323869374344,-0.2392739273927392
1999-08-23,254.6,-0.0117143081068925,-0.1987408576122527,-0.0455197711919493,0.3579175704989155
1999-08-24,253.1,-0.0059090185722277,-0.2033246426352581,-0.3626498323628321,-0.3354632587859425
1999-08-25,252.6,-0.0019774576346876,-0.20474870612496,-0.5752437843532433,0.0841346153846154
1999-08-26,253.1,0.0019774576346876,-0.2030501444880007,-0.6460432412901433,-0.1662971175166296
1999-08-27,254.0,0.0035495994674581,-0.200056206953847,-0.5972577024650827,0.3058510638297873
1999-08-30,254.2,0.000787091736817,-0.199326472813334,-0.5193871171579163,-0.3767820773930753
1999-08-31,255.9,0.0066653844103895,-0.1938380769423842,-0.3304584089158857,0.3594771241830066
1999-09-01,254.2,-0.0066653844103894,-0.1990285919510871,-0.2980514512688597,0.2283653846153845
1999-09-02,255.6,0.0054923637480261,-0.1944674117724558,-0.1669340434525779,-0.0880626223091977
1999-09-03,254.5,-0.0043128865128023,-0.1977460934979608,-0.1399839120802142,0.257510729613734
1999-09-06,255.1,0.0023547891571882,-0.1957806595679471,-0.0709275018054221,-0.60580204778157
1999-09-07,256.1,0.0039123680577139,-0.1924894739983847,0.0465889808651291,0.8874458874458875
1999-09-08,256.2,0.0003903962571541,-0.1921295290034112,0.1307768067301409,-0.676605504587156
1999-09-09,257.5,0.005061330641157,-0.1879582924213345,0.2659447410323433,0.6382978723404256
1999-09-10,256.7,-0.0031116322266961,-0.1903695691381745,0.2913570573066644,0.5411255411255411
1999-09-13,256.8,0.0003894839387115,-0.1899507380388944,0.3034163586765733,-0.0702247191011236
1999-09-14,256.9,0.0003893323000315,-0.1895833051663324,0.3057825332342205,-0.498489425981873
1999-09-15,256.9,0.0,-0.1894355214190651,0.2948704982843186,1.8674698795180724
1999-09-16,256.3,-0.0023382707458123,-0.1912090769713627,0.2372452979577875,-0.199579831932773
1999-09-17,255.0,-0.0050850882115993,-0.1952101617145965,0.1081489040836598,-0.1574803149606299
1999-09-20,255.3,0.001175779089012,-0.1941745560289606,0.0428849658891042,-0.1246105919003115
1999-09-21,261.2,0.0228470731548376,-0.1753220189815626,0.3783323916249199,1.690391459074733
1999-09-22,264.7,0.0133107118307795,-0.1640625643393672,0.7933285396338509,-0.0264550264550265
1999-09-23,265.9,0.0045231890159185,-0.1601228280984222,1.0878407188251256,-0.2649456521739131
1999-09-24,269.0,0.0115910813528651,-0.1500568218382474,1.4101712176401562,0.9611829944547134
1999-09-27,282.7,0.0496748850977055,-0.1063593038308426,2.406293773905112,0.819981149858624
1999-09-28,309.4,0.0902486734394211,-0.0215890426766057,4.59666294722013,2.294148109787675
1999-09-29,305.5,-0.0126851595273156,-0.0336770438744748,5.457442754735307,-0.1823612639522087
1999-09-30,304.5,-0.0032786914616983,-0.0367114372494687,5.612370815418428,-0.6825610459527014
1999-10-01,310.2,0.0185461635924866,-0.0185706133112536,5.731549710084651,0.2029073288915808
1999-10-04,320.2,0.0317285498201757,0.0130615969625324,6.083426758729036,-0.0780463242698892
1999-10-05,328.0,0.0240678078215293,0.0374020121235687,6.408444305302682,1.103222282905516
1999-10-06,326.0,-0.006116227017436,0.0309818738404926,6.059569633196089,-0.3765255777720072
1999-10-07,324.8,-0.0036877730791847,0.027066250697723,5.343844106817514,0.2415660141607662
1999-10-08,322.2,-0.0080371375446489,0.0187650677843505,4.334178655823859,-0.2012747400201274
1999-10-11,320.8,-0.0043545947505145,0.0143129990650231,3.25990841268859,-0.369592608147837
1999-10-12,319.2,-0.0050000104167057,0.0092011597974982,2.18126663528658,0.552964690206529
1999-10-13,322.2,0.0093546051672203,0.01863642578021,1.4450187549138622,-0.3496353496353496
1999-10-14,314.9,-0.022917342635895,-0.0044558815180268,0.3013566390465261,0.5606860158311346
1999-10-15,316.4,0.0047521077865198,0.0002896421265438,-0.4768035799208334,-0.4585798816568047
1999-10-18,311.7,-0.0149660491202074,-0.0145354760571799,-1.3796646301961069,0.6104605776736924
1999-10-19,309.6,-0.0067600450577192,-0.021109148863274,-2.144285816820336,-0.2433349491032477
1999-10-20,307.3,-0.0074566725791331,-0.0283042237623673,-2.790054500622494,0.0064061499039076
1999-10-21,305.7,-0.0052202402396501,-0.033265318792975,-3.276445013475046,-0.0381922342457033
1999-10-22,303.8,-0.0062346387351162,-0.0391849554083743,-3.649120600241627,-0.1621442753143613
1999-10-25,300.7,-0.0102565001671892,-0.0488838121078219,-3.999249716878225,-0.0197472353870458
1999-10-26,291.1,-0.0324462392429056,-0.0790306215159723,-4.722592511725031,0.435132957292506
1999-10-27,294.5,0.0116121523400637,-0.0681297652956305,-4.801546211904297,-0.3761931499157777
1999-10-28,300.5,0.0201687508836208,-0.0489796024840476,-4.295600807013229,0.531053105310531
1999-10-29,300.2,-0.0009988347759007,-0.0498304790585424,-3.841835207503721,-0.3409758965314521
1999-11-01,291.6,-0.0290659190648583,-0.0767619136748327,-3.965492331780252,1.0615521855486172
1999-11-02,292.5,0.0030816665374081,-0.0737942606383109,-3.829278556571954,-0.6014712245781046
1999-11-03,293.2,0.0023903033405851,-0.0715017218793741,-3.5413591196311955,-0.3311617806731813
1999-11-04,293.3,0.0003410059709091,-0.0711125819715681,-3.203665850105984,-0.0568181818181817
1999-11-05,291.6,-0.0058129758489022,-0.0763180216698426,-2.9600477381609203,1.3528399311531842
1999-11-08,290.3,-0.0044681291039189,-0.0803726517451201,-2.755891363357918,-0.6664228237015362
1999-11-09,292.6,0.0078916175554398,-0.0730313084989736,-2.3511462317940985,-0.0328947368421053
1999-11-10,298.7,0.0206332366360399,-0.0535877503210364,-1.5940275017913974,1.5986394557823131
1999-11-11,294.5,-0.0141607221304226,-0.0667796849881702,-1.309426068011086,-0.0392670157068062
1999-11-12,291.8,-0.009210367002956,-0.0752315314828466,-1.2371976561568836,-0.217983651226158
1999-11-15,291.9,0.0003426417713835,-0.0747949769074012,-1.120357590390873,0.1103368176538908
1999-11-16,295.2,0.0112418148662483,-0.0642583903250301,-0.7749107077507619,-0.2928870292887029
1999-11-17,295.6,0.0013540963477294,-0.0629286388035153,-0.4875914443757883,-0.1316568047337277
1999-11-18,294.3,-0.0044075338346196,-0.0669895327267011,-0.3591459061544984,-0.0783645655877341
1999-11-19,295.5,0.0040691816067257,-0.0631298304041433,-0.1766499426116889,-0.055452865064695
1999-11-22,295.4,-0.0003384667488735,-0.0633982705762935,-0.0524033015884124,-0.1076320939334638
1999-11-23,298.3,0.0097693214234235,-0.054160265919484,0.2203930075036173,-0.0328947368421053
1999-11-24,299.4,0.003680780464825,-0.050612972310686,0.4566228222419345,0.5215419501133787
1999-11-25,298.8,-0.0020060187268656,-0.0524882193664431,0.548019145222925,-0.5394932935916543
1999-11-26,297.6,-0.0040241502997253,-0.0562493923968695,0.5043058504101522,0.5275080906148868
1999-11-29,291.7,-0.0200244260852611,-0.0748076215247103,0.0771075528326865,1.8411016949152543
1999-11-30,291.1,-0.002059026122098,-0.0766058614320135,-0.2299993999444605,-0.3467561521252796
1999-12-01,290.2,-0.0030965103014901,-0.0793601326476668,-0.4643574544107192,-0.1084474885844748
1999-12-02,285.5,-0.0163283113540225,-0.0941222208271689,-0.8822812302612779,0.3060179257362356
1999-12-03,280.3,-0.0183815709253223,-0.1104724893105204,-1.4232501236180557,-0.1176470588235294
1999-12-06,276.6,-0.0132880389400847,-0.1219219088012912,-1.9140124588971004,0.8011111111111111
1999-12-07,284.0,0.0264018189305481,-0.0983120294014331,-1.6348412337391856,-0.5552128315854411
1999-12-08,282.2,-0.0063581987424924,-0.1038378902228004,-1.4711215591789977,0.6657420249653259
1999-12-09,278.5,-0.0131979800513748,-0.1154738145989112,-1.506247713382539,-0.4462947543713572
1999-12-10,279.2,0.0025103115208785,-0.1131247482075769,-1.3799344457056035,0.0992481203007518
1999-12-13,280.5,0.0046453540745336,-0.1089453022431851,-1.117619878185362,-0.6019151846785226
1999-12-14,280.2,-0.0010700910598444,-0.1097804177648619,-0.8833742741245909,1.40893470790378
1999-12-15,282.9,0.0095898444046147,-0.1010874440579719,-0.485534914099559,0.0213980028530671
1999-12-16,282.2,-0.0024774388888078,-0.1031833575041466,-0.2218869785218422,0.1047486033519553
1999-12-17,284.2,0.0070621762442865,-0.0967178476107225,0.1166449291064699,-0.0872313527180783
1999-12-20,284.4,0.0007034822660855,-0.0960055497767598,0.369228605417117,-0.2977839335180056
1999-12-21,288.0,0.0125787822068601,-0.0844486641470773,0.7708392520458891,0.571992110453649
1999-12-22,287.1,-0.0031298930089275,-0.0871537712966038,0.9558676370517678,0.466750313676286
1999-12-23,287.1,0.0,-0.0870716011322612,1.050704244420149,-0.4901625320786997
1999-12-24,287.7,0.0020876834304838,-0.0851397684190534,1.1199347319840314,-0.7046979865771812
1999-12-27,287.9,0.0006949270606279,-0.0844751332335646,1.1414069998506535,0.2102272727272727
1999-12-28,290.3,0.008301673412454,-0.0767706108716744,1.2696170920418997,1.727699530516432
1999-12-29,291.2,0.0030954452919465,-0.0738562944900175,1.3593871898784315,-0.2409638554216867
1999-12-30,288.8,-0.0082759093038597,-0.0814010292825379,1.206661338113428,0.6122448979591837
1999-12-31,289.0,0.0006922810937609,-0.0806636594590797,1.0731255652363136,0.1434599156118143
2000-01-03,289.0,0.0,-0.080644236871761,0.9434085249064224,-0.8142681426814268
2000-01-04,282.0,-0.0245196171743186,-0.1025854422778468,0.3740111081734925,13.894039735099335
2000-01-05,281.1,-0.0031965930256272,-0.1053150512436909,-0.0526853946770971,-0.6216096042685638
2000-01-06,281.6,0.001777146371401,-0.1035862180585729,-0.2781067835040619,0.0176263219741481
2000-01-07,281.9,0.0010647738361794,-0.1025350036019496,-0.3776855396632335,-0.2852193995381062
2000-01-10,281.9,0.0,-0.1024704788000304,-0.4114529661016268,-0.3311793214862681
2000-01-11,283.7,0.0063649436947387,-0.0966439791967414,-0.2863914023464806,0.5241545893719808
2000-01-12,282.8,-0.0031774077923879,-0.0994363387535968,-0.2399897867641576,-0.2377179080824089
2000-01-13,284.4,0.005641763906668,-0.0942636994785507,-0.0852320073507955,0.0893970893970894
2000-01-14,284.6,0.0007029877266664,-0.0935479486058144,0.0401781894628481,0.0438931297709923
2000-01-17,285.7,0.0038576235809752,-0.089931514384542,0.1979640035275323,0.4734917733089578
2000-01-18,289.0,0.0114843788757047,-0.0793516791150369,0.5077184945541273,-0.347394540942928
2000-01-19,289.6,0.0020739723991291,-0.0773983613184462,0.7230212804555332,-0.3612167300380228
2000-01-20,289.0,-0.0020739723991292,-0.079228675293049,0.7896079312787432,0.9523809523809524
2000-01-21,289.5,0.0017286089006176,-0.0775638778720857,0.8278913614825385,-0.1143292682926829
2000-01-24,288.0,-0.005194816877104,-0.0822603371030396,0.7169057411416668,0.1273666092943202
2000-01-25,286.5,-0.0052219439811517,-0.0868951630458725,0.5165452481554503,0.7572519083969467
2000-01-26,286.6,0.0003489792392773,-0.0864837736137082,0.3716004955979639,-0.3953084274543874
2000-01-27,287.6,0.0034831104528201,-0.0832555601152579,0.3255764437381717,-0.5531609195402298
2000-01-28,282.8,-0.0168306918244739,-0.0983624675340889,-0.0269178772021743,3.360128617363344
2000-01-31,283.9,0.0038821294565077,-0.0947179154626487,-0.1764379229022504,-0.2765486725663717
2000-02-01,282.9,-0.0035285851714039,-0.0978340594219344,-0.3245144935821697,-0.4892966360856269
2000-02-02,285.2,0.0080972102326193,-0.0903922739260062,-0.2525859787924661,0.5389221556886228
2000-02-03,287.3,0.007336277445103,-0.083596691454942,-0.0587209884638003,-0.0324254215304798
2000-02-04,310.8,0.0786226525082485,-0.0084544276830032,1.5672405419996185,4.014745308310992
2000-02-07,304.0,-0.0221219170872707,-0.0300880665758664,2.068329577407515,0.1496925955626837
2000-02-08,300.1,-0.0129119489599002,-0.0423880147109021,2.018459493654124,-0.476633341083469
2000-02-09,307.7,0.0250095298816745,-0.0180578396172312,2.355175836483752,-0.0488671701466014
2000-02-10,317.4,0.0310375257643124,0.0128934737558255,3.045195006866117,-0.492760392340028
2000-02-11,311.1,-0.0200484041887172,-0.0072013083806129,2.892462363348449,0.7412523020257826
2000-02-14,309.6,-0.0048332621880192,-0.0119525150626409,2.5192479867595967,0.2326811210999471
2000-02-15,302.5,-0.023199864244676,-0.0345413615730628,1.6642836525188285,-0.3453453453453453
2000-02-16,303.4,0.0029707894435357,-0.0315771760597707,1.058934492479212,0.0851900393184796
2000-02-17,301.5,-0.0062820507471916,-0.0375102516014282,0.4606697064424008,0.5948067632850242
2000-02-18,305.7,0.0138342127295487,-0.0240684953141707,0.2864450872959976,-0.7213176826959484
2000-02-21,306.2,0.0016342543267945,-0.0224467439256922,0.1503555497403867,-0.0951086956521739
2000-02-22,305.7,-0.0016342543267945,-0.0239928118834285,-0.0188579735667957,0.7357357357357357
2000-02-23,300.8,-0.016158636821104,-0.0395776529472004,-0.4807172565824089,-0.0354671280276817
2000-02-24,299.1,-0.0056676264397823,-0.04494860423926,-0.8964776294073546,-0.2098654708520179
2000-02-25,294.5,-0.0154989625442609,-0.0595169607453612,-1.4445772238692465,0.5902383654937571
2000-02-28,293.1,-0.0047651553747945,-0.0639344633952975,-1.839383184265388,-0.6031406138472519
2000-02-29,292.7,-0.0013656540190066,-0.065141354694033,-2.0494012936268526,0.3507194244604317
2000-03-01,289.8,-0.009957163811258,-0.0742869466179002,-2.287461621008898,0.5139813581890813
2000-03-02,289.2,-0.0020725396019724,-0.0760604999601055,-2.378624537120001,0.1838170624450308
2000-03-03,288.9,-0.00103788281242,-0.0769241722744693,-2.348369425408462,-0.3588410104011886
2000-03-06,288.4,-0.0017322020613955,-0.0784442222073785,-2.251008992882633,-0.1923522595596755
2000-03-07,293.6,0.0178698913295667,-0.061742016225073,-1.7478008514822148,0.2424677187948349
2000-03-08,288.5,-0.0175232107922064,-0.07793688590827,-1.669932576657803,0.1443418013856812
2000-03-09,291.7,0.0110307909255214,-0.0676052304062179,-1.3292483498167282,0.0403632694248234
2000-03-10,289.5,-0.0075705798606257,-0.0745287980264532,-1.183281164714565,0.0193986420950533
2000-03-13,290.9,0.004824268488106,-0.0699797626077139,-0.93457016324964,-0.3139866793529972
2000-03-14,289.4,-0.0051697513037724,-0.0746774033853929,-0.8174403204643521,0.2912621359223302
2000-03-15,289.5,0.0003454828156665,-0.074281210753448,-0.6849517647457524,-0.225563909774436
2000-03-16,287.0,-0.0086730812534287,-0.0821705577482866,-0.7141467166285262,0.2635228848821083
2000-03-17,285.1,-0.0066422198409946,-0.0881212841619262,-0.8032330280108848,0.1097694840834249
2000-03-20,286.4,0.0045494391678641,-0.0839028647138293,-0.7191407768236373,-0.5143422354104847
2000-03-21,290.2,0.013180905363597,-0.0716080250261121,-0.3697285855653842,1.5885947046843176
2000-03-22,288.5,-0.0058752545019331,-0.0769023481313214,-0.2224902251763076,0.02360346184107
2000-03-23,285.7,-0.0097527767114269,-0.0856820922165921,-0.2793813133406098,0.1691006917755573
2000-03-24,285.5,-0.0007002801406624,-0.0862107917412661,-0.294671767911872,-0.3879026955950032
2000-03-27,281.1,-0.0155315511835786,-0.1001779802091835,-0.550448771859493,-0.0644468313641245
2000-03-28,280.5,-0.0021367529497352,-0.1019818521219656,-0.6997881261565677,-0.0344431687715269
2000-03-29,276.9,-0.0129172947858349,-0.113348990346735,-0.9644438407297272,0.2497027348394769
2000-03-30,277.4,0.001804077703815,-0.1116342093630477,-1.0236533417415772,-0.2854424357754519
2000-03-31,279.3,0.0068259650703998,-0.1053833103712533,-0.8593114339913868,0.4860186418109187
2000-04-03,278.7,-0.0021505384632285,-0.1072055713493267,-0.7210525234712519,-0.3933691756272401
2000-04-04,284.4,0.0202457634411831,-0.0886764690361437,-0.2026949842486325,2.088626292466765
2000-04-05,282.0,-0.0084746269909721,-0.0961091383668166,0.0102667589063498,-0.0836920133907221
2000-04-06,281.0,-0.0035524016043677,-0.0991928258187647,0.1099698564315838,-0.5349686847599164
2000-04-07,280.7,-0.0010681859659089,-0.1000820595803617,0.1778797490617831,-0.4040404040404041
2000-04-10,282.5,0.0063920672186587,-0.0942332440503919,0.3559139981006374,0.1129943502824859
2000-04-11,282.1,-0.0014169325785449,-0.095415541931084,0.4524291503563447,0.3214890016920473
2000-04-12,282.7,0.002124646691594,-0.0933620170851376,0.5555767145377049,0.2688860435339308
2000-04-13,282.4,-0.0010617590804577,-0.0942205105649725,0.5987720111153387,-0.201816347124117
2000-04-14,283.1,0.002475686498767,-0.0918162815991154,0.6645789602891075,0.6194690265486726
2000-04-17,282.0,-0.0038931211797403,-0.095226841660825,0.6247222414803462,-0.2693208430913348
2000-04-18,281.8,-0.0007094714735336,-0.0957879717477732,0.5767389667648253,-0.3365384615384615
2000-04-19,281.2,-0.00213143952807,-0.097636773332005,0.499335916499152,-0.0644122383252817
2000-04-20,280.3,-0.0032057017657671,-0.1004287365798352,0.3872673299674742,0.2237521514629947
2000-04-21,280.5,0.0007132667920083,-0.0997623398714948,0.3286626469961469,-0.7454289732770745
2000-04-24,280.3,-0.0007132667920083,-0.1003502353211039,0.2803641031484147,1.2154696132596683
2000-04-25,278.9,-0.0050071635372994,-0.1047534380628658,0.163836934034123,0.6234413965087282
2000-04-26,276.7,-0.007919407840563,-0.1116295193178564,-0.0407736173996906,0.9708141321044548
2000-04-27,277.3,0.0021660658288522,-0.1096309159203792,-0.1110847131924488,-0.61730319563523
2000-04-28,273.6,-0.0134327668733368,-0.1214047434852331,-0.3676964580616708,0.4073319755600815
2000-05-01,273.9,0.0010958905206368,-0.1203517323115367,-0.4715171189558855,-0.1736613603473227
2000-05-02,275.2,0.0047350297901561,-0.1160727876925534,-0.4092364911602981,0.1926444833625218
2000-05-03,277.9,0.0097632306892694,-0.1073544988048269,-0.1558341848654421,-0.5359765051395007
2000-05-04,280.2,0.0082422971544487,-0.0998057666533061,0.1789038313494177,2.800632911392405
2000-05-05,279.2,-0.0035752630146892,-0.1028760806428283,0.3360679262507702,-0.1082431307243962
2000-05-08,276.8,-0.0086331471447027,-0.1104689651521842,0.2835826297670167,-0.2054154995331466
2000-05-09,277.5,0.0025257094429745,-0.1081358341408915,0.2996329379749158,-0.317273795534665
2000-05-10,278.0,0.0018001805041478,-0.1064449953749348,0.3443521949314201,0.0344234079173837
2000-05-11,276.4,-0.0057720217971222,-0.1114985197622616,0.2698943938843763,0.0332778702163061
2000-05-12,276.4,0.0,-0.1114289620954104,0.2261350408811651,-0.2254428341384863
2000-05-15,275.7,-0.0025357738637637,-0.1135689761823506,0.158723045804394,0.5613305613305613
2000-05-16,275.9,0.0007251631934892,-0.1128341098614608,0.1370940165868552,-0.1597869507323568
2000-05-17,274.3,-0.0058160832796827,-0.1178235259346223,0.0301104329913965,0.618066561014263
2000-05-18,274.1,-0.0007293946348174,-0.1183692156080895,-0.0354873738842536,-0.3819784524975514
2000-05-19,274.4,0.0010938925429898,-0.1173359778623411,-0.0397169174437994,-0.2931854199683043
2000-05-22,276.2,0.0065383451234615,-0.1114451727274718,0.0905567158200013,0.5381165919282511
2000-05-23,274.5,-0.0061739800256063,-0.1167894966465754,0.0747369549996062,0.2259475218658893
2000-05-24,274.0,-0.0018231545615151,-0.1183125272819369,0.0445888390126685,-0.332936979785969
2000-05-25,270.8,-0.0117475653499503,-0.1284310796242147,-0.1653689176399722,0.9982174688057042
2000-05-26,272.8,0.0073583849311871,-0.121885824404912,-0.1447927799619763,-0.3925066904549509
2000-05-29,272.6,-0.0007334067068747,-0.1224310055067047,-0.1208699470035423,-0.0587371512481644
2000-05-30,273.7,0.0040270967842009,-0.1188089571438706,-0.0128650946922341,-0.1716068642745709
2000-05-31,272.6,-0.0040270967842009,-0.1222711774152653,0.0018094073366312,-0.0376647834274952
2000-06-01,273.1,0.0018325092172269,-0.12057617423509,0.0593211303759357,0.0782778864970645
2000-06-02,281.4,0.0299391162006291,-0.0936758014653536,0.6383101070165831,1.3611615245009077
2000-06-05,285.7,0.0151651645564388,-0.0796711467124676,1.2570738715105023,0.0307455803228287
2000-06-06,290.0,0.0149386137437923,-0.0656627142407247,1.8654659578386623,0.186428038777032
2000-06-07,287.8,-0.0076151285272521,-0.0726406195214006,2.0163977696620097,-0.3016970458830924
2000-06-08,284.7,-0.0108298001692756,-0.082554351872661,1.810658573096978,-0.36003600360036
2000-06-09,284.3,-0.0014059756270376,-0.0837533539087749,1.5603309221526998,0.1758087201125175
2000-06-12,286.4,0.0073594164295363,-0.0769430692473,1.4511665306847803,-0.5263157894736843
2000-06-13,286.0,-0.0013976242666378,-0.0780369545889606,1.2733514516478124,4.290404040404041
2000-06-14,291.4,0.0187050829412518,-0.0605682040678828,1.4290690365076215,-0.677326968973747
2000-06-15,290.1,-0.0044712026337459,-0.0646416433833447,1.3548399754035652,1.0133136094674555
2000-06-16,289.4,-0.0024158769299749,-0.066806834863398,1.175578665387571,-0.2314474650991917
2000-06-19,286.5,-0.0100712780425891,-0.0760681006669892,0.7968041086803357,-0.1003824091778202
2000-06-20,286.7,0.0006978367345298,-0.0753732095846222,0.5088531824129645,-0.4675876726886291
2000-06-21,286.3,-0.0013961607852547,-0.076610902906494,0.2534732339067442,0.0499001996007983
2000-06-22,285.8,-0.0017479466083022,-0.0781169586350794,0.0249360989983511,1.0646387832699622
2000-06-23,283.4,-0.0084329382391871,-0.0857697974594481,-0.2961065817942669,-0.2394106813996317
2000-06-26,284.2,0.0028188884064202,-0.0831230587468576,-0.4534089477791361,-0.2723970944309927
2000-06-27,286.1,0.0066631843930644,-0.0769496294682541,-0.4286031657582256,-0.3078202995008319
2000-06-28,293.0,0.0238312089610027,-0.0545834888344358,0.0291093077289872,1.9591346153846156
2000-06-29,289.7,-0.0113267042417625,-0.0651614100078205,0.0831587474960771,-0.3208773354995938
2000-06-30,289.3,-0.0013816927932152,-0.0663957939543078,0.0662483464993601,-0.2332535885167463
2000-07-03,288.2,-0.0038095284166677,-0.0698921130231991,-0.039075194858984,-0.0624024960998439
2000-07-04,288.3,0.0003469210789349,-0.0695103190637852,-0.1176228888175074,0.0665557404326122
2000-07-05,284.5,-0.0132683510779709,-0.0816948400114373,-0.4238912029815425,0.2340093603744149
2000-07-06,283.9,-0.0021111900874601,-0.0835266717046735,-0.6516526410836199,0.2528445006321111
2000-07-07,284.0,0.0003521746822806,-0.0831334013453236,-0.7721102464004657,-0.343087790110999
2000-07-10,284.4,0.0014074597678797,-0.0817829591705139,-0.7980922068521465,-0.1382488479262672
2000-07-11,282.8,-0.005641763906668,-0.0868839411319695,-0.8893129601581451,0.053475935828877
2000-07-12,280.9,-0.0067411999122198,-0.0929270458292853,-1.0337605573358997,0.3384094754653131
2000-07-13,280.7,-0.000712250742361,-0.0935063517767983,-1.0931513494362808,-0.2844500632111252
2000-07-14,281.2,0.0017796765686729,-0.0918672210335256,-1.0489529427582265,-0.6360424028268552
2000-07-17,283.8,0.0092036047894324,-0.0834120076332203,-0.8057359166996487,1.577669902912621
2000-07-18,282.9,-0.0031762864184209,-0.0862564653276825,-0.6720531022718339,0.0753295668549904
2000-07-19,279.4,-0.01244903148466,-0.0974479632503609,-0.7784262646600397,0.6479859894921192
2000-07-20,280.5,0.0039292781398895,-0.0938051964836263,-0.7343501612358626,-0.2125398512221041
2000-07-21,280.6,0.0003564427056096,-0.0934050974856582,-0.6604298461173213,-0.1214574898785425
2000-07-24,279.7,-0.0032125674604466,-0.0962585825940936,-0.6339911929604544,-0.3072196620583717
2000-07-25,279.3,-0.0014311272567829,-0.0974450887607331,-0.6053452574539531,0.9534368070953436
2000-07-26,280.0,0.0025031302181184,-0.0951263004352416,-0.5052383729173855,-0.4653802497162316
2000-07-27,279.0,-0.0035778213478839,-0.0982583273539271,-0.4729274063024911,0.7537154989384289
2000-07-28,278.9,-0.0003584871879224,-0.0985258916763501,-0.426289607218793,-0.4539951573849878
2000-07-31,277.5,-0.005032361446954,-0.1029821901575485,-0.4551082203123329,0.1995565410199555
2000-08-01,277.5,0.0,-0.1029127250504405,-0.4393287183683525,0.009242144177449
2000-08-02,277.8,0.0010804971337541,-0.1018608904327379,-0.3762765513327348,0.1923076923076923
2000-08-03,274.2,-0.0130436631920294,-0.1133575810617789,-0.5349313709416363,0.6221198156682028
2000-08-04,273.5,-0.0025561452661781,-0.1155110657000713,-0.637940444921504,-0.2556818181818182
2000-08-07,274.0,0.0018264845260342,-0.1138310601728741,-0.6226367458087505,-0.426208651399491
2000-08-08,273.7,-0.0010954903414368,-0.114692954803937,-0.5836141537803674,0.7206208425720622
2000-08-09,273.0,-0.0025608208616735,-0.1168512147090514,-0.5559675387573693,-0.0386597938144329
2000-08-10,272.9,-0.000366367470667,-0.1171082238670156,-0.4973426862032601,-0.3753351206434316
2000-08-11,275.3,0.0087559844342689,-0.1092691447112415,-0.2616967820286096,0.1716738197424892
2000-08-14,275.0,-0.0010903144819904,-0.1101254838847143,-0.0991616922547233,0.5586080586080586
2000-08-15,274.8,-0.0007275373183769,-0.1107139494842867,0.0156363733989013,-0.4876615746180963
2000-08-16,277.7,0.0104978339645594,-0.1012648035631037,0.2922950122342822,0.1490825688073394
2000-08-17,277.9,0.0007199424357041,-0.1005214719504663,0.482927927809321,0.5389221556886228
2000-08-18,277.2,-0.0025220694327098,-0.1027075981484848,0.551111706329988,-0.1880674448767834
2000-08-21,275.7,-0.0054259492859971,-0.1074697151749438,0.4866622055292602,0.1437699680511182
2000-08-22,274.0,-0.0061852116416808,-0.1128712330176783,0.3285865497415927,0.0488826815642458
2000-08-23,271.5,-0.00916596701408,-0.1208746217969373,0.0683113746650112,-0.1464713715046605
2000-08-24,273.2,0.0062419883226448,-0.1152946182201508,0.0255020681870377,-0.1716068642745709
2000-08-25,274.5,0.0047471332529502,-0.1110180273909658,0.0956550998183389,-0.0753295668549905
2000-08-28,274.2,-0.0010934938213713,-0.1119614631551992,0.1306069192619545,-0.5804480651731161
2000-08-29,273.7,-0.0018251510815806,-0.1134842626187908,0.1286018563852997,2.451456310679612
2000-08-30,274.0,0.0010954903414368,-0.1124807818210002,0.1542990657631644,-0.6751054852320675
2000-08-31,278.2,0.0152121731012723,-0.0987701021745367,0.4445496426363284,2.6406926406926408
2000-09-01,277.0,-0.004322773302004,-0.1025760965718921,0.5397731269749757,-0.2259215219976218
2000-09-04,277.2,0.0007217611284096,-0.1018766889945954,0.5958801128206666,-0.3609831029185868
2000-09-05,276.1,-0.0039761483796392,-0.1053580376112267,0.5402073200389061,0.5649038461538463
2000-09-06,275.0,-0.0039920212695375,-0.108820437820796,0.4161603455850498,0.1996927803379415
2000-09-07,274.1,-0.0032780943578311,-0.1116558063952557,0.2675755252213391,-0.2304737516005122
2000-09-08,273.4,-0.002557079018891,-0.1138137705107802,0.1235535942431909,0.3494176372712145
2000-09-11,273.4,0.0,-0.1137401827458525,0.0343322225796101,-0.3329223181257706
2000-09-12,273.3,-0.0003658313558267,-0.1139625951990841,-0.0223241048965608,0.4066543438077634
2000-09-13,272.9,-0.0014646652197296,-0.115179553811083,-0.0746936932539645,-0.2299605781865965
2000-09-14,272.8,-0.0003665017449855,-0.1154246883367724,-0.1023155950401034,-0.0085324232081911
2000-09-15,272.7,-0.0003666361177643,-0.1156577729878758,-0.1127449426536543,0.1376936316695352
2000-09-18,272.0,-0.0025702235555455,-0.1178250461322267,-0.1498852365116862,0.1361573373676248
2000-09-19,272.6,0.0022034529664349,-0.115803471114824,-0.1185158966876714,-0.2729693741677763
2000-09-20,269.6,-0.0110661402242803,-0.1254311274723216,-0.2753239463945784,0.3205128205128205
2000-09-21,271.1,0.0055483774664679,-0.1204859230066169,-0.2540507950333559,-0.2357836338418862
2000-09-22,272.4,0.0047838177707372,-0.1161086911058487,-0.1344594702078025,1.1433756805807622
2000-09-25,274.6,0.0080439190585135,-0.1089129144457044,0.0982289639098201,-0.6350550381033022
2000-09-26,274.6,0.0,-0.1088457746788662,0.2489838187835076,0.2088167053364269
2000-09-27,278.7,0.0148204411540316,-0.0954428661969368,0.6015664120663416,0.5566218809980805
2000-09-28,275.1,-0.0130012665573735,-0.1070523462300859,0.5694006566425242,-0.2466091245376078
2000-09-29,274.5,-0.0021834069809436,-0.1088736313781055,0.487923484292829,0.6219312602291325
2000-10-02,273.7,-0.0029186449029519,-0.1114049558889454,0.3659344300630954,-0.4944500504540867
2000-10-03,272.5,-0.0043940019433345,-0.1152361973820475,0.1985870768025648,-0.0399201596806386
2000-10-04,271.4,-0.00404486670253,-0.1186826992282902,0.0175117914957559,0.9043659043659044
2000-10-05,270.2,-0.0044313218746702,-0.1224578434089253,-0.1690973092917664,-0.0600436681222706
2000-10-06,269.9,-0.0011109055021395,-0.1233527943345614,-0.2915712365859648,-0.3484320557491289
2000-10-09,270.6,0.0025901957127287,-0.1210562426995105,-0.3029439803472872,-0.7130124777183601
2000-10-10,273.0,0.0088300794482719,-0.1131465673559813,-0.1349039775368228,4.161490683229814
2000-10-11,271.2,-0.0066152391187193,-0.1188691416474463,-0.1309471901790176,0.1203369434416365
2000-10-12,276.5,0.0193542648961491,-0.1015643854313122,0.2233618634612957,-0.2900107411385607
2000-10-13,272.9,-0.0131053932480967,-0.1131321731749049,0.2102051692509831,0.5370650529500756
2000-10-16,272.3,-0.0022010280345787,-0.1149781005300435,0.1583916502854321,-0.2362204724409449
2000-10-17,271.5,-0.0029422603057238,-0.1174787643322915,0.0719403933786179,-0.0708762886597937
2000-10-18,271.0,-0.0018433184942892,-0.1189706126013457,-0.0127078764476609,0.3675450762829404
2000-10-19,271.2,0.0007377351865395,-0.1182510550451988,-0.0470873382292531,-0.486815415821501
2000-10-20,271.8,0.0022099456508028,-0.1161535236630544,-0.022522669705466,1.1956521739130437
2000-10-23,270.6,-0.0044247859803555,-0.1199706504670969,-0.0771211439106305,-0.441044104410441
2000-10-24,270.4,-0.0007393715678788,-0.1205479632500924,-0.1144819615912634,-0.144927536231884
2000-10-25,267.0,-0.0126536857685593,-0.1314923685195263,-0.3430356309812938,0.4708097928436912
2000-10-26,265.5,-0.005633817718256,-0.1362634091114843,-0.557408705939704,-0.0896286811779769
2000-10-27,264.8,-0.0026400166191403,-0.1383782273404187,-0.6993312899609665,0.4669479606188467
2000-10-30,264.6,-0.0007555723819977,-0.1389452967897127,-0.7549007441129447,-0.4793863854266539
2000-10-31,264.7,0.0003778575522,-0.1385305386514806,-0.7325668161482553,0.0607734806629833
2000-11-01,264.4,-0.0011340012555244,-0.1393701712172527,-0.686432736491206,0.5381944444444444
2000-11-02,265.0,0.002266718008691,-0.1373035656787467,-0.5687991910340715,-0.1636568848758465
2000-11-03,265.4,0.0015082959118848,-0.1359023071187489,-0.4239848347722592,-0.1214574898785425
2000-11-06,265.3,-0.000376860754413,-0.1361405222577752,-0.3006679654345388,-0.1152073732718893
2000-11-07,265.0,-0.0011314351574717,-0.1369905574641448,-0.2093680281389625,0.4427083333333332
2000-11-08,265.4,0.0015082959118848,-0.1356174353130762,-0.0977722203960707,-0.4452466907340553
2000-11-09,266.4,0.0037608167681269,-0.1322675534829905,0.0592080500597458,0.3362255965292842
2000-11-10,265.0,-0.0052691126800117,-0.1367388510771342,0.0831079170410316,-0.0487012987012986
2000-11-13,264.6,-0.0015105743053668,-0.1379586645918412,0.085970938864226,-0.068259385665529
2000-11-14,264.7,0.0003778575522,-0.1375715524983649,0.1072112761078907,-0.2655677655677655
2000-11-15,265.4,0.0026410126650514,-0.1352079966562805,0.1769029471587266,0.3740648379052369
2000-11-16,266.8,0.0052611921433615,-0.1305455226191272,0.3175787900970961,0.2450090744101634
2000-11-17,266.0,-0.0030030052597696,-0.1330686725971617,0.3542489899389083,-0.1749271137026239
2000-11-20,266.7,0.0026281224062694,-0.1307327713411716,0.4187272457628173,-0.3445229681978798
2000-11-21,266.1,-0.0022522532043249,-0.1325947603777297,0.413337668573303,0.7277628032345014
2000-11-22,266.8,0.0026271360578251,-0.1302472303318821,0.4464597005647059,-0.2964118564742589
2000-11-23,266.1,-0.002627136057825,-0.1324412608681905,0.4116214501363888,0.3325942350332593
2000-11-24,266.1,0.0,-0.132423279693974,0.3797474860768335,-0.7986688851913477
2000-11-27,270.3,0.0156602752987584,-0.1186241421424868,0.6185710318491571,5.289256198347108
2000-11-28,269.9,-0.001480933258443,-0.1198405168367243,0.7195719055282437,-0.1445466491458606
2000-11-29,266.8,-0.0115522059824902,-0.1298409726840618,0.5549458234791836,0.1843317972350231
2000-11-30,270.7,0.0145118825787867,-0.1170135298035794,0.6779186958196278,0.0129701686121919
2000-12-01,269.6,-0.0040718175821034,-0.1204802424340655,0.65407314695766,0.1792573623559539
2000-12-04,271.1,0.0055483774664679,-0.1155166028915074,0.7038898400244217,-0.4180238870792616
2000-12-05,270.8,-0.0011072154665,-0.1164204992822701,0.6807890236890599,0.0746268656716417
2000-12-06,274.9,0.0150268541330798,-0.1029502456263401,0.8924419729752241,0.3125
2000-12-07,274.0,-0.0032792887831297,-0.105758540437217,0.9190164624080726,0.4034391534391535
2000-12-08,273.0,-0.0036563112031105,-0.1089564094341346,0.8197178893246406,-0.4948162111215833
2000-12-11,270.7,-0.0084605985647043,-0.1163877876162684,0.5618986486620124,0.1026119402985075
2000-12-12,271.3,0.0022140230446306,-0.1143647795219817,0.4020275796285688,-0.1522842639593908
2000-12-13,269.8,-0.0055442758912305,-0.1191765183666654,0.1769958364210674,0.2694610778443114
2000-12-14,269.8,0.0,-0.1190939820174323,0.0182422672523188,-0.0235849056603774
2000-12-15,270.7,0.0033302528465999,-0.1161235210106758,-0.033252982408078,-0.6119162640901772
2000-12-18,270.4,-0.0011088524514465,-0.1170492611233415,-0.0913267355684458,0.7053941908713692
2000-12-19,270.5,0.0003697541177272,-0.1166698681184453,-0.1247442275418636,-0.0243309002433089
2000-12-20,273.1,0.0095659301931231,-0.1080832173647957,0.0188726243464575,0.9226932668329176
2000-12-21,274.4,0.0047488673720706,-0.103776642231502,0.1829165630592004,-0.3372243839169909
2000-12-22,274.2,-0.000729128723516,-0.1043580113183867,0.2550209501440169,0.1956947162426614
2000-12-26,274.6,0.0014577262056567,-0.1030048731025325,0.3034289302754716,-0.3518821603927987
2000-12-27,275.7,0.0039978246958801,-0.099369306115187,0.3784276240583142,-0.0631313131313131
2000-12-28,272.5,-0.0116747039264522,-0.1097176301021412,0.190882839033301,1.3611859838274931
2000-12-29,272.5,0.0,-0.1096209465674104,0.0523937589527641,-0.0970319634703196
2001-01-02,269.5,-0.0110702237542469,-0.1192900885769882,-0.2396607366431311,0.3034134007585334
2001-01-03,268.3,-0.0044626329174733,-0.1230920003669076,-0.4972390502022676,-0.1454898157129001
2001-01-04,267.8,-0.0018653241745063,-0.1246320496409936,-0.6739000069017949,-0.2156640181611805
2001-01-05,268.3,0.0018653241745062,-0.1229288250714552,-0.7252290544334575,-0.2677279305354558
2001-01-08,268.5,0.0007451565173409,-0.1222061335977302,-0.7128040913239276,0.0197628458498024
2001-01-09,268.0,-0.0018639334380627,-0.1237711508134605,-0.7041184265252208,-0.0096899224806201
2001-01-10,265.2,-0.0105027221991492,-0.132832265348171,-0.8434075968246881,0.2935420743639922
2001-01-11,264.9,-0.0011318620336834,-0.1337185952542023,-0.90667630248207,-0.0151285930408472
2001-01-12,264.5,-0.0015111449796698,-0.1349646166484195,-0.9232954712524484,-0.3486943164362519
2001-01-15,263.9,-0.0022710077890757,-0.13686476711146,-0.9204635653859812,-0.0047169811320755
2001-01-16,263.9,0.0,-0.1367624015175995,-0.8652000350053937,0.6563981042654028
2001-01-17,264.3,0.0015145781009653,-0.1353865969858049,-0.7524713523111186,-0.34620886981402
2001-01-18,265.3,0.0037764395334505,-0.1320556620161423,-0.5696284165419225,-0.1006564551422319
2001-01-19,265.0,-0.0011314351574717,-0.1329460435390684,-0.4340888186885236,0.559610705596107
2001-01-22,267.1,0.0078932941296931,-0.1259775098506849,-0.1811514769234814,0.1014040561622464
2001-01-23,266.8,-0.0011238060744466,-0.1268310071882136,-0.0206404093646876,0.3328611898016997
2001-01-24,265.4,-0.0052611921433616,-0.1313064200275118,0.0033730181913829,-0.2019128586609989
2001-01-25,265.2,-0.0007538635863995,-0.1318743691068192,0.0171470546301411,-0.199733688415446
2001-01-26,263.6,-0.0060514556833551,-0.1369639053758397,-0.065602629614877,0.7071547420965059
2001-01-29,263.5,-0.0003794346469351,-0.1372063763978151,-0.1086376194342768,-0.4337231968810916
2001-01-30,266.1,0.0098188100022266,-0.1286093098470061,0.048031056506522,0.0172117039586918
2001-01-31,266.5,0.0015020656222556,-0.1272176374800973,0.1811489574751066,-0.0084602368866327
2001-02-01,268.6,0.0078490404832381,-0.120248612087534,0.400604581983047,0.1621160409556314
2001-02-02,267.8,-0.0029828508320651,-0.1227954275149846,0.4766865085483125,-0.1908957415565345
2001-02-05,265.8,-0.0074962869779271,-0.1292757136223534,0.3812485769852634,-0.0635208711433756
2001-02-06,264.0,-0.0067950431328288,-0.1350298156598571,0.1952029254534232,0.9399224806201548
2001-02-07,263.6,-0.0015163005179639,-0.1362366097006389,0.0510187532795902,-0.2797202797202797
2001-02-08,260.9,-0.0102956104856695,-0.1449851595649575,-0.2062659909051166,-0.0832177531206657
2001-02-09,260.9,0.0,-0.1448869075792501,-0.3481748768468438,-0.0302571860816943
2001-02-12,261.7,0.0030616173934175,-0.1422089958842757,-0.3584816197222291,-0.4212168486739469
2001-02-13,261.2,-0.0019124121338241,-0.1437659569180166,-0.3679083032264334,0.4582210242587601
2001-02-14,260.4,-0.0030674870678618,-0.1463080798798142,-0.3945959819422946,-0.0277264325323475
2001-02-15,256.1,-0.0166509171289344,-0.1602616867197613,-0.6531659651386172,0.6939163498098859
2001-02-16,259.1,0.0116460943625846,-0.1502719019258162,-0.5761629754653352,0.0617283950617284
2001-02-19,259.9,0.0030828540793801,-0.147595375480154,-0.4319516399182459,-0.6395348837209303
2001-02-20,256.9,-0.0116100375316067,-0.1573323001953633,-0.4946978290718276,0.8797653958944283
2001-02-21,258.8,0.0073686585109077,-0.1510132290843459,-0.3700376572294905,-0.1482059282371295
2001-02-22,259.3,0.0019301299178732,-0.1492519439619643,-0.2229510398515699,0.4304029304029304
2001-02-23,261.8,0.0095951609311807,-0.1409632402131312,0.0586249937369838,-0.2688860435339308
2001-02-26,266.8,0.0189184605656691,-0.124459867062568,0.5691462482752625,0.2276707530647985
2001-02-27,268.5,0.0063515999074506,-0.1187874049547944,0.9845080741149012,0.0342368045649073
2001-02-28,267.4,-0.0041052492810766,-0.1222742953672277,1.137518508591531,0.2841379310344827
2001-03-01,265.9,-0.0056253664188686,-0.1271072529969417,1.0899514134353845,-0.2685284640171858
2001-03-02,263.1,-0.0105861102027269,-0.1362090282922999,0.8337125715581563,-0.0587371512481644
2001-03-05,263.3,0.0007598784560166,-0.1354919922918257,0.6496675768452667,-0.343213728549142
2001-03-06,261.0,-0.0087736591795704,-0.1429393075749675,0.3594953462843868,0.6888361045130642
2001-03-07,262.5,0.005730674708985,-0.137928709720584,0.2597036880276704,-0.1828410689170182
2001-03-08,266.3,0.0143724107882081,-0.1253359219090944,0.4306588373732552,0.4302925989672976
2001-03-09,272.0,0.0211785734761108,-0.1064840215656201,0.8826230917178327,0.2888086642599279
2001-03-12,272.8,0.0029368596733097,-0.1037224397991957,1.1723074667076507,0.1027077497665733
2001-03-13,268.4,-0.0162605208717804,-0.1180799668315178,1.0105684458819728,-0.3132938187976291
2001-03-14,263.4,-0.018804615788346,-0.1343480570103783,0.5337707246206267,0.4932182490752157
2001-03-15,260.9,-0.0095365971664979,-0.1424393987566254,0.042822426138937,-0.2890173410404624
2001-03-16,259.3,-0.0061514995980639,-0.1475646918771618,-0.3739205624775676,0.0464576074332172
2001-03-19,260.9,0.0061514995980638,-0.1422050004961638,-0.5172379795531036,-0.2497225305216426
2001-03-20,261.8,0.003443661333117,-0.1391656377227056,-0.5251580843869778,-0.1701183431952663
2001-03-21,263.0,0.0045731787019649,-0.1351703934121146,-0.4274563513586522,-0.3832442067736186
2001-03-22,262.3,-0.0026651453049365,-0.1373783445023172,-0.388953884646374,0.9104046242774566
2001-03-23,262.6,0.0011430749958679,-0.1363102895210302,-0.3248705657100496,-0.1210287443267775
2001-03-26,262.9,0.0011417698671394,-0.1352469529679907,-0.2473725719205442,-0.0688468158347676
2001-03-27,261.8,-0.0041928782600358,-0.1387785936818257,-0.2543100099273893,0.1293900184842884
2001-03-28,260.3,-0.0057460414752798,-0.1436123908719674,-0.3387537104069412,0.1309328968903436
2001-03-29,259.2,-0.0042348475224001,-0.1471451127686019,-0.441051002586852,-0.1591895803183791
2001-03-30,258.2,-0.0038654860655774,-0.1503293910864787,-0.5417889762366077,0.2065404475043029
2001-04-02,255.8,-0.0093385892677997,-0.1581077599833168,-0.7243786308756208,0.0855920114122681
2001-04-03,257.7,0.0074002285135769,-0.1517636267045174,-0.6726327221743879,-0.2299605781865965
2001-04-04,258.7,0.003872971533664,-0.1483501940135217,-0.5326252596483667,0.3839590443686007
2001-04-05,258.8,0.000386473434762,-0.1479500692663174,-0.4008585243625677,-0.4192355117139333
2001-04-06,260.3,0.0057792493737742,-0.142932749420895,-0.1909059802523349,0.1273885350318471
2001-04-09,258.8,-0.0057792493737741,-0.147768299104184,-0.1339720232818164,0.32015065913371
2001-04-10,257.7,-0.0042594449684262,-0.1512855524682122,-0.1500993095032092,-0.0142653352353779
2001-04-11,259.0,0.0050319440412183,-0.1469146053628632,-0.0576700486822954,-0.1374819102749638
2001-04-12,260.3,0.0050067503009819,-0.1425451273004839,0.0980864998569601,0.0
2001-04-13,259.5,-0.0030781093945763,-0.1451349592179841,0.1511296968436102,-0.4781879194630872
2001-04-16,263.6,0.0156761000224088,-0.1315349655823203,0.4493756404866409,1.157556270096463
2001-04-17,261.3,-0.0087636301017853,-0.138996579751844,0.4762181037564728,0.2384500745156483
2001-04-18,261.5,0.0007651109784106,-0.1382085531990679,0.4900017593644803,0.0842358604091455
2001-04-19,265.2,0.0140499748067297,-0.1259471217257378,0.7171228555529114,-0.4439511653718091
2001-04-20,264.9,-0.0011318620336834,-0.1268662432329405,0.8091485399845932,0.0598802395209581
2001-04-23,263.9,-0.0037821527687456,-0.1300705927928123,0.7651583212481703,0.2919020715630884
2001-04-24,264.4,0.0018928644682527,-0.1283544544329773,0.7322045545652069,-0.2551020408163265
2001-04-25,262.5,-0.0072120259458527,-0.1345340937183901,0.553064477668789,0.2152641878669277
2001-04-26,264.4,0.0072120259458525,-0.1282038833367998,0.5329350491649208,-0.2093397745571659
2001-04-27,263.9,-0.0018928644682528,-0.1297449146290584,0.4591485724887332,0.6924643584521384
2001-04-30,263.8,-0.000379003226064,-0.1300504044395012,0.3800794796157706,-0.7821901323706377
2001-05-01,264.4,0.0022718676943168,-0.1280557310227981,0.34565036441197,-0.3314917127071823
2001-05-02,265.2,0.0030211503341762,-0.1253866044343645,0.3529812791666956,0.9504132231404958
2001-05-03,266.4,0.0045146803545266,-0.1213542798911652,0.4108248227990521,1.5254237288135593
2001-05-04,266.4,0.0,-0.1212804679238122,0.4197789000269112,-0.0083892617449664
2001-05-07,266.4,0.0,-0.1212301992684366,0.3966638583088172,-0.3231810490693739
2001-05-08,265.5,-0.0033840979842404,-0.124140132464709,0.2963202681943848,0.1525
2001-05-09,270.3,0.0179176126004084,-0.1082068024859348,0.5159168068444551,0.8026030368763557
2001-05-10,269.5,-0.0029640629333501,-0.1107746590989493,0.5659792103707191,-0.2527075812274368
2001-05-11,268.3,-0.0044626329174733,-0.1146764440371617,0.4803395018730203,-0.2093397745571659
2001-05-14,268.9,0.0022338058432403,-0.1126480771757635,0.4279107175622028,-0.1629327902240326
2001-05-15,268.2,-0.0026065924272407,-0.1149106118050194,0.3151080425915471,-0.048661800486618
2001-05-16,272.5,0.0159056432557205,-0.1006504092568454,0.4887476093308693,0.6138107416879794
2001-05-17,274.0,0.0054894922847715,-0.0956359166943635,0.6530177374967572,-0.0158478605388272
2001-05-18,287.3,0.0473988595971737,-0.0516005132295523,1.5543640450518326,1.884057971014493
2001-05-21,285.8,-0.0052347004894768,-0.0563825759808753,1.922401224887692,0.8738135120044668
2001-05-22,285.4,-0.001400560453031,-0.0576293337869442,2.002695347210396,-0.6689511323003576
2001-05-23,284.0,-0.0049174668815298,-0.0621949051336533,1.8300463334037689,-0.234023402340234
2001-05-24,279.4,-0.0163297913383446,-0.077215717726414,1.2995204387961827,1.5922444183313749
2001-05-25,277.9,-0.0053831100744033,-0.0820460265529795,0.7673681804664989,-0.3440616500453309
2001-05-28,277.9,0.0,-0.0819766375416573,0.3560703580057929,-0.4464409122322046
2001-05-29,274.1,-0.0137683334397177,-0.0944354771730338,-0.2012360127794767,0.2496878901373282
2001-05-30,266.3,-0.0288695104888535,-0.1200174772961283,-1.0756547898290152,0.6643356643356644
2001-05-31,266.1,-0.0007513148362429,-0.120580738050897,-1.6155291225724442,-0.5108043217286915
2001-06-01,267.3,0.0044994451612297,-0.1165499707087381,-1.8243895272022468,-0.3361963190184048
2001-06-04,266.0,-0.0048753143631743,-0.1207609558699197,-1.970214013735316,0.3142329020332717
2001-06-05,266.5,0.0018779348242001,-0.1190390619789362,-1.9495221363240605,-0.1969057665260196
2001-06-06,266.5,0.0,-0.1189611426143542,-1.8530112069684583,0.1401050788091067
2001-06-07,266.8,0.0011250704355695,-0.1179414422394969,-1.6906689405952406,-0.6451612903225806
2001-06-08,274.0,0.0266287923466015,-0.0940104614820052,-1.051379860560845,4.242424242424242
2001-06-11,268.4,-0.0206497012905435,-0.112398397783026,-0.9611321371610094,-0.0330305532617671
2001-06-12,272.0,0.0133236611984706,-0.1003951423585121,-0.6304307125087978,-0.2220324508966695
2001-06-13,272.6,0.0022034529664349,-0.0983167853537813,-0.3563695937485367,0.0
2001-06-14,276.2,0.0131197217127594,-0.0863158086853355,0.0600889717170863,0.0768386388583972
2001-06-15,271.8,-0.0160587392581483,-0.1007637045287529,0.0332897864512066,0.1019367991845057
2001-06-18,273.0,0.0044052934679164,-0.0967324841554126,0.0873731311534132,-0.4347826086956522
2001-06-19,273.8,0.0029261176693887,-0.0940256037722522,0.1635907338200924,0.0081833060556464
2001-06-20,273.0,-0.0029261176693887,-0.0965941186054297,0.1472050894100267,0.2840909090909091
2001-06-21,273.2,0.0007323325116752,-0.0958638307082214,0.1371186399535909,-0.1264222503160555
2001-06-22,272.9,-0.0010986999823422,-0.0967696749946031,0.0992877991805409,0.3039073806078147
2001-06-25,274.2,0.0047523394139212,-0.0924182562994417,0.1479324317442065,-0.4328523862375139
2001-06-26,276.4,0.0079913247653008,-0.0850344423991371,0.3053269131669345,1.2524461839530332
2001-06-27,272.8,-0.0131101659242076,-0.0968507232201274,0.1517944622827126,-0.0781928757602085
2001-06-28,269.5,-0.0121705356202551,-0.1076252928665176,-0.1697732124791596,0.3722902921771913
2001-06-29,271.0,0.005550430530649,-0.1025963213261179,-0.2730932674903463,-0.5906593406593407
2001-07-02,269.8,-0.0044378771060453,-0.1064912983449155,-0.4058889920987729,0.226510067114094
2001-07-03,268.0,-0.0066939632627988,-0.1123532152741769,-0.5875636192283814,0.2599179206566346
2001-07-04,268.2,0.0007459903367213,-0.1116539495905406,-0.6613764073838451,-0.6406080347448426
2001-07-05,265.6,-0.0097415532452992,-0.1201855805649842,-0.8408961442507948,1.0876132930513591
2001-07-06,266.5,0.0033828260036204,-0.1171329293125338,-0.8519818316669014,-0.1157742402315484
2001-07-09,266.9,0.001499812804579,-0.1157532879395906,-0.7868821829207919,-0.2291325695581014
2001-07-10,266.6,-0.0011246486658699,-0.1166886232893822,-0.7203225735903176,0.0849256900212314
2001-07-11,268.7,0.007846107876837,-0.1096519687358573,-0.5015328999414306,0.3913894324853229
2001-07-12,267.1,-0.0059723955055302,-0.1148815414002057,-0.4337799485864306,-0.1054852320675105
2001-07-13,267.6,0.0018702081381581,-0.1131757903234511,-0.3292398440995245,-0.3223270440251572
2001-07-16,267.7,0.0003736222722332,-0.1127754154904456,-0.2318990910606478,0.4408352668213458
2001-07-17,268.0,0.0011200299845499,-0.1117545591828931,-0.1308814374566684,-0.6199677938808373
2001-07-18,271.0,0.0111318403688441,-0.1017394411850899,0.1397513114407362,1.8855932203389831
2001-07-19,269.8,-0.0044378771060453,-0.1056194658550987,0.2341557906392406,0.3597650513950072
2001-07-20,270.2,0.0014814817524428,-0.1042365786521922,0.3147295394003251,-0.4103671706263498
2001-07-23,269.1,-0.0040793677932381,-0.1078401649791094,0.2859668172071394,-0.2564102564102564
2001-07-24,270.0,0.0033389012655146,-0.1048139211075335,0.3171654540584996,-0.0123152709359606
2001-07-25,268.2,-0.0066889881507966,-0.1107197503376173,0.2112806484839348,0.4239401496259352
2001-07-26,266.7,-0.0056085396596095,-0.1156201643040024,0.0436890012286876,0.1401050788091067
2001-07-27,267.8,0.0041160020691037,-0.1119127364547879,0.0120324820041238,-0.184331797235023
2001-07-30,265.5,-0.0086255925750786,-0.1194656968776844,-0.1497705268646934,0.2259887005649716
2001-07-31,267.1,0.0060082794339218,-0.1140994616906353,-0.1354346067792399,-0.1996927803379415
2001-08-01,268.2,0.0041098507316628,-0.1103947614147219,-0.0430498800675973,-0.019193857965451
2001-08-02,268.3,0.0003727865840004,-0.1100159914523586,0.0296918221150932,-0.1565557729941291
2001-08-03,268.8,0.001861851217416,-0.1082964072733523,0.1117678087016168,0.3016241299303943
2001-08-06,268.0,-0.0029806281381377,-0.110898900061745,0.1121740806690714,-0.160427807486631
2001-08-07,267.8,-0.0007465472537844,-0.1115106402699344,0.0994049911409835,-0.0106157112526539
2001-08-08,268.6,0.0029828508320651,-0.1087928569784463,0.142638316784892,0.2467811158798283
2001-08-09,273.9,0.0195397921798951,-0.0911249296076323,0.5055608945444494,0.4302925989672976
2001-08-10,274.8,0.0032804840791619,-0.0880498677853391,0.7678835045519614,0.2045728038507821
2001-08-13,276.2,0.0050816806269972,-0.0833517380986131,0.9835592891085648,-0.3896103896103896
2001-08-14,276.5,0.0010855799871978,-0.0823064026218929,1.086250505385097,-0.0654664484451718
2001-08-15,276.1,-0.0014477020262806,-0.0835669648064299,1.0655937905921078,0.4028021015761822
2001-08-16,275.6,-0.0018125797966052,-0.0851718962728622,0.9598973711962946,-0.1997503121098627
2001-08-17,279.5,0.0140517534556502,-0.0721478224800516,1.0850504139295507,0.5928237129485179
2001-08-20,276.3,-0.011515060665783,-0.0827170624944304,0.8927562354404583,-0.3428011753183153
2001-08-21,275.3,-0.0036258197808092,-0.0859478172882563,0.6499367556036302,0.5812220566318926
2001-08-22,275.0,-0.0010903144819904,-0.0868681255163194,0.4313690214306549,-0.1508011310084825
2001-08-23,275.6,0.0021794414729323,-0.0848313084861898,0.2959122135758549,-0.4217536071032186
2001-08-24,273.1,-0.0091125106598441,-0.0930641190795062,0.0211393922841762,0.4606525911708252
2001-08-27,273.0,-0.0003662332946997,-0.0933298769146458,-0.1734357496859901,-0.0591327201051248
2001-08-28,272.5,-0.0018331810816609,-0.0949310596104627,-0.3326763598535629,-0.13268156424581
2001-08-29,273.9,0.0051244621657336,-0.0902410472147541,-0.3394105161420597,-0.289855072463768
2001-08-30,275.0,0.0040080213975388,-0.0865464892898226,-0.2685752800032051,0.0340136054421769
2001-08-31,274.7,-0.0010915045653431,-0.0874607675227133,-0.241566943542216,1.0526315789473686
2001-09-03,273.7,-0.0036469770545948,-0.090746745079018,-0.2875660651016278,-0.5715811965811965
2001-09-04,272.4,-0.004761041771276,-0.0950078916889519,-0.3954033749109604,0.5361596009975063
2001-09-05,272.2,-0.0007344840579916,-0.0956311139134151,-0.4652460186649745,-0.2922077922077922
2001-09-06,273.4,0.0043988340724833,-0.0915959894629234,-0.4172079558884921,0.194954128440367
2001-09-07,273.4,0.0,-0.0915363609148926,-0.3734330798746149,0.2687140115163147
2001-09-10,272.0,-0.0051338579938518,-0.0961292386482639,-0.4231186378850674,-0.0453857791225416
2001-09-11,287.0,0.0536801494636238,-0.0460881780433322,0.5187952733134358,4.532488114104596
2001-09-12,278.5,-0.0300641563922823,-0.0741708929679986,0.5319502985896456,-0.2119736465196219
2001-09-13,281.5,0.0107143882124062,-0.0641052680882139,0.6949783506269653,-0.5089058524173028
2001-09-14,285.8,0.015159817916022,-0.0496951913205634,1.0247766791584558,0.5699481865284974
2001-09-17,290.5,0.0163113107961988,-0.0339867730923651,1.4650062049560508,0.0377180575200377
2001-09-18,288.0,-0.0086430961560199,-0.0422482319885394,1.4885480816365853,-0.4379827351203998
2001-09-19,290.4,0.008298802814695,-0.0342235673143985,1.5589979588812335,-0.053354890864996
2001-09-20,288.9,-0.0051786754784514,-0.0391796333168744,1.4027136025524425,-0.2988898377455167
2001-09-21,291.7,0.0096452694014861,-0.02982479478997,1.3837281917741877,0.6942752740560292
2001-09-24,289.5,-0.0075705798606257,-0.0370955799671934,1.1295522312124304,-0.0934579439252336
2001-09-25,290.0,0.0017256259674698,-0.0353993842800175,0.9110209285909274,-0.3251387787470261
2001-09-26,293.3,0.0113150530028856,-0.0243866335013172,0.9028998367164248,0.3525264394829612
2001-09-27,292.2,-0.0037574766668063,-0.0280135558443149,0.7442298975071102,-0.1077324066029539
2001-09-28,293.4,0.0040983663922821,-0.0239972473401638,0.6446009741090952,-0.1470301850048685
2001-10-01,292.0,-0.0047830634405995,-0.0286310710010318,0.4198054264653361,-0.1141552511415525
2001-10-02,289.7,-0.007907897492977,-0.0362524822513172,0.0699492987685328,0.115979381443299
2001-10-03,289.7,0.0,-0.0362211839616236,-0.1933311431762625,0.0704387990762125
2001-10-04,290.1,0.0013797863520537,-0.0348614727385517,-0.3625783204151247,-0.1035598705501618
2001-10-05,291.2,0.0037846251951724,-0.0311853125532674,-0.41851629835827,-0.3778580024067388
2001-10-08,292.1,0.0030858930711644,-0.0281699363781205,-0.4123115535722714,0.4410058027079304
2001-10-09,288.2,-0.0134415258282736,-0.0411139666649828,-0.6728672619509597,0.1557046979865772
2001-10-10,285.1,-0.0108146876467952,-0.0513685425699255,-1.0343767619322115,0.4936120789779326
2001-10-11,281.5,-0.0127075483388812,-0.0632628982303172,-1.469762495370381,0.1594090202177294
2001-10-12,284.7,0.0113035467042468,-0.052567079426749,-1.4913187811417563,-0.4158283031522468
2001-10-15,281.7,-0.0105933194016649,-0.062503394096862,-1.6446352687085657,-0.0574052812858782
2001-10-16,281.6,-0.0003550505984394,-0.0627903141424082,-1.6836797129955898,-0.0730816077953715
2001-10-17,282.7,0.0038986404156571,-0.0590869182346186,-1.568635236864309,-0.0394218134034165
2001-10-18,279.7,-0.0106686644916306,-0.0689971811688912,-1.6211188167994115,0.5745554035567715
2001-10-19,279.9,0.0007147963134937,-0.0682522485589159,-1.567943078815269,0.052128583840139
2001-10-22,275.8,-0.0147564311622062,-0.0818478693469242,-1.7221719823514663,-0.421139554087531
2001-10-23,276.2,0.0014492756159902,-0.0804500547216735,-1.707208497635552,0.2282453637660484
2001-10-24,275.6,-0.002174701835688,-0.0824104251445226,-1.646909502678071,-0.445993031358885
2001-10-25,277.5,0.0068703940469855,-0.0760492742436215,-1.398058261714698,-0.0251572327044025
2001-10-26,277.6,0.0003602954461602,-0.07568896576,-1.1557566563725594,-0.2021505376344086
2001-10-29,279.4,0.0064632181902118,-0.0696661871936554,-0.819137854591292,0.1347708894878705
2001-10-30,280.7,0.0046420365449752,-0.0653055650920791,-0.4710908261789786,0.178147268408551
2001-10-31,279.7,-0.0035688831599227,-0.0685770008468498,-0.2798329225615921,0.7963709677419355
2001-11-01,279.8,0.0003574620234669,-0.0682001506731766,-0.12603623416754,-0.2525252525252525
2001-11-02,280.1,0.0010716200346821,-0.0671758761019361,0.0092690085620259,-0.4204204204204204
2001-11-05,279.3,-0.0028602093149317,-0.0697978802549456,0.0556706908378348,0.6088082901554404
2001-11-06,280.4,0.0039306822093037,-0.0661142651114709,0.1650435673974861,-0.5152979066022545
2001-11-07,280.9,0.0017815789497628,-0.0644151501503326,0.2694852956945257,0.7475083056478404
2001-11-08,277.3,-0.0128987814884655,-0.0763535155706258,0.103094634661127,0.4087452471482891
2001-11-09,277.9,0.0021613841267255,-0.0742956373492716,0.0434731667974412,0.1417004048582995
2001-11-12,278.6,0.0025157245972473,-0.0719002157432349,0.0601806988557436,0.1300236406619386
2001-11-13,277.8,-0.0028756310254619,-0.0744969123180159,0.0279902731757473,0.0104602510460252
2001-11-14,278.0,0.0007196833703936,-0.0737864666233065,0.0305928985258459,-0.3467908902691511
2001-11-15,275.6,-0.0086705745511335,-0.0817301921924077,-0.1111289530432884,0.0950871632329635
2001-11-16,275.1,-0.0018158712089746,-0.0833350973988761,-0.2143744504555205,0.130246020260492
2001-11-19,273.0,-0.0076628727455692,-0.0902730953731931,-0.3897110742857856,-0.0768245838668374
2001-11-20,273.7,0.0025608208616736,-0.0879010123422276,-0.4214638949082547,-0.3398058252427184
2001-11-21,273.4,-0.0010966917567842,-0.0888594280178212,-0.4244136963822806,0.0315126050420169
2001-11-22,273.1,-0.0010978958101896,-0.0898245188275743,-0.408188365329641,-0.1629327902240326
2001-11-23,273.1,0.0,-0.0897970160443486,-0.36071934836023,-0.2068126520681265
2001-11-26,273.2,0.0003660992169754,-0.0894317159321777,-0.2889518799146877,0.1687116564417177
2001-11-27,273.7,0.0018284883499982,-0.0877369334157582,-0.1795311367987293,-0.1049868766404199
2001-11-28,274.8,0.0040109443015609,-0.0840377920659405,-0.0135462806811459,0.2052785923753666
2001-11-29,274.5,-0.001092299398609,-0.0849876294243008,0.0898768105713498,0.5352798053527981
2001-11-30,274.6,0.0003642323842854,-0.0846095445644599,0.1739880083827267,-0.1030110935023771
2001-12-03,277.5,0.0105054398526183,-0.0748984153668152,0.4198785423665114,0.0530035335689045
2001-12-04,276.0,-0.0054200674693391,-0.0798625499695715,0.4725245330418546,-0.1761744966442953
2001-12-05,274.7,-0.0047212726159218,-0.084142701621827,0.4129753516866505,0.4073319755600815
2001-12-06,275.0,0.0010915045653431,-0.0830899134177966,0.3873930843168494,-0.0217076700434153
2001-12-07,274.8,-0.0007275373183769,-0.083723454963685,0.3516499062032903,-0.3772189349112426
2001-12-10,273.0,-0.0065717651632346,-0.0896652384356874,0.208502039168603,0.7125890736342042
2001-12-11,273.1,0.0003662332946995,-0.0892954785980476,0.1263173845540759,-0.4022191400832178
2001-12-12,274.3,0.0043843694638982,-0.0852732253807404,0.1565630731580469,-0.4176334106728538
2001-12-13,274.2,-0.0003646308153435,-0.0855940889494628,0.1723725919022343,-0.3784860557768924
2001-12-14,278.6,0.0159192942174913,-0.0708613666266847,0.4650916531320173,4.358974358974359
2001-12-17,278.5,-0.0003590019783666,-0.0711598481347216,0.6277879089421932,-0.3947368421052631
2001-12-18,280.7,0.0078684240004981,-0.0637864742449255,0.8458093538509254,0.1284584980237153
2001-12-19,276.4,-0.015437391474322,-0.0780711650450341,0.6703359256322876,0.4203152364273204
2001-12-20,276.6,0.0007233273371432,-0.0773247888558753,0.5430777972731908,0.3575832305795314
2001-12-21,278.4,0.0064865092296066,-0.0712757512407028,0.553581644108072,-0.4087193460490463
2001-12-24,278.3,-0.0003592599284193,-0.0715796472122305,0.5273661132951879,-0.3287250384024577
2001-12-25,279.0,0.0025121132895204,-0.0692097815920284,0.5293620063962186,0.2151029748283752
2001-12-26,279.5,0.0017905107737882,-0.0675118451508613,0.5349655895910295,-0.1318267419962335
2001-12-27,277.3,-0.0079023399734214,-0.0747972322328554,0.3690096668546669,0.7592190889370933
2001-12-28,276.8,-0.0018047288782178,-0.0764194205795508,0.2118722339758855,-0.1972872996300863
2001-12-31,279.2,0.0086331471447028,-0.0683802375740064,0.2530877889787377,-0.2918586789554531
2002-01-01,278.7,-0.0017924364003149,-0.0700247246164029,0.230818503214407,-0.2386117136659435
2002-01-02,279.0,0.0010758473334631,-0.0689913835158995,0.2204535909165079,0.3988603988603989
2002-01-03,278.7,-0.0010758473334631,-0.0699383408209213,0.1793003984937415,0.6720977596741344
2002-01-04,279.1,0.0014342060543741,-0.0685668224550077,0.1652707297014707,-0.3227771010962241
2002-01-07,279.0,-0.0003583587209109,-0.0688510381240283,0.1366915011391785,0.3723021582733812
2002-01-08,279.3,0.0010746911297655,-0.0678195868127881,0.1257065787171963,-0.382699868938401
2002-01-09,284.4,0.0180952249779546,-0.0507530262633722,0.4323635499146777,0.7537154989384289
2002-01-10,286.6,0.0077058174649857,-0.0433571543641965,0.7359801720704197,0.4963680387409201
2002-01-11,287.7,0.0038307551634305,-0.0396639170862615,0.9498981994269398,-0.5663430420711975
2002-01-14,285.4,-0.0080265655147661,-0.0473157686467065,0.8772358817158645,0.0839552238805969
2002-01-15,284.9,-0.0017534635388734,-0.0489520350184409,0.7416320313142839,0.1721170395869191
2002-01-16,287.4,0.0087367321410618,-0.0405619039690468,0.7634488875521144,0.6020558002936858
2002-01-17,284.3,-0.0108449549879702,-0.0508721740284152,0.5236713454875472,-0.1970669110907424
2002-01-18,283.8,-0.0017602539310117,-0.0525130242884165,0.2972334104629941,-0.3481735159817352
2002-01-21,282.8,-0.0035298307035245,-0.0558221819408362,0.0584404464496064,-0.0175131348511383
2002-01-22,281.9,-0.0031875359023509,-0.0587854782587354,-0.1693299198340718,0.3654188948306596
2002-01-23,279.5,-0.0085501055249128,-0.066746171547207,-0.4735919950179341,0.1501305483028721
2002-01-24,279.5,0.0,-0.0667111006341557,-0.655605865582567,-0.3745743473325766
2002-01-25,279.1,-0.0014321520528772,-0.0680340425123803,-0.7754882691185188,-0.6442831215970961
2002-01-28,279.0,-0.0003583587209109,-0.0683381726330113,-0.8292306453420282,1.4030612244897958
2002-01-29,281.7,0.0096308930609611,-0.0592829438107184,-0.6581210265582786,0.3609341825902334
2002-01-30,282.2,0.0017733645363867,-0.0575577163736453,-0.4939472518280254,0.577223088923557
2002-01-31,282.9,0.0024774388888077,-0.0552055494687593,-0.3288376518709186,-0.7368941641938674
2002-02-01,286.5,0.0126450578472727,-0.043143332007871,0.0140238997449567,2.274436090225564
2002-02-04,291.5,0.0173014696357528,-0.0264211302358797,0.5396363279858414,-0.1894374282433983
2002-02-05,297.8,0.0213821144593614,-0.0053627179595763,1.2339730158150093,0.8569405099150142
2002-02-06,297.0,-0.002689981447209,-0.0080390240711791,1.5417466370934894,0.7971014492753623
2002-02-07,302.9,0.0196705792304919,0.011663725424091,2.015160410559037,-0.7185908319185059
2002-02-08,304.0,0.00362498337303,0.0153098715275702,2.2566593456227246,1.5505279034690798
2002-02-11,299.5,-0.0149132838507176,0.0002744833153624,1.977616479176188,-0.2069781194559432
2002-02-12,300.5,0.0033333364197582,0.0036122173946326,1.7334257472795995,-0.238627889634601
2002-02-13,299.8,-0.0023321683067648,0.0012770095509366,1.4114396833888598,0.2105778648383938
2002-02-14,300.1,0.001000166777824,0.0022787002510658,1.1181727613504533,-0.4611650485436893
2002-02-15,298.1,-0.0066867517622956,-0.0044009798447139,0.7089508090098455,0.427927927927928
2002-02-18,298.0,-0.0003355141786214,-0.0047320837149624,0.3681403000008423,-0.3154574132492114
2002-02-19,293.4,-0.0155566207965231,-0.0200799304539377,-0.1999439450232358,0.6221198156682028
2002-02-20,291.7,-0.0058109888352055,-0.0257393102017399,-0.6951721121523065,-0.2367424242424242
2002-02-21,293.0,0.0044467321433915,-0.0213790675679604,-0.925737392951442,0.0062034739454093
2002-02-22,293.0,0.0,-0.0213637330209729,-1.0591835111476215,-0.0690505548705302
2002-02-25,292.7,-0.0010244153192272,-0.022350321342749,-1.1414929593825822,-0.104635761589404
2002-02-26,298.0,0.0179452928075643,-0.0046390313353431,-0.8274555255477658,0.1908284023668638
2002-02-27,296.6,-0.0047090568015726,-0.0093091015847078,-0.7071503148091467,0.124223602484472
2002-02-28,296.8,0.0006740815893937,-0.00863614834967,-0.6108593055147526,-0.3248618784530387
2002-03-01,298.4,0.0053763570363802,-0.0032872941833107,-0.4439306650075778,0.392798690671031
2002-03-04,297.1,-0.0043660858610436,-0.0076260213582418,-0.4255378181942264,-0.054054054054054
2002-03-05,294.6,-0.008450278440032,-0.0159649780431501,-0.576819822490402,0.3490683229813665
2002-03-06,293.8,-0.002719240288753,-0.0186249396424269,-0.7167155661228737,-0.3683241252302025
2002-03-07,289.8,-0.0137082338531949,-0.0319678988837155,-1.0447240405766265,0.0
2002-03-08,290.0,0.0006898930939376,-0.0312803239077483,-1.2030278586721137,-0.0947521865889212
2002-03-11,290.9,0.0030986425206362,-0.0282542734546526,-1.1992512296487905,0.2093397745571659
2002-03-12,294.0,0.0106002018375258,-0.0178853483364655,-0.950951496990646,-0.1131824234354194
2002-03-13,293.6,-0.0013614705983209,-0.0192111714043263,-0.7836001149982323,-0.1126126126126125
2002-03-14,291.5,-0.0071782909498135,-0.0262102325268242,-0.7824624722739226,0.1692047377326564
2002-03-15,290.3,-0.0041251347599627,-0.0302024114461389,-0.8263447306530245,-0.1447178002894356
2002-03-18,292.8,0.0085749110565723,-0.0218394261646568,-0.6581354474481866,-0.1928934010152284
2002-03-19,293.4,0.0020470836217248,-0.0198245828547323,-0.485562640894544,0.1027253668763101
2002-03-20,292.6,-0.0027303771228572,-0.0224866699366738,-0.407539447990838,-0.0760456273764258
2002-03-21,293.4,0.0027303771228573,-0.0198064315197106,-0.2898310989447246,-0.2160493827160493
2002-03-22,298.0,0.0155566207965231,-0.0044323972277853,0.0897483771898742,0.6981627296587927
2002-03-25,298.6,0.0020113985996856,-0.0024263235594648,0.3580902091558841,-0.3493044822256569
2002-03-26,297.0,-0.0053727463023904,-0.0077671418177093,0.4014284981230116,0.4394299287410925
2002-03-27,302.4,0.0180185055026782,0.0102691203697091,0.747275770636521,0.6765676567656767
2002-03-28,302.9,0.0016520737278136,0.0119289140587163,0.9501901826070486,-0.0501968503937008
2002-03-29,302.7,-0.0006605020055186,0.011256001805718,1.0060418975810448,-0.5689119170984456
2002-04-01,303.0,0.0009905894816963,0.0122546175686204,0.9964055828888853,-0.0480769230769231
2002-04-02,306.1,0.0101790404419978,0.0225965720905386,1.1226462402692976,0.931818181818182
2002-04-03,302.8,-0.0108393243880731,0.0115573626447939,0.9164424212050846,0.3738562091503268
2002-04-04,301.3,-0.0049660754270381,0.0065411883673016,0.6254614269728287,-0.1379638439581351
2002-04-05,300.3,-0.0033244711469709,0.0031977823360454,0.3270807250918963,0.0551876379690949
2002-04-08,300.7,0.0013311150051987,0.0045324053334074,0.1283028854669337,-0.2981171548117155
2002-04-09,298.8,-0.006338636735821,-0.0018144103888471,-0.1446986019158567,-0.3055141579731744
2002-04-10,301.5,0.0089955629085777,0.0072026796627566,-0.1560197937354424,0.8476394849785407
2002-04-11,302.9,0.0046327018659515,0.0118730016230599,-0.0853387325967247,0.0
2002-04-12,301.8,-0.0036381716994429,0.0081959677233813,-0.1263151212815163,-0.5168408826945412
2002-04-15,300.1,-0.0056487938874271,0.0025139229505404,-0.2731308869245552,0.5168269230769231
2002-04-16,299.3,-0.0026693375876682,-0.0001578503339435,-0.4205299805831204,0.0079239302694136
2002-04-17,302.2,0.0096426349799859,0.0095259469250915,-0.3234839598702321,0.1886792452830188
2002-04-18,303.9,0.0056096500841081,0.0151917091439699,-0.1541557011274348,0.2050264550264551
2002-04-19,302.6,-0.0042868985684917,0.0108378349864785,-0.139500442479731,0.0329308452250274
2002-04-22,303.1,0.001650982709502,0.0125005140240956,-0.1073697320544755,-0.3453772582359192
2002-04-23,303.9,0.0026359158589898,0.0151653146065765,-0.0465800754614262,-0.073051948051948
2002-04-24,304.3,0.0013153569801781,0.0164929445527498,0.0035648590119148,-0.0875656742556917
2002-04-25,307.8,0.0114361645018534,0.0281639981147178,0.2422358403573852,0.5854126679462572
2002-04-26,311.5,0.0119491168227289,0.0404892254783428,0.5987711965827462,0.1937046004842615
2002-04-29,311.5,0.0,0.0404544744831523,0.7730014102490372,-0.0659229208924949
2002-04-30,308.7,-0.0090294067193942,0.0310761049057979,0.643381571429154,-0.1031487513572204
2002-05-01,309.3,0.0019417481829103,0.0330542089578769,0.545622952638241,-0.0121065375302663
2002-05-02,308.1,-0.0038872740884016,0.0290284186987177,0.3568436176935172,-0.2267156862745097
2002-05-03,312.2,0.0132196024787092,0.042687510947024,0.4583306853556594,0.427892234548336
2002-05-06,311.7,-0.0016028213080402,0.0409882146562331,0.441825109086833,-0.199778024417314
2002-05-07,311.8,0.0003207698503847,0.0412780917568617,0.3895128685765923,0.5270457697642164
2002-05-08,308.5,-0.0106401132782337,0.0302262782045179,0.0996321631017309,-0.1634877384196185
2002-05-09,309.8,0.0042050846373258,0.034552663671837,-0.0306216564528201,-0.499457111834962
2002-05-10,311.3,0.0048301494647942,0.0395406182210016,-0.0411629902311778,0.2386117136659435
2002-05-13,311.2,-0.0003212851433259,0.0391836856646958,-0.0781327063329335,0.0875656742556918
2002-05-14,307.9,-0.0106607373737818,0.0281428176053312,-0.3337676508387943,0.1610305958132045
2002-05-15,308.8,0.0029187632201666,0.0311377243013102,-0.4442620060264177,-0.4715672676837725
2002-05-16,310.1,0.0042010079557821,0.0354625244040521,-0.431453126483948,0.2624671916010499
2002-05-17,311.3,0.0038622513411591,0.0394455449149374,-0.3474300282569658,0.3326403326403326
2002-05-20,316.2,0.0156178473278091,0.0557614184878843,0.0137413523796454,0.436817472698908
2002-05-21,316.4,0.000632311118127,0.0563677272388165,0.2297163673310751,0.282301845819761
2002-05-22,317.9,0.0047296320232581,0.0613253208101362,0.4258027389215693,-0.296359017781541
2002-05-23,322.3,0.0137459209046353,0.0759152285217191,0.7832448570425248,0.6931407942238268
2002-05-24,320.8,-0.0046649128290326,0.0708315853823237,0.8447745346439257,-0.2245913290689409
2002-05-27,320.5,-0.0009355996316346,0.0697953387253984,0.7922623244678508,-0.5499541704857929
2002-05-28,324.6,0.0127113787197662,0.0833581150910758,0.9500156399232268,1.9755600814663952
2002-05-29,325.2,0.0018467225931644,0.0852741830570647,1.0057625226793934,-0.3182751540041068
2002-05-30,325.3,0.0003074558056502,0.0855068516191336,0.960450237758462,0.2058232931726906
2002-05-31,326.8,0.004600529506542,0.0904071379407795,0.9413270382033004,-0.0499583680266444
2002-06-03,327.4,0.0018343019511866,0.0923340328423926,0.8800397475418569,-0.2892199824715162
2002-06-04,325.2,-0.0067422872633789,0.0848660451990731,0.6148423551902953,0.7151664611590629
2002-06-05,321.7,-0.0108209434286748,0.0730850114036659,0.1513758339592446,-0.0287562904385334
2002-06-06,325.4,0.0114357605399568,0.0853888525627833,0.0470759080842366,-0.6513693560325684
2002-06-07,324.2,-0.0036945854833616,0.0812918546577279,-0.1394516277965651,1.3906581740976645
2002-06-10,319.3,-0.0152295095808393,0.0648705394904026,-0.603547272619827,0.0133214920071047
2002-06-11,321.3,0.0062441664010764,0.0714734123961803,-0.7755710834958727,-0.0964066608238387
2002-06-12,319.5,-0.0056179923042232,0.0654232262448138,-0.9962515939294324,-0.3103782735208535
2002-06-13,318.4,-0.0034488198473616,0.0616889357217847,-1.1889177204186376,0.4922644163150491
2002-06-14,319.5,0.0034488198473617,0.0652883815245994,-1.210816452687033,-0.0329877474081055
2002-06-17,317.1,-0.0075400922732878,0.0572456313282804,-1.3451356505837389,-0.3362573099415205
2002-06-18,319.8,0.0084786188555521,0.0662231212582943,-1.214340662373511,-0.4111600587371512
2002-06-19,321.1,0.0040568006956144,0.0705049443735841,-1.0108107291765085,0.8977556109725686
2002-06-20,324.1,0.0092995090520335,0.0804398560400089,-0.661567446379419,0.1642575558475689
2002-06-21,324.9,0.0024653325275528,0.0830576341783618,-0.3781927833384064,-0.3103837471783296
2002-06-24,322.9,-0.0061747649108251,0.0763181900066246,-0.3287857440000041,0.4909983633387889
2002-06-25,321.7,-0.0037232435192488,0.0722009943719831,-0.3768115768644207,0.8013172338090011
2002-06-26,319.5,-0.006862160427391,0.064779734285576,-0.5463476869323427,-0.2254722730042656
2002-06-27,318.5,-0.0031347988053715,0.0613740924420274,-0.705330288196734,-0.0629425649095201
2002-06-28,314.7,-0.0120026709418568,0.048615056246653,-1.0264458922230233,0.6507136859781697
2002-07-01,314.9,0.0006353240366176,0.04925218277189,-1.174739777672994,-0.6536113936927772
2002-07-02,313.2,-0.0054131639903309,0.0435572765927918,-1.3255146391879953,0.0220264317180616
2002-07-03,311.4,-0.0057637047167501,0.0375281264736135,-1.4733013114468194,0.2083333333333332
2002-07-04,311.0,-0.0012853472206637,0.0361832355340894,-1.5187651419532144,-0.5826397146254458
2002-07-05,311.7,0.0022482745940573,0.0385092412013893,-1.4240507052790154,-0.4985754985754985
2002-07-08,313.1,0.0044814415590686,0.0431407149531695,-1.1985222694334086,3.721590909090909
2002-07-09,316.9,0.012063638364515,0.0557496679580437,-0.7469306586200312,0.312876052948255
2002-07-10,316.3,-0.0018951363852718,0.0537128481233896,-0.4564155225051201,-0.3116406966086159
2002-07-11,316.8,0.0015795296286675,0.0553299034177871,-0.2108495901513565,0.2663115845539281
2002-07-12,316.3,-0.0015795296286676,0.0536366552488416,-0.0696670148079886,-0.4311251314405888
2002-07-15,318.4,0.0066173236586246,0.060587149118154,0.1647737818551732,0.4251386321626618
2002-07-16,318.5,0.00031402104199,0.060861203788406,0.3173663705589763,0.2983138780804151
2002-07-17,318.0,-0.0015710922320412,0.0591558714023608,0.3716449920842742,-0.2797202797202797
2002-07-18,317.7,-0.0009438415047064,0.058144662915947,0.3733734272591421,-0.6934812760055479
2002-07-19,324.2,0.0202530680261052,0.0796979039575136,0.7751829366616245,5.02262443438914
2002-07-22,323.4,-0.0024706621585692,0.0769695951928225,0.939056249504849,-0.3711495116453794
2002-07-23,313.3,-0.0317287491848603,0.043257841029101,0.3495606814394629,0.8590203106332139
2002-07-24,311.5,-0.0057618597306383,0.0371710746479081,-0.1523396840409137,0.5687660668380463
2002-07-25,310.6,-0.0028934275129211,0.0341469201265792,-0.5152435166415356,-0.6390823433019255
2002-07-26,304.0,-0.021478209308365,0.0121430657910406,-1.1345893362316497,1.044267877412032
2002-07-29,302.9,-0.0036249833730301,0.0084754106999302,-1.5286177842782598,-0.6274292059966685
2002-07-30,305.3,0.0078921817076406,0.0164575317693266,-1.5339201941167224,0.0223546944858419
2002-07-31,303.8,-0.0049253095791597,0.0114540665053905,-1.5406914674819785,0.2113702623906705
2002-08-01,304.9,0.0036142638325365,0.0151058794815576,-1.3785909612802365,0.5535499398315282
2002-08-02,307.4,0.0081659771102864,0.0234160802221393,-1.0266556546235828,-0.4570100697134004
2002-08-05,308.4,0.0032478105846788,0.0267243811169515,-0.6675711428921094,0.2853067047075606
2002-08-06,306.6,-0.0058536752514605,0.0207198738059871,-0.4999973804058939,-0.2996670366259711
2002-08-07,314.3,0.0248039773658081,0.0462980691699205,0.1461640625380313,1.61648177496038
2002-08-08,310.9,-0.0108766267388138,0.0349532781214016,0.3497129353978248,-0.5572380375529982
2002-08-09,314.8,0.01246619947854,0.0478945148721514,0.7302423352449465,0.4651162790697674
2002-08-12,314.6,-0.0006355259190707,0.0471801652984441,0.938434929142927,-0.0280112044817927
2002-08-13,315.4,0.0025396839047603,0.0498327812441659,1.0893751327848678,-0.7780979827089337
2002-08-14,312.0,-0.0108384867194555,0.038470986916058,0.9260010181659608,3.766233766233766
2002-08-15,315.2,0.0102041701742416,0.0490907730527054,0.9932711567580657,-0.3451407811080835
2002-08-16,314.2,-0.0031776321622032,0.04573296598645,0.9312801791989922,-0.0277392510402219
2002-08-19,307.0,-0.0231819782343235,0.0217232466887381,0.3937284161425733,1.4978601997146934
2002-08-20,309.3,0.0074639321038267,0.0293607073760596,0.1916541371259151,-0.6053683609366076
2002-08-21,308.3,-0.0032383447989192,0.0260132908231479,-0.0005913957001159,0.2315484804630969
2002-08-22,307.4,-0.0029235037876092,0.0230043768622703,-0.1702155180346064,-0.1527614571092832
2002-08-23,307.3,-0.0003253619680563,0.0226586307201691,-0.2653269150884827,0.0138696255201109
2002-08-26,309.8,0.0081024588463292,0.0309609342007468,-0.1422186232546007,-0.0820793433652531
2002-08-27,313.0,0.0102762625573848,0.0415857766772255,0.1562085115541485,0.059612518628912
2002-08-28,310.5,-0.0080192891666198,0.0332479805505726,0.1847613425587446,-0.1828410689170182
2002-08-29,313.7,0.0102532138230989,0.0438662944667872,0.4060049769779885,0.5507745266781412
2002-08-30,313.0,-0.0022339246564792,0.0415093162645103,0.4866112606745724,-0.2108768035516093
2002-09-02,312.5,-0.0015987213636969,0.039834617556381,0.4864977102185952,-0.5766526019690577
2002-09-03,314.4,0.0060615913785951,0.0461320774672189,0.5878500504937578,1.0631229235880395
2002-09-04,315.0,0.0019065782705816,0.0480973376465339,0.6631833960664393,0.1610305958132045
2002-09-05,319.0,0.0126184639592114,0.0613749092704881,0.9337279692461116,-0.1525658807212205
2002-09-06,320.5,0.0046911735758802,0.0663199221916119,1.150772449980256,0.2291325695581014
2002-09-09,321.5,0.0031152673169492,0.0695809571248973,1.2883746038098285,0.3328894806924101
2002-09-10,318.0,-0.0109461608974972,0.0579017372526611,1.0788545603957689,-0.3796203796203796
2002-09-11,317.6,-0.001258653407196,0.0565248954669715,0.8581242655768619,0.4669887278582931
2002-09-12,319.3,0.0053383703477555,0.0621465826397656,0.773999904385164,-0.3457738748627881
2002-09-13,317.1,-0.0069139181764346,0.0547825110585173,0.529254442681804,0.4614093959731544
2002-09-16,317.4,0.0009456265480068,0.0557029997050883,0.3550026300628359,0.7864523536165327
2002-09-17,317.7,0.0009447331831618,0.0566247208612606,0.2332603161524,0.012210796915167
2002-09-18,320.1,0.0075259057003469,0.0644980791069058,0.2842973185922035,0.1980952380952381
2002-09-19,323.2,0.0096378796711227,0.0746730385519237,0.4849779988019986,0.0678325384207736
2002-09-20,322.1,-0.003409270309787,0.0709177341586984,0.4997928732981251,-0.2759305210918114
2002-09-23,322.7,0.0018610427207628,0.0728036244715673,0.5046849408245566,0.089787525702536
2002-09-24,326.1,0.0104809837373573,0.0839433741744564,0.6806403145375808,0.330188679245283
2002-09-25,322.2,-0.0120316120523995,0.0708946048581393,0.4871707202537867,-0.4264775413711583
2002-09-26,320.0,-0.0068514749491017,0.0634896578361651,0.1796743766802935,0.2605111294311624
2002-09-27,319.9,-0.0003125488382999,0.0630749859040165,-0.0495646780707286,-0.093525179856115
2002-09-30,324.1,0.0130436631920296,0.0769352717182372,0.0567924321093027,0.0259740259740259
2002-10-01,323.5,-0.0018529962065464,0.0749414232876058,0.0614650736620987,-0.9985935302391
2002-10-02,322.8,-0.0021661775451614,0.0724776667030041,-0.0043629450742912,1067.0
2002-10-03,321.6,-0.0037243990909824,0.0684754653909734,-0.1428274862118317,-0.8909176029962547
2002-10-04,322.1,0.0015535190323418,0.0700685101657514,-0.210745091116669,3.6866952789699567
2002-10-07,322.3,0.0006207324842388,0.0707192680379025,-0.2495498584878919,-0.8086080586080586
2002-10-08,318.2,-0.0128026729177057,0.0570586322702246,-0.5419202330847237,2.401913875598086
2002-10-09,320.0,0.0056408798900857,0.0630066767214358,-0.6001347173982479,-0.2137834036568213
2002-10-10,316.8,-0.0100503358535014,0.052334321446823,-0.8262536172456292,0.4865831842576029
2002-10-11,316.7,-0.0003157063956767,0.0519513297053726,-0.9460402685644932,0.2743682310469313
2002-10-14,317.9,0.0037819143721629,0.05583769260291,-0.9077813322040964,0.8564683663833805
2002-10-15,313.4,-0.0142565379948365,0.0407581646160593,-1.1341597464814308,0.686673448626653
2002-10-16,314.3,0.0028676138816015,0.0436991686182462,-1.1673402306174474,-0.6305790108564535
2002-10-17,311.5,-0.0089486055760141,0.0343501202768622,-1.3111533708114445,0.3061224489795917
2002-10-18,312.8,0.0041646704436482,0.0386348871070397,-1.2521291886592776,-0.385
2002-10-21,311.2,-0.0051282163669195,0.0332857769711151,-1.2512820170043448,0.1869918699186992
2002-10-22,313.0,0.0057673982359168,0.039223462576752,-1.0671114967860165,0.0171232876712328
2002-10-23,311.9,-0.0035205669263957,0.035555484561166,-0.9603310383643396,-0.6001683501683501
2002-10-24,311.4,-0.0016043642138595,0.033866165272487,-0.8671753924770045,1.174736842105263
2002-10-25,312.9,0.0048053912749384,0.0388172237242564,-0.6578310922531239,-0.1084220716360115
2002-10-28,315.3,0.0076409158761787,0.0467448405694233,-0.3277009410215368,0.1226927252985885
2002-10-29,316.7,0.0044303869935788,0.0513196721592893,-0.0022412935169118,0.5618955512572534
2002-10-30,316.3,-0.0012638232329909,0.0499475006847257,0.1883631537051471,-0.3900928792569659
2002-10-31,317.7,0.0044164109638671,0.0545398354335795,0.3988936510297152,0.1766497461928933
2002-11-01,318.7,0.0031426801478201,0.0577632500981072,0.5844408291263381,0.553925798101812
2002-11-04,318.5,-0.0006277464110726,0.0570453468760755,0.6666890016090421,-0.4097723486951693
2002-11-05,317.7,-0.0025149337367476,0.0543428843721645,0.6400696561144845,-0.116650987770461
2002-11-06,318.1,0.0012582574796281,0.055623219162945,0.6217320379054574,0.0330138445154419
2002-11-07,320.9,0.0087637493607127,0.0648367073705009,0.7612918742478408,0.4546391752577319
2002-11-08,321.5,0.0018679955618628,0.0667446772972918,0.8503688203144596,-0.0240963855421686
2002-11-11,321.6,0.0003109936271373,0.0670385187449114,0.8692875136045828,-0.5279593318809005
2002-11-12,324.3,0.0083604760084609,0.0759171671365674,1.007185267925371,0.8753846153846154
2002-11-13,318.9,-0.0167914392972605,0.0578059015717678,0.6932093086647046,1.9105824446267432
2002-11-14,318.1,-0.0025117752609133,0.0550782008817446,0.4044480879097809,-0.5746899661781285
2002-11-15,320.5,0.0075164776056262,0.0629600503159217,0.3499230223196347,-0.0265076209410205
2002-11-18,319.4,-0.0034380405798127,0.0592561214818805,0.2209115662031465,-0.2784206943498979
2002-11-19,318.7,-0.0021940143576212,0.0568789607739973,0.0770000406388169,0.0169811320754718
2002-11-20,317.8,-0.002827967320675,0.0538323772498203,-0.0816455112522063,0.1716141001855287
2002-11-21,317.6,-0.0006295247296348,0.0531188888992746,-0.1963511521121416,-0.1583531274742676
2002-11-22,321.0,0.010648393757035,0.0643022185814919,-0.0473119350223087,0.5888993414863593
2002-11-25,318.1,-0.0090753243749173,0.0546196647105891,-0.142718881173222,-0.1965660153937241
2002-11-26,318.3,0.0006285355329487,0.0552332311327225,-0.1881785139305167,-0.238761974944731
2002-11-27,317.2,-0.0034618445273542,0.0515397923816835,-0.2824831352904484,0.0029041626331074
2002-11-28,317.7,0.0015750515147776,0.0531759987763294,-0.2997071468251081,-0.5472972972972974
2002-11-29,317.8,0.0003147128271451,0.0534914800784374,-0.2925595865897505,-0.2921108742004265
2002-12-02,317.7,-0.0003147128271452,0.0530964252665504,-0.2826078145300618,3.183734939759036
2002-12-03,320.7,0.0093985654236387,0.0629555861048569,-0.072941226951646,0.1763858891288696
2002-12-04,322.1,0.0043559496380441,0.0675097361924107,0.1489696545989169,-0.1015911872705018
2002-12-05,324.5,0.0074234798069913,0.075361305394219,0.4304002191400076,0.0960490463215257
2002-12-06,326.2,0.0052251540427686,0.0808433707130913,0.6887301788236269,0.2977004350528278
2002-12-09,325.9,-0.0009201043433977,0.0797694937536854,0.7898339605304565,-0.4549808429118773
2002-12-10,323.4,-0.0077006387005093,0.0714383203551736,0.6448923407935905,-0.3479789103690686
2002-12-11,324.9,0.004627495532048,0.0763409060846961,0.607133124512337,0.3773584905660376
2002-12-12,331.3,0.0195068666307955,0.0973758426533371,0.9498559362658224,0.9951076320939334
2002-12-13,330.5,-0.0024176500141091,0.0945411038992963,1.051439322613,0.0152035311427169
2002-12-16,336.6,0.0182886224649646,0.1146270771102719,1.4345014572328467,-0.4444444444444444
2002-12-17,336.7,0.000297044410323,0.1146542462711852,1.587732766146705,1.411304347826087
2002-12-18,343.3,0.0194123742966176,0.1362330936463097,2.00007397833056,-0.1749008294266137
2002-12-19,345.5,0.0063879427440782,0.1431656879094607,2.267848356419038,0.0882867132867133
2002-12-20,340.7,-0.0139903185408037,0.1270408173492702,1.979081336379466,-0.1999999999999999
2002-12-23,345.2,0.0131216345423519,0.1417295786391205,1.9456161411590076,-0.2228915662650602
2002-12-24,346.5,0.0037588594206851,0.1458495058050496,1.8652725075889516,-0.1459948320413436
2002-12-25,344.7,-0.0052083451071382,0.1398927402119278,1.5576720318955353,-0.975037821482602
2002-12-26,349.6,0.0141151702585608,0.1559962371917344,1.547784393410427,20.75757575757576
2002-12-27,349.2,-0.0011448198159333,0.1543969221582714,1.3832543880284804,1.6852367688022285
2002-12-30,343.6,-0.0161666338553467,0.1356556431606746,0.7954179093454883,-0.0824688796680498
2002-12-31,347.7,0.0118618489037153,0.1490279511337092,0.5902949142922456,-0.2323346523459581
2003-01-02,345.6,-0.006058002083915,0.1418555019309743,0.2387872855525881,0.324742268041237
2003-01-03,351.1,0.015789046244486,0.1597119829277267,0.2984252155860858,0.2279043913285159
2003-01-06,351.2,0.0002847785865749,0.1596591180079271,0.267339341759242,0.1335445903123584
2003-01-07,347.2,-0.0114548789747664,0.1461041422235615,-0.0812426239316534,0.0191693290734824
2003-01-08,353.5,0.0179825025504322,0.1664130537575985,0.0469553592599742,0.2856583072100314
2003-01-09,354.2,0.0019782400121057,0.1682721092032481,0.1097834893918321,-0.1237427613532459
2003-01-10,354.6,0.0011286682913745,0.1691727392877809,0.1089499897257741,-0.056695652173913
2003-01-13,353.0,-0.0045223367068108,0.163595981912378,-0.0596253394374333,-0.2662241887905604
2003-01-14,351.5,-0.0042583456825771,0.1582290542446942,-0.3179833357265025,0.4316582914572864
2003-01-15,350.7,-0.0022785541045872,0.1552435914580384,-0.5736747022931761,-0.1210951210951211
2003-01-16,357.4,0.0189244455791952,0.1768370381583577,-0.3343509137441067,0.2032747603833866
2003-01-17,356.5,-0.0025213628709769,0.1735241275311985,-0.2815591561148638,-0.2784600066379024
2003-01-20,355.7,-0.0022465608999411,0.1708266348967464,-0.3414259962573158,-0.8137074517019319
2003-01-21,357.8,0.0058864921202092,0.1773710928358206,-0.2829173402576455,4.6987654320987655
2003-01-22,361.5,0.0102878705242006,0.189127516441507,-0.0505272490640376,0.0480935875216637
2003-01-23,363.2,0.0046916051283188,0.1942061112599953,0.1511459186649926,0.1554361306324927
2003-01-24,368.3,0.0139441767238814,0.2104895281271124,0.5396298380085094,-0.1091234347048301
2003-01-27,369.6,0.0035235163165094,0.2143010777657301,0.7811011002831378,-0.0947791164658634
2003-01-28,368.9,-0.0018957351648993,0.2115761383278637,0.7883537395913658,-0.0434782608695651
2003-01-29,365.9,-0.0081655325774688,0.201216997288484,0.4998450438352568,0.2193877551020409
2003-01-30,369.9,0.0108726268132472,0.2137060010281618,0.4866673744401435,0.2613160897679727
2003-01-31,368.1,-0.0048780584534327,0.2073624752064866,0.2755009899930645,-0.3278045838359469
2003-02-03,371.0,0.0078474222224596,0.2164876725453708,0.2506239028974404,-0.1345895020188425
2003-02-04,382.0,0.02921854599914,0.2517864215752294,0.8601652907236899,0.7252462415759462
2003-02-05,371.5,-0.0278717444487613,0.2165624778506549,0.4613544583625444,0.1228966346153845
2003-02-06,370.2,-0.0035054640184167,0.2118550024893618,0.0375052992422135,-0.4000535188654001
2003-02-07,369.7,-0.0013515341968108,0.2095384237787939,-0.3288498758285412,0.5446030330062444
2003-02-10,362.8,-0.0188401477016046,0.186430508680594,-1.0476475249366928,-0.137741842333237
2003-02-11,363.4,0.0016524377210892,0.1878420077806304,-1.4686484490439513,0.0900870730073677
2003-02-12,352.8,-0.0296028318294345,0.1527422791448697,-2.392337078954561,-0.0384024577572964
2003-02-13,356.5,0.0104329157217144,0.1644702018312711,-2.664634127164999,-0.1629392971246006
2003-02-14,351.5,-0.014124528603631,0.1477623454585901,-3.063517725338839,0.0946564885496183
2003-02-17,347.2,-0.0123087284645245,0.1336206287857214,-3.469178442046267,-0.6893305439330544
2003-02-18,343.6,-0.0104227926760947,0.121564036129762,-3.8052421961791056,2.190796857463524
2003-02-19,349.6,0.0173114536712801,0.1408219180790745,-3.458744415840736,0.0119591980302498
2003-02-20,352.4,0.0079772502806439,0.1495108296113638,-2.898927621376659,0.2168925964546402
2003-02-21,351.9,-0.001419849734485,0.1475986842464999,-2.4387441711103537,-0.3736075407026563
2003-02-24,357.0,0.0143887374520996,0.1639166010145145,-1.7021952389964747,0.046967624259006
2003-02-25,351.9,-0.0143887374520996,0.1469726937676562,-1.4780974127322288,0.043554006968641
2003-02-26,353.9,0.0056673430238782,0.1531701619626412,-1.1304672940463347,0.0308848080133556
2003-02-27,346.0,-0.0225756122936933,0.127099492995353,-1.3528511811035355,0.1514170040485829
2003-02-28,349.9,0.011208624315918,0.1394387812893446,-1.164719218578799,0.1209563994374121
2003-03-03,349.8,-0.0002858367891405,0.1388717832022469,-0.9817620874716364,-0.325909661229611
2003-03-04,353.1,0.0093897403498391,0.1493248796596132,-0.5924216642113715,0.0865518845974873
2003-03-05,353.6,0.0014150278291476,0.1507400547145065,-0.271473269962325,-0.2985010706638116
2003-03-06,356.1,0.0070452595202436,0.1583135244632305,0.1180377504386256,1.5921855921855923
2003-03-07,350.8,-0.0149953297857041,0.1407360620104649,0.0320568756193391,-0.3422044276966557
2003-03-10,354.7,0.011056101281548,0.1531293436025121,0.2396035952380368,-0.1861797350519155
2003-03-11,350.6,-0.0116263892924418,0.1395692343846654,0.1091603668771536,-0.1421029476462824
2003-03-12,346.0,-0.0132071974294099,0.1243778097300461,-0.2584479938118149,0.162051282051282
2003-03-13,334.3,-0.0343999816316712,0.0862091610633538,-1.2079525849294677,-0.147396293027361
2003-03-14,336.3,0.005964825320171,0.0925955150649853,-1.5953486978414009,-0.1837474120082816
2003-03-17,336.9,0.0017825316662831,0.0943975248644883,-1.695826769040774,0.1610653138871274
2003-03-18,338.0,0.0032597450705116,0.0978388127429178,-1.57542897955046,-0.0611687602403058
2003-03-19,336.4,-0.0047449673842258,0.0924896355449196,-1.4916189017161807,0.1774287376381618
2003-03-20,332.2,-0.0125637309195984,0.0787050360503232,-1.5976609802211676,0.0839920948616601
2003-03-21,326.0,-0.0188398158124868,0.058452552019271,-1.941133746378628,0.0592525068368277
2003-03-24,329.6,0.0109824166686091,0.0700410721593873,-1.7855807159238817,-0.1785714285714286
2003-03-25,328.5,-0.0033429601106514,0.0663496984481382,-1.6212756510900102,0.1471974855945521
2003-03-26,330.2,0.0051616935613623,0.0717888988650165,-1.2777134498136604,-0.3337899543378996
2003-03-27,328.4,-0.0054661539077545,0.0658217513863353,-1.060256102458311,0.5455791638108294
2003-03-28,332.4,0.01210668540302,0.0787040239457205,-0.5606793196955548,-0.2430155210643015
2003-03-31,336.5,0.0122590861034894,0.0918592473664372,0.0971954871200617,0.2817809021675455
2003-04-01,335.0,-0.004467617259716,0.0868562909594851,0.4622010986551128,-0.1078610603290676
2003-04-02,330.0,-0.0150378773645405,0.0705437339887072,0.4000925019483121,-0.1782786885245901
2003-04-03,325.4,-0.0140374596755885,0.0555227044836572,0.0981480031465062,0.4046134663341645
2003-04-04,325.4,0.0,0.0554318606164664,-0.0449550087193859,0.027075011096316
2003-04-07,322.7,-0.0083320957270212,0.0466068937875621,-0.2532027882455967,-0.0916162489196197
2003-04-08,323.0,0.0009292241647405,0.0475147309683893,-0.2993352615364708,-0.0751665080875356
2003-04-09,326.8,0.0116960397631912,0.0597395509433311,-0.0173945921220148,0.25
2003-04-10,326.5,-0.000918414269362,0.0586720029489484,0.1937833956731438,-0.0888888888888889
2003-04-11,328.0,0.0045836596676578,0.0634487045054021,0.4639685297697102,-0.1224028906955736
2003-04-14,324.9,-0.0094961657090891,0.0533324942761574,0.462355917128658,-0.177560473494596
2003-04-15,324.9,0.0,0.0532629778105016,0.4872512334239189,0.1314142678347936
2003-04-16,326.4,0.0046061804148972,0.0580445101467196,0.6220721040194688,0.105641592920354
2003-04-17,327.1,0.0021423114543863,0.0602622312527985,0.7662526904095923,-0.4252126063031516
2003-04-18,327.0,-0.0003057636470849,0.0599317451190093,0.8559410048136602,-0.8738033072236727
2003-04-21,333.5,0.019682694458425,0.0809142686600357,1.3260187276912028,9.620689655172416
2003-04-22,333.1,-0.0012001201560443,0.0794625118050094,1.5665107661842486,0.627922077922078
2003-04-23,331.2,-0.0057203226885294,0.0731759521305941,1.5511990648317786,-0.1200638213003589
2003-04-24,334.4,0.0096154586994419,0.0834021679013096,1.6982917887983953,0.056663644605621
2003-04-25,333.3,-0.0032948958968524,0.079746224759915,1.6611789116771627,-0.3466323466323466
2003-04-28,334.0,0.0020980076630064,0.0818936507367342,1.6216406829044965,0.3499671700590938
2003-04-29,333.4,-0.0017980226600068,0.0798621146843076,1.4959959398862663,-0.2383268482490272
2003-04-30,338.5,0.0151811220356361,0.0961974763746216,1.6833188133512145,0.7464878671775224
2003-05-01,341.7,0.0094090667689164,0.1063745389436501,1.9318937657445137,-0.1521023765996343
2003-05-02,340.9,-0.0023439799773887,0.1036054020587907,1.9461557928603683,-0.0357912893488572
2003-05-05,342.2,0.0038061823142358,0.1076964495182712,1.9423887900780088,-0.3622540250447227
2003-05-06,344.5,0.0066987289956201,0.1149646265341791,1.9869095800065872,0.4333800841514725
2003-05-07,342.1,-0.0069909984701541,0.1070199244802522,1.7548907807549012,0.0587084148727985
2003-05-08,348.5,0.0185351382170194,0.1274840154189061,1.9193008238449545,0.2139556377079483
2003-05-09,348.5,0.0,0.127292526004899,1.910758615833144,-0.25428245146555
2003-05-12,351.2,0.007717631560383,0.1358018780325789,1.9622137710473664,0.0888208269525268
2003-05-13,349.8,-0.0039942991764598,0.1311068431024828,1.782452043176062,-0.2372245663384904
2003-05-14,352.4,0.0074053314775225,0.1392400632258242,1.7183995457304584,0.5586969883220652
2003-05-15,352.0,-0.0011357184639272,0.1377102653434257,1.534859518399169,-0.1502365930599368
2003-05-16,354.7,0.0076411861814789,0.1461862446968278,1.4803849962340303,0.0222737819025522
2003-05-19,366.0,0.0313609716217901,0.1824828314888663,2.0551196887338,-0.2864275987290059
2003-05-20,367.9,0.0051778287093622,0.1882105765721831,2.38953191152788,0.727735368956743
2003-05-21,372.2,0.0116201820974217,0.2016331860048904,2.7035003914048703,0.0806332842415316
2003-05-22,368.3,-0.0105335207571306,0.1886667428057958,2.458729715200386,-0.1747870528109029
2003-05-23,368.7,0.0010854817890791,0.1896401535214798,2.14539545589633,-0.1374896779521056
2003-05-26,370.9,0.0059491792554463,0.1966706556336928,1.9154943752948796,-0.7922450933460986
2003-05-27,365.1,-0.0157611958339537,0.1776093481126909,1.235032279586262,4.361751152073733
2003-05-28,364.5,-0.0016447372128783,0.1753808151271155,0.6368751793584906,-0.076063601203266
2003-05-29,369.2,0.0128119511799842,0.1902072474489052,0.4584436902603261,0.0539534883720931
2003-05-30,364.9,-0.0117151591862951,0.1760685832574465,-0.0229621039782035,-0.1257722859664607
2003-06-02,365.9,0.0027367285827591,0.1789384149263569,-0.3307442823583546,0.2922766279656739
2003-06-03,365.2,-0.0019149233043477,0.1764150828430177,-0.6213042869581855,-0.2515625
2003-06-04,362.8,-0.0065934304798318,0.1683817171128422,-0.9929120814557626,0.1847599164926932
2003-06-05,368.2,0.0147745505579959,0.1854120350225908,-0.8957979406073768,0.1123348017621146
2003-06-06,363.9,-0.0117471641808633,0.1712579540100703,-1.126978489397274,-0.0990099009900989
2003-06-09,361.3,-0.0071704664645194,0.1626232413769072,-1.440750282720353,-0.1063736263736263
2003-06-10,352.3,-0.0252255528064026,0.1333685193728865,-2.194989519274232,0.338908017707821
2003-06-11,354.7,0.0067892764323842,0.1408363365992356,-2.453242556234752,-0.1256429096252755
2003-06-12,353.4,-0.0036718018939802,0.1364229730733322,-2.617616921299006,-0.0546218487394958
2003-06-13,356.7,0.0092945324792499,0.1467953057344105,-2.4150058457040613,-0.0133333333333333
2003-06-16,359.3,0.0072626017546273,0.1550124328819547,-2.032164690819448,-0.4599099099099099
2003-06-17,362.7,0.0094183521693835,0.1657075594326675,-1.5007421343778715,0.561301084236864
2003-06-18,357.2,-0.0152801972865127,0.1478640041833814,-1.4686063955673707,-0.2435897435897436
2003-06-19,362.0,0.0133483628234272,0.163078255028482,-1.090429381419216,0.2323446327683616
2003-06-20,356.3,-0.0158711392139806,0.1445380917094943,-1.1827852247665445,0.1386819484240686
2003-06-23,352.7,-0.010155235369784,0.1327426007101066,-1.4285076007394513,0.139909411172622
2003-06-24,347.1,-0.0160049143742656,0.1144918780846184,-1.8818554450290668,0.3134657836644592
2003-06-25,347.4,0.0008639309392638,0.1152806396401115,-2.0607603216227117,-0.3183193277310924
2003-06-26,344.1,-0.0095445410035697,0.1045232993348045,-2.2833178737726163,0.0241617357001973
2003-06-27,345.1,0.002901917300523,0.1075756432232164,-2.241949144907732,-0.0235917188252287
2003-06-30,345.7,0.001737116823621,0.1093824724234824,-2.057742363256384,-0.2692307692307693
2003-07-01,350.7,0.0143598102185534,0.1252258591450449,-1.5081761493507448,0.5242914979757085
2003-07-02,351.4,0.0019940186068644,0.1273406846244404,-1.0293974064434783,-0.381584772023019
2003-07-03,350.6,-0.0022792032658625,0.1246691062930655,-0.713465542635958,-0.1782390837508948
2003-07-04,350.6,0.0,0.1246380083759027,-0.4634843547881695,-0.7047038327526132
2003-07-07,347.9,-0.0077308903292379,0.1157190103270875,-0.4391955176062578,7.79646017699115
2003-07-08,344.2,-0.0106921983804572,0.1035503968879802,-0.6204561828076689,0.3340040241448692
2003-07-09,344.2,0.0,0.10326249230799,-0.6835098090871128,-0.0346907993966817
2003-07-10,345.0,0.0023215332539207,0.1055834160346776,-0.6165561899715497,-0.1455729166666667
2003-07-11,344.8,-0.0005798782418217,0.104709627261286,-0.5340387749951239,-0.0359646449253276
2003-07-14,347.3,0.0072244209604903,0.1125189342153966,-0.272567098839783,-0.1982295289282326
2003-07-15,342.5,-0.0139173020477483,0.0968262869039891,-0.3778848463391653,0.7192429022082019
2003-07-16,343.2,0.0020417099115272,0.0988424494370579,-0.3557197413399149,-0.2454128440366972
2003-07-17,344.4,0.0034904049397685,0.1024368045469642,-0.2220931964239443,0.0671732522796353
2003-07-18,347.0,0.0075210073932835,0.1105439516559305,0.0642412200372724,-0.1945314725149529
2003-07-21,351.4,0.0126003958061376,0.1244308311543658,0.5460052248205085,-0.2047383309759547
2003-07-22,350.8,-0.0017089152549687,0.1223219411707569,0.8046730688145352,-0.0377945753668297
2003-07-23,359.9,0.025609954586957,0.1511760779063564,1.5271460918451094,0.1668207024029575
2003-07-24,357.0,-0.0080904333053459,0.1416246985271416,1.7331573453337557,0.0154455445544554
2003-07-25,362.7,0.0158402645092175,0.15957974448826,2.1495426095356187,-0.0861934477379094
2003-07-28,364.4,0.0046761190969465,0.1647891079344747,2.4157887267516376,-0.2018779342723005
2003-07-29,361.5,-0.0079901237869837,0.1552405206231863,2.2749061491668567,0.2898395721925133
2003-07-30,356.4,-0.0142083460021651,0.1387413607217492,1.7406446589098925,-0.1890547263681592
2003-07-31,354.2,-0.0061919702479209,0.1314367826977749,1.1689317011478058,0.4647239263803682
2003-08-01,346.4,-0.0222675486604531,0.1063260440080406,0.2436718778893866,-0.1654450261780105
2003-08-04,349.3,0.0083369751245063,0.1154105591429026,-0.1723869971170049,-0.0702634880803011
2003-08-05,351.8,0.0071316804906714,0.1232179020226808,-0.2726122495785401,-0.0638776428250113
2003-08-06,351.5,-0.0008531210527382,0.1220748652678314,-0.3476932530234283,0.0716001922152811
2003-08-07,352.5,0.0028409110016036,0.1250668750113662,-0.319323031826041,0.0295964125560537
2003-08-08,356.7,0.0118444701125224,0.1382915429184706,-0.0226544750824216,-0.1816202090592334
2003-08-11,361.8,0.0141964805963488,0.1543485865443332,0.4841139561802015,0.0819584885577435
2003-08-12,358.5,-0.0091629129215197,0.1435994592608464,0.5588315102177766,0.0309886866699458
2003-08-13,362.4,0.010819914129149,0.155793920285629,0.8170446164149818,0.0796755725190838
2003-08-14,366.8,0.0120681662134856,0.1695416380440129,1.2067798440592865,0.1290322580645162
2003-08-15,363.5,-0.0090374434087357,0.158869022654723,1.164373518012657,-0.4943248532289628
2003-08-18,358.4,-0.0141296158727987,0.1424087481381741,0.7358066101222827,0.4891640866873066
2003-08-19,361.6,0.0088889474172462,0.1523492554159281,0.6156774737744972,0.279106029106029
2003-08-20,366.2,0.0126410037223889,0.1667086775051618,0.7831100008716021,0.0402275497765136
2003-08-21,361.1,-0.0140247039569981,0.1501953788295573,0.5011873127509259,-0.0492187499999999
2003-08-22,362.9,0.0049723859356124,0.1556877402668649,0.3915959074318014,-0.0870994248151191
2003-08-25,361.1,-0.0049723859356124,0.1497360908082255,0.1651272580906222,-0.0814581458145814
2003-08-26,364.5,0.0093716231653007,0.1603144328289908,0.2087495707339495,0.0862322390984811
2003-08-27,372.5,0.0217104863709013,0.185358033977994,0.7124583831702518,0.4794767704104645
2003-08-28,369.8,-0.0072747188665896,0.1763763571660379,0.7936624124131817,-0.0551829268292682
2003-08-29,375.5,0.0152961522511649,0.194062697812086,1.140051238321198,0.0532429816069699
2003-09-01,375.5,0.0,0.1939331959530877,1.268135391519643,-0.7233455882352942
2003-09-02,371.6,-0.0104404642645059,0.181362102941852,1.0008967962048645,0.3864894795127354
2003-09-03,373.8,0.0059028880817789,0.1881324986435065,0.886893152582156,0.3282747603833866
2003-09-04,373.3,-0.0013385091009242,0.1864793254407291,0.7005813662039104,-0.7137702946482261
2003-09-05,377.3,0.0106582410497265,0.1990343474453016,0.7642977290285824,1.3529411764705883
2003-09-08,375.1,-0.0058479698824231,0.1917837937011466,0.5839752701023126,0.6580357142857143
2003-09-09,382.5,0.0195359961787487,0.2148554623272134,0.8714653816688029,0.5449649973074853
2003-09-10,380.5,-0.0052424759648499,0.2081539445744185,0.8352283569112648,-0.2032066922272568
2003-09-11,379.8,-0.001841378923555,0.2055648813978886,0.679044348047448,0.0848643919510061
2003-09-12,375.3,-0.0119190922372103,0.1908812050919954,0.2118125151986474,0.1318548387096774
2003-09-15,374.1,-0.0032025647868746,0.1867793558660892,-0.2157694759532979,-0.2244389027431421
2003-09-16,373.1,-0.0026766611269883,0.1833149214832873,-0.5828298449079998,0.0137804317868626
2003-09-17,376.6,0.0093371359959399,0.1940980745609811,-0.6042066481985628,0.0512007249660171
2003-09-18,376.6,0.0,0.1937607954576899,-0.629779796374538,0.0336206896551725
2003-09-19,381.8,0.0137132950685951,0.2098985296477656,-0.3233552981439196,-0.0170975813177648
2003-09-22,386.9,0.0132693504148198,0.22564638913141,0.1694508402021961,0.0797624098430207
2003-09-23,385.1,-0.0046632208856039,0.219570110113717,0.3125155745815675,-0.0864440078585462
2003-09-24,389.3,0.0108472137955468,0.2324658413092303,0.6110631794882693,0.0455913978494624
2003-09-25,385.6,-0.0095496918800194,0.2202524945078651,0.4858617959109779,0.2447552447552448
2003-09-26,380.9,-0.0122636892518322,0.2049850041846416,0.0367009780163698,-0.1325181758096497
2003-09-29,382.3,0.0036687672178088,0.20905702842445,-0.2027614845590513,-0.0948571428571428
2003-09-30,385.3,0.0078166109297448,0.2181267050748245,-0.1956656660254259,0.1174242424242424
2003-10-01,384.8,-0.0012985328405604,0.2162027287709462,-0.2573197297830969,-0.1698681732580037
2003-10-02,383.0,-0.0046887296109054,0.2101294116321762,-0.4412093592020527,0.144736842105263
2003-10-03,369.6,-0.0356136494131167,0.1674297844933641,-1.4313533697514718,0.1418945699564011
2003-10-06,372.8,0.0086207430439069,0.1772535658415796,-1.8123014582461408,-0.1867407150295036
2003-10-07,376.2,0.0090788340554937,0.1876896410193181,-1.7745532822197003,-0.0068288518992744
2003-10-08,375.5,-0.0018624456627405,0.1852273957663992,-1.733961076616198,-0.1710356682423721
2003-10-09,370.3,-0.0139449832846223,0.1684860372644189,-1.9769416380065663,0.4245723172628304
2003-10-10,373.6,0.0088722184351205,0.1786421757759442,-1.837966681159561,-0.222707423580786
2003-10-13,374.5,0.0024060966025864,0.1812146626610584,-1.615847997386064,0.0177902621722847
2003-10-14,375.4,0.0024003211951343,0.1837283148416353,-1.3495774203354658,0.1853725850965961
2003-10-15,373.3,-0.0056097382318701,0.1768024335009671,-1.2579686671038657,-0.0376406674427629
2003-10-16,372.1,-0.0032197505679612,0.1726788308099707,-1.2203337810117874,0.1491935483870967
2003-10-17,371.6,-0.0013446284128933,0.1708065674961003,-1.1710477999053628,-0.0856140350877192
2003-10-20,373.6,0.0053676994150041,0.1767898451711121,-0.9548295763753314,0.0264773599386032
2003-10-21,381.5,0.020925144369824,0.2012768617832496,-0.2666155075992149,0.1054205607476634
2003-10-22,386.1,0.0119855525456789,0.2152975724526667,0.4713684742672377,0.0585052417991207
2003-10-23,384.3,-0.0046729056993924,0.209193758504141,0.7923535411313315,-0.0565495207667731
2003-10-24,388.8,0.0116415750154857,0.2228593179509811,1.2353905471299735,0.0667118184896715
2003-10-27,388.1,-0.0018020342114233,0.2202736662965411,1.3970350552982094,-0.2066666666666666
2003-10-28,383.1,-0.0129669866682572,0.2041838209208989,1.0962344451837949,0.0152060824329731
2003-10-29,386.5,0.0088358163208733,0.214392680689187,1.05492049503457,0.2940480882932597
2003-10-30,383.8,-0.007010284453877,0.2054445845141354,0.7867213753100066,-0.0356381358513554
2003-10-31,384.5,0.001822205372099,0.207244731560109,0.6055614276541501,-0.1310802274162982
2003-11-03,376.7,-0.0204946742477033,0.1824411122391521,-0.0553776888056307,-0.1185023627771719
2003-11-04,379.7,0.0079323525397613,0.1915155429647994,-0.2930285865843158,0.0956701030927835
2003-11-05,381.5,0.004729383486755,0.1967583927047096,-0.3288259017469292,0.1358675197591268
2003-11-06,380.0,-0.0039395980040802,0.1917013985239839,-0.4460775773200491,-0.1219350563286945
2003-11-07,383.3,0.008646719666078,0.2016331501683814,-0.3008952540268033,0.1845283018867924
2003-11-10,385.9,0.0067602961570634,0.2094357469594853,-0.0428216452485386,-0.2204523733673143
2003-11-11,387.9,0.0051693059023484,0.2152951012384074,0.2342883900862817,0.1295463833265222
2003-11-12,394.4,0.0166180482825589,0.2348908490269794,0.7954490193819117,0.7337192474674386
2003-11-13,393.9,-0.0012685527516201,0.2324927708162852,1.0566934545944535,0.0617696160267111
2003-11-14,397.4,0.0088462601408562,0.2426065604742179,1.369123601858531,-0.0206367924528302
2003-11-17,391.3,-0.0154688009013495,0.2228854777355891,1.0814877749352592,-0.1627533614288581
2003-11-18,397.4,0.0154688009013496,0.2411378699857959,1.208931135118045,0.1895973154362416
2003-11-19,395.0,-0.0060575652165945,0.2328231917291359,1.0446517557790074,0.0139028813217811
2003-11-20,393.5,-0.0038046970436639,0.2274354346016815,0.7611929362132344,-0.1065182829888712
2003-11-21,395.7,0.0055752805339207,0.233531918779696,0.6522845755682054,0.064279359430605
2003-11-24,391.4,-0.0109262934294027,0.2195430088736397,0.2421887138917462,-0.1943573667711599
2003-11-25,391.2,-0.0005111168013136,0.2183044557158011,-0.0740873111556341,0.08041504539559
2003-11-26,396.8,0.0142134372500554,0.2350002224319904,0.0553321417691465,0.1262905162064826
2003-11-27,395.2,-0.004040409537005,0.2297022584234199,-0.0022927884781518,-0.567469622681731
2003-11-28,398.0,0.0070600394107248,0.2382267584629196,0.106670226144927,-0.4223755544603252
2003-12-01,402.3,0.0107460736713049,0.2509078865804584,0.409818688692507,2.5042662116040955
2003-12-02,403.5,0.0029784087542608,0.2537380921605712,0.6200184671419349,0.2668614560506452
2003-12-03,404.8,0.0032166302632524,0.2570842311330801,0.765909410267275,-0.2337113203920815
2003-12-04,402.5,-0.0056980211146377,0.2491787827598332,0.6323557247514522,0.127664910960622
2003-12-05,406.1,0.0089043378336341,0.2601249850007609,0.7057356145423483,-0.7108540925266904
2003-12-08,407.3,0.0029505799621147,0.2637450972684065,0.7501998579049651,-0.56
2003-12-09,408.0,0.0017171597497947,0.2657760730798953,0.7405907560299783,0.3513986013986014
2003-12-10,405.8,-0.0054067470124473,0.2588408800504571,0.5108340727230409,-0.2147477360931435
2003-12-11,404.5,-0.003208690893168,0.254768780565908,0.2114089785889277,-0.6276771004942339
2003-12-12,409.0,0.0110634195442553,0.2687158374003832,0.2536740387772793,-0.7079646017699115
2003-12-15,410.2,0.0029296895954785,0.2724234675518006,0.2967117987162648,0.2272727272727273
2003-12-16,407.1,-0.007585990129347,0.2627138014169996,0.0628855407729513,5.333333333333333
2003-12-17,412.4,0.0129348966338716,0.2790348932445441,0.2037088861897453,0.2105263157894736
2003-12-18,410.6,-0.0043742475579715,0.2733213593836984,0.1184034454943576,0.1207729468599034
2003-12-19,409.1,-0.0036598796494803,0.2685621475392242,-0.0852878515893458,-0.1652298850574712
2003-12-22,409.8,0.0017096108694464,0.2706678797742695,-0.2119100269004468,-0.4010327022375215
2003-12-23,410.7,0.0021937851577133,0.2734008779656067,-0.2703425075185741,-0.1178160919540229
2003-12-24,411.7,0.002431907813346,0.2764545976575115,-0.2759739497268896,-0.2019543973941368
2003-12-25,412.5,0.0019412769988767,0.2789341850725874,-0.2603500467883233,-0.9836734693877552
2003-12-26,413.2,0.0016955314707478,0.2810973220975142,-0.2380111120671522,8.25
2003-12-29,414.8,0.0038647391098889,0.2859751037582363,-0.1546559964829468,10.324324324324325
2003-12-30,416.2,0.0033694376041617,0.2902366936237528,-0.0498377741741276,-0.0715990453460621
2003-12-31,415.7,-0.0012020677009423,0.2886277579687362,-0.0582016076822968,-0.2493573264781491
2004-01-02,415.3,-0.0009626956218838,0.2873755585316688,-0.1305528954839738,-0.7910958904109588
2004-01-05,423.6,0.0197884630905434,0.313003722493272,0.316293725738193,6.590163934426229
2004-01-06,422.3,-0.0030736517873534,0.3088497676270815,0.451768629507832,0.2008639308855291
2004-01-07,420.4,-0.0045093229371019,0.3028295340927203,0.345659684352932,0.0935251798561151
2004-01-08,423.7,0.0078190186297176,0.3129133370476,0.4247570927021513,0.0740131578947369
2004-01-09,426.5,0.0065867092992203,0.321447525953139,0.5829148992939501,-0.0382848392036753
2004-01-12,424.8,-0.0039938970040047,0.3160390508126414,0.4938272701383166,-0.0079617834394905
2004-01-13,423.9,-0.0021208915691377,0.3131074291234056,0.3043697113413302,0.0304975922953452
2004-01-14,420.4,-0.0082909393557953,0.3021093945897989,-0.1046857426359624,0.1370716510903427
2004-01-15,409.1,-0.027247014067443,0.2669360915424862,-1.12747671795913,0.2534246575342465
2004-01-16,406.6,-0.0061297237411065,0.2590899689215385,-1.9171636459196897,-0.3628415300546448
2004-01-19,406.9,0.0007375538133979,0.2600040062049016,-2.336289716869035,-0.8559176672384219
2004-01-20,412.7,0.0141534817508919,0.2778619263876097,-2.144862112543617,5.523809523809524
2004-01-21,410.7,-0.0048579157960232,0.271567815953069,-2.0736754474464507,-0.0036496350364964
2004-01-22,409.3,-0.0034146374641555,0.2671139251210218,-2.038568272121464,0.184981684981685
2004-01-23,407.7,-0.0039167736731496,0.2620998319400894,-2.0360326214635487,-0.4806800618238022
2004-01-26,404.3,-0.0083744331784824,0.2514812690559092,-2.1642763591296337,0.6041666666666667
2004-01-27,410.0,0.0139999830516283,0.2690161746417609,-1.7820937707868696,0.1187384044526902
2004-01-28,410.4,0.0009751341582062,0.2701497631836261,-1.4341923587601948,-0.0713101160862355
2004-01-29,399.3,-0.027419279787384,0.2356993270180653,-1.8566496102201728,0.0625
2004-01-30,402.3,0.0074850648865669,0.2449320228379504,-1.8357461005747489,-0.4672268907563025
2004-02-02,398.3,-0.0099925887681439,0.2324649574027305,-1.980588061738044,0.8107255520504733
2004-02-03,399.5,0.0030082750187308,0.2360906632042184,-1.8853572053603305,-0.0418118466898954
2004-02-04,400.7,0.0029992524357695,0.2397424400254932,-1.6403484063445446,-0.3
2004-02-05,396.9,-0.0095286578530792,0.2278988811559222,-1.629655093928319,0.4675324675324674
2004-02-06,403.3,0.0159963420903029,0.247629541340031,-1.1117322656295627,-0.2530973451327434
2004-02-09,406.6,0.0081491993149237,0.2577051182734074,-0.4983390690516613,0.8341232227488151
2004-02-10,406.3,-0.0007380982005652,0.2566168789924983,-0.0858697543552304,0.1782945736434109
2004-02-11,409.9,0.0088214245166106,0.2675889926561801,0.4281266440995064,-0.0120614035087719
2004-02-12,413.3,0.0082604940073948,0.2779285938651593,0.9650743912151484,0.0288568257491674
2004-02-13,410.0,-0.0080165618193332,0.2675491466148416,1.0584819635316036,0.0258899676375403
2004-02-16,411.7,0.0041377690775055,0.272738382019182,1.1856663923800954,-0.6225026288117771
2004-02-17,415.7,0.0096689174827328,0.2849313401549856,1.471432535850553,1.487465181058496
2004-02-18,412.1,-0.0086978079138199,0.2735746295044876,1.3532463549572524,0.3628219484882418
2004-02-19,409.6,-0.0060849646194736,0.2656754050159296,1.0551813059284447,-0.2161051766639277
2004-02-20,397.4,-0.0302377436075816,0.2277825716929527,0.0385604189154963,0.2976939203354298
2004-02-23,398.8,0.0035167079699669,0.2320550431548515,-0.507312058896831,-0.721324717285945
2004-02-24,404.2,0.0134497668818372,0.2486368240299934,-0.4730860943645337,0.8057971014492753
2004-02-25,395.6,-0.0215062052209635,0.2219178353273105,-0.969428880704164,0.6324237560192616
2004-02-26,395.1,-0.0012647023312119,0.2202291293880409,-1.2531701708005865,-0.0039331366764995
2004-02-27,396.1,0.0025278072105258,0.2231697576423564,-1.2902000505040856,0.0098716683119446
2004-03-01,399.1,0.0075453074268173,0.2322876734846989,-1.0400788757534334,-0.0694037145650049
2004-03-02,393.5,-0.0141309441972303,0.2148513940858344,-1.1695501070851346,0.0661764705882352
2004-03-03,392.4,-0.0027993401662499,0.2113179723954708,-1.2403102802856365,0.005911330049261
2004-03-04,392.8,0.0010188487891028,0.2124128364293739,-1.1720087207226548,-0.0078354554358471
2004-03-05,401.2,0.0211594796074694,0.2381738883199027,-0.5069138862633706,0.0858835143139191
2004-03-08,400.7,-0.0012470384456816,0.2365170001752295,-0.0694478078378844,-0.3299999999999999
2004-03-09,404.1,0.0084493544423292,0.2468583237473808,0.4514594559887013,0.2578018995929443
2004-03-10,400.0,-0.010197824976446,0.234046048335889,0.5176977727186602,0.1251348435814454
2004-03-11,400.6,0.0014988761237359,0.2357485706124984,0.5942491617924799,-0.0690316395014382
2004-03-12,395.3,-0.0133184529290781,0.2192618976179491,0.2953730039354729,-0.035015447991761
2004-03-15,399.3,0.0100680437665358,0.2310016993954251,0.3696847736472071,3.2742796157950904
2004-03-16,402.0,0.0067390745498452,0.2386184034439155,0.5902024114031743,0.1315855181023719
2004-03-17,406.8,0.0118695755553839,0.2530332537186777,1.0234710591474412,-0.497793468667255
2004-03-18,410.9,0.010028211714959,0.2650554218660085,1.5203701975800086,0.5250439367311073
2004-03-19,412.4,0.0036438762534407,0.2691134575336548,1.861712263779556,-0.0953615672716796
2004-03-22,417.1,0.0113322490600947,0.2830269316202496,2.28763376097526,-0.0687898089171974
2004-03-23,419.6,0.0059758753192424,0.2901677052606842,2.5986276577776994,-0.033515731874145
2004-03-24,417.1,-0.0059758753192425,0.2818541677874533,2.496273230039164,0.1680820948336872
2004-03-25,416.6,-0.0011994723760279,0.2797291773064594,2.262151484600655,-0.0496819145713419
2004-03-26,421.9,0.0126417903034213,0.2954836216152696,2.3227001352715697,-0.1472744660503665
2004-03-29,416.8,-0.0121618286911357,0.2793246850529481,1.89577081404362,-0.0190654205607476
2004-03-30,421.6,0.0114505067879955,0.2934004644076834,1.8131541111679472,0.2846798780487805
2004-03-31,427.1,0.0129611806202681,0.3096453834115456,1.9912166108034968,-0.0981904479382972
2004-04-01,427.5,0.0009361105293939,0.3102503200579133,1.9933249830047133,-0.0394736842105263
2004-04-02,421.4,-0.0143717870067263,0.2909508986864282,1.4656801869140184,0.0373287671232875
2004-04-05,415.2,-0.0148221695184097,0.2713447057254483,0.6239340320606885,0.1119181247936613
2004-04-06,418.6,0.0081554781602206,0.281137191885436,0.2406684558281195,-0.0017814726840854
2004-04-07,422.6,0.0095102951700568,0.2927331764773536,0.2026031050501204,-0.0035693039857227
2004-04-08,419.7,-0.0068859348424111,0.2832654628553832,-0.0579056372654545,-0.057910447761194
2004-04-09,421.1,0.0033301648283368,0.2873930550424043,-0.1696333561333789,-0.743979721166033
2004-04-12,419.8,-0.0030919277813494,0.2830784764275731,-0.3541721238030773,1.254950495049505
2004-04-13,407.0,-0.0309652219439376,0.2434001151131592,-1.3077695231315225,0.8638858397365532
2004-04-14,399.7,-0.0180989197253171,0.2206533062567794,-2.339430999949397,-0.0739104829210836
2004-04-15,399.0,-0.0017528488274143,0.2181150485362,-2.939411511166871,-0.060731319554849
2004-04-16,400.7,0.0042516007522353,0.222866207650584,-3.0775088797991232,0.0754908598510495
2004-04-19,400.4,-0.0007489702010333,0.2216357241683715,-3.039488612945818,-0.2977651872836009
2004-04-20,397.7,-0.0067660952274205,0.2130142041991901,-3.039309093137843,0.2958314657104437
2004-04-21,390.8,-0.0175020320450172,0.1915706208520199,-3.3239638190277314,0.1473538567969561
2004-04-22,393.3,0.0063767592691361,0.1987852224294691,-3.164763035065533,0.0274344287006331
2004-04-23,395.1,0.0045662179795811,0.2039585854930854,-2.773167014150089,-0.2602699530516432
2004-04-26,395.7,0.0015174509740334,0.205525458748093,-2.3266988594562457,-0.1761205870686235
2004-04-27,398.5,0.007051149838891,0.2138590462693726,-1.7235406350404348,-0.2725084256138661
2004-04-28,385.9,-0.0321292296866966,0.1751234604964141,-2.032654386357864,1.1277299801455989
2004-04-29,386.8,0.0023294950355662,0.177654603752675,-2.031186992740812,-0.3548989113530326
2004-04-30,387.5,0.0018080852142623,0.1796064911077468,-1.8432643243737497,-0.1991321118611378
2004-05-03,387.2,-0.0007744933909797,0.1784630597315719,-1.607942810404018,0.2998193859121012
2004-05-04,391.5,0.0110441600284358,0.1912555758907251,-1.0580224804119371,0.2033348772579897
2004-05-05,393.5,0.0050955524266,0.1970207835432109,-0.4841146192591292,0.0488837567359508
2004-05-06,388.2,-0.013560397122548,0.1806102158972018,-0.3900225874352694,-0.036697247706422
2004-05-07,379.0,-0.0239844656524834,0.1523335094445145,-0.8496022301639989,0.2083809523809523
2004-05-10,378.6,-0.0010559663072038,0.1508912254759849,-1.068588770873513,-0.1475409836065574
2004-05-11,377.1,-0.003969834510911,0.1462489920124765,-1.1930604802154745,-0.6372041420118344
2004-05-12,377.5,0.0010601644247679,0.1473178412151846,-1.127794324210159,0.6982670744138635
2004-05-13,374.9,-0.0069112449472131,0.1391961008465091,-1.1359080298421995,0.6356542617046819
2004-05-14,377.0,0.0055858637061443,0.1453776864465894,-0.8870574931742805,-0.1001834862385321
2004-05-17,379.5,0.0066094093876738,0.1525975046875841,-0.4626430550081846,0.730831973898858
2004-05-18,375.8,-0.0097975098563196,0.1410836687838493,-0.345052129345456,-0.2071159283694628
2004-05-19,382.3,0.0171485537230021,0.1605184254497683,0.2257900667462236,0.0068350668647845
2004-05-20,378.6,-0.0097254019271445,0.1490480713937911,0.3993420948403896,-0.1930342384887839
2004-05-21,384.9,0.0165033215144779,0.1678555318121516,0.9520489150932896,0.2095830285296269
2004-05-24,386.0,0.0028538091751303,0.1708902240054625,1.3794070448910398,-0.063804052010886
2004-05-25,388.4,0.0061983669523388,0.1779377227152296,1.7856152398616034,-0.2655038759689923
2004-05-26,388.2,-0.0005150656822599,0.1770579349557148,1.9872772563668075,0.142919964819701
2004-05-27,395.2,0.0178712951388028,0.198054666331642,2.5051200074271254,-0.2247018083878414
2004-05-28,394.1,-0.0027872816727546,0.1945293632105594,2.6713597926090547,-0.1771712158808933
2004-05-31,395.3,0.0030402861016818,0.1981390722683064,2.749199143675016,-0.8570566948130277
2004-06-01,394.7,-0.0015189876338384,0.1960421902403857,2.646412572005785,9.037974683544304
2004-06-02,391.7,-0.0076297419970157,0.1866528964155329,2.27660731047714,0.1311475409836064
2004-06-03,388.2,-0.0089755699368757,0.1758717581523189,1.7217280295601716,-0.3619472315124489
2004-06-04,390.9,0.0069311020639991,0.1839163621656368,1.4716809767907448,-0.2463599301106581
2004-06-07,393.8,0.007391393406116,0.192546105160663,1.4352140128588713,0.0695517774343121
2004-06-08,390.9,-0.0073913934061161,0.1835894611231011,1.161112976192868,0.1589595375722543
2004-06-09,384.5,-0.0165079838532104,0.1640626726421784,0.5264281010430522,-0.0193266832917705
2004-06-10,385.4,0.0023379670345673,0.166613417534327,0.1636766012650695,0.1570247933884296
2004-06-11,384.6,-0.0020779228255865,0.1641393892845371,-0.1184793745907518,-0.6912087912087912
2004-06-14,383.3,-0.0033858607681699,0.1600204594348496,-0.3669673484001378,2.5711743772241995
2004-06-15,387.8,0.011671770422042,0.1734376513473541,-0.2103478776310678,0.0428500249128052
2004-06-16,384.1,-0.0095868074566922,0.1620404470613634,-0.3308505782374503,0.0172001911132346
2004-06-17,388.8,0.0121621372344249,0.1760959085561824,-0.0819086849659396,-0.217003287928605
2004-06-18,394.8,0.0153142349730425,0.1939833401204879,0.4686936264391866,0.4505098980203958
2004-06-21,393.6,-0.0030441423812281,0.1901543760359645,0.718951933737216,-0.2580645161290322
2004-06-22,394.7,0.0027908174907029,0.1933036172443878,0.9129834737850046,-0.1187290969899665
2004-06-23,395.5,0.0020248045389071,0.195499122537498,1.0403755383029871,0.2536369386464263
2004-06-24,402.8,0.0182893736366986,0.2172976197844987,1.5317647565693095,0.0988900100908174
2004-06-25,401.6,-0.0029835924668877,0.2134507327371789,1.6795995600301412,-0.194674012855831
2004-06-28,400.3,-0.0032423023789915,0.2092425396976114,1.594141453836005,0.283352337514253
2004-06-29,392.6,-0.0194229841561671,0.1857305854456822,0.954873307376274,0.0133274100399822
2004-06-30,392.1,-0.0012743725440747,0.1839763369597304,0.4593100794081799,-0.0035072336694432
2004-07-01,395.5,0.0086338779094225,0.1940346834474046,0.3276385819222098,-0.1671799384073911
2004-07-02,398.5,0.0075567110225612,0.2029009843684373,0.404675988693459,-0.1199154780771262
2004-07-05,398.1,-0.0010042682239981,0.2015203825112686,0.390587269712674,-0.1086434573829532
2004-07-06,392.5,-0.0141666927838084,0.184429096828559,-0.0126210648008122,0.1986531986531987
2004-07-07,402.1,0.0241642766807653,0.2132914190925621,0.3314720673230784,-0.4955056179775281
2004-07-08,407.7,0.0138307959219793,0.2300546735939395,0.8698952033650484,0.1314031180400892
2004-07-09,407.4,-0.0007361060325023,0.229030159589522,1.1233887069174229,-0.125
2004-07-12,407.8,0.0009813543476493,0.2301046639288509,1.227117223066271,0.1034870641169853
2004-07-13,401.1,-0.0165660853643476,0.2097651570863814,0.7756360648437282,0.0509683995922527
2004-07-14,405.1,0.0099231774326377,0.2216885425039459,0.6809087986374642,0.0640155189136759
2004-07-15,403.9,-0.0029666276392777,0.2179233358855446,0.4813499395619169,0.0537830446672744
2004-07-16,406.3,0.0059244804243138,0.2250387501315275,0.4551923700136573,-0.1937716262975778
2004-07-19,405.7,-0.0014778327812795,0.2231241897496816,0.3466001254787398,-0.1362660944206009
2004-07-20,401.7,-0.009908428847165,0.2109653503418411,-0.0257380201900141,0.0
2004-07-21,397.0,-0.011769260678046,0.1966906643492481,-0.5884821087448322,0.15527950310559
2004-07-22,395.0,-0.0050505157860685,0.1905548833524504,-1.0674200164408076,0.0505376344086021
2004-07-23,390.3,-0.0119700907145526,0.1762835165561259,-1.6385979432144846,0.0747185261003071
2004-07-26,390.8,0.0012802459820584,0.177714311615958,-1.9020614881930045,-0.2752380952380953
2004-07-27,387.0,-0.0097712271388459,0.1661596888948577,-2.228925197236781,0.4178712220762155
2004-07-28,389.0,0.0051546505886644,0.1721088271497888,-2.203169543574499,-0.2455977757182577
2004-07-29,387.4,-0.0041215926455508,0.1672098091931615,-2.182471179362832,0.0196560196560195
2004-07-30,391.2,0.0097611871877668,0.1785149932207751,-1.816437990755591,0.7578313253012048
2004-08-02,391.9,0.0017877670449233,0.180562350014327,-1.4468384172786295,-0.5887594242631939
2004-08-03,394.0,0.0053442040923481,0.1868019611541965,-1.001736156470726,0.3983333333333334
2004-08-04,392.4,-0.0040691816067258,0.1819043501513626,-0.7664854667763498,-0.0893921334922527
2004-08-05,392.4,0.0,0.1818406102249655,-0.5712426687114922,-0.1806282722513089
2004-08-06,399.5,0.0179320375151213,0.2031618399565608,0.0430963985614988,-0.1054313099041533
2004-08-09,400.6,0.0027496580253884,0.2063974213332734,0.5049080107609002,0.1999999999999999
2004-08-10,400.0,-0.0014988761237359,0.204421479960616,0.737268625270042,1.153273809523809
2004-08-11,395.5,-0.0113137599002734,0.1906835392048704,0.5630637990411925,0.1948859709744299
2004-08-12,394.3,-0.003038746324127,0.1868540980437787,0.3524786901940989,0.1729323308270676
2004-08-13,398.8,0.0113479972041018,0.2000643693685618,0.4930876579129135,0.4970414201183433
2004-08-16,402.9,0.0102283541096182,0.2121988466606243,0.8197964025893874,-0.4413702239789197
2004-08-17,404.3,0.0034687844494237,0.2161836472554291,1.071846095717613,0.0931603773584905
2004-08-18,404.3,0.0,0.2160480394082886,1.1721003969063608,-0.4056094929881337
2004-08-19,406.8,0.0061644875276796,0.2233564690636684,1.328829496710365,0.4945553539019964
2004-08-20,413.0,0.0151259287866277,0.2417818464056449,1.7458365927011266,-0.0309653916211293
2004-08-23,410.4,-0.006315299104473,0.2337132413881621,1.7385461368990736,0.1535087719298244
2004-08-24,402.7,-0.0189404259991512,0.2103201720475815,1.1362637895949876,0.077675176534492
2004-08-25,407.6,0.0120944334911614,0.2246885703468744,0.9941374765595437,0.4243951612903225
2004-08-26,407.4,-0.0004907975558643,0.223876469336797,0.8201426214093197,-0.4175513092710545
2004-08-27,403.2,-0.0103627870355465,0.2109633165701771,0.3781543530750144,0.4738760631834751
2004-08-30,407.7,0.0110988930680487,0.2241771900394182,0.345714545579423,-0.0206100577081616
2004-08-31,410.1,0.0058694225728059,0.231177058389017,0.4368672799811497,-0.3417508417508418
2004-09-01,408.7,-0.003419641827782,0.2267128292264935,0.3572042168913119,0.2845268542199488
2004-09-02,405.9,-0.0068745667253796,0.2181315654520823,0.0844943205797279,-0.2991538078646092
2004-09-03,400.5,-0.013393057336438,0.2017206004895987,-0.4610361930341651,0.2571022727272727
2004-09-06,402.2,0.0042357108301378,0.2068018694872289,-0.694811565342039,-0.903954802259887
2004-09-07,398.2,-0.0099950857084557,0.1946241762019089,-1.0831070311254305,8.388235294117647
2004-09-08,399.6,0.0035096551443025,0.1985319935927263,-1.200813603374156,0.6804511278195489
2004-09-09,398.7,-0.0022547923870892,0.1954493935918233,-1.286793655994039,0.3072334079045489
2004-09-10,401.9,0.0079940470678461,0.2046617095626937,-1.083795639635781,-0.0393610952652595
2004-09-13,404.1,0.0054590706292727,0.2108994122925432,-0.7716607338589938,-0.0899643705463183
2004-09-14,405.7,0.0039515981279735,0.2154321027652462,-0.4440153950540209,-0.2910277324632953
2004-09-15,405.0,-0.0017269031058623,0.2130236786743398,-0.2695927532626321,0.2029452369995397
2004-09-16,404.7,-0.0007410152247193,0.2117289605754422,-0.1742091307001629,0.282708492731446
2004-09-17,405.9,0.0029607719630321,0.214925313565575,-0.0372422476845373,-0.0140172979421413
2004-09-20,405.3,-0.001479290210589,0.2128377357706413,0.0038212747907617,-0.2558983666061706
2004-09-21,408.3,0.0073746646912671,0.2215605017865768,0.2123566914191503,-0.1626016260162601
2004-09-22,407.4,-0.0022066945328246,0.2185570411853098,0.2655555829609661,0.2398058252427184
2004-09-23,410.9,0.0085543720966585,0.2287095986246104,0.4987962420531704,-0.0301487862176976
2004-09-24,408.0,-0.0070827014852023,0.2197456789850465,0.4230868263310607,-0.0545014129995963
2004-09-27,408.9,0.0022034529664349,0.2223021829821974,0.3992451237971428,-0.5405636208368916
2004-09-28,412.4,0.0085231247722082,0.2324326189724882,0.5741788860182275,1.3810408921933086
2004-09-29,412.9,0.0012116807492395,0.2334115830278847,0.6717692804683877,0.5269320843091334
2004-09-30,418.6,0.0137103771198549,0.249813065910061,1.0460872544288735,0.150562372188139
2004-10-01,419.4,0.0019093084559201,0.2519445710387472,1.2591395502351626,-0.6003110419906688
2004-10-04,413.9,-0.0132007197131328,0.2353965811957004,0.955023974027302,-0.462479155086159
2004-10-05,418.2,0.0103353882398465,0.248108916863023,0.9659362484745002,-0.0910031023784901
2004-10-06,417.6,-0.0014357504261041,0.2461694711597858,0.8588217203446966,0.2059158134243459
2004-10-07,417.6,0.0,0.245699700874749,0.719678569349858,2.15188679245283
2004-10-08,422.8,0.0123752174276536,0.2611065089404131,0.8979661707553914,-0.7868901526489075
2004-10-11,422.1,-0.0016570012076294,0.2588902876137671,0.8872962243706599,0.2148876404494382
2004-10-12,415.1,-0.01672279772946,0.2378688685390284,0.3546770743395666,0.2208092485549133
2004-10-13,415.9,0.0019253916898728,0.2400624492381547,0.0198004482368934,0.375
2004-10-14,417.8,0.0045580023735994,0.2455055364781161,-0.1034259077063661,0.1129476584022037
2004-10-15,418.7,0.0021518239026321,0.24802518572659,-0.1511161807134158,-0.2840346534653465
2004-10-18,416.3,-0.0057485188241678,0.2407014513359288,-0.3592157636524464,0.0682800345721694
2004-10-19,419.8,0.0083722531856028,0.2509311925475722,-0.279604928494737,0.1642394822006472
2004-10-20,423.8,0.0094832384476659,0.2626844906548728,0.0087099994183952,-0.2265462126476719
2004-10-21,423.8,0.0,0.262477969094148,0.1574321573403341,0.2336028751123091
2004-10-22,424.1,0.0007076306463463,0.2631985970173477,0.2296504895366036,-0.1544064093226511
2004-10-25,428.2,0.0096210996750372,0.2752008376852966,0.492115604172529,0.1464254952627046
2004-10-26,426.8,-0.003274856727984,0.2708477263335026,0.5079460793328647,-0.1126972201352366
2004-10-27,424.3,-0.0058747672193191,0.2631956948187601,0.2970037388492272,0.1600338696020322
2004-10-28,424.3,0.0,0.2629737052423115,0.1138497648389034,0.0832116788321168
2004-10-29,428.6,0.0100833308311975,0.2755037932071978,0.231870702321566,0.1657681940700808
2004-11-01,427.0,-0.003740069810852,0.2705467940338329,0.1554226902798916,-0.2780346820809248
2004-11-02,421.3,-0.0134388442436536,0.2534051553712436,-0.3009138221208332,0.0024019215372297
2004-11-03,427.1,0.0136730088624498,0.270472137365535,-0.2368461954706622,0.0015974440894568
2004-11-04,429.2,0.0049048329091226,0.2765239525032674,-0.0855434029594564,-0.022328548644338
2004-11-05,433.5,0.0099687854640532,0.2889979494560779,0.253098990205844,0.5774877650897228
2004-11-08,431.8,-0.0039292781398895,0.2837726409015453,0.3079271751588308,-0.4669079627714581
2004-11-09,434.8,0.0069236371663474,0.2924732605357462,0.4812331203683531,0.256062075654704
2004-11-10,434.6,-0.000460087424725,0.2916525144752177,0.5144002945474266,0.0285714285714284
2004-11-11,434.8,0.000460087424725,0.2920656734790905,0.4823471671103432,-0.1906906906906906
2004-11-12,437.8,0.0068760298417081,0.3007065231151772,0.5886855879798611,0.4610389610389611
2004-11-15,436.5,-0.0029738098091057,0.2966065455394852,0.500433026550497,-0.1326984126984126
2004-11-16,439.8,0.0075317028410038,0.3060094501824062,0.587261617836953,0.6537335285505124
2004-11-17,444.6,0.0108549234094354,0.3198226844519697,0.8736639932361143,0.0513501549358124
2004-11-18,442.8,-0.0040568006956144,0.3142418622834657,0.8469538261932996,-0.4593684210526315
2004-11-19,447.1,0.009664082405453,0.3266892252458623,1.0127483448354493,0.2842679127725855
2004-11-22,448.7,0.0035722297420026,0.3312642688370459,1.115893897756159,-0.4639175257731959
2004-11-23,447.1,-0.0035722297420026,0.3263050688600504,0.9676053602191984,0.2375565610859729
2004-11-24,449.0,0.0042406045023192,0.3316570991968103,0.8906527910634532,0.3244972577696525
2004-11-25,451.2,0.0048878124415948,0.33817468776864,0.8795615269888293,-0.9751552795031057
2004-11-26,452.2,0.0022138596600202,0.3410654445050146,0.8317463801656739,9.22222222222222
2004-11-29,453.8,0.0035320125018719,0.3455829693199254,0.799814844147936,2.0135869565217392
2004-11-30,450.9,-0.0064109869187028,0.3366377921143564,0.4905103245535462,0.5581605049594229
2004-12-01,454.8,0.0086121764493424,0.3479164052513291,0.4564101881900502,-0.2083333333333333
2004-12-02,449.3,-0.0121669458002667,0.3313452211904068,-0.004335877890468,-0.0073099415204678
2004-12-03,455.8,0.0143633007354696,0.3503009152286461,0.0574795710731459,0.0898379970544918
2004-12-06,452.3,-0.0077084403277864,0.3397230628494505,-0.1947216597584429,-0.3060810810810811
2004-12-07,451.0,-0.0028783369811191,0.3355487214368852,-0.4896789862590598,0.5686465433300876
2004-12-08,440.6,-0.0233299051344354,0.3042467859870402,-1.3755975180319826,0.7610180012414649
2004-12-09,437.2,-0.0077466780658593,0.2935149933100207,-2.135618859379999,0.401480437081424
2004-12-10,434.3,-0.0066552167616072,0.284731258352194,-2.740112366933702,-0.6841046277665996
2004-12-13,439.0,0.010763873534395,0.2984606416717608,-2.7241759774296845,-0.1807324840764331
2004-12-14,435.6,-0.0077750220163658,0.2881906302716285,-2.8309156888721563,0.2196307094266278
2004-12-15,440.5,0.0111860543174287,0.3024871178603201,-2.472812092527104,-0.09800796812749
2004-12-16,437.4,-0.0070623371335667,0.2930303657684386,-2.3470313702147654,0.5159010600706713
2004-12-17,441.4,0.0091033855799685,0.3046208159646607,-1.915004985456779,-0.2132867132867133
2004-12-20,442.2,0.00181077460071,0.306852479177107,-1.513529129910003,-0.4444444444444444
2004-12-21,441.5,-0.0015842483793311,0.3046392511273705,-1.2445246386498117,0.0973333333333332
2004-12-22,439.7,-0.0040853438572502,0.299169500217218,-1.140015198874884,0.0631834750911299
2004-12-23,441.9,0.0049909359499298,0.3054932891826679,-0.8862176475886312,0.1554285714285714
2004-12-24,442.5,0.00135685231129,0.3069789266507446,-0.6522420800433291,0.609297725024728
2004-12-27,444.8,0.0051842784883884,0.3136139405631583,-0.3329793136429142,-0.4591272280270436
2004-12-28,444.3,-0.0011247329945098,0.3120184732521971,-0.1549269965378741,-0.2488636363636364
2004-12-29,436.4,-0.017940755982947,0.2883708419802182,-0.5466140523174488,1.9031770045385776
2004-12-30,437.3,0.0020602044599591,0.2908113565042494,-0.7120285410497991,-0.310578426263679
2004-12-31,438.2,0.0020559687424912,0.2931225000633993,-0.7253256104776555,0.5721844293272864
2005-01-03,429.5,-0.020053685737056,0.2672405357045166,-1.253577783002744,-0.3403846153846154
2005-01-04,427.5,-0.0046674530474951,0.2610998825545896,-1.6464664811133762,0.216472303206997
2005-01-05,426.6,-0.0021074823395646,0.2582419367734767,-1.8599640407587892,-0.1467944877171959
2005-01-06,421.4,-0.0122643046671616,0.2418448170924036,-2.22000753546842,4.544241573033708
2005-01-07,419.0,-0.0057115814479508,0.2337306688894533,-2.469279803349304,0.0321722609246357
2005-01-10,419.7,0.0016692504174074,0.2351156403177046,-2.4325928020734366,-0.3460547306417966
2005-01-11,421.6,0.0045168268876074,0.2399522651954677,-2.136469696431055,0.1015199849878025
2005-01-12,426.0,0.0103823490422179,0.2519691815045429,-1.528846723056544,0.1696763202725724
2005-01-13,425.2,-0.0018796998015776,0.2489065789508333,-1.0862015685726174,-0.22662394407224
2005-01-14,423.1,-0.0049510887417709,0.2420043848587604,-0.8506527951244589,0.0698681732580037
2005-01-17,422.5,-0.0014191109287933,0.2399796477436339,-0.6595905716000727,-0.6361556064073226
2005-01-18,422.9,0.0009462976812143,0.240544040176432,-0.4411064490408156,1.3096274794388
2005-01-19,423.0,0.0002364345678351,0.2401068858818039,-0.2350280384707606,0.1864264767490573
2005-01-20,422.3,-0.00165621710638,0.2374045076225877,-0.0980467132606364,-0.0796257062146892
2005-01-21,427.1,0.0113022159075229,0.2506742714520082,0.3396657293499352,0.1632457318242854
2005-01-24,427.3,0.0004681648025584,0.2506948168796256,0.6485895802242938,-0.300296833773087
2005-01-25,422.1,-0.0122440898615261,0.2345694399061415,0.5145032866478445,0.4998821588498703
2005-01-26,426.7,0.010838937405501,0.2472650820454777,0.7340162904881882,-0.071181646763042
2005-01-27,426.3,-0.0009378664227895,0.2454186938394615,0.8428899585127647,-0.1104720013534088
2005-01-28,426.9,0.0014064699927516,0.2464556818557562,0.9386062438081192,0.0608596424496006
2005-01-31,422.6,-0.0101236885819599,0.2330949230900898,0.7062123044741346,0.1925421297956255
2005-02-01,421.2,-0.0033183249221359,0.2283831191990769,0.4638093315838314,-0.1969332531569453
2005-02-02,421.8,0.0014234877848539,0.2296139648811333,0.3544182671080307,-0.1742792961437663
2005-02-03,417.2,-0.0109655449180569,0.2155464603715061,0.0014713075435794,0.3518476535932895
2005-02-04,414.7,-0.0060103558742817,0.2076883433278185,-0.351615965153532,-0.0878752305886299
2005-02-07,413.3,-0.0033816457346489,0.2030052568069785,-0.6152809310113674,0.0876999448428019
2005-02-08,412.7,-0.0014527847591505,0.2006506067128756,-0.7566194933900285,0.0321162947937796
2005-02-09,413.6,0.0021783864356833,0.2027504666889251,-0.7164260503329918,-0.1446118571896495
2005-02-10,417.7,0.00986414830891,0.2142629064371045,-0.3587094657264575,-0.2511966302891059
2005-02-11,420.8,0.0073941899203704,0.2227690737568259,0.1162722857082414,0.1692661723344413
2005-02-14,425.7,0.0115772114106064,0.2363562932417625,0.7544610304399102,0.2079597638311829
2005-02-15,425.7,0.0,0.2357614717577643,1.1470637261628651,-0.0946777697320782
2005-02-16,425.1,-0.0014104374693621,0.2333420636278889,1.3242519735548823,0.1619676064787043
2005-02-17,427.0,0.0044595778638801,0.2383147162179705,1.5136600387141947,-0.2245740836344862
2005-02-18,427.1,0.0002341646187964,0.2382532510365538,1.5824764328732748,-0.3495339547270306
2005-02-21,427.3,0.0004681648025584,0.2386728955512716,1.5748758172919424,-0.5465711361310133
2005-02-22,435.7,0.0194675904734171,0.2622479414597326,2.039492320029674,3.54326561324304
2005-02-23,434.5,-0.0027579884179496,0.2579444997471837,2.1584314111542264,0.0462073534282874
2005-02-24,434.2,-0.0006906872612552,0.2566128641340777,2.1069880095137483,-0.4397657115719486
2005-02-25,435.1,0.002070632282443,0.2587425523679938,2.0232278550934377,0.0339078835829329
2005-02-28,435.5,0.000918906565923,0.2591397881066681,1.887082854364666,0.5676414320852692
2005-03-01,432.8,-0.0062190687602857,0.250601479958265,1.5231051913624374,0.0071478382147838
2005-03-02,432.8,0.0,0.2497568056512054,1.2042429675226154,0.1798511338064738
2005-03-03,429.6,-0.0074211843376168,0.2398122678687554,0.7234122740542472,-0.1437793427230047
2005-03-04,434.2,0.0106507142495364,0.252336800538902,0.6623977960339003,0.0291295407813569
2005-03-07,434.0,-0.0004607233437865,0.251759576109563,0.5598799435329735,-0.9995004995004996
2005-03-08,440.5,0.0148659112758293,0.2704379241059136,0.8630250031274587,171.0
2005-03-09,440.6,0.0002269889920085,0.2700789518013732,0.9941402950921634,8.164728682170542
2005-03-10,442.5,0.0043030300797414,0.2747716417628006,1.1231633292597945,0.2002537534362445
2005-03-11,445.9,0.0076542471854467,0.2837564629775546,1.3372779554289065,0.001937984496124
2005-03-14,440.9,-0.011276619269539,0.2685968153138661,1.0543857974227904,-0.0184631615966238
2005-03-15,440.5,-0.0009076469876577,0.266689106929211,0.7659671851455481,0.005911859548549
2005-03-16,443.3,0.0063362963747736,0.2740714904277104,0.6916748087033788,-0.1253784505788068
2005-03-17,438.7,-0.0104309335788396,0.2601426559693245,0.2816599586523667,0.1024231317450621
2005-03-18,439.3,0.0013667428095655,0.2611975853643841,0.0139243139577476,-0.0350942002216475
2005-03-21,431.2,-0.0186105313869465,0.2372325446757891,-0.7058437478605106,0.1550535987748851
2005-03-22,426.8,-0.0102565001671889,0.2240759431787428,-1.433471423443642,-0.1962214119986741
2005-03-23,425.3,-0.0035207171680104,0.2191081090483939,-1.939543511160008,0.3039175257731958
2005-03-24,425.1,-0.0004703668948434,0.2180121126319682,-2.1928361386097417,-0.2027197975964579
2005-03-25,425.1,0.0,0.2179068566084683,-2.2566520295505765,-0.7976993256644189
2005-03-28,425.9,0.0018801415644232,0.2199509149935858,-2.1421647408648687,1.3549019607843138
2005-03-29,426.1,0.0004694835766986,0.2201702919627135,-1.955330257880858,0.4038301415487093
2005-03-30,426.1,0.0,0.2197139520508353,-1.7412510670192645,0.2950771055753263
2005-03-31,428.7,0.006083313098065,0.2266533038354286,-1.351423216685215,0.082436455232425
2005-04-01,426.1,-0.006083313098065,0.2186085621818841,-1.200646616461855,0.2373598476835201
2005-04-04,424.3,-0.0042333082975871,0.2129785090511059,-1.1538160195869993,-0.1733629680287228
2005-04-05,425.0,0.0016484167161377,0.214515208853606,-1.0124177614684426,-0.0332988624612202
2005-04-06,426.6,0.0037576371128333,0.2185654488502319,-0.7594152533972658,0.1003423192126657
2005-04-07,425.8,-0.0018770535778711,0.2157565678859616,-0.6011557053151599,0.0033054637371183
2005-04-08,426.9,0.002580041304537,0.2184801163992072,-0.387951719392841,-0.1988372093023256
2005-04-11,428.0,0.0025734018178803,0.2211939984089463,-0.1506019090847952,-0.0004837929366231
2005-04-12,428.1,0.0002336175691035,0.2209731156751328,0.0259653553043361,0.1894966118102614
2005-04-13,428.8,0.0016337966056918,0.222497238247027,0.1934107676958432,-0.066734486266531
2005-04-14,423.7,-0.0119649521240787,0.2073974005862461,-0.0242222576380937,0.2605188576411599
2005-04-15,424.7,0.0023573796867119,0.2097494883936773,-0.0824633480072007,-0.1008301625735039
2005-04-18,427.4,0.0063373055658218,0.2169170311539914,0.0709304118614411,0.0246201192537025
2005-04-19,433.9,0.0150937499192576,0.2347550585380235,0.5912770991980107,0.18359301670734
2005-04-20,434.4,0.0011516758154206,0.2354946601036593,0.9300917162115192,-0.0131641554321966
2005-04-21,432.5,-0.0043834422477915,0.229428233545765,0.982082065996802,-0.00401800064288
2005-04-22,434.5,0.0046136183335127,0.2346586923221825,1.0982216269529168,-0.3193480716475714
2005-04-25,434.6,0.0002301231168826,0.2344547304544929,1.1247238125084522,0.0765765765765766
2005-04-26,436.9,0.0052782681350607,0.2404661296534748,1.2314891266897827,0.0396388460691476
2005-04-27,432.1,-0.0110472930195025,0.226206221475082,0.9270527748180504,0.2679517051472146
2005-04-28,431.3,-0.00185313928409,0.2233411219856766,0.6339999560601078,-0.0297360507851653
2005-04-29,434.9,0.0083122159497952,0.2329325861428315,0.642797134981128,0.0087809917355372
2005-05-02,429.8,-0.0117961353951825,0.2179759092561896,0.2836481420766898,-0.152073732718894
2005-05-03,427.8,-0.0046641875601048,0.2117734695073841,-0.0901069330096528,0.1380837359098228
2005-05-04,429.4,0.0037330887963752,0.2157996310544349,-0.2234749971330777,-0.067032189600283
2005-05-05,430.4,0.002326123402894,0.2181524751618621,-0.2369630191214325,-0.0676777251184834
2005-05-06,426.2,-0.0098062891830578,0.2057049414537395,-0.5059172539598762,0.2344448962993086
2005-05-09,425.9,-0.0007041427353489,0.2044803759168802,-0.670851759746538,-0.3126338329764454
2005-05-10,426.5,0.001407790002566,0.2058314713446444,-0.7029776709302933,-0.0936975796788881
2005-05-11,427.5,0.0023419214450811,0.2081473488460822,-0.6230483407601681,0.4756742464304599
2005-05-12,422.2,-0.0124751529625947,0.192628111131437,-0.8777062125976305,0.1361763124888013
2005-05-13,420.2,-0.0047483470033202,0.186484828896304,-1.1161285135797816,-0.0375335120643431
2005-05-16,419.5,-0.001667262503639,0.1841594377412647,-1.246369336678527,-0.2777322628215631
2005-05-17,418.7,-0.0019088528821632,0.1815242169853251,-1.3055177046527662,0.0864337568058075
2005-05-18,421.7,0.0071394877274166,0.1895567196038431,-1.071523382422238,0.1250783044476926
2005-05-19,420.8,-0.002136499329014,0.1866244722595911,-0.9125059404710972,-0.0920564216778024
2005-05-20,417.6,-0.007633624855071,0.17728276492248,-0.9535193527678224,-0.1475878986099754
2005-05-23,417.4,-0.0004790419253286,0.1764086604367759,-0.9241319834863436,-0.0067146282973621
2005-05-24,418.0,0.001436437881656,0.1777985747650856,-0.7989988878823135,-0.0321100917431192
2005-05-25,419.4,0.0033436859430633,0.1814275468715381,-0.5675386984259667,0.0356697430780743
2005-05-26,417.7,-0.0040616469646899,0.176305865783015,-0.4781094943820019,0.0688824662813101
2005-05-27,420.3,0.0062052705079414,0.1833626176497527,-0.2068849243826136,-0.2194682289319512
2005-05-30,418.5,-0.004291852081541,0.1781771290503409,-0.1162587693071084,-0.5513856812933026
2005-05-31,417.1,-0.0033508887266304,0.1742328309397805,-0.1177869319557198,-0.9736164736164736
2005-06-01,415.5,-0.0038433869073967,0.1693674633199532,-0.1894905993367039,122.63414634146342
2005-06-02,421.9,0.01528570483479,0.1867798542866737,0.2095531091176243,0.5338331031761689
2005-06-03,422.4,0.0011844132617587,0.1876604976823189,0.5057317918195192,-0.1543408360128617
2005-06-06,425.9,0.0082518445371161,0.1970397719563932,0.9122108196476733,-0.152851711026616
2005-06-07,424.7,-0.0028215396099423,0.193257162736086,1.0644935316923276,-0.1082585278276481
2005-06-08,423.2,-0.0035381567751358,0.188710469289089,1.0278965109754097,-0.1699214817797463
2005-06-09,423.7,0.0011807770884239,0.1898644741613067,1.00012435283636,-0.2335677904438515
2005-06-10,426.9,0.0075241361314029,0.1984979907209607,1.149367516619368,0.3509493670886077
2005-06-13,429.2,0.0053732169926271,0.2046311097526804,1.3416813430688908,-0.1110330288123682
2005-06-14,426.8,-0.005607491328945,0.1976375211461506,1.2479086347762791,-0.1923583662714098
2005-06-15,429.0,0.0051413995004186,0.2035418681781406,1.270455166601845,0.0290375203915171
2005-06-16,435.6,0.0152674721307883,0.2216569935359471,1.6426285146870754,0.3747622067216234
2005-06-17,437.6,0.004580860048966,0.22695714809173,1.9171260996971229,-0.268219557195572
2005-06-20,437.9,0.0006853226995811,0.2275379799695134,2.003153245047606,-0.1701859439016703
2005-06-21,438.7,0.0018252343648155,0.2294761407260292,1.9938843254533876,0.1944549943030764
2005-06-22,438.1,-0.0013686133523154,0.2275524130796084,1.831482375580976,-0.2073131955484897
2005-06-23,441.3,0.0072777214556488,0.2362105853595748,1.8199457912811567,0.2342559165663857
2005-06-24,439.8,-0.0034048381548407,0.231699718378031,1.5994824176481868,0.0
2005-06-27,439.7,-0.0002274019338964,0.2312219207784679,1.345324019762856,-0.3503412414689633
2005-06-28,435.5,-0.0095978798942069,0.2192303448831119,0.8186509494267624,0.2201100550275136
2005-06-29,437.2,0.0038959600098259,0.2236999353775297,0.5234383799324585,0.2603526035260353
2005-06-30,435.6,-0.0036663652435779,0.2188988152029196,0.1769849863924042,0.119388418998048
2005-07-01,427.6,-0.0185362119079152,0.1961911688644137,-0.5922599366008123,0.1057832025573961
2005-07-04,427.4,-0.000467836265843,0.195533078242609,-1.0870496514667378,-0.6793692509855453
2005-07-05,422.9,-0.0105845984066043,0.1826746827292072,-1.6558168128776027,1.9172131147540985
2005-07-06,423.5,0.0014177696136661,0.1841610546312961,-1.9118918632333928,-0.2902500702444507
2005-07-07,423.3,-0.000472366565231,0.1833145165361626,-2.0052502217108668,0.489311163895487
2005-07-08,423.0,-0.0007089684806,0.1822465685365377,-1.9935383061525045,-0.1823498139287612
2005-07-11,425.8,0.0065975734131011,0.1898367590402462,-1.714205901458754,-0.0058517555266579
2005-07-12,426.8,0.0023457669682192,0.1923518326606182,-1.3927419979485076,0.1618705035971224
2005-07-13,423.8,-0.0070538735933995,0.1837267650804157,-1.3138188707534388,-0.0976639459611595
2005-07-14,419.5,-0.0101981199269378,0.1714252890334309,-1.4710213880970984,0.2835308796007485
2005-07-15,421.5,0.0047562515346492,0.1767753223114608,-1.3625780318479075,-0.1859052247873632
2005-07-18,420.9,-0.0014245016653852,0.1749286968382338,-1.2561381033454646,-0.2770149253731343
2005-07-19,420.1,-0.0019024976011884,0.1724956914947392,-1.166434181412854,0.1862097440132122
2005-07-20,423.1,0.0071157795506853,0.1806234876968138,-0.8467568300324733,0.1869126348764358
2005-07-21,425.6,0.0058913803014128,0.1873726004700219,-0.4296735052129956,-0.1140762463343109
2005-07-22,425.0,-0.0014107691030178,0.1854921063848886,-0.1702576453959576,-0.0940086064217147
2005-07-25,425.7,0.0016457039096897,0.1872666007646915,0.0600873084241861,-0.1413956887102667
2005-07-26,423.5,-0.0051813587419975,0.1809028396716157,0.0749279422548394,0.3234042553191489
2005-07-27,425.4,0.0044763886740277,0.1859860645176496,0.2153983184957904,-0.0655948553054662
2005-07-28,427.9,0.0058596206566344,0.1926488316953231,0.4650469561403185,0.3675154852030282
2005-07-29,429.6,0.0039650197718838,0.1970748811408104,0.7179253516515407,-0.013336688475088
2005-08-01,432.2,0.0060339008781306,0.2040891304608349,1.0153713938064213,-0.2851313440448865
2005-08-02,432.1,-0.000231401134898,0.2035195896737852,1.1505370313200525,0.2490189083125222
2005-08-03,436.7,0.0105894175536277,0.2159858359559935,1.474223562348263,0.1359611539560126
2005-08-04,437.7,0.0022872837053342,0.2183979146516385,1.665999510904719,0.0429972340960522
2005-08-05,437.3,-0.0009142857779746,0.2169439196824782,1.6719013705552643,-0.0848601735776277
2005-08-08,434.7,-0.0059633204241285,0.2094159847060042,1.416782105210691,-0.1080084299262381
2005-08-09,434.7,0.0,0.2089667384747398,1.1741304219152808,0.5652687536916716
2005-08-10,437.5,0.0064205678029227,0.2163039113808125,1.1280267576679883,-0.0267924528301887
2005-08-11,445.8,0.0187937151540994,0.2386087280196942,1.555958564094845,0.5500193873594417
2005-08-12,446.1,0.0006727211824505,0.2387650386725248,1.744486072683407,-0.1485928705440901
2005-08-15,442.3,-0.008554757259938,0.2277678526540866,1.5074482236064846,-0.3067430586161305
2005-08-16,446.1,0.0085547572599381,0.2377824517925191,1.4976786342381585,0.1741894469167195
2005-08-17,440.0,-0.0137684152219122,0.2202368723976051,0.9956601408039454,0.2281176682909222
2005-08-18,439.7,-0.0006820507255424,0.2188173377394131,0.579299348999549,-0.0298310066127847
2005-08-19,436.4,-0.0075334222278487,0.2091163649334061,0.0456801339717065,-0.0154498636776734
2005-08-22,438.2,0.0041161732024503,0.213630747391234,-0.2080952168391787,-0.1530769230769231
2005-08-23,439.2,0.0022794630339548,0.2158645115403455,-0.3237463717636242,0.1238873751135332
2005-08-24,437.6,-0.0036496390875493,0.2108004057686701,-0.5119493744287569,0.2125424276709229
2005-08-25,438.6,0.0022825848760164,0.2130641714939207,-0.5686677951974657,-0.2096774193548387
2005-08-26,437.4,-0.0027397277411204,0.2092767048954122,-0.6791037054376683,-0.0541406645302748
2005-08-29,436.9,-0.0011437722852772,0.2074799615856719,-0.7711992851108218,-0.113944365192582
2005-08-30,431.6,-0.0122051025734104,0.1923436145264983,-1.1515387655849372,0.2891929965787885
2005-08-31,435.0,0.0078467977047044,0.2012537802224318,-1.1347676498285346,-0.028879175772713
2005-09-01,442.4,0.0168684191194407,0.2210513167591301,-0.6121174549817301,0.1896801157370198
2005-09-02,444.4,0.0045106075573498,0.2260490290512543,-0.1430104858367502,-0.2156465342521281
2005-09-05,445.1,0.0015739182563337,0.2276792964236237,0.1853082511202304,-0.4280792420327304
2005-09-06,444.5,-0.0013489210678494,0.2255607906456142,0.3247873229994389,0.5602409638554218
2005-09-07,444.9,0.0008994828580367,0.2262548568747572,0.4016710356248931,-0.116988416988417
2005-09-08,446.7,0.0040376905460769,0.2307779550058468,0.5237200582884434,0.0454744206383908
2005-09-09,449.0,0.0051356593841814,0.2366945874815803,0.6983949788003283,-0.0570890840652447
2005-09-12,449.5,0.0011129661694206,0.2376184771129568,0.7804344662812284,0.0640940341539144
2005-09-13,446.1,-0.0075927117774558,0.2278189046872688,0.5494435565841682,0.0104210087536473
2005-09-14,449.7,0.0080375516424424,0.2372037901784766,0.5798315372404113,0.1610973597359735
2005-09-15,455.4,0.0125954598529774,0.2522420366564717,0.905149295115645,0.1588203943862143
2005-09-16,459.4,0.0087451366253586,0.262607207346574,1.287716582356071,-0.0671470182431396
2005-09-19,464.4,0.0108249595687386,0.275580734728871,1.7469946533834235,0.1342645850451931
2005-09-20,463.6,-0.0017241383581396,0.2726273498247564,1.8561532378111325,-0.0294117647058823
2005-09-21,472.1,0.0181687160866443,0.2950627287672452,2.329415162422245,0.1337513061650992
2005-09-22,465.9,-0.0132198087294901,0.2769964203490671,2.0626519682229016,0.2193548387096773
2005-09-23,463.6,-0.0049489073571543,0.2699738507535527,1.5902272214891635,-0.2829068135190584
2005-09-26,466.3,0.0058070923486784,0.2765028296846255,1.3291269534025147,0.1999698840536063
2005-09-27,463.0,-0.0071021497280411,0.2665876893861061,0.8282327499096871,0.0488141548500438
2005-09-28,468.7,0.0122358508424262,0.2812805836618182,0.7757693195079121,-0.0270399617133285
2005-09-29,472.0,0.0070160806568948,0.2894246689011734,0.8521933014817105,-0.0687407771765863
2005-09-30,468.9,-0.0065894594900147,0.280143131239376,0.5950197758006803,-0.0534794665258153
2005-10-03,465.6,-0.0070626296783124,0.2705040406301527,0.128115553161809,-0.1934988839285714
2005-10-04,465.9,0.000644122405523,0.2706132597164407,-0.2163163278152389,0.1402871475523266
2005-10-05,464.4,-0.0032247689990145,0.2658265655544386,-0.5803079955790311,0.0094053398058251
2005-10-06,473.1,0.0185605328133661,0.2886914885000827,-0.2852155038264961,0.1375112714156898
2005-10-07,474.5,0.00295483541288,0.2916959112224286,-0.0577099475485995,-0.0702866957325935
2005-10-10,474.9,0.0008426375050935,0.2920878801995323,0.0518210785814314,-0.1509165837714935
2005-10-11,475.3,0.0008419280648877,0.2923342546029647,0.0815480466596376,0.2051882845188284
2005-10-12,470.6,-0.0099377073267015,0.2786868252998695,-0.2659589095395835,0.0727676711567837
2005-10-13,471.3,0.0014863576364229,0.2796421058276817,-0.4864703336000895,0.1224595469255662
2005-10-14,469.3,-0.0042526111293132,0.2733097213731518,-0.7870227732158535,-0.0168377349786644
2005-10-17,473.7,0.0093319871293341,0.2844829774429615,-0.7117610826740259,-0.186041055718475
2005-10-18,472.0,-0.0035952243441507,0.2791340436764937,-0.7925572200669846,-0.0188788009799683
2005-10-19,464.3,-0.0164480905596792,0.2574353313598694,-1.3480314983192123,0.223707403055229
2005-10-20,460.9,-0.0073497952994135,0.2475238494962378,-1.894417568795208,-0.1052694754531269
2005-10-21,466.8,0.0127198006859383,0.2627127624130269,-1.8086428316854624,0.0678830158304266
2005-10-24,465.0,-0.0038634948250445,0.2571375325771239,-1.8184121493581664,-0.0930904522613065
2005-10-25,472.2,0.0153652190640561,0.2757673112302902,-1.309051002322814,0.1200997368056517
2005-10-26,470.7,-0.0031816762443159,0.270952085332028,-1.0532405734293295,-0.0938659411328222
2005-10-27,473.2,0.0052971836971352,0.2768720221547345,-0.7120896243766381,0.0749283472089532
2005-10-28,472.9,-0.0006341824544016,0.2752552674186424,-0.5123990494779322,-0.0147282884713052
2005-10-31,465.6,-0.0155570532326019,0.2547258335862128,-0.8573969921075197,0.1177835051546392
2005-11-01,459.1,-0.0140588451620516,0.2364002430957862,-1.4727014706862596,0.0509568826377679
2005-11-02,462.9,0.0082429967820483,0.2460042873189435,-1.5644950499100894,-0.2297060114085125
2005-11-03,460.9,-0.0043299483107622,0.2399209762530495,-1.6899268178639972,0.1264596980917118
2005-11-04,456.7,-0.0091543795355093,0.228023481344476,-1.9664141856355104,-0.1027812895069532
2005-11-07,459.4,0.0058945700640444,0.2348037985840038,-1.8782626162115177,-0.1974073552205156
2005-11-08,460.5,0.0023915654403637,0.237174300602095,-1.6640107977886394,0.204002808988764
2005-11-09,466.8,0.0135880447170394,0.2534194909471091,-1.0463087515624392,0.0892388451443568
2005-11-10,466.2,-0.0012861738107442,0.2511945801832755,-0.646070011696796,-0.1136546184738955
2005-11-11,468.4,0.0047079051219054,0.2565812779277324,-0.2229522524678967,-0.1597945929617882
2005-11-14,467.5,-0.0019232829948204,0.2535938062294444,-0.0050015038028889,0.1044400503325544
2005-11-15,468.4,0.0019232829948206,0.2555253629545046,0.1878123933053176,-0.1573893229166666
2005-11-16,479.0,0.022377965687353,0.2832279936113716,0.9733666523395722,0.3451806065288778
2005-11-17,485.7,0.0138905519407837,0.3002562712093148,1.838151646233252,0.1929925330269959
2005-11-18,485.3,-0.0008238929405286,0.2984305889200584,2.2499685388859194,-0.1928261916225324
2005-11-21,491.4,0.0124912036759081,0.3140127631103391,2.765972360516113,-0.0568147927229346
2005-11-22,494.3,0.0058841602258349,0.3208743804208594,3.1097080230825185,0.1694861660079052
2005-11-23,491.9,-0.0048671765116195,0.31373255692979,2.9821288776610686,-0.1626335000675949
2005-11-24,493.2,0.002639327488895,0.3168912271334363,2.795155132286117,-0.5771714562479819
2005-11-25,495.7,0.0050561337363389,0.3232562604217029,2.6509659476499827,-0.0297823596792669
2005-11-28,498.4,0.0054320624467151,0.3297855084331247,2.5478733772636613,1.152302243211334
2005-11-29,499.2,0.0016038495819746,0.3310379800532085,2.348882971345385,0.2854269519107697
2005-11-30,492.8,-0.0129034048359078,0.3130810993195499,1.6353763069507137,0.0645803698435276
2005-12-01,503.9,0.0222744234672423,0.3416489752404466,1.7498657813437566,0.0676109032602885
2005-12-02,503.1,-0.0015888781892794,0.3385329925948547,1.6139069696382062,-0.0414267834793491
2005-12-05,509.0,0.0116590590532498,0.3533655155069313,1.7519991369012562,-0.1557644601122861
2005-12-06,510.8,0.0035301076078613,0.3579144196170614,1.7889765468592564,-0.7288895762449736
2005-12-07,514.6,0.0074117756892595,0.3677251235931408,1.88419665713686,0.1796919566457502
2005-12-08,520.8,0.0119761910467156,0.3839257891591655,2.159798495948614,-0.0875241779497099
2005-12-09,525.8,0.0095548214014213,0.3968938216081904,2.4525087895940416,0.0810810810810811
2005-12-12,527.9,0.0039859595337896,0.4020996409068114,2.54993698531543,0.1205882352941176
2005-12-13,518.4,-0.0181597267915056,0.3765281998829844,1.7737620758151174,-0.0091863517060367
2005-12-14,506.2,-0.0238152969270412,0.3438063924350333,0.3143675809170432,0.0768211920529802
2005-12-15,502.8,-0.0067393713949313,0.3345165728230875,-0.9358729086993378,-0.1471914719147191
2005-12-16,502.3,-0.0009949259600933,0.3329367914623455,-1.8022757786636932,-0.0158653846153846
2005-12-19,503.5,0.0023861614026179,0.3358843269868377,-2.2700806151415875,-0.0918417195896433
2005-12-20,492.0,-0.0231049956663089,0.3051246278255474,-3.2688391813907014,0.1387842926304465
2005-12-21,495.1,0.0062810458750692,0.3130822136816789,-3.6088444473136736,0.1039206424185168
2005-12-22,503.9,0.0176180733191748,0.3361790308019354,-3.1461462986424875,-0.157466837826273
2005-12-23,503.0,-0.0017876655868132,0.3336927665927073,-2.816445237395621,-0.5942102590147282
2005-12-26,503.5,0.0009935420588777,0.3350183794277759,-2.491623670651241,-0.9987484355444304
2005-12-27,507.6,0.0081100236816157,0.345735871167568,-1.9514656557076864,1186.0
2005-12-28,516.4,0.0171879231322546,0.3687777526389492,-1.0002640975920665,0.7481044650379107
2005-12-29,516.5,0.0001936295872057,0.3688192094815951,-0.3942258383179942,-0.2298795180722891
2005-12-30,517.0,0.0009675859487358,0.3700150992978933,-0.009873188859184,-0.4255319148936169
2006-01-02,517.3,0.0005801025010401,0.3708097945122788,0.2026417843651673,-0.9978213507625272
2006-01-03,534.1,0.0319601103362554,0.414438621528246,1.348841436488713,2796.5
2006-01-04,534.0,-0.0001872483855298,0.4130623651335358,1.9385780761038287,0.235567470956211
2006-01-05,524.5,-0.0179504111238429,0.3870017151878374,1.5443150593609325,-0.1265731231014031
2006-01-06,539.2,0.0276411317617454,0.4247433214404484,2.094835698064882,0.1470685657502484
2006-01-09,548.8,0.0176475168135779,0.4487293076811313,2.87842458716111,0.1260467802483396
2006-01-10,543.0,-0.0106247564777399,0.4322981760917806,2.7776665812636363,-0.1680984741633543
2006-01-11,547.2,0.0077050463744054,0.4423202781082404,2.759744749568055,-0.0696670776818741
2006-01-12,546.2,-0.0018291572687361,0.4385968685475264,2.4565406507156453,0.033300198807157
2006-01-13,555.7,0.017243371246271,0.4627100038072068,2.654908130563598,-0.2071508738175405
2006-01-16,561.8,0.0109173343842675,0.4786554115876582,2.9342210781621123,-0.8837209302325582
2006-01-17,554.5,-0.0130791078797215,0.4582422789215349,2.387782651990655,10.166956521739133
2006-01-18,543.0,-0.0209574868564863,0.4269123839883879,1.078948039752623,-0.0191558947204485
2006-01-19,557.4,0.0261737951139124,0.4637117866029383,1.0112878933227911,-0.0866941886313115
2006-01-20,553.6,-0.0068407107443879,0.4526767317294027,0.5613323020423202,-0.0069541029207231
2006-01-23,559.0,0.0097070688516392,0.4657829916563784,0.4811918650946971,0.0066526610644257
2006-01-24,558.0,-0.0017905107737882,0.4622633592127707,0.2275157144746771,-0.1507826086956522
2006-01-25,563.0,0.0089206657583793,0.4745293459694241,0.2607562920366355,-0.0989146016792955
2006-01-26,560.4,-0.0046288136768385,0.466917828591801,-0.013520371030129,-0.0197727272727272
2006-01-27,558.9,-0.0026802481871994,0.4624156225504597,-0.3959346011655533,-0.2796197542313935
2006-01-30,567.9,0.0159747806077344,0.4852298011218118,-0.1550926923826434,0.2249758609591245
2006-01-31,568.1,0.0003521126796945,0.4845140357072015,-0.0974731950119736,0.6568575932737784
2006-02-01,569.3,0.0021100763939547,0.4865154514637433,-0.0936746398245436,-0.0783380907072629
2006-02-02,572.2,0.0050810446589737,0.4937168415997084,-0.0151056031096707,-0.6798004129387474
2006-02-03,567.4,-0.008424058241259,0.4801063464619791,-0.385152178523116,1.9924771628156903
2006-02-06,569.5,0.0036942605124858,0.4845861605005405,-0.5757641554686792,-0.082779673190878
2006-02-07,548.5,-0.0375715031719519,0.4285013280729655,-2.1167935587302544,0.524275646045419
2006-02-08,551.2,0.0049104399841639,0.4344900843993148,-2.906151901942033,-0.1956075006421782
2006-02-09,564.1,0.0231338210464815,0.4670058813892715,-2.52543403932021,-0.064825163659588
2006-02-10,550.4,-0.0245862541267966,0.4302508509547522,-3.123086821021396,0.1295885265494281
2006-02-13,540.7,-0.0177806902311746,0.4040131224136321,-4.040244620132677,0.0063482466747279
2006-02-14,547.2,0.0119497699203814,0.4196528356690854,-4.066528358362162,0.1954040252328026
2006-02-15,539.7,-0.0138009366837435,0.399070868344806,-4.417230510084153,-0.0624450307827616
2006-02-16,547.5,0.0143490320660587,0.4181836443466747,-3.9664094337963895,-0.039667649423747
2006-02-17,551.7,0.0076419585877292,0.4279844332417507,-3.2575452523649258,-0.065727044376221
2006-02-20,555.7,0.0072241600074904,0.4381244893492018,-2.4294434116878545,-0.8083644510828977
2006-02-21,554.1,-0.0028834044125716,0.4330199321822189,-1.9218579074926077,3.564302416212003
2006-02-22,555.4,0.002343398999395,0.4352980568916252,-1.452322776451637,0.1345628415300546
2006-02-23,549.0,-0.0115901333631685,0.4177600253993858,-1.5193365635986082,-0.0522275737507526
2006-02-24,558.7,0.0175142149555725,0.441853628111676,-0.8882085817054941,-0.0790852787041448
2006-02-27,553.7,-0.0089896326361816,0.4282688368974903,-0.7886788870280688,-0.277978961889981
2006-02-28,561.3,0.013632498119232,0.4469392159370429,-0.2216620882476823,0.3267255791736327
2006-03-01,562.6,0.002313374107603,0.4494339713129083,0.207096543796843,-0.1036903690369036
2006-03-02,569.6,0.0123654640420096,0.4663304296888625,0.8900100683011991,0.2884113275758184
2006-03-03,565.1,-0.0079316534619683,0.4537782202379988,0.9604918533061246,-0.1360872954014029
2006-03-06,555.0,-0.0180345928893632,0.4267768994378005,0.2838504445314931,0.1282930350054132
2006-03-07,552.5,-0.0045146803545265,0.4192346511390518,-0.3412353547437208,0.1424916040300656
2006-03-08,543.3,-0.0167917798344305,0.3944089515661836,-1.3280396694595686,0.1483762597984321
2006-03-09,545.0,0.0031241411057666,0.3976908358590178,-1.791192822553124,-0.0906874695270599
2006-03-10,540.7,-0.0079211982752848,0.3858221663646127,-2.2806758108835843,-0.1875335120643432
2006-03-13,545.6,0.0090215101412931,0.3975996804604238,-2.168681694137528,-0.0991585546939448
2006-03-14,550.7,0.0093040897391834,0.4098321603627495,-1.6678579001149352,0.0300366300366299
2006-03-15,552.7,0.0036251625707814,0.4142232427742229,-1.1436105804202696,-0.1488264580369843
2006-03-16,555.2,0.0045130503533774,0.4195434787102923,-0.597648407649283,0.4798412366826823
2006-03-17,553.6,-0.0028860048891349,0.4146104693134536,-0.3269862849525979,-0.2182382834556747
2006-03-20,554.7,0.0019850227577291,0.4166193471402479,-0.0700124957202446,-0.0418923799205489
2006-03-21,551.9,-0.0050605566157333,0.4084101855007347,-0.0838185956259813,0.3522427440633244
2006-03-22,550.6,-0.0023582777369486,0.4043019533776548,-0.1707030103339974,-0.2426480836236934
2006-03-23,549.7,-0.0016359178418922,0.4011505298972775,-0.2729207401919461,0.1017666543982334
2006-03-24,559.6,0.0178495679247113,0.4254654265817734,0.3104621381796078,0.0073492567228996
2006-03-27,567.1,0.0133134122286561,0.4436840847165456,1.1391143018444767,-0.0905322500414524
2006-03-28,563.3,-0.0067233091193141,0.4331259424940663,1.3543213131206846,0.006563354603464
2006-03-29,573.4,0.0177712075486012,0.4578980280053662,2.0577300349852914,0.0061583046549538
2006-03-30,588.9,0.0266728365012557,0.4955994399147744,3.370185685109477,0.6763276327632763
2006-03-31,582.3,-0.0112706111074508,0.4774955022259226,3.5775273514923134,-0.2008161512027491
2006-04-03,587.4,0.0087202399214455,0.4891540723602207,3.8198485478873225,-0.0663800053748991
2006-04-04,586.5,-0.0015333506709895,0.4855415258050461,3.679779168073404,0.045048934945308
2006-04-05,588.2,0.0028943580263645,0.4884744130554654,3.4649164164309534,0.0374604049029059
2006-04-06,595.1,0.0116624325309117,0.5045190249434371,3.538392695257904,-0.008230452674897
2006-04-07,588.8,-0.0106428912361399,0.4872519333510569,2.9382846692889686,-0.0263686253513585
2006-04-10,599.4,0.0178425874678964,0.5126288455407187,3.0192672783266445,-0.0002749518834204
2006-04-11,593.2,-0.0103975446187856,0.4949504864438501,2.443880787286064,0.477997799779978
2006-04-12,598.1,0.0082263537867343,0.5056361718142602,2.1900635406558777,-0.1834759955340528
2006-04-13,596.3,-0.0030140679214512,0.4997918502626309,1.7185352406804046,-0.1954193254329991
2006-04-14,598.2,0.0031812500667875,0.5044936309215502,1.367476629568177,-0.9422178161733464
2006-04-17,613.2,0.0247660008018113,0.54087442018117,1.9432237982016112,15.17401960784314
2006-04-18,620.6,0.0119956050166207,0.5575224561277066,2.5802500112870543,0.3791483558114865
2006-04-19,639.9,0.0306251621311347,0.6036215327215178,3.975840063260344,0.0939457202505218
2006-04-20,611.5,-0.0453969590181875,0.5305347671458877,2.7205597891606264,-0.0856769787063077
2006-04-21,634.8,0.0373950335250269,0.5874489018886718,3.162741730092552,-0.3063825112600241
2006-04-24,621.0,-0.0219789067187751,0.55160745641027,2.2708363382885324,-0.0256572695597085
2006-04-25,630.2,0.0147061473896954,0.5729727860961608,2.0521365787827666,0.1981469440832248
2006-04-26,638.4,0.0129278168124246,0.5917020335087553,2.198358772033396,0.0290326956993622
2006-04-27,633.3,-0.0080208026132143,0.5773655703864885,1.711856333469104,-0.049439683586025
2006-04-28,654.5,0.03292734182757,0.6283730697908894,2.528780506880608,0.0196948682385575
2006-05-01,654.7,0.0003055300970911,0.6273836100948227,2.7739081715696656,-0.1927366702937976
2006-05-02,668.6,0.0210088585389526,0.6597926885071591,3.5157745613685343,0.3750631844987362
2006-05-03,667.0,-0.0023959280703745,0.6545499248903438,3.5329103480413444,-0.4111015806886411
2006-05-04,679.3,0.0182728102816324,0.6824852917576277,3.973914056534788,0.957553058676654
2006-05-05,683.3,0.0058711455894762,0.6907563627712543,4.118727859954191,-0.3815901360544217
2006-05-08,678.3,-0.0073443338346987,0.6762433161146256,3.486557801871797,0.3367136473014782
2006-05-09,700.6,0.0323474428113527,0.729061168980389,4.134804362868671,-0.0101581586730101
2006-05-10,707.4,0.0096591660079938,0.7436499806776009,4.553011254306448,-0.0778124188100805
2006-05-11,713.8,0.0090065342846795,0.7569792668666052,4.769206342015281,0.0705733201859417
2006-05-12,714.9,0.0015398617167461,0.7574489130678161,4.498347436824382,-0.0901315789473684
2006-05-15,677.2,-0.0541760225138257,0.6630853655424324,1.4500333962149092,-0.1262472885032538
2006-05-16,690.0,0.0187249473323248,0.6926709080915447,0.04014904745204,0.103608076795763
2006-05-17,686.8,-0.0046484685679846,0.6830111903408974,-1.2900649737167311,-0.0469406118776244
2006-05-18,681.9,-0.0071601094967132,0.6694832186406797,-2.606160869417792,-0.1150275373721478
2006-05-19,659.7,-0.0330978332977818,0.6132867621603962,-4.942521492243248,0.3513513513513513
2006-05-22,655.6,-0.0062343393591505,0.6017419307018648,-6.6295236743666415,-0.1148684210526316
2006-05-23,666.2,0.0160390788899047,0.6259210364272777,-6.867855440407325,0.0627322729299837
2006-05-24,640.3,-0.0396531092348229,0.5616189283320704,-8.499386407628492,-0.2936074975521051
2006-05-25,650.5,0.0158044814278034,0.5852774997347576,-8.595430609427197,0.1128712871287129
2006-05-26,653.2,0.0041420631437502,0.5908592151888021,-8.183068411813986,-0.1909252669039145
2006-05-29,650.0,-0.0049109982066273,0.5829902210848574,-7.831536988662421,-0.9241257972289422
2006-05-30,652.5,0.0038387763071656,0.5882416149239633,-7.154950633820352,9.840579710144928
2006-05-31,644.7,-0.0120260468802739,0.568220392983835,-6.951108277411633,0.2973262032085562
2006-06-01,629.2,-0.0243359211324516,0.5296583943133772,-7.52981148337128,-0.086356141797197
2006-06-02,638.0,0.013889112160667,0.5504520655270088,-7.000731314814384,-0.3090457929167607
2006-06-05,636.6,-0.0021967684967973,0.5461084215574246,-6.440033333311643,0.5272608553705518
2006-06-06,630.2,-0.0101042855248181,0.5294609451364641,-6.193320814329897,0.2291577597263787
2006-06-07,626.2,-0.0063674204308688,0.5188151473091441,-5.9890631541870585,-0.1135652173913043
2006-06-08,612.7,-0.0217943891606964,0.48513930166628,-6.414740421017979,0.0631744163233274
2006-06-09,605.8,-0.011325521138472,0.4675333305857772,-6.777116918298348,-0.0016608230300793
2006-06-12,604.2,-0.0026446296405651,0.463166798312591,-6.7271413062177885,-0.4345656192236599
2006-06-13,561.7,-0.0729373694141845,0.3595447474674216,-9.016141119088342,0.8290290944753187
2006-06-14,558.3,-0.0060714472220724,0.3506887879124942,-10.13535199759186,0.0171581769436997
2006-06-15,575.9,0.0310375821963119,0.3925085092084153,-9.099419493407977,0.0894394658232295
2006-06-16,579.5,0.0062316282671796,0.4004763233559689,-7.639698038486344,-0.0783870967741935
2006-06-19,564.8,-0.0256939766007741,0.3643613565985146,-7.141325720822341,-0.1366818340917045
2006-06-20,575.2,0.0182461202278047,0.3890401086428485,-5.653534030694107,-0.2649503344820596
2006-06-21,587.0,0.0203070134212594,0.4170760507900163,-3.521355668006517,-0.0529509100937672
2006-06-22,580.4,-0.0113072988180636,0.4005250471266812,-2.263279668213517,0.3453698311007571
2006-06-23,582.9,0.0042981240414713,0.4059619433588605,-1.0331253051681557,-0.0099567099567099
2006-06-26,584.7,0.0030832501301207,0.4097608236414068,0.0727239293290864,-0.1042850896370791
2006-06-27,578.7,-0.0103146866018316,0.394612735937661,0.544747142918105,0.2611667073468391
2006-06-28,579.6,0.001554001866734,0.3961836626548383,1.0338565404269249,-0.1014128120766402
2006-06-29,599.0,0.0329233876689219,0.4422424531558974,2.686305716613276,0.0198147749300021
2006-06-30,615.2,0.0266858200759848,0.4805003302557368,4.770950453750947,-0.0099260823653642
2006-07-03,623.4,0.0132409491418022,0.4996957292103872,6.495791201951198,-0.327858361774744
2006-07-04,621.6,-0.0028915682797989,0.4951717594158137,7.251712917972968,-0.6375753728974929
2006-07-05,627.6,0.0096062218054399,0.5086969711077381,7.841957947417873,3.5455341506129594
2006-07-06,632.3,0.0074609442056899,0.5190965775421394,8.196582048239991,-0.0335195530726256
2006-07-07,628.8,-0.0055507239495707,0.5098435018524102,7.842947022592866,-0.0591987243372533
2006-07-10,623.7,-0.0081437575829197,0.4967510295880722,6.943943105294795,0.0425847457627117
2006-07-11,640.8,0.0270479122220724,0.5368614557785404,7.151165288939401,0.0205242836821784
2006-07-12,651.1,0.015945844488667,0.5605105332511394,7.590626566023358,0.0589406610911986
2006-07-13,659.5,0.0128187319145528,0.5794909070583726,8.014059386712573,0.0564121850319669
2006-07-14,664.4,0.0074024055817705,0.5901250596951046,8.163621347524712,-0.0827696689213243
2006-07-17,642.8,-0.0330507438757822,0.537287182221111,6.423911438450832,0.1240054337279255
2006-07-18,632.5,-0.0161534132616821,0.5115732508338859,4.297739198326554,0.0322859116022098
2006-07-19,642.2,0.0152195610537383,0.5337693571079947,3.3073551776568824,-0.0883090817862518
2006-07-20,628.8,-0.0210865405404169,0.5008655775421968,1.5990526103153757,-0.0552192258301229
2006-07-21,621.0,-0.0124821591815179,0.4812631684413372,-0.1159409972453833,0.1607766990291261
2006-07-24,614.8,-0.010034070269038,0.465720565336954,-1.642853105294212,-0.1758113081298092
2006-07-25,618.3,0.0056767649000821,0.4731961830267832,-2.349060383813245,0.1223868479805154
2006-07-26,624.0,0.0091765918049047,0.4860744386469543,-2.358092378206032,-0.211754068716094
2006-07-27,633.6,0.0152674721307883,0.5081610286250052,-1.6754114805555167,0.035329203945859
2006-07-28,634.4,0.0012618298204221,0.5094099358887544,-1.1527424435398244,-0.1573232882783071
2006-07-31,636.0,0.0025188930194839,0.5123026474867494,-0.7040834511562615,0.3841703917959504
2006-08-01,646.7,0.0166839451124249,0.5368281884213503,0.2570135226573509,-0.0416033434650455
2006-08-02,650.8,0.0063198668923355,0.5455424081303464,1.067132037150115,0.0755203171456888
2006-08-03,644.5,-0.0097275529656405,0.5296234729630735,1.0740165136171278,-0.0350165868042756
2006-08-04,646.1,0.0024794681848777,0.5325864729955548,1.0788002039201985,-0.1369365928189457
2006-08-07,648.1,0.0030907148695505,0.5365369794157216,1.1050846548479978,-0.0500110643947776
2006-08-08,642.0,-0.0094567017437092,0.5212643506289211,0.6240257032585399,0.0535755881667832
2006-08-09,649.6,0.011768485157507,0.5382691288307979,0.7230713544977228,0.2144594295821358
2006-08-10,635.8,-0.0214727403707659,0.5046238775017134,-0.1868228359841941,0.0118332423083924
2006-08-11,631.4,-0.006944472352811,0.4933733266489064,-1.081090968930556,-0.0949982007916516
2006-08-14,626.3,-0.0081100865925241,0.4804009609005305,-1.9608943181753735,0.1337972166998011
2006-08-15,624.3,-0.0031984674636687,0.474910921594828,-2.5832066432179746,-0.1429072418025601
2006-08-16,628.5,0.0067050059626036,0.4840696190029263,-2.6099487761813163,-0.0210720130932896
2006-08-17,613.4,-0.0243187763501509,0.4476887641001904,-3.487729494543854,0.0198537095088819
2006-08-18,614.4,0.0016289301533111,0.449290927292305,-3.817496366679209,0.0793032786885246
2006-08-21,627.5,0.0210974891724766,0.4794465684965516,-3.0055972738271874,-0.0801215112967533
2006-08-22,624.6,-0.0046322261569606,0.4719077636782092,-2.5349174208388567,-0.0592363261093911
2006-08-23,621.5,-0.0049755338982124,0.463903360595015,-2.309766935737586,0.006801228609039
2006-08-24,621.2,-0.0004828196762337,0.4624924676951092,-2.066358377452264,0.0222270647199824
2006-08-25,622.4,0.0019298815896496,0.4647018840218829,-1.7238297470016648,-0.1223619697292688
2006-08-28,614.4,-0.0129367910307194,0.4453080017738305,-1.9203240428369936,-0.0420208889968423
2006-08-29,614.2,-0.0003255738267403,0.4442060502164401,-1.942212325866852,0.1397058823529411
2006-08-30,618.5,0.0069765838258204,0.4536952039789951,-1.5619073408462816,-0.0413793103448275
2006-08-31,626.7,0.0131707653980872,0.4722958542757364,-0.6970028312691672,0.0345787885820376
2006-09-01,625.6,-0.0017567679995285,0.4690236016219725,-0.1656161145944623,0.0266935845670703
2006-09-04,625.9,0.0004794246995544,0.4695425828882473,0.2185941430099274,-0.7325759230937295
2006-09-05,637.7,0.0186773393905702,0.4965189295833596,1.2238210244041658,2.704248366013072
2006-09-06,633.4,-0.0067658192166866,0.4856847386959396,1.5353397171845182,0.0269078076753419
2006-09-07,616.3,-0.027368276136342,0.4448629735662011,0.5753597854180539,0.0554123711340206
2006-09-08,610.3,-0.0097832184177481,0.4301563184565385,-0.4241824098358995,-0.0402930402930402
2006-09-11,588.8,-0.0358640721357827,0.3790759089291963,-2.384330803513597,0.2548770144189991
2006-09-12,587.1,-0.002891404344526,0.374528169383216,-3.5747902187490164,-0.1657654613044947
2006-09-13,589.3,0.0037402287737272,0.3790946033424377,-3.963381085059303,0.0516508000810209
2006-09-14,574.8,-0.0249132376389978,0.3445913200785824,-4.885727342903492,0.0412172573189522
2006-09-15,577.7,0.00503254858235,0.3507953232144806,-4.9727073133367625,0.0475397706252311
2006-09-18,586.6,0.0152884537561306,0.3711024125542124,-4.137296456029179,-0.1840014126787921
2006-09-19,573.1,-0.0232829349856588,0.3390735304966151,-4.187628449167928,0.0071413114044578
2006-09-20,576.2,0.0053946010927363,0.3458064823724542,-3.7215707433467937,0.0728405672539751
2006-09-21,583.7,0.0129323295593172,0.3628392581282121,-2.667001560093391,-0.0777087923092328
2006-09-22,588.9,0.0088692377407795,0.3745141482016765,-1.439549034072689,-0.0875135722041259
2006-09-25,589.9,0.0016966410585045,0.3763731239386702,-0.4328348323902933,0.0223702998572108
2006-09-26,591.4,0.0025395764093472,0.3793881000816129,0.4156465920858121,0.0048882681564246
2006-09-27,602.7,0.0189269530706217,0.4052568588929039,1.7449377417201095,-0.0593004401204539
2006-09-28,601.1,-0.0026582504438821,0.4008866916581821,2.4786825443122,0.2885988672740704
2006-09-29,598.4,-0.0045018833848489,0.3940214904179463,2.724837470116592,-0.0770112746034779
2006-10-02,596.2,-0.0036832454162962,0.3884031386371207,2.678175035510362,-0.1298136645962733
2006-10-03,573.8,-0.0382952776967068,0.3357309824536849,1.155205562379921,0.1884368308351178
2006-10-04,566.5,-0.0128038230792033,0.3179080819522321,-0.2522342088122151,0.8176176176176175
2006-10-05,573.8,0.0128038230792033,0.3341032413148186,-0.5811690980003075,-0.0681793149025222
2006-10-06,573.2,-0.0010462075932475,0.3321189332551019,-0.7197096530563076,-0.242789598108747
2006-10-09,576.6,0.0059140892502849,0.3394263962484972,-0.4747411840538298,-0.0426162972213549
2006-10-10,572.6,-0.0069613925402871,0.3293338834118965,-0.4734070215743173,0.3815424751345182
2006-10-11,572.6,0.0,0.3283132259913885,-0.3684984158108921,0.2851410362327393
2006-10-12,578.9,0.0109423584209442,0.3420331650791006,0.1987203264453558,-0.142529157865736
2006-10-13,589.6,0.0183145897901679,0.3658311329203776,1.3063163590429117,0.0445539252436542
2006-10-16,595.8,0.0104606994040549,0.3792677467658414,2.4043915477318043,-0.1254998462011688
2006-10-17,589.8,-0.0101215438980059,0.3643938293046587,2.6548807467626485,0.0831281510141868
2006-10-18,589.8,0.0,0.3634784361017767,2.73784338287508,-0.0568304827884823
2006-10-19,599.1,0.0156450327087034,0.3839402992588798,3.2987187510308877,0.0902100309881785
2006-10-20,591.7,-0.0124287794072308,0.3659550688964523,3.0564651142710755,-0.1254868933571955
2006-10-23,581.6,-0.0172168234633388,0.3417796231842527,2.1442511178061965,0.0541711809317442
2006-10-24,585.8,0.0071955081743232,0.3505623499535308,1.767644122781784,0.074226333219139
2006-10-25,590.7,0.0083298399195565,0.3610018751610613,1.78713112697986,-0.0928032316360157
2006-10-26,596.7,0.0101062002148467,0.373942017821461,2.119986832175552,-0.0235528474337942
2006-10-27,599.6,0.0048482917004064,0.3800159957161045,2.4291404854570118,-0.3262930517220689
2006-10-30,603.6,0.0066489606652511,0.3887321421387135,2.771894734095019,-0.2237263982899893
2006-10-31,606.2,0.004298237730009,0.393778155804849,3.0220790027222666,0.9095915557595228
2006-11-01,617.3,0.0181451647761473,0.4180111575265014,3.736689341585101,0.281663061763999
2006-11-02,623.9,0.0106349697168904,0.4319321914957628,4.409235730999327,-0.0786611663228952
2006-11-03,627.7,0.0060722462067454,0.4396076227060475,4.831422259932639,-0.1724839727281978
2006-11-06,622.7,-0.0079974834450797,0.4271442711422163,4.501949132894232,-0.0370142646335465
2006-11-07,624.3,0.002566160189292,0.4296975548582921,4.12955754978023,0.120546545779594
2006-11-08,615.3,-0.0145210683212538,0.4078916387637091,3.063907558554387,0.135042735042735
2006-11-09,633.0,0.0283604683977316,0.4470638544897586,3.3165481200555025,0.0320281124497991
2006-11-10,627.6,-0.0085674012852986,0.4335049974046611,2.900476706548785,-0.0813308687615527
2006-11-13,625.5,-0.0033516909519117,0.4277035690764612,2.29106825071036,-0.1278195488721805
2006-11-14,620.6,-0.007864577892686,0.4154364135859917,1.4085148138858743,0.0831714424477902
2006-11-15,622.7,0.0033781098641265,0.4191250069181728,0.8445376607353081,0.0288084295482569
2006-11-16,618.0,-0.0075764044207156,0.4074007143302917,0.0739175785179853,-0.0698409239485726
2006-11-17,621.3,0.0053255996119574,0.4140254082697293,-0.2754522727724584,-0.1116317207449923
2006-11-20,622.2,0.0014475273938887,0.4151773179353328,-0.4950106770944478,-0.0101529535864979
2006-11-21,626.8,0.0073659260183289,0.424815071253957,-0.3844425813760548,-0.0976422006127614
2006-11-22,629.6,0.0044571866213278,0.4304006652898688,-0.1867493257921113,-0.0766164747564216
2006-11-23,631.4,0.0028548790206977,0.4344227470892561,-0.008203139358196,-0.9138289368505196
2006-11-24,637.9,0.0102419551240183,0.4486106183601048,0.4489440655032162,7.289424860853431
2006-11-27,640.2,0.0035990962878532,0.4528757766128305,0.7876911570660488,0.6230975828111012
2006-11-28,639.8,-0.0006250000203451,0.4509912565576807,0.860366669323831,0.0321290678433534
2006-11-29,635.9,-0.0061143092420555,0.441278426693578,0.5371411268576303,-0.1007348029392117
2006-11-30,647.4,0.0179230232187818,0.4662815587623989,0.964284259720838,0.1696627544198485
2006-12-01,645.6,-0.0027842245364048,0.4612212184861117,0.9883796647207852,-0.0774799949193445
2006-12-04,645.7,0.0001548826766824,0.4605547217542536,0.8775902853512676,-0.0816467024645463
2006-12-05,642.5,-0.0049681828630465,0.4520826846337711,0.4754670022518272,0.4062968515742129
2006-12-06,630.3,-0.0191709202503105,0.423280415379708,-0.6636214204867024,0.0730277185501067
2006-12-07,633.4,0.0049062375854749,0.4291790737902199,-1.226989634125026,-0.0899155489319424
2006-12-08,624.6,-0.0139906892555611,0.4083753196261095,-2.156608523431869,-0.1125545851528384
2006-12-11,630.1,0.0087670920990315,0.4199624120261436,-2.349546142838914,-0.1436831098536105
2006-12-12,629.7,-0.0006350214533128,0.4182673218056887,-2.441801230937208,-0.0260020112052865
2006-12-13,627.8,-0.0030218710868439,0.4132676948628636,-2.5562754315891363,-0.0750737463126843
2006-12-14,625.5,-0.0036703145008873,0.4074155282820844,-2.6983760115133872,-0.0556530059001754
2006-12-15,615.5,-0.0161163842824576,0.3841420022297115,-3.335588990184111,0.21580547112462
2006-12-18,615.7,0.0003248862926563,0.3839315544134579,-3.5911824182126377,-0.1204166666666666
2006-12-19,622.4,0.0108231409470173,0.3983281822072192,-3.171185629285195,-0.0296857729354176
2006-12-20,619.8,-0.004186127510534,0.3918765435164607,-2.93603540640468,-0.0790886899918632
2006-12-21,618.2,-0.0025848156556318,0.3876407464114128,-2.758560910892159,0.0687400600812864
2006-12-22,620.1,0.0030687256578162,0.391546354445037,-2.396890808569812,-0.4429563492063492
2006-12-25,619.8,-0.0004839100021845,0.3908714370570852,-2.073665674161149,-0.9952508162659542
2006-12-26,623.3,0.0056310984611571,0.3984427280105854,-1.5442476704498522,160.375
2006-12-27,625.7,0.0038430791895129,0.4033675629020038,-0.9800247148449583,0.6084430673896204
2006-12-28,633.4,0.0122311111002215,0.4201187285303487,-0.0830968965468058,0.083794847098483
2006-12-29,635.3,0.0029951941679481,0.4240260720416535,0.605392390278621,-0.3310375472117307
2007-01-02,639.7,0.0069019881836044,0.4335319103792221,1.2853090454407357,-0.0172700099634672
2007-01-03,627.0,-0.0200527758231713,0.4041200233223934,0.8299986559953214,1.820209530246705
2007-01-04,621.3,-0.0091324835632725,0.3903694840613043,0.1318499828671032,0.0988615937687238
2007-01-05,606.4,-0.0242742227414862,0.3560228302131953,-1.2693299347369638,0.1293347873500545
2007-01-08,609.6,0.0052631700442746,0.3625899356657932,-1.8797112749987304,-0.3978370027037466
2007-01-09,613.1,0.0057250503962057,0.3696597733010899,-1.9390086474655648,0.2437459910198844
2007-01-10,610.8,-0.0037584814241649,0.3637358443867237,-2.0155118561537915,0.0587931923671996
2007-01-11,611.0,0.000327385827118,0.3634128472057796,-1.934651006277714,-0.0271553823672674
2007-01-12,625.8,0.0239338720631864,0.3957254225126713,-0.8232489197877917,-0.1396920766053323
2007-01-15,627.0,0.0019157093981389,0.398142159480729,0.0097710379255961,-0.6468790920995199
2007-01-16,624.3,-0.0043155185652222,0.3913332849197872,0.3757270287355885,2.085290482076638
2007-01-17,631.4,0.0113085540561929,0.4062825395225619,1.0543091033841898,0.0803952991452991
2007-01-18,626.8,-0.0073120656420255,0.395165891916541,1.1441971067743038,-0.0004944375772558
2007-01-19,635.0,0.0129974884108259,0.4127887487028096,1.6746492337409142,-0.2934701953994558
2007-01-22,632.9,-0.0033125671114319,0.4074064643274117,1.792292439521173,0.1211272536320671
2007-01-23,646.3,0.0209513604875901,0.4363866026757547,2.630116751857199,0.0888368462138953
2007-01-24,648.3,0.0030897599121002,0.4399689667688102,3.141900559047233,0.0378548895899053
2007-01-25,645.7,-0.0040185525485285,0.4331314485287458,3.121777660734168,0.2221608179054988
2007-01-26,645.9,0.0003096934060057,0.4324632957977496,2.9408951156679564,0.0706534026678724
2007-01-29,643.1,-0.0043444598976094,0.4254171049948638,2.470577814051876,-0.2373561397951642
2007-01-30,646.7,0.0055822753117295,0.4326705708380379,2.2463053262749413,-0.1380312889381143
2007-01-31,652.5,0.0089286307443013,0.4443381147519856,2.3232847717136496,0.5811114680372631
2007-02-01,656.9,0.0067206607015787,0.4529057960399513,2.490407737648142,-0.0288500609508329
2007-02-02,647.5,-0.0144130063247343,0.4311877708231306,1.81891015015168,-0.1788702928870292
2007-02-05,648.0,0.0007719027785819,0.4315632360383522,1.284631667313306,-0.2054777070063694
2007-02-06,652.9,0.0075332818403131,0.4413172111567561,1.142237007196126,0.4324194324194323
2007-02-07,650.9,-0.0030679576142461,0.4358307583335554,0.8099868289567516,0.0098500111931945
2007-02-08,660.0,0.0138838144421295,0.4547245808711472,1.0826859379809193,0.07115938816227
2007-02-09,666.4,0.0096502558321617,0.4676582793382126,1.545484849972552,-0.0465645695364238
2007-02-12,660.8,-0.0084388686458647,0.4540681237684006,1.3338395135090408,0.0924679835033643
2007-02-13,663.8,0.0045296770791058,0.4595489041571755,1.2563522053075014,-0.1146433538644943
2007-02-14,668.5,0.0070554972561237,0.4686624901151146,1.3726411105654677,0.0692324955116696
2007-02-15,669.2,0.0010465725706711,0.4690455707725191,1.345889953760592,-0.0470143771644453
2007-02-16,669.0,-0.0002989089844405,0.4676144235295251,1.1703829441589164,-0.1361083581103402
2007-02-19,670.3,0.0019413132356835,0.4701501885139112,1.00389797161165,-0.6859145952836201
2007-02-20,656.9,-0.0201935734654847,0.4397271492471013,-0.0886124901961924,2.4906655844155843
2007-02-21,678.4,0.0322052845792659,0.4852824821729339,0.5231718481442655,0.4000697593303104
2007-02-22,677.1,-0.0019181119860936,0.4812240867958522,0.7148692540878478,-0.2381664175386149
2007-02-23,682.8,0.0083830184286858,0.4923572369319604,1.0783095295471092,0.0819707870067583
2007-02-26,686.1,0.0048213987765596,0.4982889732791803,1.3747226899106604,-0.0561152528712471
2007-02-27,662.9,-0.0343992404494993,0.4455621575408016,-0.0807152768587755,0.7970968086241861
2007-02-28,669.0,0.0091599108808825,0.4568109340066843,-0.6878416116032966,-0.0016630040981172
2007-03-01,664.0,-0.0075019106517945,0.4439966218008055,-1.4382444224330424,-0.0392646796359092
2007-03-02,642.5,-0.0329153327070589,0.3956431869690186,-3.2888262004465894,-0.0517059879868722
2007-03-05,636.2,-0.009853837454331,0.3805121260896704,-4.754443896137227,-0.0209612119629097
2007-03-06,646.2,0.0155960740753542,0.4009827873313987,-4.850879202002587,-0.1768158473954512
2007-03-07,648.5,0.0035529503661005,0.404701212637868,-4.564422089773768,0.0044563279857396
2007-03-08,651.3,0.0043083617958573,0.409586784967366,-4.010679909773907,-0.0867951923852544
2007-03-09,647.9,-0.0052340020964442,0.4011775023974164,-3.704965072436978,-0.098401201307305
2007-03-12,650.8,0.004466011888971,0.4065711329056149,-3.160239398447108,-0.1594004114823161
2007-03-13,643.0,-0.0120576511072632,0.3888880315886451,-3.1699079604089464,-0.0217948717948718
2007-03-14,643.9,0.0013987103065183,0.3897665229087289,-2.9641147104075323,0.3213392112474682
2007-03-15,645.0,0.0017068822516346,0.3912516989735502,-2.614542843311554,-0.1810640216411181
2007-03-16,652.8,0.0120204868541246,0.4071195678086117,-1.7596410398028297,0.0402994935036336
2007-03-19,652.7,-0.0001531980087253,0.4062233642545693,-1.1329725535075794,-0.2933954276037256
2007-03-20,658.1,0.0082392898209016,0.4170442343210454,-0.3286278617763126,0.163870581186339
2007-03-21,664.0,0.0089252540143603,0.428955104285209,0.5775735967853727,-0.0528957528957528
2007-03-22,663.4,-0.0009040229634818,0.4268635025192213,1.0839811037452267,0.0035330887348825
2007-03-23,657.1,-0.0095419126091298,0.4125358823740354,0.9470274928603172,0.0096140825998645
2007-03-26,663.6,0.0098433444124673,0.4258278908687356,1.2287145615200437,-0.1409603004291845
2007-03-27,664.1,0.0007531822303786,0.4262095389369701,1.3723245241606326,0.008743169398907
2007-03-28,665.0,0.0013543001091861,0.4272375058402439,1.4442614205443765,0.2948459990713512
2007-03-29,661.2,-0.0057306747089849,0.4183158942328723,1.1642691926934825,-0.1228783169973702
2007-03-30,663.4,0.0033217605660828,0.4221724517161546,1.058624640929873,0.1088852548378305
2007-04-02,663.6,0.0003014318033375,0.42177978193267,0.9377477495050428,-0.0353938798082831
2007-04-03,663.7,0.0001506818355898,0.4210500239193671,0.8051410058783914,0.141037074786597
2007-04-04,673.7,0.0149546678147349,0.4415071612765939,1.3020934753389564,-0.0298124162572577
2007-04-05,674.2,0.0007418948333462,0.4418558189960732,1.5583548526653028,-0.2538842214293935
2007-04-06,673.9,-0.0004450708477891,0.4411977967205453,1.595716134565759,-0.9771710627795772
2007-04-09,670.8,-0.0046107020031175,0.4338695985907491,1.311590118778585,41.94594594594594
2007-04-10,677.2,0.0094956203099266,0.4467371145529946,1.4441348753680607,0.1378225298930144
2007-04-11,676.9,-0.0004430987444184,0.4451978346198592,1.4000227615909546,0.1052267699115043
2007-04-12,675.7,-0.0017743609564329,0.4417043228364974,1.1868711412712916,0.0510446640810708
2007-04-13,683.9,0.0120625175459212,0.4583149194397591,1.476123513719581,-0.084037614569694
2007-04-16,689.7,0.0084450123331953,0.4697091282872574,1.90858311108204,0.0636777128005199
2007-04-17,686.1,-0.0052333307404004,0.461086166555151,1.8038958890735337,-0.0123396456933414
2007-04-18,689.4,0.0047982643859197,0.4671233554975825,1.804253760831708,0.0361207323107373
2007-04-19,682.5,-0.0100591270236501,0.4512870491220901,1.215380671848136,0.2031996179560649
2007-04-20,691.3,0.0128113558921044,0.4691771608574229,1.287225955903418,-0.3058146457630482
2007-04-23,688.8,-0.0036229298376982,0.4628530796239889,1.0453570179563094,0.2308461978273299
2007-04-24,683.5,-0.0077242969495167,0.4504892150986118,0.4384652139220319,0.1334339797932877
2007-04-25,685.4,0.0027759532765041,0.453577026457044,0.0930862488731252,-0.1436475409836065
2007-04-26,674.5,-0.0160309337926978,0.4294300801602422,-0.8873544582424611,0.1529073941134242
2007-04-27,681.1,0.0097374625994621,0.4425310265005573,-1.0956116630137034,-0.1460149439601494
2007-04-30,678.0,-0.0045618503068771,0.4354383918857184,-1.42549623982491,-0.403086644792806
2007-05-01,673.1,-0.007253380923728,0.4245443053166257,-1.925944203085204,0.01628664495114
2007-05-02,672.6,-0.0007431077104982,0.4229187937206263,-2.221876346209748,0.1109775641025641
2007-05-03,681.4,0.0129987059206969,0.4410488098583657,-1.775540304319163,-0.1792282726289217
2007-05-04,687.9,0.0094939733051023,0.4540192294049919,-1.0300964283088303,0.5274604569420036
2007-05-07,688.4,0.0007265858054159,0.4545156360108008,-0.5168131411007097,-0.2849129871997699
2007-05-08,685.1,-0.0048052513285309,0.4467397343638546,-0.4172799721498776,0.4674175382139984
2007-05-09,680.1,-0.0073249668272604,0.4353901481226154,-0.6898340178642401,0.0175438596491228
2007-05-10,665.7,-0.021400727574935,0.4040661547204035,-1.77963115637343,0.2722252155172413
2007-05-11,670.8,0.0076319113423957,0.4140810974892825,-2.076030882179319,-0.2028586553732133
2007-05-14,669.4,-0.0020892411718275,0.4104300308629985,-2.2696898374574475,-0.0556514809403638
2007-05-15,671.8,0.003578888400966,0.4147924697629042,-2.1411207409885598,-0.0067510548523206
2007-05-16,661.7,-0.0151483961601783,0.3927726221194915,-2.610165899214489,0.1291418861512319
2007-05-17,657.3,-0.0066717457484834,0.3827873238925504,-3.059486192489097,0.010158013544018
2007-05-18,660.8,0.0053106869372378,0.3894926607017385,-2.9617564782437573,-0.0993171942892613
2007-05-21,662.8,0.0030220633456396,0.3930453702025533,-2.6152456241270787,-0.0148862853204686
2007-05-22,659.1,-0.0055980174937334,0.3847156449207359,-2.488768252758855,-0.1434168182454176
2007-05-23,661.4,0.0034835324890181,0.38894728038151,-2.1182553692415205,0.0833061091146685
2007-05-24,654.3,-0.0107928386719994,0.3733979981948838,-2.209266759480667,0.1081121833534379
2007-05-25,655.5,0.0018323413280615,0.3754632053435678,-2.050059680313641,-0.2835759967342496
2007-05-28,655.1,-0.0006104074659238,0.3745351802690415,-1.8398021716396016,-0.8047483380816715
2007-05-29,656.6,0.0022871093296616,0.3771492131846364,-1.4831224462441446,4.925097276264592
2007-05-30,653.2,-0.0051916439711822,0.3695162222357711,-1.362692069314578,-0.0338203907404367
2007-05-31,660.3,0.0108109161042154,0.3838554161908991,-0.7234600454978262,0.0606627017841971
2007-06-01,670.6,0.0154785568316025,0.4048327361954552,0.4133026367616637,0.0461390579942326
2007-06-04,670.6,0.0,0.4042645404117845,1.1440529811134583,-0.0813169984686064
2007-06-05,669.7,-0.0013429831161236,0.4018531258083248,1.521972091674102,-0.0678446407734622
2007-06-06,670.4,0.0010446982518686,0.4026501992619673,1.7575716559622272,0.2802217453505007
2007-06-07,658.8,-0.017454550864388,0.3776714900718087,1.10265444108326,0.1170554546724402
2007-06-08,648.9,-0.0151413766763624,0.3561852605091192,0.0298872597773085,0.2049518569463548
2007-06-11,653.3,0.0067578202195817,0.3648701288346201,-0.3360194835960914,-0.3528435035284351
2007-06-12,646.9,-0.0098447187967648,0.350952211872329,-0.9281632753738918,0.1047145606157793
2007-06-13,651.3,0.006778642502416,0.3595354610534504,-0.9397206690318862,0.103498330672086
2007-06-14,651.6,0.0004605111755343,0.3595955336358939,-0.8462825066644664,-0.0714285714285714
2007-06-15,654.6,0.0045934853391901,0.3653605242748931,-0.5176968054272044,-0.1420881144638051
2007-06-18,655.9,0.0019839762326095,0.3676350881222134,-0.1662602805633106,-0.1317701453104359
2007-06-19,661.2,0.0080480276471793,0.3781573540504555,0.4367254105821958,0.1877139596804868
2007-06-20,654.3,-0.0104904040711761,0.3632371905219521,0.386196855392698,0.0480384307445955
2007-06-21,651.9,-0.0036747859451993,0.357642773525941,0.2150062880591017,0.1370511841100077
2007-06-22,653.4,0.002298323236476,0.3602514447327671,0.2255600476111352,-0.1381349099704381
2007-06-25,650.8,-0.0039871238220871,0.3543550287703128,0.0873078661402555,-0.0434985968194574
2007-06-26,641.1,-0.0150169243516709,0.3335985338695745,-0.5902699939030596,0.2500407497962511
2007-06-27,643.3,0.0034257274237429,0.3376183362653878,-0.8095914455872348,-0.0110835832572695
2007-06-28,648.6,0.0082050154562629,0.3481794509054969,-0.5305094850024181,-0.1977848101265823
2007-06-29,649.0,0.0006165228308722,0.3485925956133979,-0.2651652731001306,-0.1022353714661407
2007-07-02,656.8,0.0119468414341284,0.3642696819753026,0.4505136795694913,0.2153057488099596
2007-07-03,652.9,-0.0059555799456305,0.3557839391303252,0.6632431715440772,-0.2673998192226574
2007-07-04,653.9,0.0015304563746424,0.3577325551683739,0.8607769411753874,-0.6662553979025293
2007-07-05,649.2,-0.007213598926794,0.3475282933786408,0.6727087112918864,2.578558225508318
2007-07-06,655.2,0.0091996968984234,0.3594657059251452,0.9341272294642384,0.1423898071625344
2007-07-09,660.1,0.0074508061558654,0.3690967690189473,1.3912428475064988,-0.0105501130369254
2007-07-10,663.0,0.0043836514911374,0.3745786216454858,1.8162486089144936,-0.0223914699162224
2007-07-11,660.8,-0.0033237679790942,0.3695211772381668,1.8692393465146568,-0.0637270177625428
2007-07-12,666.6,0.0087389436668711,0.381023949605741,2.192561348255023,0.019637210850391
2007-07-13,666.7,0.000150003750375,0.3807173988659398,2.29961470099315,-0.0102823567814591
2007-07-16,664.5,-0.0033052914707144,0.3757170838795329,2.1134812268604746,-0.1273087071240105
2007-07-17,664.5,0.0,0.3752425885786637,1.8889231630723795,0.0755857898715042
2007-07-18,672.6,0.0121159211528692,0.3913755903244176,2.1646708546091773,0.2777582572030921
2007-07-19,677.1,0.0066681731854303,0.4001046554233059,2.504868038919614,-0.1083459370273615
2007-07-20,682.9,0.0085294634754438,0.4114763358978358,2.944881080175187,0.0325366229760986
2007-07-23,681.3,-0.002345698187421,0.407671192876171,2.9454278641790843,-0.196236559139785
2007-07-24,680.6,-0.001027975712817,0.4056134499347627,2.72121972022766,0.2264957264957265
2007-07-25,674.8,-0.0085584113949922,0.3928923775818507,2.036220607393836,0.2761702772307226
2007-07-26,662.6,-0.0182448608060176,0.3668441366229635,0.6852414205889596,0.2655508072174739
2007-07-27,660.6,-0.0030229769091061,0.3619649960513246,-0.3629622459108361,-0.107119407185067
2007-07-30,664.5,0.0058863651966107,0.3695668045513143,-0.789092032845224,-0.4254648597541758
2007-07-31,664.0,-0.0007527286768661,0.3679743487082506,-1.0819787565026493,0.2706162004022674
2007-08-01,666.6,0.0039080163972055,0.3726287357706948,-1.075696897135935,0.2565836811051949
2007-08-02,665.3,-0.0019520991257975,0.3694105597870243,-1.128668429305908,-0.2285845167201099
2007-08-03,674.4,0.0135853399398039,0.3875310352189858,-0.5497258167540315,0.077939429928741
2007-08-06,671.7,-0.0040115944148268,0.3813929446228664,-0.3568562856233011,-0.0415920672083734
2007-08-07,672.0,0.0004465282503306,0.3813980128315317,-0.2238140828597519,0.0632274752119557
2007-08-08,674.4,0.0035650661644961,0.3858288015295795,-0.0007175709947246,-0.1940802811190701
2007-08-09,661.7,-0.0190111256696318,0.3589014636641104,-0.6965169387856474,0.7680697635418414
2007-08-10,672.6,0.0163385182881554,0.3804389520765119,-0.4241031202684198,-0.0116665085838945
2007-08-13,669.1,-0.0052172735173979,0.3727599969515457,-0.4771201586650648,-0.4138195777351248
2007-08-14,668.8,-0.0004484640182794,0.3715763841688099,-0.5260277352029834,0.1594629993451211
2007-08-15,667.4,-0.0020954954532181,0.3679528952626872,-0.6387962712696975,0.346229878565377
2007-08-16,652.3,-0.0228849875152233,0.3359529634761113,-1.6585261549596797,0.5451017411369834
2007-08-17,657.1,0.0073316351017719,0.3448905778561284,-1.919514288487817,-0.1586450342814472
2007-08-20,657.3,0.0003043213657082,0.3446304967396804,-1.980442655282808,-0.2536711311925125
2007-08-21,657.1,-0.0003043213657082,0.3435369221400202,-1.9337967065378685,0.0261621621621621
2007-08-22,660.5,0.0051609100585578,0.3499648347032846,-1.5880194149807316,-0.2441002949852507
2007-08-23,659.9,-0.000908815573004,0.348120640748519,-1.3245298476799547,0.1691986062717769
2007-08-24,668.2,0.0124992215332802,0.3645331703937308,-0.5554331108537438,-0.1467397782810824
2007-08-27,667.3,-0.0013478100130954,0.3623112413425935,-0.0956054799344109,-0.2995250069851913
2007-08-28,662.5,-0.0072191620491834,0.3519124470539937,-0.1023976419622993,0.6019146390107699
2007-08-29,667.2,0.0070692931841597,0.3609704706184819,0.2051991972818418,-0.1223854581673307
2007-08-30,664.9,-0.0034531976361278,0.355722947192391,0.2465329000015564,0.052205986664775
2007-08-31,672.6,0.01151414589776,0.3708180930662353,0.7564259859537191,0.0484023189968989
2007-09-02,672.7,0.000148665725391,0.3710215873589522,1.0465352848428042,-0.9994855967078188
2007-09-03,671.9,-0.0011899451054558,0.3692648047279779,1.1238591920470984,402.25
2007-09-04,681.5,0.0141867312104829,0.388211543462401,1.7249020923658285,3.6608803471791695
2007-09-05,681.5,0.0,0.3875091507283821,2.006113276005002,0.1288906624102155
2007-09-06,695.1,0.0197594689698529,0.4142580619955998,2.9354664708427145,0.2499116295510781
2007-09-07,700.1,0.0071674618767117,0.4234233996187908,3.6668218608429135,0.0258295625942683
2007-09-10,702.7,0.003706876215,0.4278449261963419,4.074217382669405,-0.154199595662562
2007-09-11,712.1,0.013288292789927,0.4460507087672278,4.681878937242426,-0.0048891786179922
2007-09-12,711.3,-0.0011240692486096,0.4434208875492024,4.721597618454572,0.123594278851403
2007-09-13,708.0,-0.0046501880457496,0.4358535151436766,4.232952955027228,-0.1157321931785054
2007-09-14,707.5,-0.0007064641763271,0.4339209215155434,3.607797646649189,0.0513186813186812
2007-09-17,717.4,0.0138959355807895,0.4530765826763471,3.58533258803676,-0.0418103898818856
2007-09-18,723.1,0.0079139600827239,0.4634608610034689,3.6655938711806897,0.2386822297371005
2007-09-19,721.0,-0.002908387895957,0.4580434786108963,3.299902198426013,0.0056362835755174
2007-09-20,733.4,0.0170521183522764,0.4817708827111172,3.591700994965402,0.1006217707329888
2007-09-21,730.6,-0.0038251412760434,0.4748065898739784,3.302090801739695,-0.0270528325907065
2007-09-24,730.1,-0.000684603299142,0.4726648225619969,2.802501056279356,-0.123405299313052
2007-09-25,731.4,0.0017789946532406,0.4740304374416006,2.305973843524896,0.1218397238548372
2007-09-26,728.7,-0.0036983810390442,0.4675745837216109,1.5768685077938684,-0.1912681912681912
2007-09-27,734.2,0.0075193463864974,0.4775930076853992,1.2599194578642887,0.0322879177377892
2007-09-28,742.7,0.0115107236125169,0.4933705290319536,1.4064983561648798,0.2049008865424844
2007-10-01,746.8,0.0055052169923166,0.5005532380287888,1.5519202692715144,-0.2165178571428571
2007-10-02,731.3,-0.020973639390662,0.4679153451954996,0.434630398448764,0.511554289332067
2007-10-03,727.7,-0.0049348969238646,0.4595426403253995,-0.6570929856506478,-0.2099127399650959
2007-10-04,737.6,0.0135127968893432,0.478100088197754,-0.8125257380259878,0.1126524120869412
2007-10-05,741.7,0.0055431765001284,0.4852205170412523,-0.7412521593091519,-0.1757325498292702
2007-10-08,733.0,-0.011799146855861,0.4670074546525589,-1.3467963563207253,-0.2596339113680154
2007-10-09,737.7,0.0063915360036051,0.4752583190446133,-1.4865868791161034,0.4602472348731294
2007-10-10,740.7,0.0040584471289869,0.480200748128893,-1.4322257681501591,-0.109071466761718
2007-10-11,747.5,0.0091386202455978,0.4924756344981653,-1.013252419006777,0.2083416683336667
2007-10-12,749.3,0.0024051321054235,0.4948174108567233,-0.7044893698349277,-0.0509063819220263
2007-10-15,759.2,0.0131258099254531,0.5133666198142427,0.0375388798992641,-0.0740450026164312
2007-10-16,760.1,0.0011847562762767,0.5133961460105434,0.4377864835498641,0.4497504003014034
2007-10-17,754.8,-0.0069971900775997,0.5009980972584112,0.2061636392448171,0.0741943866943866
2007-10-18,767.6,0.0168159506391497,0.5248460965288643,0.7452685182265064,-0.1599129067376316
2007-10-19,765.9,-0.002217151217997,0.5199072573876111,0.8121350910406786,-0.0251259899208063
2007-10-22,753.9,-0.0157918796978916,0.493925869020021,-0.0796663713856862,0.4727863525588951
2007-10-23,759.2,0.0070055140780619,0.5031553760205966,-0.4213655197014567,-0.4170887028029885
2007-10-24,763.5,0.0056478773629689,0.5103345192580103,-0.4632160473646802,0.0359569892473117
2007-10-25,768.9,0.007047797379448,0.519754612239324,-0.2436782015506864,-0.0784688200614465
2007-10-26,784.8,0.0204679862130181,0.5495757920877278,0.7988251381756353,0.1939989187240944
2007-10-29,791.4,0.0083746207001705,0.5607811672846917,1.7071726006918695,0.0932759791713833
2007-10-30,781.1,-0.0131003463350722,0.5388680881110987,1.4014071732448805,-0.0880789673500379
2007-10-31,795.5,0.0182676651615899,0.5651037652559797,1.923790242477347,0.2925592309439104
2007-11-01,787.3,-0.0103614775874201,0.5467935123633397,1.4911926524552488,0.0378308737409229
2007-11-02,806.4,0.0239705271266827,0.5821061550863683,2.221532659294775,-0.0356618891772937
2007-11-05,805.9,-0.0006202319866385,0.579274746715393,2.3866042588871963,-0.1734347571679344
2007-11-06,824.6,0.0229387549423339,0.613752994952909,3.408582837300269,0.106045589692765
2007-11-07,830.5,0.0071295087805498,0.6215410594264876,4.089445356533528,0.6610983102918586
2007-11-08,832.8,0.0027655882474095,0.6224281412606137,4.281746737138153,-0.0352945709551881
2007-11-09,830.9,-0.0022840666298234,0.6159186908718666,3.879953549961627,-0.2069736789551464
2007-11-12,792.8,-0.0469384676551574,0.539014267198299,0.8078134308542388,0.1559808612440192
2007-11-13,801.5,0.0109139890338294,0.5531995306316905,-0.7921762540020723,-0.0214796096200766
2007-11-14,811.5,0.0123994149050382,0.5704909884148469,-1.3008079709390152,-0.2531724475711296
2007-11-15,788.0,-0.0293862970967667,0.5225488672409387,-3.233661275024879,0.2798545281106539
2007-11-16,786.2,-0.0022868768701191,0.5169115552197263,-4.565652241098139,-0.0901383518889458
2007-11-19,781.5,-0.0059960631262287,0.5060827269732487,-5.625874346968036,-0.1561028056522629
2007-11-20,802.6,0.026641307971285,0.5446055159296768,-4.800860169446745,0.1485773220894255
2007-11-21,800.0,-0.0032447301648891,0.5375148640312332,-4.339001520087081,-0.0379780266215931
2007-11-22,803.8,0.0047387543471734,0.5442675143294913,-3.7106506032850017,-0.7379344424312304
2007-11-23,824.0,0.024820047894371,0.5814217447061424,-1.9558177421787253,1.7934213283050493
2007-11-26,824.3,0.0003640114097099,0.5795147625810108,-0.8524328659832374,0.4623865596639915
2007-11-27,812.3,-0.0146648112622736,0.5544437423045186,-0.998218622578582,-0.1123192122268951
2007-11-28,804.3,-0.0098973961468848,0.5369574384629141,-1.661772203659762,0.1150335105153685
2007-11-29,792.9,-0.01427522363167,0.5133714072454199,-2.8282605930945337,-0.1359655940722317
2007-11-30,782.0,-0.0138423697330421,0.490916041607057,-4.21047451813517,-0.025607196401799
2007-12-03,794.0,0.0152287207018246,0.512242449592367,-4.184422067101909,-0.0738552437223042
2007-12-04,801.2,0.0090271425445276,0.5243298552170731,-3.57384888874415,0.0087719298245614
2007-12-05,795.1,-0.0076427108842254,0.5110179721079526,-3.469546101723721,0.0646245059288537
2007-12-06,802.0,0.0086407149590767,0.5223477433449236,-2.8504940853413245,0.043685415506466
2007-12-07,795.9,-0.0076350580547108,0.5092606250426366,-2.764391730991884,-0.142230390703741
2007-12-10,807.7,0.014717152636447,0.5303467556301886,-1.868208737276218,-0.1741083771081006
2007-12-11,796.4,-0.0140891302582094,0.5074575556051832,-1.9811922946546805,0.1801824420453595
2007-12-12,813.3,0.0209984729826882,0.5376645739775207,-0.9166054530278682,0.1584172457807402
2007-12-13,797.1,-0.0201199037388519,0.5054182017223495,-1.2800232431457736,-0.0411973555337904
2007-12-14,794.2,-0.0036448227367263,0.4984037973428026,-1.6677433496487168,-0.0190895741556534
2007-12-17,793.0,-0.0015120970623031,0.4948857858095578,-1.9380795956540968,-0.169747461598542
2007-12-18,802.4,0.0117840150128778,0.5112397110230839,-1.4397859273788258,0.0526026967701473
2007-12-19,802.1,-0.0003739482748468,0.5095146518496897,-1.1016010728146437,-0.1519326729723691
2007-12-20,796.2,-0.007382877806662,0.4972888816089456,-1.236365675464707,-0.0061473610257311
2007-12-21,809.7,0.0168133981258517,0.5216016743381918,-0.4196206466560936,-0.0831492444994256
2007-12-24,812.6,0.0035751748615576,0.5264085308274221,0.2751862251957324,-0.4152852737085581
2007-12-26,823.3,0.0130816707507539,0.5459535644235751,1.3542922709714675,-0.171254326685347
2007-12-27,824.1,0.0009712274649575,0.5462581194183532,1.9828194939669943,1.1308671439936355
2007-12-28,838.2,0.0169648537216332,0.5716397448861288,3.1402398864500425,-0.1401904050774687
2007-12-31,832.0,-0.0074242946697626,0.5592476414427152,3.265830564278936,-0.2800694745983499
2008-01-02,857.0,0.0296054777765711,0.6047571615059621,4.721774318610965,0.6103739445114595
2008-01-03,864.5,0.0087133865255654,0.6165139029353247,5.807663635040248,0.6455992509363295
2008-01-04,860.8,-0.0042891157158252,0.6076376139005686,5.876691211671794,-0.1316642958748222
2008-01-07,857.7,-0.003607801411144,0.6000082305058507,5.329647440340917,-0.0447546032370094
2008-01-08,877.5,0.0228225673436449,0.6348305406947605,5.874416178663839,0.0882837151872684
2008-01-09,878.7,0.0013665871617767,0.6341583488526568,5.874556638912033,0.3490702804916483
2008-01-10,892.8,0.0159190491252489,0.6574232781985165,6.343185842874828,-0.0018688968836144
2008-01-11,895.8,0.0033545821461532,0.6601511061353996,6.358054926011466,-0.0583251415999626
2008-01-14,903.7,0.0087802731347104,0.6718803612811264,6.385951753728534,-0.0020877864492717
2008-01-15,888.1,-0.0174130976434516,0.6402208748118213,4.906281746045849,0.0048816936488169
2008-01-16,877.2,-0.0123493327207252,0.6167392916543923,2.848025410604201,0.26912209388787
2008-01-17,877.3,0.000113992590605,0.6142618575183949,1.2305226482015,-0.1908444652761503
2008-01-18,884.5,0.0081735044655018,0.624852088734402,0.4243686572467702,-0.0013998841475187
2008-01-21,864.8,-0.0225242472748415,0.5874141673667934,-1.548650096595967,-0.4996857930101029
2008-01-22,891.8,0.0307436258683778,0.633667679722498,-1.1657935874398897,1.5185507246376813
2008-01-23,890.3,-0.0016834076137507,0.6277965702808735,-1.142536414576611,-0.0695899029424176
2008-01-24,912.4,0.0245200058306075,0.6655093358439235,0.162812619160114,-0.1913577701727621
2008-01-25,913.5,0.0012048854078285,0.6646326511952817,0.8627814166464027,0.050581276769325
2008-01-28,928.7,0.0165023829639012,0.6897039876348934,2.044478695664853,-0.1176470588235294
2008-01-29,923.5,-0.005614959142668,0.6778565658739393,2.1596274078645834,-0.0858635863586358
2008-01-30,929.2,0.0061532012569593,0.6859820937725837,2.2909381629962624,-0.0695589385642938
2008-01-31,925.9,-0.0035577634422527,0.6774231386827188,1.8459149609205667,0.1735109616503911
2008-02-01,904.1,-0.0238262637106806,0.6356048924262842,-0.1218483426826679,-0.0419376171056982
2008-02-04,903.3,-0.0008852495875229,0.6318789924895404,-1.6004335804045375,0.0223756111590451
2008-02-05,888.2,-0.0168577812977958,0.602237278269394,-3.603846482706533,0.0921570833802183
2008-02-06,900.3,0.0135310982564291,0.6217559268377608,-4.087134631786718,-0.0420873686379559
2008-02-07,910.2,0.0109363144681106,0.6370837879771504,-3.723386725717848,0.0574347942995427
2008-02-08,920.5,0.011252645090591,0.653438601481222,-2.813787879359431,-0.162030209022021
2008-02-11,923.0,0.0027122338297195,0.6556420428610387,-2.101107499114182,0.0412696486010804
2008-02-12,906.4,-0.0181485247890555,0.6235803610655049,-2.763340211581649,0.055720697091566
2008-02-13,906.1,-0.0003310344857815,0.6207297341267252,-3.206100349456861,0.0404129630652017
2008-02-14,907.8,0.0018744147943501,0.6218456478933526,-3.353146432554979,-0.1719288936057309
2008-02-15,902.3,-0.0060770310219101,0.6102961162611875,-3.758980956889399,-0.08695930791413
2008-02-18,904.7,0.0026563380312409,0.6137923725534157,-3.793017524126444,-0.5414093206064009
2008-02-19,927.4,0.0247815749256643,0.6523028850346012,-2.2880904519960765,1.352464034282216
2008-02-20,944.0,0.0177411941881403,0.6793676790194595,-0.2815342776002989,0.2082493006310584
2008-02-21,945.4,0.0014819522136353,0.6791206790056642,0.9648594931250614,0.0646672410079689
2008-02-22,945.3,-0.0001057809277974,0.6765066774536365,1.5715345693108684,-0.0981641632529206
2008-02-25,939.2,-0.0064738883575064,0.6635205217310285,1.3589556231148858,-0.0930910722296993
2008-02-26,947.8,0.0091150604596558,0.6762553899372973,1.5790501902738612,0.1493940143457828
2008-02-27,957.7,0.0103910669940857,0.6911429621782514,2.138162400595604,0.0055412093823972
2008-02-28,970.6,0.0133798604435421,0.7112917489256305,3.067034402670606,-0.0238617516451767
2008-02-29,973.6,0.0030861047022015,0.7140061459712231,3.540186409946074,-0.0314606741573033
2008-03-03,983.6,0.01021876866872,0.7292006511960327,4.1415533889660985,-0.0909965480165242
2008-03-04,963.7,-0.0204392674847957,0.6913999117144634,2.8741707915150627,0.2390587063437714
2008-03-05,989.3,0.0262175794719349,0.7332990898671954,3.3990833403209493,0.0287393860222076
2008-03-06,978.5,-0.0109768354930458,0.7110970522597174,2.68914481962916,0.1087179487179488
2008-03-07,972.8,-0.0058422756242284,0.6984110077016547,1.5617827024574424,-0.1559843178714594
2008-03-10,973.0,0.0002055709741026,0.6959714321611647,0.6048503447396847,0.0479123173277662
2008-03-11,972.9,-0.0001027802046231,0.6929307221164233,-0.2156198415075927,0.0288375336188864
2008-03-12,983.1,0.0104295423914965,0.7081891259419738,-0.2497344009069415,-0.1415016701360313
2008-03-13,995.1,0.0121323902482377,0.7262397744965662,0.3262528440249426,0.0815382880342845
2008-03-14,1002.5,0.0074089245596079,0.7373708888610155,0.960141027335368,-0.4029197080291971
2008-03-17,1002.1,-0.000399082116441,0.73388932018144,1.0971247976786105,0.6093258819420189
2008-03-18,981.9,-0.0203636068890387,0.6965829545752653,-0.350612719913336,-0.0908844275637547
2008-03-19,943.2,-0.0402111209520832,0.62751275117262,-3.8955577100013272,0.0590271560728141
2008-03-20,909.1,-0.0368232500953486,0.5666488330630152,-8.266719822492473,0.0738841298467087
2008-03-21,917.4,0.009088483035259,0.5809323006207305,-10.201884807350742,-0.9900813434794016
2008-03-24,911.8,-0.0061229143837306,0.5695699578767669,-11.372582807461248,85.65079365079364
2008-03-25,938.3,0.028649059516663,0.6134079501183092,-9.928290362863622,-0.0269280087928192
2008-03-26,953.7,0.0162794292888629,0.638164845795512,-7.606432251184801,-0.0887926706827308
2008-03-27,947.4,-0.0066277660952154,0.6257354522312081,-6.22375532667452,-0.0555746849390538
2008-03-28,931.3,-0.0171399309620392,0.5965398109898167,-6.113449092553549,0.0325215108648095
2008-03-31,915.9,-0.0166742711186702,0.5685506057685349,-6.747816440539382,0.0726694915254237
2008-04-01,882.1,-0.0376017601442205,0.5089410468178402,-8.974541554075211,0.2492593324116137
2008-04-02,904.1,0.0246345454785994,0.5448132186834829,-8.501116619430805,-0.0138603425559947
2008-04-03,902.8,-0.0014389287999402,0.5410749305381264,-7.827683465134738,-0.1401239846088071
2008-04-04,913.4,0.0116728558075179,0.5578689675572421,-6.286920438883008,-0.1727781230577998
2008-04-07,919.5,0.0066561432934773,0.5668707686390638,-4.55615151947365,0.0417731029301278
2008-04-08,914.6,-0.0053432328204209,0.5571111592831313,-3.4886302650410963,0.0276936391172653
2008-04-09,933.6,0.0205612697483915,0.5879700707231151,-1.359587566632638,0.0149473684210525
2008-04-10,928.6,-0.0053700053865249,0.5778153075257181,-0.2053368850978678,0.1010855285901957
2008-04-11,924.8,-0.0041005776677083,0.569197844091391,0.3544745179627826,0.3439874411302983
2008-04-14,923.6,-0.0012984204377726,0.565693686536038,0.6774746654821664,-0.3122926692519741
2008-04-15,927.5,0.0042137170012499,0.5710241023831997,1.1590398880276904,-0.1411780691623072
2008-04-16,944.1,0.0177392982568807,0.5977891672065136,2.522588827098671,0.0113123961711889
2008-04-17,938.3,-0.0061623654424669,0.586600214252958,2.932203424560292,0.0157227784730913
2008-04-18,917.6,-0.0223081614808429,0.550319841537962,1.764871507813968,0.0134770889487869
2008-04-21,916.5,-0.0011994985354012,0.5471215202177916,0.9171372461561216,0.0680851063829788
2008-04-22,915.5,-0.0010917031651943,0.5441187931617301,0.3184516589628332,-0.0091064314171883
2008-04-23,904.0,-0.0126410037223889,0.5234865476499939,-0.7635622420213126,-0.0143595634692705
2008-04-24,885.7,-0.0204510675766391,0.4914287613310582,-2.5240158109892183,0.0641754079254079
2008-04-25,884.1,-0.0018081144037786,0.487559086314336,-3.5459086068476537,-0.0084194674515709
2008-04-28,892.9,0.009904414111412,0.5012914180691715,-3.3795309627820584,-0.108380505315477
2008-04-29,870.0,-0.0259813808745412,0.46174805387218,-4.492407526970887,0.0490089811087024
2008-04-30,877.1,0.0081277993087065,0.4724433386551864,-4.423987997180511,0.2023765591556572
2008-05-01,852.3,-0.028682433429084,0.4296533351378426,-5.6444419382589714,0.0147320606469829
2008-05-02,856.6,0.0050324876530187,0.4358830119609671,-5.738799746929265,-0.1277599661242514
2008-05-05,873.8,0.0198804513360648,0.4639006520462634,-4.286068174953154,-0.2280324571745613
2008-05-06,875.8,0.0022862378499624,0.4663258751139897,-2.9000652144933348,0.1028658700925344
2008-05-07,868.4,-0.0084853163631611,0.4528906458158112,-2.2218192250717,0.1683773216031281
2008-05-08,881.4,0.0148591144037499,0.4734918953869703,-0.7157920517575587,0.0623997768946524
2008-05-09,885.3,0.0044150182091166,0.4789853760450386,0.6510145919520625,-0.1198976243601522
2008-05-12,882.2,-0.0035077829461639,0.4726356796534223,1.410702801385753,0.1438371486093506
2008-05-13,866.7,-0.0177258915305401,0.4456991605085919,0.955482518410964,-0.0295958279009126
2008-05-14,863.8,-0.0033516356136986,0.4398599817881501,0.5645693547015451,-0.0274083031035872
2008-05-15,881.6,0.0203971778720493,0.4684782282973205,1.554193834772354,-0.0120873048763641
2008-05-16,902.8,0.0237626065447305,0.5026025609287461,3.5706725488332083,0.0372649094595538
2008-05-19,904.8,0.00221287985853,0.5048625520978733,4.891619026711982,-0.1296171474791049
2008-05-20,918.8,0.0153545460130323,0.5270469922959364,6.462036153096701,-0.0096801672732904
2008-05-21,932.2,0.0144789131236974,0.5481037447076424,8.053473902339803,0.0516890835157961
2008-05-22,921.2,-0.0118702159921104,0.5283593440879163,7.999154680987375,0.246635437579002
2008-05-23,924.6,0.0036840436075949,0.5329025061038533,7.816897044811823,-0.2518788023380651
2008-05-26,928.6,0.0043168640316962,0.5392510011815472,7.58447864398855,-0.7458343299051264
2008-05-27,905.6,-0.0250803681369028,0.5001034502175009,5.592440720194944,2.875470514429109
2008-05-28,900.6,-0.0055364995814472,0.4907104951694407,3.73790493363282,0.1470659651962769
2008-05-29,877.4,-0.0260982191353576,0.4511887220158133,0.8967697303092339,0.0963166807790008
2008-05-30,886.6,0.0104309335788396,0.4654287995965965,-0.3481614836427614,-0.1251206796678895
2008-06-02,890.8,0.0047260130722593,0.4713315465540432,-0.8456563979214187,0.0353122930920326
2008-06-03,879.9,-0.0123116707316975,0.4523750476951553,-1.810312515991622,-0.0484615931215803
2008-06-04,878.6,-0.0014785331098358,0.4492415090327705,-2.4004317173916854,0.0562317974759165
2008-06-05,876.9,-0.0019367707563692,0.4455406028191063,-2.7449194078314365,-0.0644089366515837
2008-06-06,900.9,0.0270013028720844,0.4840262164957444,-1.2710212252180475,0.0953676415023048
2008-06-09,892.3,-0.0095918647512885,0.4685880061761562,-0.8122171095796813,0.1802000689893066
2008-06-10,866.4,-0.0294557032193248,0.4247899493613362,-2.1158999363192184,0.0325597708540363
2008-06-11,880.0,0.0155752117854713,0.4461291683905305,-1.930313940728395,-0.1371716485507246
2008-06-12,867.8,-0.0139606341080018,0.425061621591496,-2.463107974349973,0.0405485204382913
2008-06-13,869.0,0.0013818519011418,0.4260920566324704,-2.5574681328394657,-0.0688568005548899
2008-06-16,881.9,0.0147355456287429,0.4464029317107129,-1.6195842629771091,-0.1407191711248053
2008-06-17,882.2,0.0003401167767043,0.4458647524087759,-0.8842864602304719,0.2008038458507368
2008-06-18,894.3,0.013622501681296,0.4647260735365147,0.4405526953141576,-0.0954256087156264
2008-06-19,897.9,0.0040174141746275,0.4695307321470272,1.5220004405948924,0.095915257926431
2008-06-20,901.4,0.0038904067297849,0.4742451219267035,2.384353174127158,-0.0830850711684872
2008-06-23,883.3,-0.0202842165054614,0.4436909435102451,1.6802794819584408,0.0068592057761733
2008-06-24,889.3,0.0067697426545078,0.4526081656448899,1.5654847604341664,-0.0668339906776622
2008-06-25,885.7,-0.0040563435900569,0.4457455441836213,1.2098387813869462,0.1348651348651348
2008-06-26,916.4,0.0340746577638029,0.494803848247509,2.908063851725305,-0.0402898158179848
2008-06-27,926.5,0.0109610951460739,0.5100729640949427,4.483319800950292,0.077541804840189
2008-06-30,925.1,-0.0015122059481415,0.506610898750089,5.154802040911984,-0.0269774751178627
2008-07-01,939.3,0.0152330772231967,0.528475278683507,6.20842293931823,0.026850605652759
2008-07-02,944.9,0.0059441847881106,0.5362212049824011,6.883346236515551,0.0656006291369029
2008-07-03,933.9,-0.011709735672908,0.5171851656490006,6.210466861565886,-0.1298892988929889
2008-07-04,933.2,-0.0007498259683971,0.5157669627890833,5.371251358802665,-0.7529686174724343
2008-07-07,925.5,-0.0082854081337227,0.5019696767825094,4.012806841922098,3.767668097281831
2008-07-08,919.4,-0.0066128486414246,0.4907610134538016,2.493093808036745,0.0366680669747343
2008-07-09,928.2,0.0095259434349479,0.5039441823555663,1.897167586219528,-0.1817181891860599
2008-07-10,946.9,0.0199462641823789,0.5330016147749475,2.538963321859661,0.0715953307392995
2008-07-11,963.9,0.0177940638004681,0.558987348019262,3.80861836931561,0.1581831385752954
2008-07-14,972.0,0.0083682496705165,0.5706286804532479,4.828588234523181,-0.0782648349769138
2008-07-15,976.9,0.0050284881984577,0.5769186353796444,5.423369905422714,0.0826221397649968
2008-07-16,959.7,-0.0177635570353147,0.5476635506888199,4.297741087955872,-0.0316462926996458
2008-07-17,957.3,-0.0025039136712746,0.542137744029467,3.0875056321140857,0.130427088249174
2008-07-18,954.6,-0.0028244173805113,0.5364629277011372,1.8615005678372287,-0.1768512237123624
2008-07-21,965.2,0.0110429291790804,0.5524528990015168,1.5344128222860736,-0.2127551667300621
2008-07-22,945.8,-0.0203042035411013,0.5201807536775218,-0.1301316344332903,0.0460621678209052
2008-07-23,920.3,-0.0273314263649642,0.4779318402595281,-2.9347010288898847,0.3240184757505773
2008-07-24,927.6,0.0079009015365654,0.4883814564783067,-4.206887655885289,0.0192453049595906
2008-07-25,929.4,0.0019386112695013,0.4900952704393531,-4.793325129311194,-0.0832857957786651
2008-07-28,930.2,0.0008604001391188,0.4904009665729855,-4.972099003307582,-0.1676415681393901
2008-07-29,918.3,-0.0128754821705201,0.4703955557598462,-5.68513752015671,-0.0003738038277512
2008-07-30,905.7,-0.0138160092385736,0.4493607378052173,-6.72737889370522,-0.0166778849749458
2008-07-31,913.4,0.0084657753699957,0.4608307713801655,-6.610490592283792,-0.0426680864009735
2008-08-01,908.7,-0.0051588940495971,0.4524059968784907,-6.549482130688566,0.0968459521728768
2008-08-04,894.3,-0.0159737173491659,0.4288668297092408,-7.130799978923886,-0.3956250905403448
2008-08-05,873.7,-0.0233042220480864,0.3954693987867667,-8.463658852150942,0.0256471716203259
2008-08-06,879.6,0.0067301913765571,0.4044833757900299,-8.4872399337797,-0.1541247955129703
2008-08-07,872.3,-0.0083338572414334,0.3923453080868694,-8.512003927087854,0.2114933001795829
2008-08-08,856.8,-0.0179288823056338,0.3671348216881844,-9.040115441623726,0.0563283922462942
2008-08-11,823.1,-0.0401268191549406,0.3129559329414207,-10.996908182510763,0.0090673575129534
2008-08-12,811.7,-0.0139468862114682,0.2942649134181735,-12.29839424766842,0.4195549850235345
2008-08-13,826.5,0.0180691034939488,0.3174581697788858,-11.42086741351688,-0.2394875659382065
2008-08-14,806.4,-0.0246200199439747,0.2850672624701594,-11.424784915460943,-0.0886841062227506
2008-08-15,787.1,-0.0242245921686996,0.2539460725567551,-11.903875762057233,0.2442100685005981
2008-08-18,799.6,0.0157562974778405,0.2735383213158986,-10.599148271435348,-0.1736432753648519
2008-08-19,813.6,0.0173572421081051,0.2955137770028381,-8.124869877743134,-0.0489636209813875
2008-08-20,813.3,-0.0003687995616207,0.2946553904858552,-5.941319768570189,0.1426665184032025
2008-08-21,836.2,0.0277677737497352,0.3307451490198015,-2.560346550531598,-0.1542428960685091
2008-08-22,822.5,-0.0165193362829377,0.3086939654842461,-0.9359788767126068,-0.297204004142216
2008-08-25,821.4,-0.0013382811170687,0.3065952571845823,0.3084662847838615,0.4499017681728881
2008-08-26,824.6,0.0038882187503415,0.3113843879540739,1.5232604015217248,-0.1352755194218609
2008-08-27,826.7,0.0025434519858303,0.3143678540146797,2.5821170541111336,0.1399843301123009
2008-08-28,833.5,0.0081918299322187,0.3248337474849276,3.781785962644541,-0.0665521191294387
2008-08-29,830.0,-0.004208001400205,0.3189662156354216,4.340883246165486,-0.1062707080623389
2008-09-01,817.1,-0.0156642143999818,0.2983172935313224,3.8593940507222086,-0.4763147054785116
2008-09-02,804.7,-0.0152919492385745,0.2782754452713017,2.7740383612144512,1.5464079706345046
2008-09-03,800.9,-0.0047334418224506,0.271914261680207,1.9095963050509253,-0.0032948929159802
2008-09-04,795.9,-0.0062625455178328,0.2636746481879961,1.1480005626340848,-0.0825413223140495
2008-09-05,801.7,0.0072609232371022,0.2725658966201436,1.1774052482362585,0.0438013737191758
2008-09-08,801.7,0.0,0.2722945242200707,1.328226240819916,-0.15361380798274
2008-09-09,776.7,-0.0316802976233043,0.2323254911383179,-0.051226554973379,0.2649757838388988
2008-09-10,752.1,-0.0321848815932442,0.1930080111421581,-2.2918682987903694,0.1879093198992443
2008-09-11,746.4,-0.0076076442992234,0.1837433449950001,-3.743450970926432,-0.1077184054283291
2008-09-12,766.1,0.0260510599896413,0.2147817873211012,-2.994871598293571,-0.1939163498098859
2008-09-15,785.8,0.0253895976015839,0.245749174523808,-0.899689129730902,0.1199292452830189
2008-09-16,779.3,-0.0083062262748441,0.2351769418980926,0.2597129256886248,-0.0072654522480782
2008-09-17,863.6,0.1027136177911371,0.368336867411111,6.565860112014882,0.1221892235893085
2008-09-18,853.3,-0.0119985130981131,0.3504293895088889,9.715192860966448,2.0599243856332703
2008-09-19,872.6,0.0223660751469701,0.3794642615082162,12.587662210795491,-0.0186260579477358
2008-09-22,897.0,0.0275786013692867,0.4164001748670303,15.432799613011008,-0.0657203109754178
2008-09-23,891.4,-0.0062626015463407,0.4059175305022153,16.161954689396996,-0.0017181551729946
2008-09-24,882.5,-0.0100344717050035,0.3907118348130012,15.27919486880426,-0.2546571274298056
2008-09-25,877.1,-0.0061377778501159,0.3810028635688586,13.620931194845474,0.0704065924114822
2008-09-26,878.7,0.0018225315444616,0.3822318330458631,11.979204440842526,0.0539317287762786
2008-09-29,909.0,0.0339015516756812,0.4281433268541342,12.238168658666291,0.2452239524803339
2008-09-30,871.3,-0.0423587449402377,0.3674917139202368,9.307379421410426,-0.0776123251466511
2008-10-01,870.1,-0.0013782016652623,0.3642874671271364,6.839082657974593,-0.042840170522049
2008-10-02,835.6,-0.040458117889568,0.3091904038056909,2.649343554257399,-0.094626168224299
2008-10-03,836.5,0.0010764907444679,0.3095344185091515,-0.1466223021573345,0.1398387096774194
2008-10-06,859.0,0.0265424015573768,0.3435908647841583,-0.5436332183833841,-0.0213315409650488
2008-10-07,887.2,0.032301514051902,0.3863397782873865,0.9487860485095948,0.0175311765769021
2008-10-08,907.7,0.0228434914964243,0.4167842126652103,3.053669979039528,0.0438721136767317
2008-10-09,912.0,0.0047260625417498,0.4221559283868634,4.391287316108322,-0.1652203505189722
2008-10-10,844.4,-0.0770136741001659,0.3152535579658012,0.5793780451531259,0.4147574398695475
2008-10-13,832.1,-0.0146736900677813,0.2951408158859709,-2.7325318685822,-0.2625633932687874
2008-10-14,836.3,0.0050347744810958,0.3007094537924099,-4.49821663560523,0.0286808377618006
2008-10-15,846.4,0.0120046607165549,0.3155106605064697,-4.815420760752488,-0.0918483628352199
2008-10-16,804.3,-0.0510197271940116,0.2492071301067484,-7.52842365021902,0.2039066421281579
2008-10-17,784.3,-0.0251807336914025,0.217435302199972,-10.173317525622425,-0.0292533787305006
2008-10-20,796.9,0.0159376001850816,0.2363239097934052,-10.53322939412608,-0.097813249346838
2008-10-21,771.4,-0.032522154629575,0.1961984945347142,-11.84953726430009,-0.021897810218978
2008-10-22,729.2,-0.0562590029696194,0.1303130581594283,-14.735040079616072,0.1713173264114211
2008-10-23,721.0,-0.0113089055195589,0.1172774624135363,-16.24943635380879,-0.0152008310249307
2008-10-24,734.2,0.0181423337777848,0.1371420553840554,-15.422328697587592,0.7093280826975141
2008-10-26,734.6,0.0005446623228329,0.1377615683817642,-13.952685580469767,-0.9999794302170112
2008-10-27,730.2,-0.0060076641640303,0.1305426853103644,-12.431878598660688,31171.0
2008-10-28,745.2,0.0203341695058969,0.1533258178297482,-9.692328868573192,-0.076350571025279
2008-10-29,756.0,0.0143887374520994,0.1695519481383694,-6.578449928564151,-0.043553764934704
2008-10-30,737.4,-0.0249108903794888,0.1403154239437419,-5.254429069382862,0.0354056213232623
2008-10-31,724.1,-0.0182009814052689,0.1194309037745337,-4.771454416285675,-0.1074948269210535
2008-11-03,723.6,-0.000690750873635,0.11838701006891,-4.013208354135706,-0.1492062244577177
2008-11-04,762.0,0.0517078021655061,0.1773370603584581,-0.6305219810700606,0.107754838113713
2008-11-05,740.0,-0.0292963694884308,0.1429054220738469,0.366636918268604,0.1608989326217478
2008-11-06,732.2,-0.0105964855120794,0.1304749892741367,0.7216958817032122,-0.0376755378371583
2008-11-07,736.4,0.0057197486727869,0.1366505221935375,1.4198533421991577,-0.1510039561095767
2008-11-10,746.0,0.012952150844838,0.151091864263645,2.637838977642581,0.0502022155793915
2008-11-11,731.2,-0.0200385800638205,0.1279751674092972,2.554630857001051,-0.1270406027626621
2008-11-12,711.4,-0.0274521606255855,0.0971855946355906,1.3353107659764838,0.1114840565811556
2008-11-13,735.9,0.0338593804181984,0.1346459674833652,2.291895539846063,0.1999137187230371
2008-11-14,744.8,0.0120214860303039,0.1481246701842398,3.561370325127392,-0.3875026964837851
2008-11-17,737.2,-0.0102565001671889,0.1362412279792699,3.899302005569254,-0.2845738436252641
2008-11-18,737.9,0.0009490882686526,0.1371524256750111,4.15644488946058,0.0078765999343617
2008-11-19,734.7,-0.0043460614380891,0.1320477004833349,4.091108798376656,-0.0122110061869098
2008-11-20,745.3,0.0143245692614163,0.1481642065413098,4.698433455277669,0.2261414208010548
2008-11-21,800.3,0.0711998354853522,0.2325434483404883,8.518327468604504,0.0795805887888156
2008-11-24,821.2,0.0257800277717781,0.2641466885276007,11.955955232910204,0.3260490598929149
2008-11-25,819.9,-0.0015843035426465,0.2617414951748787,13.529777613072898,-0.3290295319029063
2008-11-26,812.3,-0.0093126515452239,0.2496070611507014,13.420012134554833,0.122244769435309
2008-11-27,815.3,0.003686413611957,0.2540874870051784,12.90664080471874,-0.6924803591470259
2008-11-28,817.3,0.0024500808532188,0.2568668652125133,12.07397441088056,1.1828872668288728
2008-12-01,768.6,-0.0614355463913403,0.1814788278442155,7.821755219428127,1.1844696266022663
2008-12-02,781.5,0.0166444717307876,0.2007600587662041,5.5624756674972335,0.1682541032400715
2008-12-03,774.0,-0.0096432762718042,0.1887790218565095,3.356208890256512,-0.132484076433121
2008-12-04,766.5,-0.0097371752778583,0.1768026838417644,1.291176164357399,0.0250471994965386
2008-12-05,757.2,-0.0122072789767009,0.1621377176155177,-0.6948960130511836,-0.0144482645710543
2008-12-08,772.4,0.0198751312191913,0.1850476691426028,-0.9622474909079464,-0.0466796793886788
2008-12-09,776.3,0.0050364928572752,0.1905800622105341,-0.8572695696572321,0.0456109780004356
2008-12-10,809.5,0.0418777297060551,0.2409065258964469,1.3473855302496087,0.0400799933338889
2008-12-11,820.8,0.0138627012988152,0.2574775611849209,3.351828143096337,0.1069940714629065
2008-12-12,820.3,-0.0006093474078008,0.2559531154439047,4.36501732647276,0.0180568120137507
2008-12-15,837.7,0.0209899141510597,0.2818632314953076,5.836182437715712,-0.1301983365323096
2008-12-16,857.2,0.0230112224396581,0.3111990121080663,7.637992335664334,-0.3757100241101712
2008-12-17,867.2,0.0115983670859598,0.3257854005482347,8.928913792258047,0.2912875564574195
2008-12-18,852.2,-0.0174483896195701,0.3019862914364346,8.216155639355454,0.2821006742028691
2008-12-19,838.6,-0.0160874063291493,0.2804421769842471,6.3555123337825,-0.0037561284200537
2008-12-22,847.1,0.0100849167008429,0.2927825130067102,5.268819721565809,-0.1908163670278208
2008-12-23,839.7,-0.0087740662479876,0.2809604950405449,3.697481071816121,-0.13404286625141
2008-12-24,847.3,0.0090101380149007,0.292203568140825,2.8535854934074365,-0.3556298142274581
2008-12-29,878.5,0.0361610844227335,0.3388388307372357,4.009468507429041,1.1969763558055728
2008-12-30,872.0,-0.0074264837181721,0.32823324827358,3.943116387748916,-0.2293658731746349
2008-12-31,865.8,-0.0071354889010994,0.3183792572865691,3.12432739193639,-0.3857854843733777
2009-01-05,858.9,-0.008001434235701,0.3070007119073751,1.8250544726489368,1.1742878877525147
2009-01-06,863.2,0.004993913171746,0.3127041096672679,1.0033317384676437,-0.0108459026589955
2009-01-07,842.6,-0.0241540643990087,0.2806001284467412,-1.067342352860301,-0.0022794262134014
2009-01-08,856.3,0.0161284324872301,0.300648445326637,-1.6209082430758457,-0.0349785323196911
2009-01-09,852.0,-0.0050342552028306,0.2933934263034709,-2.339584836370605,-0.0667782358463611
2009-01-12,820.5,-0.0376726162991701,0.2448929558878466,-4.85458347380137,0.1208065433232734
2009-01-13,821.2,0.000852774614633,0.2453715514188142,-6.297648230896403,-0.0933853658536585
2009-01-14,811.1,-0.0123753340684795,0.2295421911174861,-7.668074914518041,-0.0712809917355371
2009-01-15,817.6,0.0079818683731409,0.2388351702618232,-7.844283116446453,0.1055802743789395
2009-01-16,840.2,0.0272667392858418,0.272476895348732,-6.217398089368606,-0.0681227467091473
2009-01-19,835.7,-0.0053702617278912,0.2653512356553064,-5.2609411410524025,-0.4942192631247469
2009-01-20,856.4,0.0244678597081372,0.295932164216178,-3.154638700610306,1.2661211420439384
2009-01-21,853.8,-0.003040582391666,0.2912914807271008,-1.9178127435752348,-0.0905094591412198
2009-01-22,856.7,0.0033908246461365,0.294998694614529,-0.9354260280335184,-0.0406525116519937
2009-01-23,899.1,0.0483064640207288,0.358125622990156,2.35891451123449,0.1762033288349078
2009-01-26,902.9,0.0042175423227063,0.3628532949533769,4.460909875825099,-0.0268099590775232
2009-01-27,898.5,-0.0048850990898197,0.3553670209278297,5.1719041548370015,-0.1460347402342214
2009-01-28,887.3,-0.0125435623823217,0.337573354743913,4.528026476911537,0.1223193741371375
2009-01-29,908.0,0.0230612347600013,0.367899608678282,5.094157623960804,-0.0654830244382482
2009-01-30,926.9,0.0206013062804936,0.3953231779480801,6.262538919983063,0.0751612478609977
2009-02-02,904.9,-0.0240212445246994,0.3612028699624354,5.1227344205388405,0.018160300359125
2009-02-03,899.9,-0.0055407943171847,0.3527567142634815,3.6691787537176808,-0.027696500861758
2009-02-04,905.7,0.0064244793409999,0.3606813641545002,2.776035692149065,-0.152856789512738
2009-02-05,914.4,0.009559987099698,0.3728913856007358,2.459712507887229,0.0339172749391727
2009-02-06,910.6,-0.0041643895799191,0.3664420216903152,1.7181840518066167,-0.121334776674354
2009-02-09,894.2,-0.0181742591008013,0.3411162375131458,-0.0590013371790298,0.0384059135465209
2009-02-10,914.9,0.0228853058856092,0.3712726090301885,-0.0243836293329344,0.1736304549675023
2009-02-11,938.5,0.0254680863410739,0.4056715943224393,1.329149241994898,-0.0263273558368495
2009-02-12,946.1,0.0080654156838349,0.4160266182310663,2.4142861353738567,0.0066808107254097
2009-02-13,941.3,-0.005086373157224,0.4079904978186673,2.4774712826125764,-0.1500829559212591
2009-02-16,941.4,0.0001062304138673,0.4077300298331746,2.2038644985517912,-0.5181492033343885
2009-02-17,969.8,0.0297217357042098,0.4490504330203036,3.5345228094825245,1.533997591152962
2009-02-18,983.7,0.0142311078474604,0.4685189562538321,4.867536076907093,0.0649008339454695
2009-02-19,974.2,-0.0097043511462699,0.4530690541254137,4.627719194606758,-0.0067762223574762
2009-02-20,993.5,0.0196174406194291,0.480506685873227,5.242055652304089,0.0045755372170928
2009-02-23,991.1,-0.0024186245792087,0.4756330077612467,4.962763333522705,-0.0257015046766978
2009-02-24,962.0,-0.0298009867469562,0.4311150668311336,2.4227600095375017,0.0015861090241255
2009-02-25,953.1,-0.0092946207221262,0.4165744667210915,-0.1174671548783052,0.1613185530921821
2009-02-26,945.6,-0.0079001832917464,0.4042829254032298,-2.435059251902633,-0.0627624071482398
2009-02-27,941.1,-0.0047702427870916,0.3963767834514533,-4.29461301042873,0.0851902902213033
2009-03-02,925.5,-0.0167152718511899,0.3721083016987536,-6.468184107886817,-0.0311540768443707
2009-03-03,915.4,-0.0109730037940104,0.3561844359610675,-8.358893550317763,-0.0773852876911871
2009-03-04,906.1,-0.0102114529915267,0.341609535386792,-9.903090933811612,-0.1192421551213736
2009-03-05,931.7,0.0278611992283643,0.3786792523516653,-8.89934427864597,-0.0371963789549162
2009-03-06,938.6,0.0073785289039379,0.3880383745537439,-7.524320627830866,-0.035328616644945
2009-03-09,921.5,-0.0183866262504393,0.3620093201075504,-7.503143243767392,-0.0634016887816646
2009-03-10,896.5,-0.0275044840646904,0.3243058987838995,-8.818698987786998,0.1477512750502292
2009-03-11,905.1,0.0095471417879374,0.3363391428184906,-8.738756450604521,-0.1140535930697068
2009-03-12,926.9,0.0238002500486617,0.367748977257973,-6.9260227899439615,0.0544634714763401
2009-03-13,928.9,0.0021554055116881,0.3699883141254327,-5.370039653383234,-0.1025320713015903
2009-03-16,921.9,-0.0075643325889264,0.3589989682061325,-4.618669546144296,-0.0380106001391937
2009-03-17,914.5,-0.0080592899736282,0.3475603702154371,-4.426003543711925,-0.1762479826367633
2009-03-18,938.4,0.0257988295083453,0.3817964356001844,-2.5860416856306387,0.764964194027834
2009-03-19,958.4,0.0210889300219193,0.4100660757451794,-0.0530353164308214,0.072535885167464
2009-03-20,951.7,-0.007015368282887,0.3992484501470684,1.0777628006491118,-0.1950749464668094
2009-03-23,937.8,-0.0147131524228119,0.377976872723646,0.8084620258167887,-0.0749756140817593
2009-03-24,926.0,-0.0126624720093065,0.3597946451250137,-0.1921019729026558,0.0884820016296792
2009-03-25,933.7,0.0082809528437007,0.3702998913922485,-0.3536740915662855,-0.0579946276806552
2009-03-26,932.6,-0.0011788031156597,0.3680311552287328,-0.5417018231389155,-0.1995138369483919
2009-03-27,923.0,-0.0103471498713684,0.3532993572992231,-1.2776701903826115,0.0502803083391731
2009-03-30,917.2,-0.0063036835191027,0.3440955462356752,-2.073077263432666,0.1184320266889074
2009-03-31,918.8,0.0017429198311938,0.3457794835934196,-2.387067137971656,-0.050211285110614
2009-04-01,926.4,0.0082376360037875,0.3563275815221024,-1.9945075792501945,-0.145721015440984
2009-04-02,903.7,-0.0248086599108205,0.3223700075379677,-3.108804472094981,0.3652962441026897
2009-04-03,891.7,-0.0133676937670763,0.3041740871613427,-4.41922191462242,-0.0536283265269488
2009-04-06,868.6,-0.0262470330401122,0.269785549227785,-6.482173438221066,0.0799981031866463
2009-04-07,880.5,0.0136072078355394,0.286367686407524,-6.66026299900153,0.3300548847420417
2009-04-08,880.4,-0.0001135782839542,0.2854603610674873,-6.398253727481322,-0.083619437475241
2009-04-09,878.7,-0.0019328071505089,0.2825674461552946,-5.961659340598706,-0.4485031881551928
2009-04-10,880.8,0.0023870429066726,0.2856199239014603,-5.18243043481729,-0.9692337840485988
2009-04-13,893.6,0.0144276623465207,0.3039634692017403,-3.534632507271702,23.997876857749468
2009-04-14,890.2,-0.0038120911732369,0.2985763047300355,-2.454602645460744,0.2627824019024971
2009-04-15,890.7,0.0005615138560699,0.2988423062127979,-1.5325723329448504,0.0889157923056227
2009-04-16,875.2,-0.017555238770107,0.2757701077155545,-1.7754970082604125,0.0966646077825819
2009-04-17,866.7,-0.0097595355274175,0.263033254583481,-2.2850880245748684,-0.2094058011827654
2009-04-20,884.0,0.019764166497344,0.2878246602886646,-1.2834028297777014,0.1324357056351073
2009-04-21,883.4,-0.0006789634752173,0.286508647914493,-0.5264000249404148,0.0207599396074484
2009-04-22,889.5,0.0068814079434637,0.2949963855338459,0.4663353799532608,-0.1164180944163687
2009-04-23,904.1,0.0162804666374309,0.3157747494936827,2.0961698511102984,0.1167608286252355
2009-04-24,912.0,0.0087000163310107,0.326799096784221,3.607531115508671,-0.0537130722628192
2009-04-27,906.3,-0.0062696130135954,0.3180740153059502,4.089265093171258,-0.0783446637185664
2009-04-28,893.0,-0.0147837961842368,0.2982913025203024,3.4060608362316502,0.1116442280148954
2009-04-29,897.7,0.0052493558861437,0.3047418124355092,3.1694654056345977,-0.138568575661921
2009-04-30,887.9,-0.0109768127243617,0.2900820546275548,2.292618480432988,0.1390218366736464
2009-05-01,885.1,-0.0031584910634497,0.2856885947303259,1.5019383923435925,-0.196178845775064
2009-05-04,901.7,0.0185812375310298,0.3094301227854137,2.041354221837244,0.0556236216613574
2009-05-05,896.9,-0.0053374973819036,0.302035749160775,2.0158206702144,0.1240328071804395
2009-05-06,910.8,0.015378961065627,0.3217603750331755,2.826322152688639,0.0406140290493564
2009-05-07,910.4,-0.0004392708175181,0.3207016387787843,3.199312018358472,0.0156777138321095
2009-05-08,914.9,0.0049307063134232,0.3268060819541217,3.5839400069914653,-0.1098085189527159
2009-05-11,913.0,-0.002078889090521,0.3236700492431084,3.539098138232359,-0.0963564530289727
2009-05-12,922.7,0.0105682739895416,0.3372515396304769,3.959642147673729,0.2194154319488299
2009-05-13,925.7,0.0032460534886554,0.3410540160054943,4.213232224671408,0.10835933868933
2009-05-14,925.6,-0.0001080321936987,0.3404882887141168,4.141447634050479,-0.226681842688552
2009-05-15,931.2,0.0060319010977065,0.348190660721318,4.223809059053769,-0.0550778526609342
2009-05-18,917.9,-0.0143856247521281,0.3284439158892587,3.182687936963048,0.2652893917035579
2009-05-19,924.2,0.0068400462111208,0.3371139307656812,2.735539230645121,-0.0960865621355449
2009-05-20,938.4,0.0152477989030996,0.3571694253407506,3.1820458983492053,0.0285284209017275
2009-05-21,952.6,0.0150187910274944,0.3771168133177403,4.158019297906324,0.1275350198620113
2009-05-22,957.4,0.0050261885916486,0.3835167764274442,4.805327042242609,-0.1152728846034983
2009-05-25,958.4,0.0010439504027761,0.3847566104337067,4.959241144760801,-0.6198127707139863
2009-05-26,951.4,-0.0073306433630038,0.3741164533856332,4.273992815364025,1.6585814038956266
2009-05-27,949.3,-0.0022097131104283,0.3704951358876922,3.401660839207546,0.1152889134641967
2009-05-28,959.0,0.0101662039956855,0.3838827851308832,3.2030929012356584,0.0241695587506196
2009-05-29,978.4,0.0200275094895242,0.4111440487581145,4.048967311235987,0.1054096575093792
2009-06-01,974.9,-0.0035836827377367,0.4050286088666625,4.034482899472655,0.4280162031968468
2009-06-02,981.5,0.0067471120812898,0.4135066283925469,4.11686454488553,-0.0337332771112047
2009-06-03,962.9,-0.0191324494702775,0.3854446030673976,2.638053081088229,0.301186178442496
2009-06-04,979.8,0.017398904958236,0.4086367218314484,2.5177521712589144,-0.1377176133418701
2009-06-05,954.9,-0.0257418462483175,0.3715750289613934,0.5819289163494048,0.2050420762322324
2009-06-08,951.9,-0.0031466356988972,0.3664564743292378,-0.9940690142308046,-0.3228778498283501
2009-06-09,954.4,0.0026228835264466,0.3690749707158013,-1.908656151402264,0.1869827100576331
2009-06-10,953.9,-0.0005240266325439,0.3673789172431778,-2.5478424259096606,0.0117917640186915
2009-06-11,954.5,0.00062879901464,0.3672474347475891,-2.9048990959222003,0.027530218293343
2009-06-12,938.7,-0.0166917038228561,0.3437834525603123,-4.106393728915245,-0.1126834749631294
2009-06-15,928.1,-0.011356453741599,0.3278438742033851,-5.432970229787232,-0.0127428865408207
2009-06-16,934.5,0.0068721412942704,0.3361943787378399,-5.671121166936906,0.0421693991261473
2009-06-17,937.9,0.0036317066192753,0.3402536602010823,-5.393111140565253,-0.0120773875918304
2009-06-18,933.1,-0.0051309572749164,0.3326495478398192,-5.31716801903142,-0.0621763675296865
2009-06-19,933.3,0.0002143163317247,0.3322948785018628,-5.040650362128127,-0.1335104616406509
2009-06-22,922.1,-0.0120730150266054,0.3156578931886233,-5.368944690455778,0.072585281717133
2009-06-23,925.5,0.0036804544684566,0.3198146292928708,-5.115138920085952,0.0859427346227721
2009-06-24,931.3,0.0062473275140598,0.327306402289193,-4.344968173434847,0.0723129447575172
2009-06-25,938.8,0.0080210044492563,0.3372545562676616,-3.1731303966350506,-0.0709271548582607
2009-06-26,939.0,0.0002130152313944,0.3368513811200521,-2.2696019193881214,-0.0867877786952932
2009-06-29,937.7,-0.0013854107826833,0.3343596568056174,-1.6721625827323567,-0.0508183380052446
2009-06-30,926.3,-0.0122319121655978,0.3174910494466612,-1.938639954504869,0.0540154329808517
2009-07-01,940.1,0.0147880963245234,0.3366736967302257,-1.120010717302913,-0.3361352133044106
2009-07-02,929.3,-0.0115546380212116,0.3209353408238851,-1.2315333758739442,-0.1102110279101429
2009-07-03,932.1,0.0030084905038177,0.3247513707246043,-1.0494838790366032,-0.5688164639277791
2009-07-06,924.9,-0.007754481506897,0.3141587386557584,-1.328757030201145,1.2645493257629523
2009-07-07,924.2,-0.0007571251240482,0.3127892118694903,-1.4646949989010971,0.0464624304630572
2009-07-08,909.3,-0.0162534257042989,0.2912108873065555,-2.406539649181004,0.1900269541778976
2009-07-09,911.8,0.0027455950474738,0.294402705656037,-2.6882256004953806,-0.1293569900591418
2009-07-10,912.2,0.000438596498259,0.2946246131914288,-2.669260509766839,-0.0289059112588524
2009-07-13,919.9,0.0084057042055113,0.3051793390556619,-1.9908946213523864,0.0453936597707991
2009-07-14,925.2,0.0057449618741725,0.3123503093068593,-1.0834148900853655,-0.0970244874715261
2009-07-15,938.7,0.0144860089856619,0.3311241827781092,0.4458715371480934,0.0096176586519511
2009-07-16,936.9,-0.0019193863858035,0.3282161117147968,1.3073001456405562,-0.0548137737174982
2009-07-17,935.6,-0.0013885182471186,0.3260554364998407,1.7339001312387516,-0.1004543577034283
2009-07-20,948.7,0.0139045916888072,0.3442155428585093,2.780617333712391,0.2120488566443199
2009-07-21,948.0,-0.0007381241438093,0.3428290455280102,3.2741199986366314,-0.0381118351265343
2009-07-22,951.1,0.0032647072333179,0.3468093224418467,3.630053024545336,0.0340291453328081
2009-07-23,948.8,-0.0024211812448789,0.3431178953097136,3.5282124587739667,0.0585815494781747
2009-07-24,951.5,0.0028416584927431,0.3465746667703205,3.455833734237605,-0.157671272308578
2009-07-27,953.5,0.0020997383042694,0.3489990877905185,3.353166424561315,0.0992738146091414
2009-07-28,937.1,-0.0173494249106957,0.325413226914489,2.055009247727042,0.0068392010569673
2009-07-29,929.5,-0.0081431929682792,0.3142661210195722,0.6325053867924675,0.0991895021227324
2009-07-30,934.3,0.0051507786374111,0.3207558567740439,-0.0034691401542481,-0.2586376404494381
2009-07-31,950.8,0.0175061496871289,0.3436817220965878,0.6335510909766668,0.2458084683148622
2009-08-03,955.8,0.0052449506580189,0.3502246436400472,1.299718996328386,0.2555504866180049
2009-08-04,966.9,0.011546391345444,0.3653971934711212,2.3355599035973955,-0.0606794646642039
2009-08-05,962.2,-0.0048727482241484,0.3582552165875122,2.5351618929326687,0.000644703758623
2009-08-06,962.4,0.0002078353951156,0.3579857691522941,2.507090468981429,0.0941949616648412
2009-08-07,955.1,-0.0076141176197771,0.3471533775904661,1.85344266583504,-0.0043572984749454
2009-08-10,945.0,-0.0106311195469491,0.3324444947097023,0.659047176142411,-0.0811993612868886
2009-08-11,945.7,0.0007404665277236,0.3330677612795616,-0.1239376348344061,-0.2057157569515962
2009-08-12,946.3,0.0006342494927204,0.3335018988441502,-0.6141121325708703,0.1318476499189627
2009-08-13,955.0,0.0091516969665432,0.3453623950640326,-0.376740278805201,-0.0680890670867043
2009-08-14,947.3,-0.0080955075992415,0.3341139786588835,-0.7415509109534586,0.0343423478795328
2009-08-17,934.3,-0.0138182470825788,0.3153863019314155,-1.8012173566080223,0.1190670727178191
2009-08-18,938.4,0.0043787115403556,0.320836978829622,-2.14546910849074,-0.2341032789061462
2009-08-19,941.7,0.0035104551767519,0.3250941106803091,-2.0694307174924886,0.1922176965074964
2009-08-20,940.6,-0.00116878300507,0.3232032027765319,-2.0100297350028606,-0.1181216835065784
2009-08-21,953.6,0.0137263268001377,0.3411045303445517,-1.059760331321582,0.0739366963402572
2009-08-24,942.4,-0.0118144834137631,0.3249893797377668,-1.1428986088383324,-0.0241000844270473
2009-08-25,944.7,0.0024376038777665,0.3277888893327313,-1.0052551959566778,0.1813605977192292
2009-08-26,945.3,0.0006349206562499,0.328269180270667,-0.8426444404901186,-0.1560481991878037
2009-08-27,947.7,0.0025356590448106,0.33127688103083,-0.5561166108909217,-0.0014987773132444
2009-08-28,955.4,0.0080921044797123,0.3416943108909765,0.1325608982903214,0.0504819086743562
2009-08-31,950.9,-0.0047211964104629,0.3349980247267974,0.2583187910054332,-0.0355719335188388
2009-09-01,956.5,0.0058718843349089,0.3423760998513653,0.6686267809251236,0.2708203368683717
2009-09-02,977.4,0.0216151959557468,0.3711680183930942,2.2106625570147003,0.0242375897404429
2009-09-03,990.9,0.0137176362287991,0.3894126455422858,3.9039180614000086,0.1906901509705247
2009-09-04,993.4,0.0025197816083965,0.3923179603911051,4.892299789418338,-0.1476226415094339
2009-09-07,994.5,0.0011066956207767,0.3936057198630542,5.286572416502832,-0.5797768726757571
2009-09-08,996.2,0.0017079423451561,0.3953190888278797,5.314041976701249,1.5915156623121225
2009-09-09,992.6,-0.0036202774858426,0.3895933789345269,4.759821086176295,0.0445010569678574
2009-09-10,995.9,0.0033190877842533,0.3935926780639034,4.299554350515955,-0.0853139595225739
2009-09-11,1005.9,0.0099910912026987,0.4069366374062027,4.340082995271716,-0.002609781005333
2009-09-14,999.6,-0.0062827431794951,0.3975340830849185,3.642256056642157,-0.0704778156996587
2009-09-15,1006.2,0.0065809390964208,0.4061356790705882,3.3331698088409123,0.0482222630193991
2009-09-16,1017.2,0.0108728954907464,0.4206488346204136,3.5571422593151425,0.3078405044077295
2009-09-17,1011.2,-0.0059160101553715,0.4115014863423397,3.010476837209364,-0.0991429336666369
2009-09-18,1006.0,-0.0051556727329085,0.4036315835988303,2.0536402764408277,-0.1824488380159555
2009-09-21,1003.0,-0.0029865626977489,0.3988407995656415,1.0255935447069948,0.0236984059639977
2009-09-22,1014.2,0.011104615398983,0.4138789571451575,0.9106788568928792,-0.0792776791000592
2009-09-23,1007.5,-0.0066281095400806,0.4038184696533784,0.2297098580604881,0.2559320943990739
2009-09-24,994.5,-0.0129871955268111,0.3850499544663156,-1.1729283337405612,-0.0456709845886027
2009-09-25,988.9,-0.0056468840180817,0.3766020640396348,-2.479442129692453,0.0380385213799023
2009-09-28,990.3,0.0014147132513119,0.3779816545475472,-3.204842607592884,-0.1203225139549307
2009-09-29,991.6,0.0013118726337784,0.3791631503359561,-3.527063105861423,0.104171562867215
2009-09-30,1007.2,0.015609682569102,0.4002057963180614,-2.6590553899652107,-0.0122918107806098
2009-10-01,998.4,-0.0087754851149742,0.3873311056303377,-2.641628558810458,-0.0063032000861975
2009-10-02,1001.6,0.0032000027306708,0.3911351407721258,-2.3864101193632496,0.0149091894822444
2009-10-05,1017.1,0.0153567192857163,0.4121019746787432,-1.2051311026111442,-0.1766559829059829
2009-10-06,1041.3,0.0235144919042996,0.4449352167873561,1.0526205579613157,0.2438850321157464
2009-10-07,1044.2,0.0027811094406019,0.4480926757791025,2.5050139696436613,0.0995201335280617
2009-10-08,1054.4,0.0097208427717908,0.4612736821035378,3.8366470830168655,0.0736717267552182
2009-10-09,1047.8,-0.0062791567741235,0.4513548075656862,3.941902325790334,-0.1813723324349401
2009-10-12,1055.2,0.0070375944289856,0.4596331430728309,4.157432925089127,1.5125215889464596
2009-10-13,1063.3,0.0076469572539354,0.4700398109761434,4.465980245380457,-0.6044638253995531
2009-10-14,1062.4,-0.0008467799348709,0.4678645042135252,4.232116237263726,0.1646119589420518
2009-10-15,1050.4,-0.011359455733583,0.4503920694432826,2.952516937152051,9.326618168259416e-05
2009-10-16,1051.9,0.0014270087566419,0.4516602138380402,1.9393588032322528,-0.0883148372656905
2009-10-19,1063.1,0.0105911155493308,0.46637501640251,1.760923402030027,-0.1049509001636661
2009-10-20,1054.5,-0.0081224473757301,0.4537372110744543,0.8474266727885222,0.0590857142857141
2009-10-21,1052.6,-0.0018034269991507,0.4502570520148822,-0.0532583575604768,0.1263084061724397
2009-10-22,1059.3,0.0063450186827718,0.4586419039160724,-0.3497445702432742,-0.0263952095808382
2009-10-23,1054.5,-0.004541591683621,0.4512028579672223,-0.9850943673816808,-0.011562684510923
2009-10-26,1037.6,-0.0161563669165952,0.4271749099922408,-2.5694797110127574,-0.015680223007616
2009-10-27,1039.9,0.0022142006639531,0.4295687572364829,-3.4344905422131298,0.0206837261049863
2009-10-28,1027.5,-0.0119958872957975,0.411749475709041,-4.733557827936082,0.0420651042956943
2009-10-29,1046.3,0.0181314640166119,0.4368492262052598,-4.2346841896568215,-0.0937618866489159
2009-10-30,1044.7,-0.0015303685435392,0.4339721109028376,-3.9272764326088616,-0.0719307450157398
2009-11-02,1058.3,0.0129340842562165,0.4518572972620014,-2.7770110557729577,0.1005144440047487
2009-11-03,1083.8,0.023809537032335,0.4859217679898802,-0.392998094139056,0.0785945446139619
2009-11-04,1092.3,0.0078121807174836,0.4965625511740326,1.5553254903920255,0.0551507358194027
2009-11-05,1089.4,-0.0026584788999232,0.4916908881602144,2.3973668033836955,-0.1056646355224554
2009-11-06,1095.2,0.005309909024665,0.4987640416604014,3.051620215120458,-0.0478449581104269
2009-11-09,1103.0,0.0070967452792632,0.5086057011352888,3.6745548313468976,-0.0683239690448426
2009-11-10,1105.6,0.0023544337599029,0.5112701088042185,3.904977265761693,0.0705467372134038
2009-11-11,1116.7,0.009989733438341,0.525579140609427,4.410851453440344,-0.0619121007599511
2009-11-12,1102.5,-0.0127975791307453,0.5052415869307422,3.438214585569096,0.1164740539315658
2009-11-13,1118.5,0.0144081736091833,0.5262601399364314,3.50931992419174,-0.1374061294905622
2009-11-16,1140.1,0.0191274759094896,0.554524405484417,4.580275665260931,0.3656470588235294
2009-11-17,1140.2,8.770775780741214e-05,0.5534077811003998,4.8392578518295295,0.0336836664369399
2009-11-18,1143.2,0.0026276620181761,0.556429167693029,4.74977604835685,-0.1634302858571548
2009-11-19,1144.0,0.0006995453240854,0.5564922643391725,4.295349990001554,-0.0249551703526599
2009-11-20,1150.2,0.0054049473399106,0.563884004001881,3.970831120841634,0.0043933588761175
2009-11-23,1162.7,0.0108090463949087,0.5798203957249761,4.137748331222561,-0.035196582066019
2009-11-24,1168.5,0.0049759883043501,0.5864925894591844,4.166928966569095,0.1315303916917074
2009-11-25,1191.7,0.0196599841178479,0.6168597008267598,5.209179364390984,-0.114890048453224
2009-11-26,1191.8,8.39102161179439e-05,0.6161512116738217,5.345704967150542,-0.2608695652173913
2009-11-27,1177.2,-0.0123260319535607,0.5946116968712523,3.9570793164109546,1.1963395527702607
2009-11-30,1179.1,0.0016126982233097,0.5954255448928811,2.7292849270694184,6.484874031320587e-05
2009-12-01,1195.1,0.0134784282902077,0.6156922574174325,2.560267934678702,-0.2474143241578316
2009-12-02,1214.9,0.0164319049878613,0.6407047604256441,3.30040400679356,0.2060572117870067
2009-12-03,1207.4,-0.0061924814983706,0.6287031844758819,2.8218359400447426,0.0712270048222896
2009-12-04,1160.0,-0.0400492822619155,0.562930520008871,-0.9482612630966044,0.1185768114975491
2009-12-07,1157.5,-0.0021574981400212,0.5577152598511179,-3.7162160515887273,0.0677895364435832
2009-12-08,1127.8,-0.0259936745873074,0.5160237840729904,-7.438317073208324,-0.0068678634244395
2009-12-09,1128.0,0.0001773206849225,0.5147050710426107,-9.638238205459343,-0.0489416130211115
2009-12-10,1130.0,0.001771479648382,0.5159830985302579,-10.631923682271694,-0.1069106171671789
2009-12-11,1114.9,-0.0134529179328604,0.4944542500382186,-11.884523130834534,-0.0625517127254674
2009-12-14,1126.4,0.0102619916302521,0.5086717024838417,-11.509104418220268,-0.0613945278022948
2009-12-15,1123.0,-0.0030230306653348,0.5030994749122688,-11.057607145260096,-0.1423305499134882
2009-12-16,1137.3,0.0126533564519555,0.5210669745118315,-9.427318364693717,0.1057801947197614
2009-12-17,1096.8,-0.0362601829422941,0.4656600598396095,-10.619369547652216,0.1702228920441024
2009-12-18,1111.4,0.0132236325977163,0.4840099859901351,-9.97736248152485,-0.065647664881719
2009-12-21,1092.1,-0.0175180336421383,0.4572274402931334,-10.360136683866642,-0.0885777503717943
2009-12-22,1083.3,-0.0080905102521608,0.4445502969094307,-10.671459958553578,-0.0213714331197516
2009-12-23,1087.3,0.003685621052182,0.4491099459465069,-10.080490582798047,-0.1776331842212281
2009-12-24,1104.9,0.0160572741154255,0.4720047707969211,-8.064065540234456,-0.3086737216892493
2009-12-28,1106.8,0.0017181357936414,0.4738591043728463,-6.243454519474861,0.1817596566523605
2009-12-29,1095.7,-0.0100795405014231,0.4583483515993237,-5.456414906018092,0.1145814418013437
2009-12-30,1090.7,-0.0045737364766503,0.4509991573103528,-4.956731721534148,-0.016726403823178
2010-01-04,1120.9,0.0273122420923524,0.4902121407771573,-2.4056730373101853,0.2731691152104274
2010-01-05,1117.5,-0.0030378865393259,0.4847700438298885,-0.841373132052107,-0.0565243796633697
2010-01-06,1137.8,0.018002525828823,0.510677480290536,1.5368385933664452,0.104694468711205
2010-01-07,1131.0,-0.0059943762004264,0.5006302008294179,2.5675632356310008,-0.0360859069341547
2010-01-08,1135.9,0.0043230911212554,0.5061047180697832,3.440491461086244,0.0107085798177815
2010-01-11,1151.2,0.0133795883357821,0.525365321262964,4.82461773721033,-0.0654932285213825
2010-01-12,1128.0,-0.0203587235151539,0.4936200018810562,3.988618524663865,0.0479564780104233
2010-01-13,1136.9,0.0078591070770566,0.5043776427463544,3.844368267056542,0.0335907167473716
2010-01-14,1141.4,0.0039503189675468,0.5092706755710728,3.85169487615257,0.0115645971383953
2010-01-15,1130.9,-0.0092418032253264,0.4944494890598255,2.98759910680564,-0.0932532231818751
2010-01-18,1133.5,0.0022964150703023,0.4974236788947225,2.451812054304896,-0.5049236149457021
2010-01-19,1138.0,0.0039621447386924,0.502512291226511,2.2655547733961385,0.8368807509991636
2010-01-20,1111.6,-0.0234719168179276,0.4666703478004281,0.3310104266758389,0.2348833679097304
2010-01-21,1093.9,-0.0160511267426033,0.4423495261814236,-2.043455136113022,0.0598647818070068
2010-01-22,1093.3,-0.000548646685306,0.4405695574255339,-3.473241887138361,0.0540864455269465
2010-01-25,1098.0,0.0042896976290367,0.4459127281931038,-3.889820637261644,-0.1579680909591051
2010-01-26,1097.8,-0.0001821659536871,0.4448655745485912,-3.95334335971964,-0.0668612248453698
2010-01-27,1087.7,-0.0092428020159841,0.4302451798491468,-4.4150318403904985,0.7397656724081594
2010-01-28,1086.1,-0.0014720768138143,0.4268685800749593,-4.549567538412067,-0.0164471036462665
2010-01-29,1081.4,-0.0043368003380857,0.4195982502436772,-4.659462999803546,-0.1214741666212013
2010-02-01,1106.3,0.0227646160929605,0.451300398165501,-2.8485308288644164,-0.1558453656264555
2010-02-02,1114.4,0.0072950294247308,0.4608450418947998,-0.994237541598764,0.051938497756198
2010-02-03,1109.7,-0.004226434959078,0.4534566991907481,-0.0245714932523801,0.1340303517728511
2010-02-04,1064.2,-0.0418663653442491,0.3928603317629503,-2.263908837091593,-0.0477321081681108
2010-02-05,1067.0,0.0026276291394843,0.3952559989926431,-3.309644505957875,0.3488003108506299
2010-02-08,1062.5,-0.0042263505031814,0.388398100203603,-4.010760173667505,-0.2401392389869163
2010-02-09,1077.7,0.0142045188042141,0.4072580205477417,-3.192771748274252,-0.0072665234424365
2010-02-10,1071.6,-0.0056762819323324,0.3982938927987061,-2.817557878852311,0.0134619056711857
2010-02-11,1094.8,0.0214188394960703,0.4274177747277289,-0.8632565199943176,0.0757732768095462
2010-02-12,1091.9,-0.0026524001465033,0.422490687857657,0.3146650892597264,0.0036487827660691
2010-02-15,1100.3,0.0076635718558462,0.4328754435420736,1.664640731007598,-0.5277317278887823
2010-02-16,1118.7,0.0165844269770179,0.4558148116086113,3.6860711384412905,0.7298928439462988
2010-02-17,1106.4,-0.0110557955023363,0.4386470507015301,4.054786081610994,0.1535777856888571
2010-02-18,1108.3,0.0017158084310587,0.4397599697525798,4.26525149213763,0.1832181212196024
2010-02-19,1117.3,0.0080877507716849,0.4496331333211794,4.808880258992401,0.3209358128374324
2010-02-22,1113.2,-0.0036763099015564,0.4426332720345605,4.685859638026237,-0.0746159617738814
2010-02-23,1102.8,-0.009386350502094,0.4275996123282195,3.7387137361333487,-0.0294236883094715
2010-02-24,1096.0,-0.0061852116416808,0.4172429438322824,2.545895332252053,0.042011079845234
2010-02-25,1106.6,0.0096250629560483,0.4293035846244998,2.3662484153456,0.0469419186058777
2010-02-26,1116.4,0.0088169711981579,0.4402844970588725,2.7746078564825587,-0.0181565371594389
2010-03-01,1116.7,0.0002686847895792,0.4389024600435563,2.9175197157604758,0.0497095827432629
2010-03-02,1133.9,0.0152851105260477,0.4594597378689932,3.958431398422088,-0.1283605435526444
2010-03-03,1139.6,0.0050143056459589,0.465300807602705,4.764700463034713,-0.0931135038133692
2010-03-04,1131.7,-0.0069563966518572,0.4537286689086015,4.502854179697976,-0.0257241089317074
2010-03-05,1131.2,-0.0004419108295876,0.4516675045450755,4.0472481006939685,0.0097743024702328
2010-03-08,1123.6,-0.0067411999122198,0.4407793949836608,3.0317508488304874,-0.1750389701815256
2010-03-09,1121.1,-0.0022274700705407,0.4364100248087956,2.03711881271129,0.0585456540290136
2010-03-10,1108.0,-0.0117537578523186,0.4183082137614731,0.4265947021706253,0.1697521089453832
2010-03-11,1109.0,0.0009021200431379,0.4181912844903594,-0.5866755294539026,0.0863914937606142
2010-03-12,1102.2,-0.006150525901232,0.4081112923593604,-1.6689219261868544,0.0049615985862843
2010-03-15,1108.7,0.005879975329171,0.4152570412723767,-1.8850893630422547,-0.1631047387168042
2010-03-16,1127.2,0.0165485238061645,0.4375161394576661,-0.7769749665596919,0.1079384747999891
2010-03-17,1122.5,-0.0041783409680611,0.4303316573765951,-0.3757144777344368,-0.1215657670799902
2010-03-18,1125.8,0.0029355534135168,0.4332764956619845,0.0728665777667263,0.0620536949903127
2010-03-19,1106.5,-0.0172920135388217,0.4076016885668277,-0.914853392415346,-0.068930470134473
2010-03-22,1101.6,-0.0044382120766593,0.4002494380427138,-1.8299816118422263,0.0587230945783301
2010-03-23,1104.4,0.0025385326415543,0.4024522558848193,-2.1560712851353268,0.2114738929279576
2010-03-24,1086.3,-0.0165247746162942,0.3778482075910687,-3.4247439009746707,0.2636391410614525
2010-03-25,1088.8,0.002298745897551,0.3795022083750143,-3.895253770683185,-0.0518089974958984
2010-03-26,1106.9,0.016487143054322,0.4011089320575782,-2.836392162420067,-0.1659411711137419
2010-03-29,1108.7,0.0016248423867277,0.4022636757221697,-1.9082206245508688,-0.1677075599423505
2010-03-30,1103.1,-0.00506375980297,0.3942008607123271,-1.5785208681173837,-0.1105892847772471
2010-03-31,1112.6,0.0085752206658569,0.405338888044254,-0.673970543991075,-0.1304758252455824
2010-04-01,1126.2,0.0121495151793255,0.4216496739930334,0.8066554934225111,-0.0421359750305333
2010-04-02,1125.3,-0.0007994670645669,0.4198668301599599,1.6435431075882208,-0.2554367075157611
2010-04-05,1131.4,0.0054061371531039,0.426827737404323,2.4760545972489854,0.1193987251450861
2010-04-06,1133.7,0.0020308161144975,0.4289141550620697,3.0140310371130763,0.0975692673805881
2010-04-07,1148.8,0.0132312992704066,0.4470277250620436,4.14919351037194,0.0761189406845284
2010-04-08,1150.0,0.0010440230633361,0.4477260999960815,4.702631148959821,-0.1229761819097646
2010-04-09,1160.1,0.0087442659240653,0.459692688372969,5.419701775876043,-0.1070315063997374
2010-04-12,1155.9,-0.0036269469811392,0.4534814702785253,5.276799173380056,0.2405935590572885
2010-04-13,1150.1,-0.005030366201686,0.4451688472152911,4.488238046885749,0.1390905051103539
2010-04-14,1154.8,0.0040782736902444,0.4500684543051986,3.9961842110187895,-0.0257152145643693
2010-04-15,1158.6,0.0032852108737436,0.4540211422764994,3.649225666175349,-0.1881610998031299
2010-04-16,1136.0,-0.0196990593814269,0.4247243276375202,1.7182945307831066,0.2179202630497327
2010-04-19,1135.2,-0.0007044734352637,0.4229469929107027,0.2830913935269059,-0.1433922786177105
2010-04-20,1140.2,0.0043948387516486,0.4286321074514221,-0.3966660907356392,-0.2651774809912146
2010-04-21,1146.1,0.0051611889051719,0.4353122858046748,-0.5089508848514281,0.203677889770534
2010-04-22,1141.1,-0.0043721650620194,0.4282904370836105,-0.954121169702578,0.0879248140394637
2010-04-23,1155.6,0.0126269801514462,0.4454681346773106,-0.3379819895526257,0.2368474923234391
2010-04-26,1153.1,-0.0021657218150096,0.4416958309332318,-0.1730635872459807,-0.3423038728897716
2010-04-27,1167.2,0.0121537504315054,0.4583400464336928,0.7601607442398155,0.482007146811616
2010-04-28,1165.3,-0.0016291536293583,0.4549836620750649,1.1032080048555404,-0.0090334850234327
2010-04-29,1166.4,0.0009435176751761,0.4555432048037049,1.2472991640733948,-0.1688485263879369
2010-04-30,1178.0,0.0098960029571383,0.4692503007096642,1.926377619677792,-0.0847317857584628
2010-05-03,1181.8,0.0032206147000421,0.4733314766776636,2.403008951425134,-0.1576718623299396
2010-05-04,1170.6,-0.0095222620544537,0.4583403739909192,1.7650226452415136,0.6051984169429885
2010-05-05,1174.5,0.0033260872418471,0.4619632749291465,1.42148377373778,0.2266942093689612
2010-05-06,1207.9,0.0280407895122652,0.5020315662921031,3.159888958776424,0.1086153511869194
2010-05-07,1207.4,-0.0004140272489068,0.4997765112248103,3.9414654425828672,0.0715143200137198
2010-05-10,1202.4,-0.004149727923561,0.4925927124357206,3.7861858183348094,-0.3877812328516553
2010-05-11,1232.1,0.0244004711918575,0.5284120827951855,5.257686401093604,-0.007245294293397
2010-05-12,1238.4,0.0051001932048401,0.5347380345042414,6.166366145385048,0.3689714844631706
2010-05-13,1232.2,-0.0050190342549924,0.5257715193517154,5.862871004565118,-0.1223687826325913
2010-05-14,1229.5,-0.002193606924223,0.5209418323970755,5.0255170006764125,0.1725271628518645
2010-05-17,1222.0,-0.0061187219247066,0.5102941359831701,3.5796671284000183,-0.0574678879483002
2010-05-18,1224.6,0.0021253993123133,0.5121905458246291,2.464617292881371,-0.0175378948859611
2010-05-19,1193.3,-0.025891681668244,0.4718847891881206,-0.553676898119285,0.3550294151574575
2010-05-20,1181.9,-0.0095992653574149,0.4564349723527171,-3.3354303585588063,-0.1072211462745014
2010-05-21,1177.0,-0.0041544847579182,0.4489399993980061,-5.400683623322209,0.083267777539393
2010-05-24,1191.1,0.0119084216265784,0.4651479969397168,-5.683739594583997,-0.2393600633774921
2010-05-25,1203.8,0.0106059702268152,0.4791822080323947,-4.911300904543136,0.3408361058874585
2010-05-26,1211.1,0.0060458174133343,0.4870052442597756,-3.85121265805353,-0.2991628187977387
2010-05-27,1212.1,0.0008253549494615,0.487538109603689,-3.0596764092569906,-0.396354792032265
2010-05-28,1213.9,0.0014839244272916,0.4887986977425331,-2.419929235511505,0.3732340490641097
2010-05-31,1215.7,0.0014817256579903,0.4905003082780945,-1.9033416091155144,-0.4711234911792015
2010-06-01,1225.0,0.0076208014170791,0.500709343209534,-1.0080577988316808,1.3005617977528088
2010-06-02,1222.9,-0.0017157567835031,0.4967987894637513,-0.6475706136612374,0.133058608058608
2010-06-03,1206.1,-0.0138330736061271,0.4749766585647562,-1.5778246400045255,-0.0147363883725315
2010-06-04,1217.4,0.009325423470627,0.4872452895801353,-1.4714522638863556,0.2247074264464617
2010-06-07,1239.8,0.0182326392079948,0.5130145363243945,-0.009188951495247,-0.0328868050904219
2010-06-08,1236.2,-0.002907918042646,0.5068743431156404,0.5670279568886372,0.0818385391416764
2010-06-09,1232.8,-0.002754153219267,0.5014564105090141,0.5691530636729105,-0.2490504033118518
2010-06-10,1216.0,-0.0137212214797936,0.4795920888064949,-0.6451167605050081,0.1513170981216789
2010-06-11,1226.2,0.0083531728024753,0.4907338262861964,-0.833598056587066,-0.1039095665909763
2010-06-14,1220.7,-0.0044954916528336,0.4833953563818147,-1.3692918584405245,-0.4812703134468131
2010-06-15,1233.7,0.010593319401665,0.4985854184167448,-0.910782104250659,-0.0898422980937715
2010-06-16,1228.7,-0.0040610842038933,0.4919540652198304,-0.9998027530925492,-0.0782918149466191
2010-06-17,1244.6,0.0128574932615918,0.5106694383817361,-0.0912703151134088,0.0221533008418255
2010-06-18,1255.3,0.0085603946890452,0.5231189179615731,1.063238471850875,-0.1198216607839495
2010-06-21,1233.2,-0.0177621708121673,0.4956289723164949,0.2157565018897536,0.3109610243421978
2010-06-22,1239.4,0.0050149745160119,0.5025174006956342,-0.0365599509142633,-0.0562412793817752
2010-06-23,1236.8,-0.0020999926948497,0.4988590401321338,-0.4641234565189034,-0.1896394859547366
2010-06-24,1242.9,0.0049199599183084,0.5056216783237404,-0.422843327786996,0.2290365588379763
2010-06-25,1254.2,0.0090505603574545,0.5187671499494573,0.2429505327044889,-0.1664287753354267
2010-06-28,1238.4,-0.0126776952734577,0.4989971699966707,-0.4647369357843072,0.2065068493150685
2010-06-29,1240.1,0.0013717976732639,0.5003687135092201,-0.8783293997343815,0.0995742265114958
2010-06-30,1241.9,0.0014504434452603,0.5019425828491214,-1.0775239552654732,-0.1270587020496669
2010-07-01,1198.2,-0.0358220343041623,0.4483282197015926,-4.033143756271839,0.4122308966169861
2010-07-02,1210.8,0.0104608674977389,0.4628554058907688,-4.959372203036082,-0.0744199681715386
2010-07-05,1208.5,-0.0019013770040258,0.4597575111841748,-5.504642817560852,-0.5463553685353604
2010-07-06,1192.1,-0.0136634634195819,0.439352697173115,-6.669835321960127,0.952323957709954
2010-07-07,1202.2,0.0084367538811057,0.4509971821417242,-6.456131545544297,-0.0775518545008685
2010-07-08,1197.7,-0.0037501606516005,0.4450521923471235,-6.306388061066459,-0.0623615418697386
2010-07-09,1209.3,0.0096386288377685,0.4585861665571837,-5.162745527847847,-0.1272888363851152
2010-07-12,1196.3,-0.0108082196143713,0.4424238418707601,-5.014245545814084,0.0697123519458544
2010-07-13,1211.8,0.0128733973340301,0.4606816586809455,-3.667034351511102,-0.1319835495096488
2010-07-14,1208.0,-0.0031407580161283,0.4556111376854929,-2.862440227848478,0.1403163495881623
2010-07-15,1207.8,-0.0001655766209595,0.4548000490591689,-2.203858455279576,0.1653669138327793
2010-07-16,1192.4,-0.0128324400698843,0.4357318452262178,-2.636323791233988,-0.0422357522900553
2010-07-19,1182.4,-0.008421811609979,0.4231846886774352,-3.379341670380947,0.0184983677910772
2010-07-20,1191.6,0.0077506706451896,0.4337208624885765,-3.0450562936583605,0.0493702204228521
2010-07-21,1184.6,-0.0058917769962624,0.4247713933322317,-3.07996775341861,-0.0152180902368449
2010-07-22,1194.3,0.0081550748315165,0.4359520974905936,-2.271679666067492,-0.0920121884862334
2010-07-23,1186.7,-0.0063838940032877,0.4262855587263627,-2.0761302018214387,0.0993587822856114
2010-07-26,1183.0,-0.0031227606927066,0.4213812002156466,-2.0212636522867653,-0.1164895066775688
2010-07-27,1161.1,-0.0186857533454264,0.3946807712023715,-3.2143252361600627,-0.0911895360315893
2010-07-28,1162.8,0.0014630580517605,0.3963623081440215,-3.61359877449946,-0.0501697216564833
2010-07-29,1167.6,0.0041194702952388,0.4017633000438959,-3.28833988508214,-0.0054320634693731
2010-07-30,1180.3,0.0108182834550637,0.4165837614511595,-2.0143543790004763,0.1272008623787279
2010-08-02,1182.2,0.0016084659552457,0.418436232997757,-0.8971494830115461,-0.0132610774625437
2010-08-03,1185.6,0.0028718661515532,0.4221063242386975,0.1609939180480637,-0.052206499967694
2010-08-04,1194.3,0.0073112641325587,0.4320870811674273,1.4645157732435568,0.0779875928829505
2010-08-05,1194.5,0.0001674480914829,0.4319815546100107,2.3077152499650038,-0.2406880414848542
2010-08-06,1204.7,0.0085028855069428,0.4438229307582166,3.4511085562138906,0.0875322728408427
2010-08-09,1200.8,-0.0032425719535548,0.4388063159596722,3.815024138291968,-0.110736713126053
2010-08-10,1203.7,0.0024121450664369,0.4418238379679093,4.096566029947196,0.3436961763692732
2010-08-11,1197.7,-0.004997095432228,0.4341291047340085,3.7344046864928586,0.1223482663590336
2010-08-12,1213.4,0.0130232855547364,0.4524621915665036,4.364099563113331,-0.1150639561443581
2010-08-13,1214.3,0.0007414425515756,0.4530947179890324,4.628012966902148,-0.0579466993611667
2010-08-16,1224.6,0.0084464809840807,0.4650377474016485,5.238164715345931,-0.1630933625590793
2010-08-17,1224.3,-0.0002450079639844,0.4643043993594018,5.344940714161248,-0.0273367163201833
2010-08-18,1228.8,0.0036688313135379,0.4692713867217433,5.4247557560885244,0.1032480646247056
2010-08-19,1231.5,0.0021948551671848,0.4720624681185107,5.356252245617448,0.0372969262451376
2010-08-20,1226.9,-0.0037422757634553,0.4661260115736261,4.720299678931366,0.0192647058823529
2010-08-23,1225.6,-0.0010601428108104,0.4642464744858325,3.9618584943439465,-0.2512624440917617
2010-08-24,1229.9,0.003502345262038,0.4688819672818,3.514751597684361,0.5404181520377687
2010-08-25,1239.6,0.0078558816652282,0.4799229007125443,3.62282563824536,0.0471603702777083
2010-08-26,1237.0,-0.0020996535211052,0.4763323972393334,3.2799964974152545,-0.1056026759049097
2010-08-27,1237.4,0.0003233107044006,0.4763030942925122,2.856498863956313,0.0466141311606784
2010-08-30,1236.5,-0.0007275961354176,0.4748823242345359,2.3151667261841062,-0.3116385911179172
2010-08-31,1246.9,0.0083756630410696,0.4867792168442079,2.4442185969736023,0.4303856136447905
2010-09-01,1243.7,-0.0025696633428452,0.4824636879955901,2.113197968000943,-0.0213855226492126
2010-09-02,1250.4,0.0053726924475714,0.489951382917695,2.1381439237892863,-0.0108602079332494
2010-09-03,1246.3,-0.0032843382749357,0.4845965997800018,1.6907910987279475,-0.0467965454910624
2010-09-06,1249.4,0.0024842742271384,0.4880830177134424,1.4264950466446216,-0.5641944093271527
2010-09-07,1255.2,0.0046314863593531,0.4945278765765368,1.4598466907894387,1.2157937147461726
2010-09-08,1254.6,-0.00047812575618,0.4933431657531513,1.266249461901353,0.0088006400465487
2010-09-09,1243.1,-0.0092085368649731,0.4791503878029884,0.2420551884969537,0.1077865897620764
2010-09-10,1245.2,0.0016878997697833,0.4812407440991612,-0.3816827296762053,-0.1821672632606573
2010-09-13,1245.1,-8.031160908631549e-05,0.4806670563849668,-0.8612539184221681,0.1128441827152633
2010-09-14,1267.7,0.0179883869863142,0.5070209443651806,0.2252996605862289,0.0832379862700229
2010-09-15,1267.7,0.0,0.5064625053415004,0.7937182633086515,0.0590837074201213
2010-09-16,1274.7,0.0055066218441945,0.5142091302333291,1.4524970606648164,0.0092252072555008
2010-09-17,1274.3,-0.0003138485706421,0.5131941950192912,1.657816357449649,-0.0621950466308443
2010-09-20,1277.7,0.0026645783790441,0.5166858042313816,1.806881471122427,0.0054004214963119
2010-09-21,1286.7,0.0070192145936669,0.5266501794193997,2.26613398207909,0.2984409799554566
2010-09-22,1290.8,0.0031813799868622,0.5305157084344095,2.5778596383785324,0.3640399556048834
2010-09-23,1291.8,0.0007744134205656,0.530498210885494,2.577066924845443,0.2071528959242548
2010-09-24,1295.7,0.0030144950363929,0.533677148535927,2.5596328752038997,0.1896504182113423
2010-09-27,1296.4,0.0005401026326272,0.5335125911406404,2.322631834876958,-0.3104123206881455
2010-09-28,1308.4,0.0092138243968365,0.5461804228077746,2.6762802980352127,0.5185987451449059
2010-09-29,1309.2,0.0006112469627965,0.5456041293928856,2.660739971467617,-0.0176577640057056
2010-09-30,1307.7,-0.0011463947145687,0.5430753334797613,2.261768922085338,-0.4961195673943521
2010-10-01,1318.7,0.0083765339011968,0.5548907017063006,2.435951414445455,0.5009688478163661
2010-10-04,1314.7,-0.0030379001110947,0.54909409463631,1.9974275255873517,-0.066964581264482
2010-10-05,1340.1,0.0191357353236239,0.5775966002154025,3.0695460688276484,0.2586653421790186
2010-10-06,1348.4,0.006174466333723,0.5857960660013734,3.934025629193535,0.0691978127290151
2010-10-07,1333.0,-0.0114866631811971,0.5658352670749002,3.1015985780307034,0.2088155431945799
2010-10-08,1346.9,0.0103736144260605,0.5806665355840089,3.112008918157344,-0.1936363239848213
2010-10-11,1353.6,0.0049620542471895,0.5872285725287146,3.183567602132541,-0.1469912102772143
2010-10-12,1349.9,-0.0027371942371772,0.5812558078901644,2.61874196069434,0.2689600507292327
2010-10-13,1371.7,0.0160203308695799,0.6051061861264351,3.3060338310592456,-0.0117932188991329
2010-10-14,1380.6,0.0064673407850138,0.6134525256445111,3.9113167416440575,0.1923086647619529
2010-10-15,1368.4,-0.0088760131659254,0.5973539367370446,3.078000706075961,-0.0830205483809403
2010-10-18,1360.6,-0.0057163951924893,0.5878132108939513,1.660464859499008,-0.7557698533832847
2010-10-19,1368.3,0.0056433144748041,0.5965688252781831,0.9364501789260232,-0.4812044313985418
2010-10-27,1334.3,-0.0251622836373894,0.5568945000595309,-1.978255765178563,-0.98941412666545
2010-10-29,1340.0,0.0042628041965821,0.5635453632392179,-3.575180751999316,-0.9827586206896552
2010-11-01,1362.4,0.0165782364035214,0.5894089103746785,-3.188529171977784,6620.0
2010-11-11,1409.1,0.0337033523525803,0.6428695755673355,-0.020842609134565,2.306600211448422
2010-11-12,1368.2,-0.0294551953741613,0.5941262700633656,-0.866492406542708,0.1340154387247065
2010-11-15,1360.1,-0.0059377808881899,0.5833778098230443,-2.088099038873093,0.2868248278084344
2010-11-16,1339.3,-0.0154111370456311,0.5579134583816928,-4.287034623958505,0.0120195317390761
2010-11-17,1335.6,-0.0027664603235769,0.5525915431907696,-5.882216155315611,-0.1672337003587777
2010-11-18,1352.8,0.0127958895148711,0.5715333524029718,-5.668158356411627,-0.0005571030640668
2010-11-19,1353.2,0.0002956393221829,0.5709855642386862,-5.39054353231516,-0.041954663693794
2010-11-22,1366.4,0.0097073861277521,0.5853404091430389,-4.258493187976988,-0.063845467592413
2010-11-23,1375.9,0.0069285183994652,0.5951284164666364,-2.876662551138242,0.2423865755127408
2010-11-24,1372.9,-0.0021827715302115,0.5907545562750992,-2.201876613235996,-0.2743038185759546
2010-11-25,1374.3,0.0010192196572468,0.5919198370732571,-1.719809745797658,-0.4873621323529411
2010-11-26,1362.7,-0.0084764848050309,0.5777434703102621,-2.209516035243551,0.667324069923801
2010-11-29,1365.8,0.0022723117712136,0.5803033051047685,-2.3394841080526483,0.393515780418302
2010-11-30,1385.7,0.0144650895776805,0.6023537377247951,-1.1596931851742198,-0.0936800679064743
2010-12-01,1387.4,0.0012260648465315,0.6032196921805817,-0.3796555938674935,0.1105576841209026
2010-12-02,1384.7,-0.0019479822905327,0.5989304571537953,-0.1709989146713368,0.0693832176946371
2010-12-03,1413.1,0.0203023629280322,0.6306570060635321,1.6537082362350972,-0.1277556726529733
2010-12-06,1423.2,0.0071219847629248,0.6411858628496689,3.2240379672285986,0.0210413841285497
2010-12-07,1401.7,-0.0152220716826133,0.6151078798490325,2.528623168863227,0.1842624270476958
2010-12-08,1381.5,-0.0145159203055408,0.5905160113028803,0.5267381063841903,0.0926486082316555
2010-12-09,1386.5,0.0036127206923615,0.5952053452296238,-0.5820704986609577,-0.1912345640610905
2010-12-10,1386.2,-0.0002163955719483,0.5939416989712334,-1.4098974644832918,-0.1303026806661282
2010-12-13,1393.6,0.0053241366143539,0.6015349303420391,-1.5236050719813878,-0.0194578339892982
2010-12-14,1395.6,0.0014341032143808,0.6028439877097388,-1.5248985402577269,0.0670635457538446
2010-12-15,1380.4,-0.0109511180887705,0.5843996417774093,-2.549853463584274,0.0380388841927303
2010-12-16,1369.6,-0.0078545858363708,0.5710454228781024,-3.876080371956645,0.0067589576547231
2010-12-17,1374.1,0.003280244950251,0.5752801652778291,-4.336371090295984,-0.0326377092938606
2010-12-20,1384.5,0.0075400922732878,0.5864229017619216,-3.843372897247992,-0.1794389397550064
2010-12-21,1385.2,0.0005054699172503,0.5865527013886543,-3.38898697750232,-0.141845417027564
2010-12-22,1384.9,-0.0002165986795948,0.5856274001278807,-3.038715620342732,-0.1332304221338242
2010-12-23,1379.4,-0.0039793128514812,0.5788024816323558,-3.096989061600757,-0.0760326049729434
2010-12-24,1384.6,0.0037626672467339,0.5847301478515324,-2.7183680102186303,-0.9548521017125065
2010-12-27,1383.2,-0.0010116338748441,0.5825338796573378,-2.5007587666897546,23.8752052545156
2010-12-28,1405.3,0.0158511477376185,0.606713193276765,-0.890061206338145,0.7761568420357778
2010-12-29,1411.2,0.0041896031458275,0.6121715174536358,0.4775441704109653,0.1410785297506225
2010-12-30,1402.9,-0.0058988835278002,0.601720402782284,0.7137926962737762,-0.237240660521773
2011-01-03,1414.3,0.0080931863017274,0.6137110803795254,1.4841252271857952,0.0328792860497886
2011-01-04,1380.1,-0.0244787487324598,0.5737729533062313,-0.364638930334892,-0.034106412005457
2011-01-05,1377.8,-0.0016679361348988,0.5702656720445497,-1.7214723180905036,-0.0002568053415511
2011-01-06,1371.2,-0.00480175531558,0.5618567859620698,-2.9693379521779306,0.018280674715301
2011-01-07,1368.6,-0.001897949325118,0.5580352152715878,-3.8214511536845466,-0.0151776329619508
2011-01-10,1375.1,0.0047381362105016,0.564685783085883,-3.7913946144547808,-0.1402834699453552
2011-01-11,1381.0,0.0042814186803931,0.570624134445119,-3.239636028695594,0.0162379580891847
2011-01-12,1387.3,0.0045515376773877,0.5770167882751063,-2.356897952676168,-0.01299780112387
2011-01-13,1372.8,-0.010506962352982,0.5597317375074438,-2.635018493121894,0.0645576513688797
2011-01-14,1359.4,-0.0098090238211598,0.5436419410363474,-3.5499580161424578,0.1248197925870808
2011-01-17,1361.1,0.0012497704254899,0.5451400102901917,-3.844342902495921,-0.49679579939637
2011-01-18,1367.7,0.0048373005494777,0.5518824148616839,-3.412875434725104,0.7058581874948648
2011-01-19,1369.5,0.0013152128156274,0.5532085703839832,-2.8476221639681696,-0.0501878431750313
2011-01-20,1345.4,-0.0177543431116273,0.5251080976972125,-3.8745332402021866,0.1362576064908722
2011-01-21,1342.6,-0.0020833340868543,0.5211590860720254,-4.4774026239665,0.0361047886821082
2011-01-24,1333.9,-0.0065010503576526,0.5106423608097084,-5.149206790910968,-0.1342608545830461
2011-01-25,1326.8,-0.0053369540741011,0.5022124038985396,-5.715156513966759,-0.3914125080849794
2011-01-26,1345.1,0.0136983316416385,0.5223230642298691,-4.551096043943254,0.5134074558534991
2011-01-27,1313.4,-0.0238491649576635,0.4857718519832401,-5.54423099652883,0.1762640449438202
2011-01-28,1334.6,0.0160124267126338,0.5089228908978609,-4.448801633015004,0.2003214695752009
2011-01-31,1332.5,-0.0015747444295065,0.505770667180187,-3.578536683861497,-0.0682939893637372
2011-02-01,1341.0,0.006358727241679,0.5146741256015316,-2.210397708715343,-0.10590505913272
2011-02-02,1334.5,-0.0048589144370996,0.5067117173805088,-1.5541480590887264,-0.1069673448766821
2011-02-03,1354.0,0.0145064846276413,0.5280437290350609,0.2843029389135658,0.0668072413083726
2011-02-04,1348.9,-0.0037737289965861,0.5217068164737416,1.196797685999158,-0.1558115990936701
2011-02-07,1350.7,0.0013335310910843,0.5232330732851775,1.9187006476236887,-0.1288904117411912
2011-02-08,1363.2,0.0092119005083328,0.5367699544935198,3.1617769203209463,0.0770289760062934
2011-02-09,1363.2,0.0,0.5362124003824388,3.861423288409004,-0.0079128370564246
2011-02-10,1363.2,0.0,0.5356186668040198,4.174980736788885,0.0731333210626419
2011-02-11,1356.1,-0.0052219439811518,0.5269964245374973,3.767486891791625,0.0604882511005659
2011-02-14,1361.3,0.0038271924245277,0.5323193398742806,3.7057839661435015,-0.1506280662030298
2011-02-15,1373.3,0.0087764770178086,0.5452785009957494,4.289564541679933,0.0028562361155188
2011-02-16,1373.9,0.0004368083936664,0.5453256180491584,4.51002077544251,0.1367088607594937
2011-02-17,1383.7,0.0071076597454361,0.555830021872397,5.0680389279746105,-0.1891982182628062
2011-02-18,1387.2,0.0025262563509388,0.5591634403994328,5.3947797499668,0.1466831479192418
2011-02-21,1406.0,0.0134614663443328,0.5798149784361323,6.5235465900686895,-0.2358366271409749
2011-02-22,1398.6,-0.0052770571008437,0.5706681473438046,6.408944703259476,0.75282131661442
2011-02-23,1411.1,0.0088978057939486,0.5839719352386381,6.776395235351046,-0.1350263793257623
2011-02-24,1402.0,-0.0064697534691795,0.5729003433983568,6.032818206700437,0.1866018815258967
2011-02-25,1408.1,0.0043414893287305,0.5790236799906157,5.588128640723616,-0.1648806412266945
2011-02-28,1410.7,0.0018447571571907,0.5812558042928265,5.117989008905139,-0.0580564394136977
2011-03-01,1433.0,0.0156841137477152,0.6055445783576168,5.9020863102299455,-0.0075312880717687
2011-03-02,1433.5,0.0003488574952526,0.6053880283701687,6.026534226651254,0.0002231893761857
2011-03-03,1415.5,-0.0126361807714702,0.5843942056631429,4.536640451556083,0.2127077987281045
2011-03-04,1427.9,0.0087220078842953,0.5975908753872853,4.042728331637319,-0.1933391600349602
2011-03-07,1431.7,0.0026577159300322,0.6009484033323864,3.640923802829965,0.2842153284671533
2011-03-08,1428.4,-0.0023076126459884,0.596455063163665,2.856509970125776,-0.0879662522202486
2011-03-09,1430.3,0.0013292757405608,0.5978894182917103,2.1987455952231283,-0.1417303666196017
2011-03-10,1411.4,-0.0133020928941243,0.5759464548610326,0.3224249489198634,0.2556727932834128
2011-03-11,1416.7,0.0037481038185754,0.5810278628784592,-0.6756507394780993,0.0088999322340184
2011-03-14,1425.9,0.0064729699027681,0.5904919432636325,-0.8205098922714562,-0.0623320795271359
2011-03-15,1395.4,-0.0216220807829372,0.5554307998702944,-2.954686839485804,0.3918815663801336
2011-03-16,1398.4,0.0021476133961347,0.5579057755241815,-4.079226491749331,-0.1595416180607973
2011-03-17,1403.3,0.0034978798558189,0.5625013659271547,-4.381443877106388,-0.0056335728282168
2011-03-18,1418.3,0.0106323655434719,0.5784289676100628,-3.4978582604356667,-0.1385581739059036
2011-03-21,1427.2,0.006255511525183,0.587708807265448,-2.29866873576564,-0.2167945479674021
2011-03-22,1427.2,0.0,0.5870941938135048,-1.5272663692314232,-0.0101618595594499
2011-03-23,1436.9,0.006773532409416,0.5973229903289979,-0.4419186045162391,-0.1104690477654146
2011-03-24,1429.9,-0.0048835034963593,0.5888300685747069,-0.2814394334976153,0.2858327574291637
2011-03-25,1429.5,-0.0002797789764351,0.5876880556962117,-0.2872245240549596,-0.0096742986133505
2011-03-28,1419.8,-0.006808716157081,0.5763058958431978,-0.989767199401907,-0.1025724519700422
2011-03-29,1418.0,-0.0012685885132126,0.5737858224843329,-1.5857801587027538,-0.1363691340106434
2011-03-30,1422.4,0.0030981576675674,0.5780373846905316,-1.6844945421967346,0.2009663188852322
2011-03-31,1431.6,0.0064471141322304,0.5875720912851256,-1.1561729514242105,0.040930557984957
2011-04-01,1427.1,-0.0031482867855252,0.5819334817049848,-1.1341996927609337,-0.0203887301854029
2011-04-04,1433.4,0.0044048314534734,0.5884109965597045,-0.7389317938393027,-0.233060781062382
2011-04-05,1455.4,0.0152315323531672,0.6120773230849116,0.8732108542323171,0.3539849399835979
2011-04-06,1459.2,0.0026075634070807,0.6155756580946423,2.000084133088164,-0.0211992731677771
2011-04-07,1457.6,-0.0010970928143732,0.6131064805336278,2.414553432271872,-0.0165391539153915
2011-04-08,1473.1,0.0105777763151987,0.6295278453961651,3.4465533486102675,0.0228806772680472
2011-04-11,1462.7,-0.0070849809278499,0.6172267287829188,3.150777466186664,0.102505312604854
2011-04-12,1452.5,-0.0069978331669763,0.6050047213259704,2.043864770475258,0.2221151407557697
2011-04-13,1456.7,0.0028873937288358,0.6088335280351196,1.4008894048533111,-0.1433136880551174
2011-04-14,1473.8,0.0116704958779967,0.6267719597788752,1.9024617538275663,0.1351678697737512
2011-04-15,1487.1,0.0089838153617389,0.640566198933527,2.8482779677219003,-0.0949169903119798
2011-04-18,1494.7,0.0050976030971311,0.6478995432324423,3.6527038954983606,0.1678690998255292
2011-04-19,1495.8,0.0007356629657982,0.6481438646599943,3.903199728877471,-0.0832559454112327
2011-04-20,1501.8,0.0040032079082162,0.6537979976540444,4.097181875975302,-0.0228143580709094
2011-04-21,1504.4,0.0017297589303978,0.6557787714666746,4.019255111423213,-0.0836976607923558
2011-04-22,1504.5,6.64694739185238e-05,0.6558877475858033,3.6062813036107,-0.99877029021151
2011-04-25,1506.6,0.0013948393214943,0.6571288351754064,3.1243711525031586,979.68
2011-04-26,1505.8,-0.0005311379755723,0.6552758509098209,2.4323232644540447,-0.0772117306358852
2011-04-27,1526.4,0.0135877032780003,0.6767733642318688,3.004997656751073,0.1333539603960396
2011-04-28,1535.7,0.0060742814376251,0.68570625014839,3.612366336035258,0.0926640926640927
2011-04-29,1561.6,0.0167246335271806,0.7129902730895775,5.260781358252352,-0.148338508762537
2011-05-02,1544.8,-0.0108164845445232,0.692795017338451,4.738286790582915,0.5654834248355056
2011-05-03,1535.5,-0.0060383912334276,0.680891778607688,3.3503311426788684,0.0053006371472934
2011-05-04,1515.8,-0.0129127085029483,0.6577786273500309,0.821340398921869,-0.0552833404345973
2011-05-05,1473.8,-0.0280992530450298,0.6100552394236202,-3.715261067688864,0.2697316495659037
2011-05-06,1490.4,0.0112004409544798,0.6264843023550394,-5.524194965034539,-0.0529026529026529
2011-05-09,1508.8,0.0122700925918141,0.6456292258236107,-5.401189817019702,-0.4696451174347194
2011-05-10,1511.3,0.0016555746968819,0.6476275930240478,-5.076121286926892,-0.2311500044196941
2011-05-11,1496.2,-0.0100416471377703,0.6303176038910713,-5.753065349047677,0.1909059553920442
2011-05-12,1500.9,0.0031363677239646,0.6344285046479848,-5.745862822179053,0.21320654534923
2011-05-13,1488.7,-0.0081616722792575,0.6202530256783996,-6.375650570692374,-0.1096124771226227
2011-05-16,1484.3,-0.0029599752522923,0.6147638159018396,-6.859367793720562,-0.203360293131954
2011-05-17,1481.8,-0.0016857156481627,0.6113225245959075,-7.089286137132305,0.0496971056764639
2011-05-18,1492.2,0.0069939760548574,0.6219945737906107,-6.308669779848367,-0.134658544405258
2011-05-19,1488.3,-0.0026170120623011,0.6171765514454537,-5.833804906887117,-0.0857107570705199
2011-05-20,1508.2,0.0132823577934338,0.6381434838342768,-4.043315521925484,0.0975955693637713
2011-05-23,1512.1,0.0025825263500767,0.6416385472033845,-2.5339456800569726,0.112854593563473
2011-05-24,1521.7,0.0063287178074455,0.6514822617057359,-0.9103637243047392,-0.2343931434890793
2011-05-25,1520.4,-0.0008546728109751,0.649512214923472,0.0061556902737525,-0.0369781886465405
2011-05-26,1514.2,-0.0040862114458874,0.6421900166335094,0.1187359571638646,0.0798710064496774
2011-05-27,1531.5,0.0113604006036236,0.6604878110419936,1.220965574002571,-0.2397388707549135
2011-05-30,1533.7,0.0014354693839041,0.6626827785369,1.9192779816665464,-0.5946834749246369
2011-05-31,1530.8,-0.0018926421051869,0.658997935917911,1.9979717092601772,1.8559837728194728
2011-06-01,1534.9,0.0026747577678152,0.6628056187404175,2.1263450620083333,0.1671401515151516
2011-06-02,1528.6,-0.0041129485105787,0.6553600073402923,1.6105770238558694,-0.005814739688979
2011-06-03,1536.3,0.0050246443278306,0.6630309277067666,1.6078875164293225,0.0637241566920565
2011-06-06,1539.6,0.0021457142729766,0.6661020913609355,1.6424642588124063,-0.2605332139888754
2011-06-07,1539.2,-0.0002598414981489,0.6651495817253945,1.4587173302304866,0.0435759986166348
2011-06-08,1532.6,-0.0042971613751382,0.6574680821604976,0.7487674444101007,0.0571665285832643
2011-06-09,1539.1,0.0042321904496044,0.6639959782742065,0.5805252889351493,-0.0818965517241379
2011-06-10,1526.5,-0.0082202968109757,0.6498951245544504,-0.4596059374642447,-0.0244131455399061
2011-06-13,1510.9,-0.0102720334291371,0.6324795931230484,-2.182100401150329,0.2016799370023623
2011-06-14,1518.9,0.0052808888981778,0.6406119766744118,-2.73092060201704,-0.0825688073394494
2011-06-15,1525.8,0.0045324740121556,0.6474333299381466,-2.5793095607243366,0.2199999999999999
2011-06-16,1524.7,-0.0007211932782674,0.6456574862569006,-2.501292030076158,-0.0688914910226385
2011-06-17,1533.9,0.0060158423762019,0.6550911816125827,-1.8104684062132383,-0.1689373297002725
2011-06-20,1535.7,0.001172791377584,0.6565977275205394,-1.2398881995779734,-0.1299705758722151
2011-06-21,1541.3,0.0036399130210268,0.6622207437215629,-0.5292519161121039,-0.0495700067639385
2011-06-22,1544.0,0.0017502354320474,0.6646274378290236,0.0480511218260391,0.1983529890199267
2011-06-23,1516.3,-0.0181032947778279,0.6340916251191165,-1.4286462129181663,0.4060405531517774
2011-06-24,1495.8,-0.0136119760493264,0.611386042105175,-3.652596921054407,-0.0416943220901466
2011-06-27,1493.0,-0.0018736622183767,0.6078508885846559,-5.090430739104258,-0.135247449943332
2011-06-28,1496.4,0.0022747049348007,0.6110833832119835,-5.55289645840058,-0.1780253385757972
2011-06-29,1507.4,0.0073240889353784,0.622302192140947,-4.882106712946267,0.4281158650013288
2011-06-30,1495.0,-0.0082601055845828,0.6083117040990087,-5.018384328462844,0.0524128520034734
2011-07-01,1482.8,-0.0081940145482095,0.594477454749781,-5.629170786786744,0.1405669829669358
2011-07-04,1491.4,0.0057830838331172,0.6034675183305996,-5.165114333301608,-0.6406056221579165
2011-07-05,1510.7,0.0128578434399848,0.6236363106324562,-3.357072428760948,1.1699496764917328
2011-07-06,1523.9,0.0086997187461358,0.6370877001623203,-1.1830633272639748,0.2231645905115293
2011-07-07,1527.4,0.0022941051584687,0.6401095731011103,0.4900268754428154,-0.0057421451787649
2011-07-08,1538.0,0.0069159276113055,0.6507660869157185,2.2134332064574607,-0.0343794268279393
2011-07-11,1548.7,0.0069329982565395,0.661584984714879,3.879369808617043,-0.1064718162839248
2011-07-12,1562.8,0.0090632148587867,0.6757113752043331,5.630092537059387,0.4708259661530689
2011-07-13,1577.4,0.0092988377829751,0.6903637223848322,7.361258500684872,-0.032328696548171
2011-07-14,1582.4,0.003164759904557,0.6945621135300255,8.35998871276893,0.1411775145303695
2011-07-15,1588.6,0.0039104433305839,0.7002818509631736,8.904814388637389,-0.2086621826523074
2011-07-18,1599.9,0.0070880020756345,0.7114715737078873,9.44175504480688,-0.0405325734499361
2011-07-19,1583.6,-0.0102403910426908,0.6929886632756734,8.162719015953279,0.1846484715039171
2011-07-20,1595.6,0.0075491047992759,0.7048386407955624,7.599948562635397,-0.0695915279878971
2011-07-21,1585.8,-0.0061608291929529,0.6931513029542717,6.107073961479447,0.2561207897793263
2011-07-22,1597.8,0.0075386712096429,0.7051912401218172,5.486792867353827,-0.3722168799467416
2011-07-25,1609.2,0.0071094780276917,0.7163508679550781,5.39515652931037,0.268763991987746
2011-07-26,1614.4,0.0032262095237113,0.7211556953088762,5.231702042362564,-0.2676913075780089
2011-07-27,1608.7,-0.0035369712030823,0.7142349597848915,4.324265242500104,0.142730327816879
2011-07-28,1611.1,0.0014907761006786,0.7160108733405545,3.505151280478618,-0.0676395516590833
2011-07-29,1620.9,0.0060643750211889,0.725548227775548,3.2485974329925185,0.1315241325953697
2011-08-01,1614.6,-0.0038943025572147,0.7176630740819954,2.3232257451791405,0.3248303792142217
2011-08-02,1656.4,0.0255593247104971,0.7609633243633724,4.09149603339867,-0.0687601730914287
2011-08-03,1656.9,0.0003018139038393,0.7602626423911546,4.810398414488166,0.0348296883659462
2011-08-04,1641.6,-0.0092770105988013,0.7421283975656544,3.814608310927341,0.5593639284831506
2011-08-05,1656.2,0.0088544456231493,0.7559652129866492,3.6957370239865313,-0.1237979499101764
2011-08-08,1714.6,0.0346539956450558,0.8152406482259478,6.919523234815248,0.4486823855755895
2011-08-09,1735.4,0.0120581171147337,0.8326315079045946,9.6541110543109,0.6618935625533331
2011-08-10,1788.2,0.0299715929418283,0.8845513927701016,13.958888757523267,-0.2181617803604303
2011-08-11,1759.0,-0.0164640615636595,0.8489885840827354,13.757303935586066,0.2904099056528215
2011-08-12,1740.9,-0.0103432448728858,0.8273060177041376,11.418806184994466,-0.4170111346963095
2011-08-15,1761.0,0.0114796086315338,0.8465100254448888,10.275329714627816,-0.29839241988715
2011-08-16,1780.7,0.0111247159110625,0.8652296925054442,9.891865736946258,-0.0140208187915389
2011-08-17,1786.4,0.0031958761186794,0.8696331160217696,9.088871824764766,-0.200437071008649
2011-08-18,1818.8,0.0179745214249073,0.9016348226811532,9.74823519159856,0.1669553836085768
2011-08-19,1843.5,0.0134889957233438,0.923275786510742,10.775996641852224,1.0866266411559016
2011-08-22,1892.6,0.026285606399933,0.9702075582444906,13.513376241263096,-0.0295317292187055
2011-08-23,1823.5,-0.0371938138253973,0.892966794934791,9.604765832675156,0.3391327012673899
2011-08-24,1754.0,-0.0388588373166065,0.8162169086890652,1.688055187882469,-0.0135273222714222
2011-08-25,1769.8,0.0089676519011214,0.8270392928420822,-2.8860486769989606,0.2642430819316332
2011-08-26,1817.4,0.0265403624279968,0.8712138850560351,-3.089309688217071,-0.1693815840811549
2011-08-29,1783.4,-0.0188852535604675,0.8323054532744139,-5.742836003814212,-0.190957665433621
2011-08-30,1830.6,0.0261221272498998,0.8773661039533224,-4.597955521557296,-0.1546288501175718
2011-08-31,1820.6,-0.0054776648794905,0.8640851960157637,-4.772214472145329,-0.113528270462389
2011-09-01,1821.2,0.0003295073894386,0.862370760297365,-5.076805442554502,-0.2237502179007922
2011-09-02,1876.8,0.0300725744385839,0.9167440464528392,-1.925576259548258,-0.0067120792474486
2011-09-05,1894.9,0.0095978677763578,0.933254481041659,0.8377277889618284,-0.2343498794212218
2011-09-06,1870.3,-0.0130672208866144,0.902832896346844,0.4861073180613715,1.7774861379966531
2011-09-07,1812.8,-0.0312262345152125,0.839245394665727,-3.9001640458875215,0.0623826117772134
2011-09-08,1865.4,0.0286028960190213,0.8882707394452426,-3.5501267834469985,-0.1820739192314534
2011-09-09,1850.7,-0.0079115614090605,0.8681697676197594,-4.5366498811106695,0.2203749269313903
2011-09-12,1810.1,-0.0221818535311955,0.8229236377241055,-7.951725498207303,-0.1266541906162277
2011-09-13,1828.8,0.0102779216880389,0.8383323018177092,-8.90743582334423,-0.1955689905869748
2011-09-14,1815.1,-0.0075194514406142,0.8215287868638317,-10.318954174485931,-0.1011590480267643
2011-09-15,1783.7,-0.0174507040356742,0.7869104585217428,-13.048223707167182,0.0885004145425039
2011-09-16,1802.4,0.010429251553777,0.80345850848415,-13.23335683406988,-0.3003759764042394
2011-09-19,1773.9,-0.0159385976231407,0.7723086245862604,-14.796201800648909,0.2389103796530078
2011-09-20,1798.7,0.0138836692390312,0.7945156991711425,-13.705437923647455,-0.033859960736655
2011-09-21,1777.4,-0.0119125594295502,0.7704647286175746,-13.919379913911351,0.1135774277199366
2011-09-22,1735.5,-0.0238560660025339,0.7251484844941378,-16.22278986499112,0.3975288045461655
2011-09-23,1638.1,-0.0577585226912553,0.6240463850849357,-23.219994620594576,0.4240592902086597
2011-09-26,1621.9,-0.0099387321169417,0.6030914439274956,-27.55745662347847,0.3053789731051344
2011-09-27,1646.0,0.0147498007433713,0.6239725168870599,-27.36580560143344,-0.4384716238996067
2011-09-28,1604.4,-0.0255982473411172,0.5799774573956302,-28.47588924844852,0.077897169541599
2011-09-29,1609.8,0.0033600927637356,0.5828234774434554,-27.279350037028944,-0.1366665561486688
2011-09-30,1618.3,0.0052662678632062,0.5891417879862302,-24.439778952688524,-0.190022658320212
2011-10-03,1653.8,0.0216994547652265,0.6219472985979733,-18.94046220665909,-0.0453748044189464
2011-10-04,1619.1,-0.0212052309953595,0.5857982228499892,-16.499182534105636,0.0850799642395947
2011-10-05,1636.2,0.0105060407868912,0.6003988922829608,-12.759237209450715,0.0186295601226713
2011-10-06,1646.4,0.0062146060001872,0.6082020273562596,-8.812628525091355,-0.0157874239837032
2011-10-07,1631.9,-0.0088461059428961,0.5920435468248322,-6.4995855325757645,-0.063310403603823
2011-10-10,1672.2,0.0243951445790686,0.6294885176255547,-1.819661556703771,-0.1098654708520179
2011-10-11,1657.5,-0.0088296816559399,0.6133445538629291,0.5926240842045303,-0.0169933924725295
2011-10-12,1671.5,0.0084109838001356,0.6253841235934696,3.287358190206568,-0.1427351220870857
2011-10-13,1663.0,-0.0050982266672256,0.6156237558720955,4.574473117342521,-0.0367787211921677
2011-10-14,1674.7,0.0070108445475049,0.6258288573917451,6.190537581505183,-0.2328536091747245
2011-10-17,1665.8,-0.0053285562391924,0.6159105379836778,6.599311111023972,0.1071376227465923
2011-10-18,1652.9,-0.0077741675779323,0.6017793069033841,5.9596376677405445,0.3292560232989145
2011-10-19,1635.8,-0.010399339622434,0.5837727276657813,4.414733304815179,-0.0909453053419909
2011-10-20,1615.8,-0.0123017912552654,0.5623963215728325,2.1883008829518147,0.4894390885188431
2011-10-21,1634.9,0.0117514503357586,0.5795189497459182,2.1416962186087467,-0.3462296625378799
2011-10-24,1648.6,0.0083448024977603,0.5914969372112614,3.114311712395253,-0.0950902299626479
2011-10-25,1700.2,0.0308194483041313,0.639556836806506,7.086359856702487,0.2829222200119354
2011-10-26,1719.9,0.0115202583991883,0.6568807394749995,10.67823822714669,-0.0928983990386479
2011-10-27,1739.4,0.0112740765732181,0.6739471188067336,13.806439951301009,-0.0055981709792525
2011-10-28,1739.1,-0.000172488141868,0.6722744392152574,15.184975219987296,-0.2021100582307312
2011-10-31,1709.5,-0.0171668079344408,0.6417057612863485,13.490121174363743,0.6063609188592358
2011-11-01,1715.3,0.0033870623364234,0.6455351862210903,12.18617188187903,-0.1553923787490151
2011-11-02,1732.3,0.0098620128691158,0.6603290470916654,11.882572376194318,-0.1635569670504167
2011-11-03,1759.9,0.0158069839512701,0.6850343667046019,12.871272375067054,0.1091836734693878
2011-11-04,1749.8,-0.0057554935640011,0.6741698349341035,12.182869220445165,-0.3141567360561391
2011-11-07,1790.1,0.0227699885239816,0.7113053643958459,13.668020564113096,0.1272732944442711
2011-11-08,1781.2,-0.0049841897485984,0.7014935528110741,13.26667842757894,-0.0835985278246672
2011-11-09,1764.9,-0.0091932629090272,0.6842243209039898,11.20146958712944,0.3404396666264042
2011-11-10,1753.5,-0.0064802409582872,0.671628648044223,8.488819128825742,0.0534129308402793
2011-11-11,1782.9,0.0166274614604918,0.6982892835826702,8.096979374800856,-0.2322234340582964
2011-11-14,1775.5,-0.0041591786575821,0.6901003183464527,6.813375013697431,-0.170575455406384
2011-11-15,1775.8,0.0001689522150837,0.6890045824366522,5.513985486429036,0.2288602323863255
2011-11-16,1758.5,-0.0097898526841892,0.6709727471583624,3.13705989749802,0.1727926106085864
2011-11-17,1716.5,-0.0241738390162903,0.6294352595256013,-1.374088342850623,0.1157144188647589
2011-11-18,1718.6,0.0012226719813759,0.6300198539574474,-4.168953349624076,-0.1198362641493672
2011-11-21,1672.3,-0.0273100814920454,0.5842452622376169,-8.820846874372457,0.4382593014426728
2011-11-22,1694.8,0.0133648153653269,0.6040149710379711,-9.982070187153916,-0.1770878014980037
2011-11-23,1687.5,-0.0043165960057192,0.59561985283,-10.77355101635231,-0.0327987169206094
2011-11-24,1690.2,0.001598721363697,0.5975877778850907,-10.62906194680804,-0.6066039300223862
2011-11-25,1678.5,-0.0069463276902922,0.5855097892456944,-10.800248010023894,0.7882396332788872
2011-11-28,1707.3,0.0170126378570982,0.6115488818625022,-8.55108794000944,0.0915760629364448
2011-11-29,1710.7,0.0019894681810584,0.613735016535842,-6.504285492859528,-0.1311307258347505
2011-11-30,1741.3,0.0177293172270908,0.6410146402781327,-2.9409486117025527,0.4849793407685856
2011-12-01,1739.9,-0.0008043203926663,0.6385950260716697,-0.6493355602960155,-0.3149790794979079
2011-12-02,1741.5,0.0009191705133853,0.6389719308506212,0.9179884476840648,0.0222330808697777
2011-12-05,1717.9,-0.0136441961736559,0.6154358601536237,0.338882991109254,0.2250836520076482
2011-12-06,1723.4,0.0031964691732665,0.61913633969358,0.3011164285685559,0.1298346583426814
2011-12-07,1736.9,0.0078028312543004,0.6305249265432372,1.1144853882369778,-0.1412259874811137
2011-12-08,1703.3,-0.0195343691934354,0.5973695563456625,-0.5896606443526204,0.3003996280192023
2011-12-09,1706.4,0.0018183422906092,0.5990064484413687,-1.4389499327301345,-0.1981870542530779
2011-12-12,1661.5,-0.0266650793624918,0.5557763705628357,-4.767878632563425,-0.0098830902735929
2011-12-13,1626.7,-0.0211673860222412,0.521868052738966,-8.821063969255171,0.2467924528301885
2011-12-14,1569.2,-0.0359874874370102,0.4664130421929495,-14.544280641383722,0.4379832851675389
2011-12-15,1565.5,-0.0023606735689371,0.4616333683977421,-17.547680454583155,-0.168531544499063
2011-12-16,1592.3,0.0169742500959199,0.4856448744813272,-16.70247511139811,-0.2653231206415051
2011-12-19,1589.2,-0.0019487669219364,0.4818650078183586,-15.359425505594452,-0.1268200511281538
2011-12-20,1610.9,0.0135622840634759,0.5013677387429945,-12.157056340150389,-0.2044551934826883
2011-12-21,1610.2,-0.0004346341380395,0.4997992520073962,-9.358982458042949,0.2282953054497745
2011-12-22,1601.2,-0.0056050467474618,0.490620008570918,-7.469348279064857,-0.0995492796290024
2011-12-23,1602.5,0.0008115616764065,0.4914550595617252,-5.573818159797312,-0.5291071118569528
2011-12-27,1588.1,-0.0090265766782242,0.4776071711134302,-4.763192863330492,0.2270353302611367
2011-12-28,1551.8,-0.0231227856567519,0.4431740309404034,-6.0618097668081,0.6104156234351528
2011-12-29,1540.5,-0.0073085084231262,0.4318809755612859,-7.00512548837769,0.2634639303482586
2011-12-30,1558.4,0.0115526148515481,0.4479138160374896,-5.796853262120052,-0.2667290133635223
2012-01-03,1598.9,0.0256562389031039,0.4848234940836927,-1.847855616578805,0.094546064775969
2012-01-04,1606.9,0.0049909642563327,0.4913171247982078,1.5421002057649602,0.2624187415675212
2012-01-05,1617.5,0.0065748903273479,0.5001696774647665,4.56636352554694,0.0357299004129221
2012-01-06,1611.6,-0.0036542730578634,0.4938217054326007,6.139481869636676,-0.1104570718322741
2012-01-09,1606.2,-0.0033563335628303,0.4880026379294589,6.7385009040986645,-0.055073686430624
2012-01-10,1627.8,0.0133582691385791,0.5072730504030599,8.403290311565307,-0.1227889068690363
2012-01-11,1637.1,0.0056969739673549,0.5150878313444093,9.844702866366037,0.0490760471995166
2012-01-12,1645.1,0.0048747887650788,0.5216996015374918,10.965144877326694,-0.0267402376910016
2012-01-13,1633.1,-0.0073211235426771,0.5097033104472594,10.5243282884344,0.1708616285589683
2012-01-16,1638.7,0.0034231954694808,0.5144256852293361,10.227257199933057,-0.4961023758214276
2012-01-17,1647.1,0.0051129212364516,0.5214551481803115,10.19123543437924,0.5720696937697993
2012-01-18,1654.9,0.0047244182362676,0.52770505960493,10.259204162235816,0.2975314861460958
2012-01-19,1653.1,-0.0010882709659311,0.5252260776651793,9.75275670954504,-0.1466324998705803
2012-01-20,1661.3,0.0049481153334666,0.5319989279224648,9.528773268368733,-0.032242409536231
2012-01-23,1672.0,0.0064200862522139,0.5410953080804807,9.631400537266774,-0.0548172757475082
2012-01-24,1660.4,-0.0069619774657631,0.5296191196566866,8.488275367528937,0.0360115396093776
2012-01-25,1705.6,0.0268584177926416,0.5701719800083289,10.229758022090694,0.3042281471049515
2012-01-26,1715.6,0.0058459186712,0.5783380494793763,11.418268124186604,-0.0867281829783056
2012-01-27,1733.1,0.0101488388126041,0.5935749675843074,12.650490015682754,-0.1916214327941097
2012-01-30,1725.0,-0.0046846619898693,0.5852447388496692,12.182949282825671,0.032809227803078
2012-01-31,1732.6,0.0043961199905797,0.5910298855137665,11.648709440853311,0.3393305439330543
2012-02-01,1738.6,0.0034570211889241,0.5952562090562526,10.972011597554252,0.0629851248407948
2012-02-02,1754.5,0.0091037243783059,0.6086734855450582,10.84828489598387,-0.1072930325089297
2012-02-03,1720.6,-0.0195108488360221,0.5766080451673442,7.874790657582722,-0.1195046596434359
2012-02-06,1715.3,-0.0030850747714684,0.5708893989255702,5.078229762081183,-0.0976444533923898
2012-02-07,1739.7,0.0141246921347253,0.5922911842708443,4.422977903917058,0.0633645693886657
2012-02-08,1728.1,-0.0066901454905586,0.580779808642097,2.83668969270866,-0.0459504825849769
2012-02-09,1724.5,-0.0020853856830503,0.5764048442474475,1.2540777027601493,0.2178202268371611
2012-02-10,1714.9,-0.0055823835147941,0.5666535847885047,-0.6290312469321044,-0.0661472576234456
2012-02-13,1717.3,0.0013985201277149,0.5681018443975528,-1.8345245313012413,-0.2409525388142991
2012-02-14,1715.3,-0.0011652975740369,0.5653924845896894,-2.8287239625979304,0.1987188819333236
2012-02-15,1723.2,0.0045950349863447,0.571800929366699,-3.000128817308017,-0.1058112703424823
2012-02-16,1723.1,-5.803325307037891e-05,0.570811309409766,-3.150540055979601,0.1373467793962852
2012-02-17,1717.2,-0.0034299367986482,0.5648023987585483,-3.642869829224306,-0.2985431096250298
2012-02-20,1729.9,0.0073685460025262,0.5759620905621556,-3.128387391400608,-0.3560606060606061
2012-02-21,1754.2,0.0139493091643494,0.5972895507767575,-1.262409456447891,0.8860541969596827
2012-02-22,1771.2,0.0096443704370911,0.6119613507472461,0.8898503671948959,-0.0384426689094477
2012-02-23,1775.7,0.0025374284104165,0.6152361920315698,2.3089721693655747,-0.0004373337220744
2012-02-24,1767.4,-0.004685171280885,0.6069279425863505,2.3720558415660875,-0.0623837824042002
2012-02-27,1762.7,-0.0026628156579962,0.6018581870293422,1.8062313290514036,0.0649401151034374
2012-02-28,1779.2,0.0093171006303555,0.6160403924864453,2.224698512632358,-0.002665595559775
2012-02-29,1691.9,-0.0503116672915126,0.5353471252672675,-3.3911801210140773,0.978728078204518
2012-03-01,1713.3,0.0125691775741761,0.5534495031666324,-5.550166927977116,-0.0462947543713572
2012-03-02,1706.9,-0.0037424755686396,0.5468092395889551,-7.190744354140509,-0.3603205090894981
2012-03-05,1701.4,-0.0032274182285032,0.5410107285847257,-8.346565985714816,-0.008280003639562
2012-03-06,1669.3,-0.0190470646804416,0.5109645071600231,-10.816488342021032,0.2711174995412564
2012-03-07,1679.9,0.0063298909548263,0.5198818946904322,-11.23091895306019,-0.3048624978947621
2012-03-08,1694.8,0.0088304719362355,0.5326950593513388,-10.035268531722824,-0.044268309566662
2012-03-09,1707.0,0.0071727040420364,0.5428610534205424,-8.042563767947527,0.2818962083076812
2012-03-12,1695.3,-0.0068777274905332,0.5315825520355469,-7.1616531959182,-0.1837726360991044
2012-03-13,1670.1,-0.0149762114463355,0.5079080036742762,-7.868988077315016,0.3658798283261801
2012-03-14,1638.8,-0.0189192381848557,0.4787397907084859,-9.90607750992063,0.0743481235587766
2012-03-15,1653.0,0.0086275521483081,0.4908011661119697,-9.743562081267232,-0.176191711677713
2012-03-16,1655.2,0.0013300286103091,0.4920913159339871,-8.954500683226902,-0.0778194519998854
2012-03-19,1659.5,0.002594504728696,0.4954253810515459,-7.659670099751466,-0.2288490794498432
2012-03-20,1645.5,-0.0084720627766346,0.4822053200767983,-7.266115658328374,0.1468717288026411
2012-03-21,1645.6,6.076995535276649e-05,0.4816719970765097,-6.541704409062231,0.0328582461560065
2012-03-22,1639.5,-0.0037137420540444,0.4753986567805489,-6.028653005191298,0.2849908231935287
2012-03-23,1656.7,0.0104363546597887,0.490178671715657,-4.174280773440156,-0.1348163038590737
2012-03-26,1685.2,0.0170565791603696,0.5150849852751106,-0.8457502576771692,-0.0129318251299296
2012-03-27,1675.7,-0.0056532626981829,0.5059368760784985,0.8091234523840498,-0.1692012264998296
2012-03-28,1658.5,-0.0103174090195713,0.4898242977129584,0.8349901189087348,0.1290262451535937
2012-03-29,1656.6,-0.0011462702229434,0.4874971261942122,0.812977901281716,-0.0310384678883935
2012-03-30,1663.8,0.0043368336856236,0.493397581306192,1.3409978431130565,-0.1071392059976146
2012-04-02,1672.8,0.0053947262646363,0.5008989356614421,2.297902998268251,0.0035494828441662
2012-04-03,1641.1,-0.0191321204288416,0.4717615430835289,0.8708462436736433,0.2758043660150604
2012-04-04,1615.8,-0.0155365586399739,0.4483191020839698,-1.5691747640701763,0.1654444643176533
2012-04-05,1626.3,0.0064773058887939,0.4572411161524934,-2.227943376768831,-0.353744628606507
2012-04-06,1635.4,0.0055799267934747,0.4653817453094899,-1.8199905533277023,-0.9732446766405446
2012-04-09,1635.4,0.0,0.4649509279918036,-1.3414155747810828,30.93491124260355
2012-04-10,1654.9,0.0118531612970206,0.4817242829860951,0.4038381131043032,0.5660088938299055
2012-04-11,1654.0,-0.000543987441261,0.4803556606243924,1.5487316235163604,-0.1967344041174904
2012-04-12,1670.8,0.0101059570393836,0.494789334297562,3.3833565728614428,0.041611430254824
2012-04-13,1651.1,-0.0118608211852335,0.476539088000585,3.2170616710356743,0.0683376935586508
2012-04-16,1647.0,-0.0024862812601464,0.4722388325186754,2.793569645560975,0.0391475561732683
2012-04-17,1644.6,-0.0014582576408452,0.4695461015415902,2.333194515668671,-0.1276033373670466
2012-04-18,1637.3,-0.0044486498913483,0.4625485035411188,1.5558110205503155,-0.123197663807264
2012-04-19,1637.9,0.0003663898428873,0.4624448107812952,1.1210980870958274,0.3563696919233972
2012-04-20,1637.4,-0.000305315545986,0.4615514318403773,0.8511981538462656,-0.2996009821976673
2012-04-23,1633.8,-0.0022010280345789,0.4578033948974414,0.4989736060493204,0.2193785880187562
2012-04-24,1637.2,0.0020788757104791,0.4604122627220427,0.5592001625089686,-0.2156334231805929
2012-04-25,1638.6,0.0008547530894663,0.4610609554579958,0.7458760470816497,0.4243757159221077
2012-04-26,1652.5,0.0084470740181271,0.4729950703022521,1.798042857782729,-0.2603339016309068
2012-04-27,1657.4,0.0029608166891009,0.4769205664281974,2.7590692130568275,-0.0516221623032094
2012-04-30,1659.8,0.0014470037494053,0.4786688718584067,3.4467592706058063,-0.1152840830925849
2012-05-01,1657.4,-0.0014470037494053,0.4761822730424229,3.612896935064098,-0.1125278598455398
2012-05-02,1648.5,-0.0053843259031564,0.4677917001888556,3.020377115037808,0.3638009578320289
2012-05-03,1631.0,-0.0106724598907718,0.4517149640916428,1.4276903901964753,0.1113870926298659
2012-05-04,1637.8,0.004160554215074,0.4572538434758667,0.8391249313540028,0.0383785450061653
2012-05-07,1633.5,-0.0026289257949629,0.4530048145880089,0.200488199056573,-0.170550690218198
2012-05-08,1600.4,-0.0204713540580448,0.423040441813415,-2.2744595157052965,0.3251163206871867
2012-05-09,1584.6,-0.0099215884519385,0.4083747515809131,-4.66140099279782,0.252371788379081
2012-05-10,1589.0,0.0027728780055745,0.4118527629445202,-5.568313363736191,-0.3015312449452741
2012-05-11,1576.5,-0.0078976875516004,0.4003196633346434,-6.565857524788358,0.0189509436875217
2012-05-14,1551.6,-0.0159205434193034,0.377738158115913,-8.344289136672046,0.1513636363636363
2012-05-15,1539.0,-0.0081538017269328,0.3661117127289867,-9.714961962843065,-0.0081918673509672
2012-05-16,1534.6,-0.0028630940953144,0.3612895628477226,-10.21275934049936,1.15772713702856
2012-05-17,1569.2,0.0222961745918326,0.3909562009672939,-7.62519410307177,0.0376177958154622
2012-05-18,1586.5,0.0109643966878527,0.4052331955861915,-4.326094021677744,-0.0231569278179447
2012-05-21,1588.3,0.001133929817859,0.405983292912959,-1.7332757083967714,-0.2108200749245445
2012-05-22,1563.5,-0.0157373639432132,0.3831210896190815,-1.412660316433488,0.1424672803797591
2012-05-23,1556.4,-0.0045514357874974,0.375643663958157,-1.400232496119564,0.3943242606735524
2012-05-24,1554.2,-0.0014145183352566,0.3726564539397752,-1.2657241962035355,-0.1393704682278282
2012-05-25,1567.8,0.0087124189794799,0.3838188927953934,-0.0505454343190407,-0.1948692787551692
2012-05-28,1570.8,0.0019116809492327,0.3860556908502616,1.1019229251774796,-0.5272138454573946
2012-05-29,1550.0,-0.0133301127905622,0.3668928751817751,0.6332994194885622,1.0706709876997862
2012-05-30,1558.2,0.0052763779834653,0.3731106206663444,1.0224417902330742,0.2732495064648657
2012-05-31,1555.5,-0.001734271559066,0.3697059621000724,1.2308728212668072,0.0030869802070092
2012-06-01,1617.1,0.0388373842462063,0.4224960347873888,5.415781561803712,0.2601097309641842
2012-06-04,1613.9,-0.0019808115421212,0.4184673734154597,7.72596138500543,-0.1917759777215414
2012-06-05,1612.0,-0.0011779659752032,0.4157808302197391,8.805347932797915,-0.1549284220025432
2012-06-06,1614.3,0.00142578209691,0.4166199856488541,9.304678892511529,0.1472187166294534
2012-06-07,1584.4,-0.0186956394157219,0.389140509954763,7.338130472880284,0.1388618574148508
2012-06-08,1589.6,0.0032766254898453,0.3925913714947392,6.152381264323063,-0.0689031714777526
2012-06-11,1591.5,0.0011945554845404,0.3933522542370809,5.293559995544577,-0.2062590607418836
2012-06-12,1609.3,0.0111223341023015,0.4081257224978719,5.687307416510982,-0.1321570401648821
2012-06-13,1616.6,0.0045258764752947,0.4138060912401594,6.162451741365481,-0.1525718257645968
2012-06-14,1623.2,0.0040743312118611,0.418866541441697,6.604988379283027,-0.0034632034632035
2012-06-15,1625.7,0.0015389827285731,0.4204904071375248,6.727182122706869,-0.2200832228268324
2012-06-18,1627.6,0.0011680448873566,0.4213945808173747,6.588562340872003,0.3654725609756097
2012-06-19,1617.9,-0.0059775251162437,0.4123819876945814,5.538434805635792,-0.2804912084845101
2012-06-20,1606.9,-0.0068221549635835,0.4019814456924976,3.876455113862804,0.5410873067971593
2012-06-21,1565.7,-0.0259738487302302,0.3653466075006696,-0.0180266069716594,-0.0542712205700124
2012-06-22,1572.7,0.0044608791792025,0.3710236154061917,-2.0315896994432023,-0.3643361654212304
2012-06-25,1584.0,0.0071594058776913,0.3804246936440645,-2.481628772254044,0.0200006441431286
2012-06-26,1572.3,-0.0074137778981409,0.369821021490293,-3.3902396220368614,-0.0776128828544363
2012-06-27,1573.7,0.0008900191305884,0.3706346512639747,-3.694905057574899,0.0040394358482815
2012-06-28,1552.2,-0.0137562551867802,0.35144767753738,-5.058061207660977,0.1924650528469145
2012-06-29,1598.5,0.0293924100798576,0.3911888008826064,-2.6748339818859392,0.1336097212294495
2012-07-02,1596.6,-0.0011893212881977,0.3891142081450041,-1.1382938532029354,-0.2758525020177562
2012-07-03,1616.8,0.0125725188777128,0.4062616455281906,1.1999760058347788,-0.0317996586674097
2012-07-04,1614.5,-0.0014235758910813,0.4040577817667631,2.479546134009463,-0.5261169868335851
2012-07-05,1604.1,-0.0064624595755343,0.3944823408999233,2.505892136669851,1.6729674333864724
2012-07-06,1583.6,-0.0128621153908199,0.3761273432297776,1.0950905958222912,0.0641276873704239
2012-07-09,1587.1,0.0022077152815372,0.3788338206141345,0.3865973635305688,-0.3660359230297045
2012-07-10,1566.7,-0.0129369551140714,0.3606704728259234,-1.3706855397992288,0.3592237096909993
2012-07-11,1575.9,0.0058550412285842,0.368215806798958,-1.8010828983292777,0.0126676371294949
2012-07-12,1571.4,-0.0028595958863043,0.363877095898163,-2.24744892474667,-0.0079826278443846
2012-07-13,1587.9,0.0104454467903302,0.3778337704255677,-1.3351312272589944,-0.193093880067828
2012-07-16,1588.9,0.0006295643622697,0.3783329266785457,-0.6051728499786657,0.0044704264099038
2012-07-17,1582.9,-0.0037833452026286,0.3726287878559998,-0.4731237214379753,0.3715242116474571
2012-07-18,1573.0,-0.0062739836334149,0.3636252580088193,-0.9705653043241592,-0.1361770579099178
2012-07-19,1580.9,0.0050096810438643,0.3700778708015512,-0.6983162295045005,-0.0707956077827007
2012-07-20,1583.9,0.0018958549662326,0.3723379568289383,-0.2690266569578976,-0.1409419163124978
2012-07-23,1576.3,-0.004809831435878,0.3653696176768582,-0.4396652818736863,0.1549754645643954
2012-07-24,1580.3,0.0025343737825614,0.3684457116907049,-0.2360951333359704,0.00501480062685
2012-07-25,1604.0,0.0148858070114018,0.388522615999564,1.449096426977504,0.0819848227589312
2012-07-26,1615.2,0.0069582785721678,0.3977426990219567,3.17357547657715,0.0263570856685348
2012-07-27,1623.4,0.0050639273284475,0.4043347095855675,4.6335929100767945,0.0375686470294558
2012-07-30,1621.6,-0.0011093991892851,0.4025457737525297,5.202576865951683,-0.5380428244917599
2012-07-31,1613.8,-0.004821669723384,0.3953501115612068,4.788487513113101,0.965236638239698
2012-08-01,1599.2,-0.0090881422282158,0.3822178454330539,3.3350600581800145,0.181760964621704
2012-08-02,1587.9,-0.0070911156541387,0.371876959991464,1.5093836991541894,0.1587946741415558
2012-08-03,1602.9,0.0094021000997838,0.3844337398714612,1.2210582778669652,-0.3067489114658925
2012-08-06,1610.1,0.0044818002190572,0.3903495468917209,1.4108683193490767,-0.268432255138002
2012-08-07,1611.8,0.0010552780395182,0.3914952141981705,1.5362014445646075,0.0563292950491272
2012-08-08,1611.7,-6.204436173850477e-05,0.3910819255436238,1.496178409557123,0.0214024472840566
2012-08-09,1616.8,0.0031593645607387,0.3952162635928228,1.6830531690436752,-0.190751956146943
2012-08-10,1620.1,0.0020389886269612,0.3977623537148889,1.883638973199789,0.1207800721075056
2012-08-13,1609.3,-0.0066885738919233,0.3881498003149385,1.178181301151171,-0.0079933713505873
2012-08-14,1598.6,-0.0066710556325305,0.3786159279859747,-0.0544891590461933,0.0695720532599617
2012-08-15,1602.6,0.0024990641520516,0.3817680712070553,-0.6147439086959094,-0.0182369424410859
2012-08-16,1614.5,0.0073980008543598,0.3917837069178488,-0.2186113682007056,-0.2037712895377128
2012-08-17,1615.8,0.0008048788472781,0.3926854558045282,0.0802312981674209,-0.1135922900628783
2012-08-20,1620.1,0.0026576856707641,0.3961797507446648,0.493698857960875,-0.0365287722089631
2012-08-21,1637.4,0.0106217422259754,0.4108208714038751,1.7858408176601834,0.211862657400399
2012-08-22,1654.1,0.0101474363058274,0.4248944980881504,3.5186217610257664,0.1301385419032477
2012-08-23,1670.1,0.0096264506093962,0.4382628649262613,5.38405942701174,0.2580385852090032
2012-08-24,1669.4,-0.0004192244409353,0.4373507763301983,6.156828085535123,-0.2565495207667732
2012-08-27,1663.6,-0.0034803515478798,0.4320772967106218,5.864720426602773,-0.089922647185217
2012-08-28,1666.4,0.0016816820780058,0.4341700951164792,5.4559467128068135,0.1409514815252035
2012-08-29,1656.0,-0.0062605550015573,0.4249412112950517,4.140649200986688,-0.1066735644076565
2012-08-30,1655.1,-0.0005436259987102,0.4239079501882921,2.922940633016891,-0.0631225388000926
2012-08-31,1692.0,0.0220498312196738,0.4552105112960579,4.235878939096265,0.6110767709234763
2012-09-03,1692.1,5.909990841235796e-05,0.4550568907260874,4.708006830097883,-0.4726442602823818
2012-09-04,1695.4,0.0019483400997242,0.4574991377797213,4.821867342251387,0.639578028373954
2012-09-05,1692.5,-0.0017119753878752,0.454662012961664,4.298544519236934,-0.1236687965921192
2012-09-06,1700.0,0.0044215252578774,0.4605815593083329,4.057187424402258,0.4987594308572585
2012-09-07,1736.3,0.0211281613057846,0.4912013636021238,5.833914890265689,0.0193249771951755
2012-09-10,1725.6,-0.0061815962751455,0.4816428400869993,5.769672800771456,-0.3539160120645653
2012-09-11,1731.5,0.00341326876753,0.486370875998816,5.601137303947969,-0.0882368029549068
2012-09-12,1730.3,-0.0006932809798739,0.4848605748628073,4.9101960911296985,0.4183311765036854
2012-09-13,1766.3,0.0205921592987951,0.5151396907049158,6.290867140203677,0.2172722945096794
2012-09-14,1771.5,0.0029396821441288,0.5189817334284699,6.917685359081695,-0.0261365488023463
2012-09-17,1760.9,-0.0060016033387943,0.5094441196857912,6.015058489191045,-0.2593782418097246
2012-09-18,1771.5,0.0060016033387941,0.5179858415022038,5.540347197891634,0.2054039399963854
2012-09-19,1770.0,-0.0008470987376518,0.5161698199906475,4.573908947309448,-0.0304745483169652
2012-09-20,1768.0,-0.001130582370286,0.5139577278715153,3.307594359435406,-0.0488304658805335
2012-09-21,1773.0,0.0028240628766191,0.5176898762625004,2.3588903662199527,0.081578733436306
2012-09-24,1763.9,-0.0051457604567763,0.5094372236674714,0.7537857234522534,-0.1345033635236198
2012-09-25,1760.2,-0.0020998276777201,0.5057904392380408,-0.8356985377014681,0.0408163265306122
2012-09-26,1752.3,-0.004498228225338,0.498545529509087,-2.598198316830647,0.0425531914893617
2012-09-27,1776.8,0.0138847828658443,0.5189864205985683,-2.30313359272683,0.0067627050820329
2012-09-28,1773.1,-0.0020845665172748,0.5152791032855883,-2.528303892378368,0.0598990420922929
2012-10-01,1775.0,0.0010709958465734,0.5162526929919378,-2.704602193735329,0.1919672991824794
2012-10-02,1774.0,-0.0005635390399913,0.5148479742844504,-3.0199335146798845,-0.1502595563945257
2012-10-03,1777.6,0.0020272560158406,0.5174524466128148,-3.1054335569695297,-0.1476915102373283
2012-10-04,1790.0,0.0069514799494351,0.5274906552697444,-2.473724400034939,0.1386620330147698
2012-10-05,1780.5,-0.0053213961169682,0.5188717795532526,-2.8175663688502937,-0.0501297115824812
2012-10-08,1774.4,-0.0034318861217297,0.513260193563008,-3.5314382588727327,-0.1867619889147722
2012-10-09,1763.8,-0.0059917651420222,0.5037092810145587,-4.71894601579541,0.2745950217305413
2012-10-10,1761.9,-0.0010778002574968,0.5015958715994655,-5.575099331630213,-0.0216986980781153
2012-10-11,1766.8,0.0027772285257877,0.5053150331097094,-5.732018238587354,-0.0819866920152091
2012-10-12,1754.1,-0.0072140958726369,0.4940298397764247,-6.552571070239651,0.0385710587626197
2012-10-15,1737.0,-0.0097964176086295,0.4789911004177051,-8.011925139710641,0.0677135260884014
2012-10-16,1747.0,0.0057405438929516,0.4871380863112086,-8.04744621012211,-0.2317329390708894
2012-10-17,1749.6,0.0014871592285015,0.4889405148753166,-7.64258322225208,0.1072622303251291
2012-10-18,1741.0,-0.004927529594369,0.4812468609755614,-7.680258466795518,-0.0735912916209293
2012-10-19,1721.9,-0.0110313284760488,0.4645598821874142,-8.645913710934108,0.2150086398420143
2012-10-22,1728.2,0.0036520721151586,0.4695630636963347,-8.501913150086875,-0.1827712312068264
2012-10-23,1707.1,-0.0122843800205918,0.4511874603980206,-9.399176984404184,0.2598448687350836
2012-10-24,1701.6,-0.0032270395006797,0.4460985669129267,-9.885070934952608,-0.0249033072855
2012-10-25,1711.6,0.0058596206566344,0.4542464950600209,-9.075950982745576,-0.1644068482616262
2012-10-26,1711.9,0.0001752592380711,0.4540985111696261,-8.095902220647458,0.1507386776459192
2012-10-29,1709.3,-0.0015199348185104,0.4516560110330476,-7.2267133937917025,-0.417729511301932
2012-10-30,1709.0,-0.0001755258466314,0.4511730392446499,-6.309321972783462,-0.0217595604713366
2012-10-31,1720.2,0.0065321590017882,0.4603683589054241,-4.661525918882601,0.3513892994383683
2012-11-01,1714.7,-0.0032024249325735,0.4553714526898091,-3.697437008629184,0.0446218625252912
2012-11-02,1677.4,-0.0219931626344945,0.4233000359219914,-5.233396126707046,0.3620373763283253
2012-11-05,1684.4,0.0041644417374615,0.4289384011810895,-5.416768924439767,-0.2593105038625619
2012-11-06,1715.6,0.0183534563549525,0.4550368424331383,-3.1860207389994457,0.1480386052303861
2012-11-07,1717.1,0.0008739476770315,0.4556794919644354,-1.447210826273567,0.6712316384180792
2012-11-08,1730.6,0.0078313478528815,0.4667180653462783,0.6612208706962708,-0.3686986153180441
2012-11-09,1730.9,0.0001733352597147,0.4666069528011297,2.046896649184216,-0.1091119393394165
2012-11-12,1727.7,-0.0018504602516167,0.4636001775398174,2.6788964911777136,-0.1862377380265435
2012-11-13,1724.5,-0.0018538908038408,0.4605027241138648,2.7992706342700133,0.32630148318856
2012-11-14,1726.0,0.0008694392664777,0.4613945521649431,2.886220405571315,-0.0233905101358877
2012-11-15,1715.5,-0.0061020093448688,0.4520742752558981,2.175272131543733,0.168065693430657
2012-11-16,1711.7,-0.0022175545968858,0.4485206625055448,1.4241063662471198,-0.2062958912669895
2012-11-19,1731.2,0.0113277809505438,0.464725346210551,2.1708161477005232,-0.1519535478791457
2012-11-20,1726.7,-0.0026027372337777,0.4605963960391196,2.2806498818267773,0.0844841592201461
2012-11-21,1728.5,0.0010419079432945,0.4618385316614114,2.3823976016354225,-0.1259497057249866
2012-11-22,1729.2,0.0004048934317974,0.4623108660658896,2.398113984476405,-0.5754162585700293
2012-11-23,1748.4,0.0110422101956827,0.4783076511668215,3.5342447070190546,0.9352652825836216
2012-11-26,1748.4,0.0,0.4779940178832161,4.079717177920599,0.2971764881174104
2012-11-27,1741.9,-0.0037246125057435,0.4722006007172646,3.802268615865204,-0.0357799218929474
2012-11-28,1719.2,-0.0131174051551153,0.4525937069396494,1.9810611119252275,0.4907379832032879
2012-11-29,1725.2,0.0034839194453874,0.4573483317741694,1.114777830117338,-0.2559932875179799
2012-11-30,1713.2,-0.0069800190324721,0.446884231351744,-0.2588242010061284,0.0596638204178079
2012-12-03,1715.4,0.0012833228151051,0.4484306988124578,-0.9715965686424686,-0.0461686600445976
2012-12-04,1697.0,-0.0107843033220948,0.4325040924590669,-2.5452384098208545,0.3047128207852929
2012-12-05,1693.5,-0.0020645929763999,0.4292507876382635,-3.619279349500266,-0.2209236031927024
2012-12-06,1699.5,0.0035366968783442,0.4339991229189612,-3.7093602461610136,0.0508598609586534
2012-12-07,1703.8,0.0025269604725694,0.4372701530460526,-3.278027507039281,0.1277855153203342
2012-12-10,1712.5,0.0050932405276402,0.4443989756347226,-2.254224968835488,-0.4282185859833282
2012-12-11,1709.7,-0.0016363746273167,0.4417767255578044,-1.6415085586365317,0.2458346189447702
2012-12-12,1711.2,0.0008769622591323,0.4426792955408339,-1.0404152916338267,0.3795430623490805
2012-12-13,1696.7,-0.008509690719302,0.4300877976542443,-1.4968287921034795,0.0521071765181095
2012-12-14,1694.1,-0.0015335617019932,0.4276344945745871,-1.8292993222069924,-0.279199726985752
2012-12-17,1697.8,0.0021816689569667,0.4305296228339945,-1.6604355198541043,-0.1477185299165532
2012-12-18,1670.7,-0.0160905950401347,0.4074007370094109,-3.147996767093628,0.3917089091035344
2012-12-19,1666.8,-0.0023370797154342,0.4038396716747994,-4.108048004497286,-0.0438578984133319
2012-12-20,1647.4,-0.0117073330411499,0.3871737721634117,-5.666949431827204,0.2448990241611439
2012-12-21,1654.8,0.0044818680801079,0.3931180400843317,-5.796248853389338,-0.1211016096579477
2012-12-24,1659.8,0.0030169575770911,0.3971937030873814,-5.162674913959116,-0.5439023226975723
2012-12-26,1659.3,-0.0003012864956055,0.3966609410702031,-4.423390094574284,-0.1652201192094531
2012-12-27,1663.6,0.0025881022000145,0.4000842683254426,-3.340195688326533,0.7503444820243017
2012-12-28,1657.1,-0.0039148422330085,0.3944395131244093,-2.7798460439431665,-0.1034852930651971
2012-12-31,1662.3,0.0031330989056655,0.3986840432088175,-1.8235773232970125,-0.254011335515287
2013-01-02,1686.3,0.0143345941347253,0.4186466402550825,0.5346449989922277,0.6517924023542001
2013-01-03,1663.6,-0.0135528508073824,0.3992594513884762,0.6664593031391579,0.314654055454781
2013-01-04,1656.1,-0.0045184882733113,0.3925173088602471,0.3644037650352381,0.5792145074656285
2013-01-07,1646.3,-0.005935094941469,0.3840043874222253,-0.3413699109777752,-0.36914531781446
2013-01-08,1658.7,0.0075038173580209,0.3941465368440117,0.1543417156512649,0.0169164564475441
2013-01-09,1657.3,-0.0008443908824987,0.3927325227414336,0.4960994940714691,-0.1614864536212851
2013-01-10,1674.9,0.0105636898549261,0.407272726554879,1.934851376981804,0.0206508498172748
2013-01-11,1663.1,-0.0070701313083303,0.3970764222077003,2.105106927244305,0.1471440750213128
2013-01-14,1667.3,0.0025222208903188,0.4003753998474589,2.487653130358318,-0.1926773682124455
2013-01-15,1679.0,0.0069928265111277,0.4098836473262234,3.456167911779147,0.3555078244860385
2013-01-16,1679.5,0.0002977519748066,0.4100633899673425,4.018550160208338,-0.2493208982252807
2013-01-17,1687.2,0.0045742201122173,0.4162161364999351,4.747223489100671,0.2838188287799288
2013-01-18,1683.9,-0.0019578185483014,0.4131853299682416,4.829112401067171,-0.1681307840466012
2013-01-21,1689.9,0.0035568239525146,0.4180615473159085,5.083814368233931,-0.392590919358482
2013-01-22,1692.3,0.0014191948452621,0.4198403936331085,5.1921496814221655,0.4673670509483079
2013-01-23,1685.6,-0.0039669669240608,0.4140147036726914,4.610491395228656,-0.1198758157511246
2013-01-24,1667.5,-0.0107960847002004,0.3985451764656976,2.8888203668294232,0.4599380894104097
2013-01-25,1658.8,-0.0052310494175525,0.3909890058015823,1.1361661114892416,-0.0658777120315582
2013-01-28,1655.6,-0.0019309684976488,0.3880728935648476,-0.1956231994576485,-0.0887352195945946
2013-01-29,1663.4,0.00470021956001,0.394417149897267,-0.4913677535737792,-0.1721601112205294
2013-01-30,1676.5,0.007844586471696,0.4051182729112031,0.2171174373280942,0.3876565670701839
2013-01-31,1663.3,-0.007904706109794,0.3938060551981232,-0.1610050001415102,-0.0908174070899097
2013-02-01,1667.5,0.0025219179932896,0.3970191420754411,-0.0895759316064261,0.2227953410981697
2013-02-04,1673.9,0.0038307343187954,0.4021637704094988,0.4004819038957916,-0.2943257586066131
2013-02-05,1672.5,-0.0008367201061908,0.4007349836877753,0.6285479417805937,0.1718729913870678
2013-02-06,1677.1,0.0027465983351985,0.4043841608838361,1.0619203929807082,-0.2076568670469504
2013-02-07,1671.1,-0.0035840191282451,0.3990637112382647,0.9223692587476752,0.4699570815450644
2013-02-08,1668.2,-0.0017368914018253,0.3964135963337709,0.6267687133109203,-0.2412526489286555
2013-02-11,1647.6,-0.0124255172455858,0.3789334809705719,-0.8821458930924129,0.1140764647467726
2013-02-12,1650.8,0.001940335316501,0.3813663219409684,-1.5515714622891772,0.0510863509749304
2013-02-13,1642.1,-0.005284108380635,0.373847040642832,-2.415623026276525,-0.0133036518789421
2013-02-14,1634.4,-0.0047001459943792,0.3671425843956225,-3.2870440251795943,0.1187150837988826
2013-02-15,1608.6,-0.0159115290334437,0.3452337676503028,-5.265010591266648,0.34673004897724
2013-02-18,1609.0,0.0002486325224147,0.3453970934194144,-6.148827389523265,-0.4736691981317075
2013-02-19,1604.7,-0.002676044787069,0.341596315388218,-6.586449772046674,0.2173824685002032
2013-02-20,1564.2,-0.025562312037803,0.3073917566185973,-9.016652829449704,0.8601635969061265
2013-02-21,1575.7,0.0073251068004888,0.3166565834785467,-9.229302296977272,0.016243381495109
2013-02-22,1580.0,0.0027252290530126,0.3200155087913978,-8.479336431704908,-0.33866125044154
2013-02-25,1592.9,0.0081314072795802,0.330550311239316,-6.59717834295585,0.0044509725374994
2013-02-26,1613.2,0.0126635296986204,0.3471420435671439,-3.616762923704997,0.4242477954535384
2013-02-27,1596.9,-0.0101555341523916,0.3332795412270653,-2.4317025490832838,-0.2966304719828256
2013-02-28,1579.2,-0.0111458601676042,0.3182143885863677,-2.5178611450374646,0.2062193126022913
2013-03-01,1575.2,-0.0025361413543013,0.3145797044442203,-2.516237879011776,0.0620484799589278
2013-03-04,1573.5,-0.0010798108204542,0.3129492724860931,-2.307164094912416,-0.2826214564414212
2013-03-05,1574.7,0.0007623404219022,0.3137459886133505,-1.7886946195743754,-0.0376877165960723
2013-03-06,1583.3,0.0054464985810247,0.3207103263224259,-0.6271534364818905,0.0227079477817235
2013-03-07,1578.5,-0.0030362475093421,0.316520786994259,0.0228354408738482,-0.1171320976182325
2013-03-08,1578.1,-0.0002534372439594,0.3159545436967407,0.5988654266107503,0.2726567693330379
2013-03-11,1580.6,0.0015829300167879,0.3179019603042881,1.2820492578321527,-0.4184730564986506
2013-03-12,1592.4,0.0074377903552872,0.3275670258979036,2.5871636420616007,0.2240269461077844
2013-03-13,1588.1,-0.0027039790095613,0.3238186439657533,3.1803147387649275,-0.0571760533235492
2013-03-14,1589.8,0.0010698890224114,0.3250566115937829,3.671784481547679,0.1079258010118044
2013-03-15,1591.6,0.0011315774137613,0.3264097669117115,4.07177169237886,-0.1923662334621239
2013-03-18,1604.6,0.0081347047667821,0.3370058322362235,5.098928877390769,0.5682081762829805
2013-03-19,1610.7,0.003794362777078,0.3418917340682566,6.013375404321943,-0.1875202218627224
2013-03-20,1607.0,-0.0022997803591209,0.3386371572512777,6.170121472003435,-0.1217999772442826
2013-03-21,1613.5,0.0040366457545039,0.3439002760773709,6.480615899063848,-0.1296884109606788
2013-03-22,1608.5,-0.0031036648129354,0.3395890781180465,6.122526419817381,-0.0223297357647934
2013-03-25,1605.0,-0.0021783111149647,0.336459853548924,5.445925162492841,0.4904453749524171
2013-03-26,1598.3,-0.0041831921895084,0.3307372569768092,4.388526559948174,-0.3212443173111304
2013-03-27,1604.4,0.0038092905212902,0.3356557979779961,3.954745897832128,0.10814268512944
2013-03-28,1596.0,-0.0052493558861437,0.328509093059614,3.000206587166112,-0.0294736842105263
2013-03-29,1597.0,0.0006263702052583,0.3293320404004419,2.3623523345213755,-0.9380729130221818
2013-04-01,1599.0,0.0012515646189417,0.3308679416380363,2.0148608999558064,12.55367231638418
2013-04-02,1575.5,-0.0148057516366249,0.3111599294888065,0.2356366267959861,0.2143393080450186
2013-04-03,1557.4,-0.0115549180544435,0.2958752313037711,-2.0036218548138267,0.6056570094741178
2013-04-04,1554.2,-0.0020568203677438,0.2929651901904482,-3.4583853857502023,0.1532837352488456
2013-04-05,1578.8,0.0157041210135501,0.3131958103209206,-2.5631681576383443,-0.1121491862232603
2013-04-08,1573.0,-0.0036804407304141,0.3082119062711557,-2.1761722841716957,-0.3246200100217137
2013-04-09,1585.1,0.007662872745569,0.3180997667946937,-0.9807105539142036,0.0693087671571657
2013-04-10,1558.1,-0.017180366580538,0.2954125095326032,-1.834221584054326,0.4211621856027754
2013-04-11,1560.8,0.0017313800855926,0.297473635328594,-2.0276814092532334,-0.2050937792424427
2013-04-12,1487.6,-0.0480344272579865,0.2362709357177844,-6.636431630469019,1.3371378851468934
2013-04-15,1347.4,-0.0989872735243554,0.1191232308334043,-18.031659737009523,2.24569125988218
2013-04-16,1366.9,0.0143685926320479,0.1349623902193509,-22.850385307428624,-0.3386052034977869
2013-04-17,1375.9,0.0065626602751635,0.1421943776634848,-23.912485759077857,-0.3833550967110095
2013-04-18,1390.1,0.0102676245492759,0.1537832985492875,-22.177976059595935,-0.1687952883565496
2013-04-19,1400.5,0.0074536287171163,0.1622297946143674,-18.97349019023913,-0.2008638019226558
2013-04-22,1426.0,0.0180440062740781,0.1831860422980334,-14.00874503447652,-0.005653657443152
2013-04-23,1412.6,-0.0094413439994194,0.1718475418399062,-10.651541963697111,0.1164212002805329
2013-04-24,1431.4,0.0132210083296753,0.1873431709234655,-6.39869946735579,-0.5685183523288163
2013-04-25,1467.4,0.0248391409753968,0.2169685767953568,-0.6951808135645763,1.0402454242928454
2013-04-26,1456.8,-0.0072498778664957,0.2078827954063696,2.64628700279097,0.2150466384627147
2013-04-29,1475.2,0.0125513243889313,0.2229238363244029,6.176782677667632,-0.3014724389630002
2013-04-30,1476.1,0.0006099007406215,0.223459769626608,8.509795681076277,-0.0229709035222052
2013-05-01,1457.1,-0.0129553155231422,0.207508705817855,8.680582292660333,0.0348822914745836
2013-05-02,1466.6,0.0064986376398902,0.2151825396349342,9.286192990601188,-0.0422296795652302
2013-05-03,1468.7,0.0014308591001177,0.216705377276213,9.639180063937964,0.0588198815540603
2013-05-06,1469.0,0.0002042414140606,0.216768146163685,9.678481941794889,-0.1417945414079887
2013-05-07,1452.2,-0.0115022492277308,0.202634780826489,8.405770477453569,0.2667713096294275
2013-05-08,1473.5,0.014560875231603,0.220084216878997,8.78972664638362,-0.1763279818985023
2013-05-09,1457.5,-0.0109178839531019,0.2066402728501837,7.791489950625028,0.0570998757276473
2013-05-10,1443.4,-0.0097211975864745,0.1946904400901703,6.082745941504491,0.5574495730726394
2013-05-13,1430.2,-0.0091871470238773,0.183672861649403,4.061816986728783,-0.6537552390600481
2013-05-14,1424.9,-0.0037126588125524,0.1791970338918193,2.4460588329055994,-0.0037863576386897
2013-05-15,1392.5,-0.023000943000304,0.1522849166928318,-0.5660791523316959,0.2886841347538151
2013-05-16,1385.5,-0.0050396074984059,0.1463981205388054,-2.673280843155794,0.0655554562516758
2013-05-17,1355.1,-0.0221858329743649,0.1211661831582396,-5.59006338709505,-0.062444957014049
2013-05-20,1393.3,0.0277997817908779,0.1526646975840641,-4.4707403417668665,0.2593934514224369
2013-05-21,1375.9,-0.0125669716857751,0.1381318290348475,-4.418413655760318,0.2921683537559936
2013-05-22,1369.8,-0.004443318669966,0.1329638998575476,-4.306392608353587,-0.1123388581952118
2013-05-23,1390.5,0.0149986509102147,0.1499685398872143,-2.4427000899429068,-0.0720257632996841
2013-05-24,1383.3,-0.00519144579325,0.1439391864450366,-1.3537370833440612,-0.374899893219434
2013-05-27,1394.7,0.0082073894838793,0.1533319180060356,0.3826492216784665,-0.5502589014039396
2013-05-28,1380.6,-0.0101611510952736,0.1415696222701609,0.8055811057990745,2.089139465875371
2013-05-29,1392.3,0.0084388686458646,0.1511736826127922,2.027754060714855,-0.3310919849381387
2013-05-30,1413.6,0.0151825860902467,0.1686442103306084,4.294835420063457,0.7976334080073526
2013-05-31,1384.8,-0.0205839171434871,0.1447536828749666,3.890947217096248,-0.3800607125738936
2013-06-03,1410.9,0.0186720737571126,0.166248863462712,5.328841012566038,-0.0666460491727231
2013-06-04,1398.9,-0.0085415851367271,0.1562604085575348,5.402152816610027,-0.1103931963772918
2013-06-05,1402.9,0.0028553092423418,0.1594889890875471,5.625097960934799,0.1060897634862498
2013-06-06,1413.5,0.0075273754089183,0.1681538965601823,6.338519076306604,0.187170277247727
2013-06-07,1378.5,-0.0250729466697936,0.1390955825621107,4.397430077280735,0.5683354606911548
2013-06-10,1386.0,0.0054259492859972,0.1452270503678025,3.5965287373794723,-0.4838281838733986
2013-06-11,1377.7,-0.0060064586992951,0.1382583900783894,2.535743199961882,0.7523943003971034
2013-06-12,1388.6,0.0078806032686196,0.1471704463072896,2.587195086689107,-0.2003132498000532
2013-06-13,1385.7,-0.0020906182145034,0.144680906675375,2.446498148706532,0.0096262032754095
2013-06-14,1389.8,0.0029544247755574,0.1480097489113493,2.633889198483695,-0.3885999669803532
2013-06-17,1384.9,-0.0035319170315548,0.1439204725292469,2.436733953766403,-0.2732059677310471
2013-06-18,1367.2,-0.0128630820472909,0.1292483554696884,1.186467838824136,0.3760913988482259
2013-06-19,1350.8,-0.0120678432899685,0.115650846443669,-0.5780679889547908,0.0957813027337157
2013-06-20,1284.4,-0.0504053262960536,0.060740843189021,-5.762003882835327,1.227547123321424
2013-06-21,1293.6,0.007137346047538,0.0682976915617413,-7.979654850757946,-0.2890050329074719
2013-06-24,1281.9,-0.0090856769448079,0.0585992220501286,-9.537444891611646,-0.0852942320407608
2013-06-25,1277.2,-0.003673170477462,0.054689920564775,-10.131523546083235,-0.1435071009439578
2013-06-26,1226.0,-0.0409133443444702,0.0123898587358065,-13.0348535649903,0.6503996425557266
2013-06-27,1200.2,-0.0212686279407442,-0.0089163661877365,-15.582702515452567,-0.147515341114186
2013-06-28,1232.0,0.0261506555380525,0.0173404148828839,-14.062766799935469,0.1136556104446013
2013-07-01,1252.2,0.0162631392177451,0.0340027812757076,-10.781133013791866,-0.183897848610627
2013-07-02,1243.0,-0.0073741918004989,0.0263896324368778,-8.41899660575718,-0.1752921535893155
2013-07-03,1252.3,0.0074540480592756,0.0340540099146872,-5.557195057572201,-0.0783353733170134
2013-07-04,1248.3,-0.0031992349129814,0.0307420165436825,-3.368342402855305,-0.4006027173357851
2013-07-05,1221.7,-0.021539294246991,0.0087685038943495,-3.150626419043405,1.6634853003834684
2013-07-08,1236.4,0.0119605998479471,0.0208957222560373,-1.5369433143365183,-0.0786089070898387
2013-07-09,1250.9,0.0116593609627344,0.0328458162620434,0.8578524744777809,0.0688218340914614
2013-07-10,1259.1,0.006533887786959,0.0395857265370324,3.212688907194561,0.1116922777037783
2013-07-11,1285.5,0.0207505676982894,0.0613189561725014,6.573194286267167,0.3250533329436862
2013-07-12,1284.0,-0.0011675424560377,0.0600453280368673,8.592375773015931,-0.4426359666534338
2013-07-15,1284.3,0.0002336175691035,0.0602569462169006,9.760280632169495,-0.0355729661285216
2013-07-16,1291.6,0.00566793706511,0.0662421881686758,10.757876283388397,0.0850531325647232
2013-07-17,1275.6,-0.0124651037482176,0.0529865940965611,10.08495886693014,0.2589427512667321
2013-07-18,1283.7,0.0063298769549784,0.0596377310165273,9.915291702552253,-0.2576440199435333
2013-07-19,1294.4,0.0083007342133464,0.0684319292381744,10.213273250197991,-0.0518287748826671
2013-07-22,1335.4,0.0311836051195412,0.1022002519059115,12.699144363565413,0.3444420738212075
2013-07-23,1344.9,0.0070887884057351,0.1099729205153911,14.386828469758782,-0.195797759228108
2013-07-24,1321.7,-0.0174008740657425,0.0907527486811526,13.366125134618835,0.1940563580393086
2013-07-25,1333.3,0.0087382853576517,0.1002598790842736,12.891754574879062,-0.0927780532143447
2013-07-26,1332.6,-0.000525150992976,0.099617520943746,11.970341921770322,-0.0331900320606237
2013-07-29,1327.6,-0.0037591202826172,0.095426304687261,10.515335134013352,0.0072351810679429
2013-07-30,1325.9,-0.0012813267251463,0.093978888120733,8.988787454988548,-0.2830633394440495
2013-07-31,1324.6,-0.0009809470697941,0.092826976354305,7.502463283801587,0.7984136095600898
2013-08-01,1309.7,-0.0113124237155217,0.0804712508453668,5.234246137820342,-0.1428488523924208
2013-08-02,1307.5,-0.0016811863962793,0.0786169988924367,3.3934117386225524,-0.2821259309410968
2013-08-05,1302.6,-0.0037546498267768,0.0745470980737637,1.7369101822929722,-0.3215599358672074
2013-08-06,1282.7,-0.015395035806496,0.0581030044407812,-0.6784422973369839,0.2628067004935011
2013-08-07,1287.0,0.0033466972903215,0.0616269110423926,-1.8968772945251304,-0.1003963011889035
2013-08-08,1312.6,0.0196959744434956,0.0827108332412288,-0.9375956195738844,0.0901860009789525
2013-08-09,1312.8,0.0001523577362587,0.0828451298559908,-0.2824821453423857,-0.1520372656863845
2013-08-12,1337.9,0.0189389597036925,0.1035012937969675,1.737346125561407,0.2511086107617977
2013-08-13,1321.2,-0.012560805962939,0.08962387567298,1.835130345704492,1.316933820028567
2013-08-14,1335.7,0.010915084466425,0.1015111195679028,2.7100170584553265,-0.3286754800557115
2013-08-15,1365.6,0.0221383934971709,0.1260279106754971,5.002728897167212,0.6272702537242365
2013-08-16,1372.8,0.005258557253467,0.131826308513513,6.603855114116671,-0.1352701431706552
2013-08-19,1365.5,-0.005331787819938,0.1257030357458812,6.747167532573645,-0.2423561259758779
2013-08-20,1370.8,0.003873849086694,0.1299672948568308,6.757962235377946,0.0267338735404836
2013-08-21,1366.2,-0.0033613477027047,0.1260643035829786,6.037933890423222,0.0534427044494159
2013-08-22,1375.7,0.006929529169201,0.1337972517082057,5.783652280305514,-0.1434049079754601
2013-08-23,1396.2,0.014791568069351,0.1505859633000379,6.523433751287913,-0.026478892638248
2013-08-26,1404.2,0.0057134850468473,0.1570511167393794,7.034905113366925,0.1153397234110282
2013-08-27,1414.7,0.0074497488817402,0.1655667943913109,7.519974136096078,0.0080547979958141
2013-08-28,1417.1,0.0016950353659359,0.1673657982537071,7.429003945195774,0.2389580973952434
2013-08-29,1407.2,-0.0070106154074762,0.159039450048119,6.179862874973352,0.0259242331911435
2013-08-30,1394.1,-0.0093528686643061,0.1481203025877645,4.05198309233268,-0.1918079445613166
2013-09-02,1391.9,-0.0015793255256873,0.1462176720997018,2.1712511296196944,-0.2507426121574031
2013-09-03,1411.9,0.0142665947821245,0.162535556454217,1.955821125865171,0.5113826787100992
2013-09-04,1391.2,-0.0147696309754061,0.1453687623307579,0.1936266951570004,-0.1458936152951675
2013-09-05,1367.0,-0.0175481263161237,0.1253222304023794,-2.669475706380247,0.1434270516717324
2013-09-06,1388.9,0.0158935091982238,0.1432116185861214,-3.1244387598516425,0.0857285263332778
2013-09-09,1386.6,-0.0016573594137833,0.1411878368051589,-3.583443044758248,-0.0897985207855138
2013-09-10,1363.5,-0.0167997842227467,0.1220342420769486,-5.340158548005984,0.2272969262237665
2013-09-11,1364.9,0.0010262425765065,0.123055910442491,-6.242460307484166,-0.0331727586128171
2013-09-12,1321.1,-0.0326164429778414,0.0868557006146506,-9.432262510695352,0.5687399641069235
2013-09-13,1323.6,0.0018905741631486,0.0887705038634805,-10.912355104429617,0.0189965830234972
2013-09-16,1312.6,-0.0083453940078346,0.0795882583316648,-12.07991293493553,-0.018952655292119
2013-09-17,1310.2,-0.0018301057418463,0.0775153012792149,-12.414010245955485,-0.2301391314822622
2013-09-18,1362.7,0.039288228457999,0.1204791400660282,-8.676312933025807,0.617880613362541
2013-09-19,1365.9,0.002345526253071,0.1229059466523192,-5.708865656969222,-0.2010662604722011
2013-09-20,1325.8,-0.029797501201555,0.0897854109309613,-6.13004785517495,-0.0511900979012514
2013-09-23,1322.3,-0.0026434062445139,0.0867461157297519,-6.303380177615645,0.2293793059453941
2013-09-24,1322.8,0.0003780575448605,0.0870265489094392,-6.042641299078168,-0.1678233684019354
2013-09-25,1334.0,0.0084312453679312,0.0960862843691172,-4.826881959317811,-0.0024629773967264
2013-09-26,1323.6,-0.007826650428112,0.0874269346337437,-4.4437265079194805,-0.1823196649581198
2013-09-27,1336.1,0.0093996255473912,0.097474099436667,-3.1309640324155463,0.8398279980888677
2013-09-30,1328.6,-0.0056291663637075,0.0911975781532609,-2.573576237880535,-0.4802168922498415
2013-10-01,1287.2,-0.0316564395529671,0.0570688531969787,-4.676414951158884,0.5542476868042927
2013-10-02,1315.8,0.0219755289737238,0.0804344692492676,-3.858502859404492,-0.0879611176115103
2013-10-03,1316.2,0.0003039513701212,0.0806352998186711,-3.043660861933992,-0.0358512378052219
2013-10-04,1310.6,-0.0042637494166223,0.0759381359555031,-2.649427368185496,-0.2184123177704017
2013-10-07,1322.6,0.0091144486351655,0.0856951334583116,-1.410260043124012,-0.1131482451545311
2013-10-08,1318.8,-0.0028772640429859,0.0824545851816392,-0.7115685809054302,0.2724664585267067
2013-10-09,1305.4,-0.0102127249964587,0.0713319440679296,-0.9992912436597798,0.2009615384615384
2013-10-10,1287.1,-0.0141178815457851,0.0562301048554251,-2.200625238335609,-0.1274674912343668
2013-10-11,1270.2,-0.0132172572864575,0.0422776810514483,-3.817256803752267,0.2620870775851158
2013-10-14,1272.0,0.001416096531193,0.0436797571345829,-4.407351729044542,-0.1339158121693785
2013-10-15,1281.7,0.0075968568357109,0.0515608140813224,-3.8088948342911912,0.091676195162901
2013-10-16,1282.1,0.0003120368228765,0.0518106848574273,-3.0816718158511165,-0.0921312562147829
2013-10-17,1320.0,0.0291323780217616,0.0827670901644532,0.0883232285844268,0.1826041240726679
2013-10-18,1314.6,-0.0040992997509407,0.0782487009268001,1.8597179263492196,-0.419251667078291
2013-10-21,1315.5,0.0006843846508717,0.0789182400315193,3.0594501937791847,-0.2235429203257564
2013-10-22,1339.8,0.0183035275938197,0.0987613285110957,5.324343804373166,0.0873041954211852
2013-10-23,1332.9,-0.0051633294641946,0.0930208080855983,6.134884075986083,-0.0763147289945597
2013-10-24,1346.3,0.0100030693752165,0.1039064213585329,7.272889923569725,0.1641762556579593
2013-10-25,1351.5,0.0038549977313132,0.1080745286739921,8.016607472518492,-0.108279658039583
2013-10-28,1352.5,0.0007396450041342,0.1088304908342467,8.187900193608804,-0.3594242487917629
2013-10-29,1344.3,-0.0060813002604295,0.1020377008156707,7.385644286916062,0.1506068558307365
2013-10-30,1344.3,0.0,0.1019566100900209,6.521714007406695,0.1776843305655535
2013-10-31,1322.7,-0.0161983294282053,0.0841861251920656,4.271090234784443,-0.0580385511544164
2013-11-01,1316.0,-0.0050782691467391,0.0786427116894142,2.210443774822139,-0.0958591666934369
2013-11-04,1314.6,-0.0010643960557867,0.0774615041203335,0.7100894761948555,-0.3422277491561556
2013-11-05,1311.5,-0.0023609165225473,0.0748838561829614,-0.4705419648612495,0.1409820126397667
2013-11-06,1317.6,0.004640379556502,0.0798502762521746,-0.8006916943702962,-0.1430194574634284
2013-11-07,1307.4,-0.0077714676848012,0.0714399928632058,-1.6188719511763758,0.6590431996464479
2013-11-08,1288.0,-0.0149498045143303,0.055504897830911,-3.2834826972107085,-0.116009589770911
2013-11-11,1282.7,-0.0041233963584938,0.0511415126835232,-4.484045248787499,-0.352644266988097
2013-11-12,1267.8,-0.0116841164557391,0.038909057383663,-5.93324543589521,0.3828697777260561
2013-11-13,1281.5,0.0107481519540598,0.0501116120293589,-5.623609155838432,-0.0343347639484978
2013-11-14,1286.9,0.0042049586954934,0.054504654788154,-4.744669164819374,0.1381263616557735
2013-11-15,1287.8,0.0006991106044639,0.0552097576406129,-3.831341550128231,0.0142802450229708
2013-11-18,1275.2,-0.0098323070681325,0.0448656158959328,-3.7971446410280354,-0.2924168648322198
2013-11-19,1275.4,0.0001568258452206,0.0450117573658754,-3.4902419274964984,-0.0424090472634162
2013-11-20,1244.0,-0.0249278605820466,0.0192650960225569,-5.03718405559464,0.756893766363991
2013-11-21,1242.8,-0.0009650957802324,0.0182726029441628,-5.726212744254681,-0.2753186631999492
2013-11-22,1243.2,0.0003218020944908,0.0185939539520658,-5.726238427948294,-0.3442572741194487
2013-11-25,1251.2,0.0064143901776637,0.0251328952069529,-4.796343529263076,1.469673717221592
2013-11-26,1242.7,-0.0068166589790976,0.0181539226653501,-4.37439866815361,-0.1458946856509875
2013-11-27,1237.5,-0.0041932163691035,0.013881970636242,-4.072377666806453,-0.0754752791573086
2013-11-28,1240.2,0.0021794414729323,0.0160881177957096,-3.3479137407841293,-0.4138981079139152
2013-11-29,1251.6,0.0091500758789494,0.025415892825613,-1.833804121934513,0.3958552247518971
2013-12-02,1219.4,-0.0260637983210111,-0.0009717972966088,-2.6824025408836363,0.8459286520848146
2013-12-03,1223.0,0.0029479222134566,0.0019770669948022,-2.676629550642751,-0.2050613983415651
2013-12-04,1243.5,0.0166231275562869,0.0187561694096478,-1.051036644043272,0.7271924074443525
2013-12-05,1225.0,-0.0149891402646319,0.0035923520767061,-0.9818816250997706,-0.1023728589815518
2013-12-06,1228.8,0.0030972394145803,0.0066973951386609,-0.4665251313212444,0.11180558108754
2013-12-09,1240.0,0.0090732962056749,0.0158642683553398,0.7747999809282682,-0.4693287037037037
2013-12-10,1261.9,0.0175071420597825,0.0337770706697444,3.0871589222761067,0.4181025081788441
2013-12-11,1253.8,-0.0064395818189969,0.0271147012941575,4.028037267450056,-0.0752955134683833
2013-12-12,1225.2,-0.0230748438812479,0.0036733899746456,2.742532927372231,0.1362891154038064
2013-12-13,1237.6,0.0100699243002361,0.0138226751102784,2.7392367433060443,-0.0977772201660288
2013-12-16,1241.1,0.0028240628766191,0.0166745417428245,2.9655560997374835,0.0327485109045819
2013-12-17,1230.6,-0.0084962278290855,0.0080607359553672,2.4237235982528773,0.1055430879712746
2013-12-18,1218.1,-0.0102095876004767,-0.0021861840541288,1.2956726648796586,0.5898544546617137
2013-12-19,1188.3,-0.0247685534099324,-0.0265696763402369,-1.247673014856117,0.0404489217451258
2013-12-20,1202.0,0.0114631217991722,-0.0153292865519774,-1.7658595643374717,-0.4061897924873295
2013-12-23,1198.5,-0.0029160612207138,-0.0181836240990459,-2.0811904761612894,-0.2686560995267519
2013-12-24,1203.1,0.0038307841650397,-0.0144103667323836,-1.7311787058108197,-0.5867925061459776
2013-12-26,1210.4,0.0060493244346674,-0.0084268637035133,-0.80623782871222,0.2526841277439651
2013-12-27,1214.1,0.0030521780757832,-0.0053925688444,0.2026645344514968,0.5579211704334535
2013-12-30,1196.3,-0.0147696013730709,-0.0199637924313308,-0.1612376840808913,0.2314457915761441
2013-12-31,1206.4,0.0084072580768332,-0.0116761095105027,0.4143694506489837,0.1659505449164839
2014-01-02,1224.0,0.0144834658185797,0.0027398746757351,2.026356616370657,-0.0089810860280659
2014-01-03,1236.4,0.0100797471856898,0.0128886081961388,3.8669533481203846,0.1442115891348783
2014-01-06,1237.8,0.0011316790472997,0.0140228960526995,5.043543133954117,0.1775606396487528
2014-01-07,1231.9,-0.0047779173373326,0.0091791874522726,5.264903248368944,-0.1748396176411456
2014-01-08,1225.7,-0.0050455836208089,0.0040956807360691,4.844794769005631,0.1977983033202648
2014-01-09,1227.8,0.0017118406462763,0.0058118757576099,4.563293325465406,-0.3519980768163914
2014-01-10,1247.0,0.0155167166866404,0.0215226496121007,5.464306240278219,0.447634267450488
2014-01-13,1252.9,0.0047201975714705,0.026338439088484,6.1980344719367055,-0.3385507017820532
2014-01-14,1244.9,-0.0064056588637667,0.0197664909407191,5.8872565573448,0.2095428264886452
2014-01-15,1241.6,-0.0026543349587861,0.0170507394152648,5.224618688927776,-0.0791918196377972
2014-01-16,1242.2,0.0004831306962484,0.017530800332868,4.613159316198027,-0.1323753712771935
2014-01-17,1253.6,0.0091354109166082,0.0268508605729303,4.744547789782818,0.151215149272144
2014-01-20,1254.5,0.0007176747646658,0.0275766122579465,4.653752046967478,-0.5024245184450933
2014-01-21,1241.2,-0.0106584332322518,0.0166667959294611,3.5116375361238923,1.100899154686911
2014-01-22,1237.0,-0.0033895601817372,0.0132177653971273,2.3431853272874887,-0.2650948231676063
2014-01-23,1263.8,0.0214339619468669,0.0351379963509196,3.1924843401669616,0.9215371739433672
2014-01-24,1268.4,0.0036332083248373,0.0388655735662825,3.8379206164890016,-0.0747885739174621
2014-01-27,1256.8,-0.0091874557227809,0.0293282848312572,3.279151291614392,-0.0066495361016849
2014-01-28,1256.5,-0.0002387299577644,0.0290618964753501,2.7085665886230075,-0.3171873148769796
2014-01-29,1266.9,0.0082428936243608,0.0375420324154388,2.837162860214136,0.5183203678533215
2014-01-30,1243.4,-0.0187234087727704,0.018272780855482,1.2273657207589397,-0.0897108681574034
2014-01-31,1244.6,0.0009646302998802,0.0192395515176418,0.1858643771990502,-0.2147430532306662
2014-02-03,1257.3,0.0101523714640181,0.0296135460597073,0.2886365616066175,0.2134882357643421
2014-02-04,1254.3,-0.0023889165685065,0.027135488614132,0.1006345543060955,-0.1716475264047781
2014-02-05,1257.6,0.0026274946443129,0.0298068353119689,0.142058208302374,0.1870957480648925
2014-02-06,1258.0,0.0003180155854437,0.0301082495812179,0.1397149212305413,-0.1083247733464338
2014-02-07,1267.2,0.0072865837997756,0.0376070688362352,0.6713392054127594,0.1439733540357115
2014-02-10,1274.7,0.0059011147287141,0.0437174586614414,1.3997552488046343,-0.2438485113835377
2014-02-11,1291.1,0.0127837113917973,0.0570881435647061,2.778118664357814,0.4584985958715728
2014-02-12,1290.5,-0.0004648280220043,0.0565481650053315,3.40036823403603,-0.2008813370915876
2014-02-13,1302.3,0.0091021918149888,0.0661527758314863,4.299669847128103,0.0409359630384023
2014-02-14,1318.7,0.012514470839996,0.0795029374099998,5.609240873303646,0.103517396076934
2014-02-17,1328.6,0.0074793534174872,0.087556928429316,6.679711532807605,-0.4202274889715423
2014-02-18,1321.4,-0.0054339756353553,0.0815800184316374,6.4376964087531885,0.7241430756032972
2014-02-19,1311.0,-0.0079015758320855,0.0730002161627062,5.1668381188091566,-0.1141565352831739
2014-02-20,1322.4,0.0086580627431147,0.0822535395553107,4.697190158050901,0.0909912329971427
2014-02-21,1323.6,0.0009070295406426,0.0831705278829539,4.0926990143079465,-0.1925909345271405
2014-02-24,1336.4,0.0096241344351444,0.0935588512355519,4.166336011809442,0.2151312688863629
2014-02-25,1340.1,0.0027648065435809,0.0965108063567513,4.070913754354926,-0.1785722433893819
2014-02-26,1330.0,-0.0075652958103831,0.0881528615192822,2.984568426937944,0.3158537940228862
2014-02-27,1330.7,0.0005261773338973,0.0886440221772378,2.016508067872124,-0.1106678486997635
2014-02-28,1327.1,-0.0027090091064933,0.0856194027325216,0.894321774874161,0.0126504165381056
2014-03-03,1349.8,0.0169603228661026,0.1040788968828253,1.4107254103836802,0.1589556086813857
2014-03-04,1333.8,-0.0119244221111002,0.0908972138824326,0.454135818115482,-0.0861713314997573
2014-03-05,1336.2,0.001797753293171,0.0927918358946603,-0.2023414387336473,-0.2616239183836059
2014-03-06,1350.6,0.0107191736493644,0.1044924856130918,0.1299726675771495,0.0304210999550427
2014-03-07,1339.8,-0.0080285890665743,0.0955603251519166,-0.5438797725363571,0.383740546829552
2014-03-10,1339.9,7.463522039529023e-05,0.0955669716898215,-1.1162013052343482,-0.2310344102747357
2014-03-11,1348.8,0.0066203239530286,0.1027548069949971,-1.030743701530021,0.0973156197036793
2014-03-12,1366.9,0.0133300939110164,0.1174338356643142,0.0519890732896719,0.1799860495241891
2014-03-13,1370.1,0.0023383277004556,0.119938828462077,0.7520342792491945,-0.125340426879473
2014-03-14,1382.7,0.0091543795355095,0.1301034991018046,1.7736928061141093,0.1312092686459087
2014-03-17,1367.0,-0.0114195516706227,0.1171496873192541,1.1332928129217947,-0.0402637306362821
2014-03-18,1355.7,-0.0083006316386058,0.1078016567427361,-0.2370677181285039,0.041397096422775
2014-03-19,1329.0,-0.0198911463720984,0.0858546893879981,-2.975368506680109,0.3603467048098887
2014-03-20,1328.1,-0.0006774303070404,0.0850296176292036,-4.774244301885698,-0.2292215944758318
2014-03-21,1334.1,0.0045075577785554,0.0898686705469418,-5.438783320426509,-0.3489229140367309
2014-03-24,1309.0,-0.0189934202748604,0.0692939849310148,-7.329839047047688,0.3539731682146543
2014-03-25,1311.1,0.001602992595456,0.0709498939237015,-8.137972777002862,-0.08980044345898
2014-03-26,1304.1,-0.0053533318425,0.0651758325100996,-8.787180928270349,0.0090590742996345
2014-03-27,1291.1,-0.0100185794821831,0.0545094133081271,-9.665623261768454,-0.0036715704765497
2014-03-28,1295.4,0.0033249595681438,0.0579830343542392,-9.51562024639123,-0.1758499709735228
2014-03-31,1283.9,-0.0089172071517787,0.0485543957724889,-9.715502081536313,0.030166605414676
2014-04-01,1279.9,-0.0031203707352919,0.0452571562224412,-9.623430753385296,-0.0637096054939501
2014-04-02,1289.8,0.0077052177145307,0.0533066944659273,-8.44419609734271,0.0468343176478058
2014-04-03,1286.8,-0.0023286512114056,0.050828689386424,-7.449367790750715,-0.2001273923989202
2014-04-04,1302.8,0.0123572780372072,0.0638469417514513,-5.392758126574098,0.44040802396572
2014-04-07,1296.8,-0.004616102980612,0.0589203966162416,-4.170152771944951,-0.4369882848492826
2014-04-08,1307.3,0.0080642501463479,0.0674450619168681,-2.471880079446448,0.6460768727204713
2014-04-09,1310.7,0.0025974040576856,0.0701670576897301,-1.0119660739772245,0.0650512740391444
2014-04-10,1318.5,0.0059333811678414,0.0764757897646425,0.5051224158570875,-0.0078414637398981
2014-04-11,1317.3,-0.0009105395575599,0.0754471049221739,1.403008228810302,-0.184494206833517
2014-04-14,1325.7,0.0063564345690226,0.0822538686937012,2.475172974939478,-0.0331619198312236
2014-04-15,1303.4,-0.0169643869065239,0.0639755688863896,1.6355240332907632,0.8308557790658029
2014-04-16,1302.6,-0.0006139677859789,0.0632658585808483,1.009955177079643,-0.1836533268775955
2014-04-17,1294.9,-0.0059287950375066,0.056949669450715,0.1087171516627765,-0.4217670004790473
2014-04-18,1293.3,-0.0012363806535958,0.0556436690954663,-0.5290206209871688,-0.999408237336279
2014-04-21,1289.8,-0.0027099238449216,0.0527444125383664,-1.0882180884456265,2541.4666666666667
2014-04-22,1285.1,-0.0036506312631815,0.0488751064599391,-1.642974886348302,-0.1302147520780344
2014-04-23,1284.8,-0.0002334721205982,0.0486043189343032,-1.8813246976618103,-0.2161225166561152
2014-04-24,1292.0,0.0055883411500499,0.0544277929633781,-1.42594165046836,0.9814245058072456
2014-04-25,1301.4,0.0072492027183367,0.0620592555899354,-0.415963349361709,-0.3749150831699696
2014-04-28,1296.5,-0.0037722820821646,0.0580253456438815,-0.0229647468301479,-0.1131501319670859
2014-04-29,1296.2,-0.0002314189851034,0.057744034578937,0.2563348922376978,0.0978257063828298
2014-04-30,1292.6,-0.0027812131648206,0.0547602875416631,0.238546345451728,0.3187051506936693
2014-05-01,1285.2,-0.0057413455870915,0.0486874518894095,-0.2075696335374992,-0.1604914385218148
2014-05-02,1297.8,0.0097561749453646,0.0589171687788871,0.3780595573751757,0.3319601290619958
2014-05-05,1310.3,0.0095855954234714,0.0690675490342841,1.5724235420763613,-0.248448145344436
2014-05-06,1307.6,-0.002062722760484,0.0668250082550406,2.1121078073510464,-0.1868596753770001
2014-05-07,1289.8,-0.0137062282737785,0.0522629672480739,1.2446997221960905,0.1825163687842859
2014-05-08,1289.1,-0.0005428671272179,0.0516659583754439,0.6292695056868318,-0.2689153597509877
2014-05-09,1288.3,-0.00062078065158,0.0509864914605281,0.1962200056481577,0.0387685757563351
2014-05-12,1296.1,0.0060362356318502,0.0573108366352006,0.4485690595121356,0.3724284700874911
2014-05-13,1294.0,-0.0016215593684834,0.0555609725633683,0.4844668427772474,-0.0698081782678612
2014-05-14,1305.9,0.0091542621655158,0.0652302388393383,1.2751584373867528,-0.085265335103263
2014-05-15,1296.1,-0.0075327027970323,0.0571893773039658,1.1097411613559665,0.318112787283588
2014-05-16,1293.0,-0.0023946556574718,0.0546281009262689,0.7787738380568245,-0.2482269503546099
2014-05-19,1292.9,-7.734251134985824e-05,0.0545121789641899,0.5510708146986669,0.0030651862952115
2014-05-20,1294.2,0.001004986362658,0.0555455478007565,0.4881171502154231,-0.1694282221920412
2014-05-21,1291.1,-0.0023981754424928,0.0530020181059571,0.2498150887482495,-0.4161147902869757
2014-05-22,1294.5,0.0026299520109194,0.0557601668244936,0.3283456726478793,-0.1057200868164951
2014-05-23,1292.7,-0.0013914659016902,0.0542804225072347,0.268743899563761,-0.15540593439286
2014-05-26,1292.5,-0.0001547269073178,0.0541104272003374,0.2271836050231073,-0.4194475342973675
2014-05-27,1265.7,-0.0209529985841814,0.0322401917776845,-1.4989576359135923,1.697908350630688
2014-05-28,1258.0,-0.0061021705380169,0.0259528168467371,-2.968140595554264,-0.1787299520624963
2014-05-29,1255.9,-0.0016707112363046,0.0242330636166635,-3.83510617394451,0.0711248828997621
2014-05-30,1250.4,-0.0043889469168141,0.0197417446063074,-4.487404870691728,-0.005113024757804
2014-06-02,1243.7,-0.0053726924475715,0.0142742282857222,-5.03731344242985,-0.2259264268325669
2014-06-03,1246.0,0.0018476126877031,0.0161465798432502,-4.908378720789711,-0.004193238403075
2014-06-04,1243.2,-0.0022497197340154,0.0138600422487431,-4.675000042905104,-0.1009737696289148
2014-06-05,1252.8,0.0076923456231556,0.0216838672710369,-3.586397710504724,0.3080601092896176
2014-06-06,1253.1,0.0002394349347007,0.0219227268942975,-2.604154240652436,0.0385676986199179
2014-06-09,1253.3,0.0001595914462373,0.0220808519496124,-1.7405116432028311,-0.1937221663554087
2014-06-10,1261.2,0.0062835760534293,0.0285162342057249,-0.5011163574541762,0.2324276169265033
2014-06-11,1260.6,-0.000475850591896,0.0280207037679649,0.3675142879924387,-0.2070261674136185
2014-06-12,1273.0,0.0097885214783968,0.0381238600725285,1.7870137762507543,0.1814949863263446
2014-06-13,1276.7,0.0029023042688985,0.0411314325174055,2.918088033208809,-0.0553969601111025
2014-06-16,1270.8,-0.0046320004309441,0.0362981518161817,3.1897896758057573,1.2437311116556398
2014-06-17,1270.4,-0.0003148119024896,0.035958772977769,3.2523371385632487,-0.2798689479432108
2014-06-18,1277.4,0.0054949506346174,0.0416509454543539,3.645349950066168,0.0430189060762309
2014-06-19,1320.0,0.0328049744529276,0.0763533565548987,6.488490000977191,0.2898269762031698
2014-06-20,1314.35,-0.0042894897513239,0.0717078021905501,7.624289378760645,-0.0186750836057565
2014-06-23,1317.2,0.0021660246731166,0.0739999117241178,8.155493063831189,-0.1838719558891101
2014-06-24,1318.05,0.0006451001077526,0.0746599610500553,8.133677960716092,-0.0056770197991929
2014-06-25,1319.0,0.0007205021073527,0.0754001935165198,7.754228447708538,0.06086915490964
2014-06-26,1316.4,-0.0019731356481296,0.0732483366767837,6.926285823888961,-0.0283769959524974
2014-06-27,1315.95,-0.0003418998266823,0.0728509428046435,5.982060098190038,-0.0765392538338292
2014-06-30,1327.05,0.008399595355002,0.0818658177470416,5.737907941895746,0.0629554354830714
2014-07-01,1326.15,-0.0006784260775814,0.081093579562001,5.166457377029749,0.0567551182203982
2014-07-02,1326.5,0.000263887057871,0.081344329034513,4.487815571725006,-0.0933362753751103
2014-07-03,1319.25,-0.0054805012920171,0.0753985708065726,3.2823210138955563,0.1263567778048187
2014-07-04,1320.3,0.0007955901993781,0.07623793419614,2.332004910474588,-0.5453091914783286
2014-07-07,1319.6,-0.000530323130729,0.075642035116979,1.474450836525131,0.5876259266299182
2014-07-08,1318.95,-0.0004926948613054,0.0750828679818059,0.7198229186303653,0.1385812630948817
2014-07-09,1327.55,0.0064991726971003,0.0820584074194836,0.6579387320356496,0.0853312302839117
2014-07-10,1335.45,0.0059331754975686,0.0884552982295694,0.9873250267338474,0.120137576902582
2014-07-11,1337.75,0.0017207845036239,0.0903004679445725,1.1850558742543331,-0.3162651905029624
2014-07-14,1306.91,-0.0233235259228473,0.0651060162347153,-0.8277161006550955,1.5214421252371917
2014-07-15,1293.75,-0.0101205942548874,0.0543519632742912,-2.990292758515308,-0.3914057796508128
2014-07-16,1298.9,0.003972774399559,0.0585253405975989,-3.958081340984755,-0.169036725609002
2014-07-17,1318.9,0.0152803034186008,0.0747860059793312,-3.169553252296618,0.3143849206349207
2014-07-18,1310.35,-0.0065037787491602,0.0677756478924134,-3.136306094022526,0.136953732357159
2014-07-21,1312.2,0.0014108408280981,0.0692658979473764,-2.9073452819826318,-0.5947820891559066
2014-07-22,1306.1,-0.0046595203273017,0.0642664625132418,-3.0684414468300734,0.7712155963302751
2014-07-23,1304.4,-0.0013024326683113,0.0628587739250609,-3.1777815214341745,-0.2005272163899552
2014-07-24,1293.4,-0.0084687549026716,0.0538703182152653,-3.835211560586746,0.3222074391160987
2014-07-25,1307.1,0.0105365327790135,0.0650044588728314,-3.216672683021036,0.0207376296101851
2014-07-28,1303.85,-0.00248951659629,0.0623321219193988,-2.9051839921294618,-0.1813467060991813
2014-07-29,1298.95,-0.0037651804124558,0.0583163877485676,-2.901154804904976,-0.0026178010471203
2014-07-30,1295.95,-0.0023122288616905,0.0558500824832703,-2.962180614853594,0.0188976377952756
2014-07-31,1282.4,-0.0105106946257263,0.0447895344150802,-3.727307507375144,0.1263781555899021
2014-08-01,1293.0,0.0082317774765142,0.0534023722198324,-3.3439502327677477,0.0401134336550337
2014-08-04,1288.0,-0.0038744721075585,0.0493126405974607,-3.248775570405924,-0.2918205804749341
2014-08-05,1288.55,0.0004269274870303,0.0497405350716239,-2.977624748571849,0.2729756582215599
2014-08-06,1305.6,0.0131451500585133,0.0636038384936813,-1.5506115912360372,0.0866829268292683
2014-08-07,1312.35,0.0051567180105406,0.0690716960459182,-0.1277204823662168,0.0301207523454685
2014-08-08,1311.3,-0.0008004116830047,0.0681794142525938,0.7205100262755404,0.1421910406135611
2014-08-11,1308.15,-0.002405086196274,0.0655894883183803,1.0284294767120796,-0.3089161039258327
2014-08-12,1309.15,0.000764146294777,0.0663761853684587,1.2440500830616792,0.127304847079607
2014-08-13,1312.6,0.0026318314037408,0.0691549358450744,1.544034208150526,0.1312438785504408
2014-08-14,1313.25,0.0004950777944485,0.0696543342637648,1.6989614638790314,-0.0813852813852813
2014-08-15,1304.0,-0.0070685173474726,0.0620884776653085,1.1191811927249216,0.2009896324222431
2014-08-18,1298.05,-0.0045733251632373,0.0572223152811274,0.3173409674995227,-0.3230135373749264
2014-08-19,1295.45,-0.0020050132030204,0.0550859352782737,-0.3685824558046727,-0.0326320060279371
2014-08-20,1291.6,-0.0029763652362204,0.0519303261112456,-1.0248262398606829,0.1466147393648891
2014-08-21,1276.45,-0.0117989725741175,0.0395737770352154,-2.34686983231206,0.1143857448920937
2014-08-22,1280.25,0.0029725840326571,0.0426535398357881,-2.8022264158746637,-0.1398293163274875
2014-08-25,1276.55,-0.0028942448238431,0.0396290829483275,-3.162735466030977,-0.2161469690361971
2014-08-26,1280.8,0.0033237561636883,0.0430729392732418,-2.930338498394562,0.3889004798664719
2014-08-27,1282.35,0.0012094494578474,0.0443213436614161,-2.504131016488816,-0.2131090080616894
2014-08-28,1289.3,0.0054051032764395,0.0499597430236466,-1.628466553712851,0.3893095768374164
2014-08-29,1287.2,-0.0016301187386183,0.0482348827441364,-1.090833193730825,-0.2929510374204186
2014-09-01,1286.85,-0.0002719449910895,0.0479413064218751,-0.6790876681744136,-0.4160782535466736
2014-09-02,1264.65,-0.0174019676502894,0.0298470724742503,-1.7606987554649507,1.5490348347015752
2014-09-03,1269.05,0.003473185004621,0.0334173456674505,-2.020054149923231,-0.1011881446664055
2014-09-04,1261.4,-0.0060463738118645,0.0271722838042427,-2.5148385044924044,0.2463683904706566
2014-09-05,1268.6,0.0056917149702457,0.0330209414890587,-2.1778236234396564,-0.0783993783993783
2014-09-08,1255.2,-0.0106190077809738,0.0220983157598738,-2.646800147161348,-0.0487732906163055
2014-09-09,1255.2,0.0,0.0220883658612775,-2.7351826563422077,0.1083979614447152
2014-09-10,1249.45,-0.00459146795088,0.017397250023085,-2.941100585770803,0.041861580904402
2014-09-11,1240.55,-0.0071486248202718,0.0101442888454243,-3.404215159314518,0.0707268401258731
2014-09-12,1230.45,-0.0081748735308023,0.0019181981593493,-4.073080677088104,-0.0893874771513565
2014-09-15,1233.0,0.0020702680474756,0.0039936588552938,-4.019267042901348,-0.4330696264808911
2014-09-16,1235.4,0.0019445800974545,0.0059459236068735,-3.5157250434821528,0.0933768397667313
2014-09-17,1223.25,-0.0098835530925659,-0.0039473797642904,-3.6772324811097192,0.2829385992761446
2014-09-18,1224.95,0.0013887756500549,-0.0025611062164068,-3.354857734443776,0.2497896560257362
2014-09-19,1217.45,-0.0061415194676536,-0.0086640516601584,-3.32557053366558,0.291422461587201
2014-09-22,1214.85,-0.0021378949885257,-0.0107756806512972,-3.161234011413246,-0.1832817147588237
2014-09-23,1223.1,0.0067680071302087,-0.0040561901467884,-2.2212392386655324,0.0801231508598032
2014-09-24,1216.75,-0.0052052497797536,-0.0092234935074478,-1.7710282189622824,-0.1035177975528365
2014-09-25,1221.35,0.0037734346074473,-0.0054729259317717,-0.948565022213696,0.1832493214424195
2014-09-26,1217.3,-0.0033215129054603,-0.0087677657127396,-0.4857570729082425,-0.16220998820291
2014-09-29,1215.6,-0.0013975093729126,-0.0101483140138468,-0.121556573877239,-0.0464679652663694
2014-09-30,1207.9,-0.0063544674314051,-0.0164101715394626,-0.2208822371921144,0.3008860447944868
2014-10-01,1213.65,0.0047490333107256,-0.0117207980649917,0.2533207099732664,-0.0312490145996909
2014-10-02,1214.3,0.0005354311378147,-0.0111846034574926,0.736094322408885,0.1509016340082025
2014-10-03,1191.7,-0.0187869199630127,-0.0295753578221043,-0.2865063203327977,-0.1649131738220487
2014-10-06,1207.0,0.0127570830007709,-0.0171038258497775,0.2203024977336269,-0.002777119246791
2014-10-07,1208.7,0.0014074597678797,-0.0157110660669249,0.7907254386696678,-0.0289013414841229
2014-10-08,1220.8,0.0099609796647811,-0.0058511278842815,2.0330194467484617,0.3148562635517942
2014-10-09,1224.05,0.0026586513809561,-0.0032027343096568,3.061886131366858,-0.0789956645477032
2014-10-10,1223.5,-0.0004494290284224,-0.0036481448478447,3.6535600323287767,-0.1999595691223611
2014-10-13,1235.55,0.0098006111726411,0.0061631800798928,4.735968804493059,-0.1003501425838356
2014-10-14,1232.55,-0.0024310210100608,0.0037176728416807,5.097968959030929,0.1210127191750591
2014-10-15,1241.75,0.0074364809421534,0.011202936094664,5.756410498501914,0.6198503883460396
2014-10-16,1238.55,-0.0025803344559126,0.0085891672146984,5.761680106235104,-0.0176326314161344
2014-10-17,1237.65,-0.0007269203130853,0.0078524318106997,5.490926552004317,-0.3637058863222294
2014-10-20,1246.7,0.0072856401324673,0.0152164192522056,5.683831198696662,-0.1386404609565555
2014-10-21,1248.3,0.0012825653060758,0.0165099399104682,5.668839246372031,0.1728977715763122
2014-10-22,1240.8,-0.0060262927946762,0.0103968678744363,4.930666464252306,-0.1536039188243526
2014-10-23,1231.55,-0.0074827942327107,0.0028620529353508,3.6549952874450087,0.1069450186027283
2014-10-24,1231.05,-0.0004060748857879,0.0024539309055729,2.659377405771753,-0.2643686746088061
2014-10-27,1226.25,-0.0039067318642574,-0.001454682039317,1.6110062250322277,-0.0583815615798558
2014-10-28,1228.3,0.0016703676654758,0.0002144158748787,1.0180068361754482,0.2657429372439077
2014-10-29,1211.7,-0.0136067673075717,-0.013298988559379,-0.4510080013983586,0.0509434765941134
2014-10-30,1198.25,-0.0111621731977362,-0.0242383857756601,-2.19003058628078,0.4814574636242046
2014-10-31,1172.4,-0.0218092292030031,-0.0452524408927597,-4.793473867393773,0.4048478879404684
2014-11-03,1165.3,-0.0060743652575198,-0.0510109285170588,-6.594736002365495,-0.4742551119766309
2014-11-04,1168.15,0.0024427362207487,-0.0486678675415931,-7.148764905894405,-0.0265214653480015
2014-11-05,1140.0,-0.0243930384114251,-0.0715516321052142,-8.85406316934579,0.4394429435714013
2014-11-06,1141.45,0.00127112160708,-0.0703325576580025,-9.28237716100242,-0.1443298969072165
2014-11-07,1175.3,0.0292240501431871,-0.0427207137559396,-6.799000500322679,0.3795798578931109
2014-11-10,1151.15,-0.020761991448429,-0.062355685120671,-6.306743459706105,-0.1846519022773585
2014-11-11,1163.8,0.0109290705321902,-0.0520166653173277,-4.725422177475664,0.0267776221471534
2014-11-12,1162.25,-0.0013327316518754,-0.0532473538313898,-3.4398326351198776,-0.0632322259669394
2014-11-13,1162.15,-8.604371025777351e-05,-0.0532940492005972,-2.306619059270208,0.0620752669750441
2014-11-14,1190.8,0.0243536122811849,-0.029922173022392,0.511698370768805,0.2213410044090762
2014-11-17,1186.4,-0.0037018383178988,-0.0334806650274862,2.128125340728974,-0.0119307050562416
2014-11-18,1196.65,0.0086024743169012,-0.0251123489302779,3.836573228816466,-0.1524717624256466
2014-11-19,1182.35,-0.0120220027149558,-0.0367334397704446,3.937670411104096,0.293904266225061
2014-11-20,1193.35,0.0092604946838849,-0.0277464995461186,4.631623776414713,-0.0759182512595482
2014-11-21,1201.2,0.0065565789996225,-0.021332356497168,5.44920768110461,-0.0280080022863675
2014-11-24,1196.75,-0.0037115078365568,-0.0249449286944893,5.504044601955004,-0.3085970189763192
2014-11-25,1200.5,0.0031285873886895,-0.0218752524481671,5.588691860497786,0.0996107167391802
2014-11-26,1197.65,-0.0023768332604025,-0.0241875064412671,5.253651971595648,-0.3097221395846968
2014-11-27,1190.7,-0.0058199339437759,-0.0298361125697024,4.399497096769099,0.1951902771193381
2014-11-28,1167.0,-0.0201050161705734,-0.0491194689128584,2.185774002900237,0.319883167459974
2014-12-01,1211.35,0.0372990868501104,-0.0129452300152563,3.5737571128360672,0.9646750266371608
2014-12-02,1197.8,-0.0112488993063044,-0.0239689532511263,3.44327147611671,-0.3658865573679307
2014-12-03,1209.2,0.0094724430749409,-0.0146688119202017,3.952282119370287,-0.2233503651235718
2014-12-04,1205.05,-0.003437924065457,-0.0180398851422007,3.834060740010721,0.0001129433024622
2014-12-05,1191.15,-0.0116018328305163,-0.0293501929399416,2.697939018238862,0.0030491247882551
2014-12-08,1203.0,0.0098992099653492,-0.0196803620591581,2.620530154402291,-0.048384372888989
2014-12-09,1230.7,0.0227646762036121,0.0028957538509379,4.216297153007112,0.5792836227040137
2014-12-10,1226.0,-0.0038262756821343,-0.0009361466654224,4.69982352266664,-0.0029029478967673
2014-12-11,1227.15,0.0009375701316603,2.4852933818482605e-06,4.823493247346874,-0.0141437667875053
2014-12-12,1222.05,-0.0041646312030565,-0.0041495278029569,4.305274711550123,-0.0932820180619593
2014-12-15,1192.9,-0.0241424591368602,-0.0278866442461562,1.867271514740477,0.0342719058625762
2014-12-16,1196.65,0.0031386688527235,-0.0248116270884245,0.4491338911119302,0.1038174762804493
2014-12-17,1189.25,-0.0062031298282328,-0.0308195657324186,-0.968021250289096,-0.172369365555576
2014-12-18,1198.15,0.0074558442061863,-0.0235512612401215,-1.2678367401459565,-0.1220477694257883
2014-12-19,1194.8,-0.0027998931766225,-0.0262680377585388,-1.630485284859859,-0.2186280966614316
2014-12-22,1176.05,-0.015817441780402,-0.0415298488120407,-2.992581552131799,0.0042467662981813
2014-12-23,1176.15,8.50267834880833e-05,-0.0414297115903472,-3.699925290638285,-0.1259926399380205
2014-12-24,1174.2,-0.0016593277149551,-0.043009857557706,-4.082196033847351,-0.5271283471837489
2014-12-26,1195.1,0.0176427992427496,-0.0259696838234133,-2.7731402885445147,0.0337420916972583
2014-12-29,1182.6,-0.0105144594861058,-0.0361418838886242,-2.5978061558060546,1.0529656214582546
2014-12-30,1200.2,0.0147728051686831,-0.0217814922986412,-1.2154254643270748,0.366420080232601
2014-12-31,1188.25,-0.0100065730612936,-0.0315119344197675,-1.0319998196534743,-0.4951652436232391
2015-01-02,1187.4,-0.0007155936575436,-0.0321864252709423,-0.8989432413716565,0.5854985861388251
2015-01-05,1203.95,0.0138417749306673,-0.0186804669933198,0.3080441601195827,0.2807820439479085
2015-01-06,1217.7,0.0113560157457192,-0.0074653357086099,1.9454867684214865,0.099550721210688
2015-01-07,1210.35,-0.0060542595503365,-0.0134489356024056,2.415906049347016,-0.1449462365591397
2015-01-08,1208.5,-0.0015296528190875,-0.0149496049344302,2.475688374058098,-0.1694891571652135
2015-01-09,1220.3,0.0097168089942561,-0.0053261424158652,3.14042603825309,0.153538140583465
2015-01-12,1232.9,0.0102723877367133,0.0049432720189917,4.193387807389838,-0.0023044163117671
2015-01-13,1230.2,-0.0021923601002392,0.0027381301397844,4.448515093020419,0.2656492120574218
2015-01-14,1228.25,-0.0015863657255103,0.001144329808871,4.227925169245089,0.2298967405114462
2015-01-15,1262.2,0.0272658381013815,0.0287957006428068,6.002146437471884,0.0837512443417667
2015-01-16,1275.35,0.0103644205753865,0.0394837113618987,7.592581591040929,-0.2023050259965337
2015-01-19,1276.6,0.0009796430964312,0.0404787333801141,8.207714700954241,-0.3106220262020118
2015-01-20,1294.85,0.0141945644870251,0.05530243244093,9.245494333410498,0.7062086353608572
2015-01-21,1292.95,-0.0014684290450664,0.0536923301368915,9.186780217306994,0.0981011489157339
2015-01-22,1301.75,0.0067830837790929,0.0608044376259774,9.105793425645835,-0.0488149506299516
2015-01-23,1293.55,-0.0063191363514785,0.0540724381509908,7.909437783851974,-0.1250641059649495
2015-01-26,1281.0,-0.0097493537947957,0.0438040693966175,5.781071448476055,-0.0298938858009095
2015-01-27,1292.05,0.0085890813874016,0.0527677743966711,4.673031981544781,-0.0748187348945745
2015-01-28,1284.05,-0.0062109589824342,0.0462132209653936,3.0362216076738022,-0.072334196599482
2015-01-29,1256.75,-0.0214901217290169,0.0239374583412229,-0.0848088970625511,0.4319908722355741
2015-01-30,1284.25,0.0216458667746925,0.0463047922486449,-0.475108975546668,-0.0924764358852647
2015-02-02,1274.0,-0.0080133332152685,0.0379230316743701,-1.541413890498049,-0.174378420787178
2015-02-03,1260.0,-0.0110498361865849,0.0264880350194537,-3.211331120194007,0.1424951355264945
2015-02-04,1268.7,0.0068810332010289,0.033549017514036,-3.716060792400452,-0.0646783903675538
2015-02-05,1264.55,-0.00327642649759,0.0301445721036632,-4.275602039392684,-0.0866821935210671
2015-02-06,1235.55,-0.023200112593595,0.006511051976527,-6.416290026774394,-0.1082158753709199
2015-02-09,1238.75,0.0025865915888302,0.0091143343389252,-7.366238959729983,-0.4363106998024332
2015-02-10,1232.7,-0.0048959210867239,0.0041826957245144,-8.093582070725608,0.1540767386091126
2015-02-11,1218.75,-0.0113811422454168,-0.0071802325956726,-9.128984270809388,0.0024375624375625
2015-02-12,1221.4,0.0021719984769774,-0.005020114845473,-9.223014424457784,0.1092242685163038
2015-02-13,1228.5,0.0057961711721992,0.0007633393530203,-8.417071881290106,-0.1645583267447711
2015-02-16,1230.65,0.0017485721064619,0.002513994983467,-7.386005953477531,-0.3684776530304985
2015-02-17,1208.6,-0.0180798201402376,-0.0154390837594192,-7.7954404920103535,2.7290375315033035
2015-02-18,1212.0,0.0028092227018017,-0.0126556196829211,-7.444362650752006,-0.1033682826142549
2015-02-19,1205.75,-0.0051701076801784,-0.0177350189459673,-7.233887711500536,0.0904720190681851
2015-02-20,1200.8,-0.004113778629829,-0.0217502077524655,-7.023122935082943,0.0253325362427141
2015-02-23,1201.5,0.0005827748572714,-0.0211635357368664,-6.4466482138259416,-0.1919502951679906
2015-02-24,1199.7,-0.0014992506556411,-0.0226076175365955,-5.816024285832103,0.2432749329184422
2015-02-25,1204.65,0.0041175427816986,-0.018551663073853,-4.740493905884979,0.396822518045631
2015-02-26,1209.15,0.0037285650951388,-0.0148734801182338,-3.4603992650733204,-0.3259887299072944
2015-02-27,1210.9,0.0014462513626009,-0.0134369382325215,-2.28680401055418,-0.0642253087014312
2015-03-02,1206.5,-0.0036402786952342,-0.0170093810965371,-1.628748854209233,0.1508532844761925
2015-03-03,1203.4,-0.0025727222788349,-0.019516997192747,-1.2416453713446671,0.0231821840622483
2015-03-04,1199.45,-0.0032877654103203,-0.0227179970037714,-1.0960768057260497,-0.124770545969476
2015-03-05,1198.05,-0.0011678833444235,-0.0238425040523933,-0.9442953681899732,-0.0972355385107063
2015-03-06,1165.6,-0.0274592591505125,-0.0502575051412396,-2.7759626780448485,-0.1857022745375697
2015-03-08,1169.2,0.0030837783560958,-0.0473237513062728,-3.4478444488178965,-0.984783849142733
2015-03-09,1167.4,-0.0015407004674001,-0.0487760730502619,-3.6943310095071578,32.15535714285714
2015-03-10,1162.35,-0.0043352358916219,-0.0528653320209105,-3.8602541407303335,0.6043518069693543
2015-03-11,1154.9,-0.0064300577570268,-0.0589119277389851,-4.111347803550016,-0.145864106351551
2015-03-12,1153.35,-0.0013430089747424,-0.0601498975015175,-4.01676715102062,0.0522344063200095
2015-03-13,1158.05,0.0040668049474216,-0.0563004439751041,-3.3024671848414755,-0.2160466158673241
2015-03-15,1156.0,-0.0017717858613981,-0.0579706177423937,-2.6604261834111647,-0.9805603201829616
2015-03-16,1154.6,-0.0012118066054896,-0.0590937837758577,-2.049787420511929,45.43872549019608
2015-03-17,1149.3,-0.0046009022521201,-0.0633880415682881,-1.7350586740735423,0.3042698052462131
2015-03-18,1167.35,0.0155831612567335,-0.0486500664250909,-0.1282021943488622,0.339025574619618
2015-03-19,1170.8,0.0029510531862841,-0.0458127605306922,1.2728551510496118,0.0066787549108491
2015-03-20,1182.2,0.0096898335725383,-0.0365048034102965,2.975925177849696,-0.1974122662183662
2015-03-22,1186.05,0.0032513487947765,-0.0333666429626063,4.290407060128459,-0.973143818963905
2015-03-23,1189.65,0.0030306880123925,-0.0304184096230213,5.266688987772785,35.34818941504178
2015-03-24,1192.35,0.0022670034897928,-0.0282056902456871,5.910375677016956,-0.0487010498888803
2015-03-25,1194.75,0.0020108087710363,-0.026238968616023,6.279238753521053,-0.0526845772747411
2015-03-26,1204.35,0.008003043840535,-0.0184060234715381,6.901686825998567,0.2872996300863131
2015-03-27,1198.35,-0.0049943917026421,-0.0232875623078733,6.639161408788903,-0.2456731404412736
2015-03-30,1185.65,-0.0106544632040418,-0.0336284649379376,5.393003429808478,-0.1243979332691128
2015-03-31,1183.15,-0.0021107741710583,-0.0356529266751065,4.234297702907149,0.1432214832224834
2015-04-01,1203.65,0.0171782337125283,-0.0189342797449845,4.649302069082927,0.0669699488211363
2015-04-02,1202.3,-0.0011222179527251,-0.0200272784075034,4.623909564843012,-0.1311495572318792
2015-04-06,1214.3,0.0099313900789099,-0.010243239617767,5.165242937909938,0.0553012787241069
2015-04-07,1208.8,-0.0045396471012434,-0.0147222343910458,4.904829771354958,-0.2040241448692152
2015-04-08,1202.2,-0.005474920353468,-0.0200936259612033,4.074170165286651,0.4706212785080328
2015-04-09,1194.3,-0.0065929719306804,-0.0265244132776842,2.837386866700938,-0.2092818945760122
2015-04-10,1208.4,0.0117369308381358,-0.0150251599293035,2.80840895514309,-0.022221148736776
2015-04-12,1207.35,-0.0008692953046645,-0.0158810216140512,2.5647405921740383,-0.999950595326318
2015-04-13,1198.45,-0.0073988200188529,-0.0231283453958885,1.6924676881637124,20587.0
2015-04-14,1192.35,-0.0051029055017682,-0.0280870551063166,0.6467556053901111,0.4128132892947347
2015-04-15,1202.0,0.0080606864079216,-0.0202115118827158,0.5508072790578686,-0.1444631622374256
2015-04-16,1198.1,-0.0032498674492996,-0.0233801882319146,0.1891974991593352,0.1681735985533454
2015-04-17,1204.35,0.0052030336529492,-0.0182780966798118,0.3273505174553639,-0.2042655658754729
2015-04-20,1195.45,-0.00741731877986,-0.0255237739513191,-0.1960807387437575,0.0355351893480893
2015-04-21,1202.05,0.0055057490488352,-0.0201377059014252,-0.1171203729597758,-0.311972948150622
2015-04-22,1186.2,-0.0132735121631516,-0.0330472068088192,-1.0971714533174128,0.4114434803713367
2015-04-23,1193.3,0.0059676579709838,-0.0272492886211519,-1.2224984342733576,-0.0670191729000085
2015-04-24,1178.35,-0.0126074235415059,-0.0394228354678219,-2.2099242270085675,0.0591162512095102
2015-04-27,1201.6,0.0195388471757661,-0.0204598585237518,-1.2430627394689937,0.0191420864874272
2015-04-28,1211.4,0.0081227135369766,-0.01246492784134,0.0425092907522433,0.0276188849995731
2015-04-29,1204.2,-0.0059612695164994,-0.018326704779216,0.375453932373313,0.1595563494371288
2015-04-30,1184.1,-0.0168324536934364,-0.0346965093328239,-0.7302469247057659,0.1421867163430537
2015-05-01,1177.95,-0.0052073528479176,-0.0396971841349378,-1.787779452451581,-0.375748831665778
2015-05-04,1187.9,0.0084114028065006,-0.0315754327299956,-1.728144303485732,-0.0613977792292619
2015-05-05,1192.95,0.0042421887757599,-0.0274497453157758,-1.2801840332139685,0.0265510411648197
2015-05-06,1191.9,-0.0008805585825909,-0.0282949282568228,-0.9986818685235888,0.2349689732492048
2015-05-07,1184.15,-0.0065234548799204,-0.0346037993959959,-1.2615713778033737,-0.2817632901237175
2015-05-08,1188.4,0.0035826469797099,-0.0311249650705896,-1.0832065970556493,0.5819517930629041
2015-05-11,1183.6,-0.0040472230623981,-0.0350296341508272,-1.2127033629806527,-0.4229811587201307
2015-05-12,1193.7,0.0084970855749381,-0.0267849982366246,-0.5747261604854699,0.3638822695948991
2015-05-13,1215.1,0.0177686508135733,-0.0093308452188118,1.2332945561263262,0.3070784341502572
2015-05-14,1220.9,0.0047619137602437,-0.0045997275681421,2.681529962980302,-0.0295881502890172
2015-05-15,1224.95,0.003311735144478,-0.00129589872284,3.710547353870853,-0.1470161200253155
2015-05-18,1225.1,0.0001224464808368,-0.0011735352449127,4.165518245082037,-0.2067912011173184
2015-05-19,1206.9,-0.0149673846762725,-0.0160073042917393,3.0562893957694737,0.3843952899746892
2015-05-20,1209.35,0.0020279365460035,-0.0140038734789653,2.3356669179542378,-0.0300476947535771
2015-05-21,1206.0,-0.0027739268827252,-0.0167301066733021,1.5209256987909008,-0.2282822488116702
2015-05-22,1205.2,-0.0006635700309844,-0.0173774303667589,0.8491713023540308,-0.0009026708437317
2015-05-25,1206.7,0.0012438328234089,-0.0161521116944948,0.4470979453826267,-0.5521364795918368
2015-05-26,1186.9,-0.0165444950170955,-0.0322850029143794,-1.1252024768470026,1.8076421027649223
2015-05-27,1187.55,0.0005474952230928,-0.0317450736328761,-2.040920177157121,-0.1922231614539307
2015-05-28,1187.95,0.0003367712092448,-0.0314078886924236,-2.508403858522185,0.0933968187526161
2015-05-29,1189.65,0.001430013702641,-0.030012445313366,-2.5817567507367687,-0.0864238885964492
2015-06-01,1188.8,-0.0007147512339437,-0.0306944273625289,-2.5610815169388017,0.2817558011628516
2015-06-02,1192.7,0.0032752496211287,-0.0275034909236026,-2.17358397933888,-0.0322026971802207
2015-06-03,1184.8,-0.0066456606310344,-0.0339323817888186,-2.324576984963807,0.0024491174731864
2015-06-04,1176.5,-0.0070300547861718,-0.0406825679567975,-2.8253990122926056,0.1708087615838247
2015-06-05,1170.7,-0.0049420686817903,-0.0453943198409463,-3.353249359456491,-0.1345205972297175
2015-06-08,1173.8,0.0026444886386072,-0.0428501060373518,-3.294749804877818,-0.0161706019288326
2015-06-09,1176.5,0.002297580043183,-0.0406363634196217,-2.8898217989512838,-0.2084759369586344
2015-06-10,1185.5,0.007620697338043,-0.0332840440648776,-1.880348375855097,0.2813751134361821
2015-06-11,1181.55,-0.0033374906880172,-0.0364928026624915,-1.3670289143171577,-0.1319780036660556
2015-06-12,1180.85,-0.0005926176942824,-0.0370528338450904,-0.9810750553538784,-0.1408619696678825
2015-06-15,1185.3,0.0037613889622942,-0.0334119654866691,-0.3642867904846367,0.1673649516786772
2015-06-16,1181.1,-0.0035496994676531,-0.0368276832988916,-0.1863415607775511,-0.2436234866248744
2015-06-17,1185.25,0.0035075151644263,-0.0334314916863915,0.2405193762980371,0.3176009110464382
2015-06-18,1201.65,0.0137418895470077,-0.0200481187433467,1.5822372902334785,0.1273888408719869
2015-06-19,1200.65,-0.000832535534912,-0.020858863103477,2.3130011741423,-0.3994633502278631
2015-06-22,1185.45,-0.0127406274752294,-0.0332471135901026,1.711040434093411,0.0941843971631206
2015-06-23,1178.25,-0.0060921625152538,-0.0391085312988235,0.8119509988847127,0.1192636764324603
2015-06-24,1175.05,-0.0027195869394529,-0.0417068049209887,0.0271788624612456,-0.0143618253416724
2015-06-25,1172.85,-0.0018740156257546,-0.0434915941858013,-0.5810466359194,-0.1887779083431257
2015-06-26,1174.0,0.000980037149409,-0.0425436548576096,-0.8316184395758741,0.062432099659593
2015-06-29,1179.45,0.0046315067175931,-0.0380832087289634,-0.5685730672254841,0.7820573999590974
2015-06-30,1171.95,-0.0063791999947716,-0.044183166247173,-0.8225345258607812,-0.0735626028078497
2015-07-01,1168.5,-0.0029481531319504,-0.0469829286691603,-1.126896509730539,-0.1986951853992897
2015-07-02,1165.75,-0.0023562182904823,-0.0492103693098867,-1.3996526185020546,-0.0107183345357105
2015-07-03,1168.45,0.0023134274733852,-0.0470013034017767,-1.2873040918956642,-0.5230232315866237
2015-07-06,1169.9,0.0012401908917404,-0.045803103246206,-1.0163069893143302,1.2974773397400896
2015-07-07,1154.95,-0.0128612220779929,-0.057972551840615,-1.7043714661675944,0.3078239376366574
2015-07-08,1157.65,0.0023350352216445,-0.0557435687892915,-1.8272213103388992,0.0875917714618013
2015-07-09,1158.75,0.0009497496828574,-0.0548255006885801,-1.6873092360739743,-0.1695294746691619
2015-07-10,1162.8,0.0034890518046558,-0.0515050950964431,-1.1979296766855798,-0.1789062814373667
2015-07-12,1163.35,0.0004728843885812,-0.0510564597881834,-0.7357962524090826,-0.9999509924038226
2015-07-13,1157.45,-0.0050844645901869,-0.0558507457696884,-0.724912878643801,20947.0
2015-07-14,1155.6,-0.001599619891035,-0.0573448285726722,-0.7373210572622559,-0.2003532556807332
2015-07-15,1149.1,-0.005640662328492,-0.0626284622838723,-1.0587491053740044,0.1433944242134797
2015-07-16,1145.05,-0.0035307231064018,-0.0659139131084556,-1.3982486518301125,-0.0617135696757688
2015-07-17,1133.7,-0.009961684133633,-0.075153410634666,-2.193959990478888,-0.0356129319459128
2015-07-20,1098.6,-0.0314499781150331,-0.1037209358634773,-4.7445725760185145,1.5238012809416652
2015-07-21,1100.75,0.0019551237273433,-0.1019299833006561,-5.87339412076434,-0.4379743941472336
2015-07-22,1093.35,-0.0067453881395316,-0.1079248177749064,-6.647961931337585,0.0929097343692795
2015-07-23,1089.65,-0.0033898337545113,-0.1109054552735746,-6.90860883371251,-0.1016116425354524
2015-07-24,1098.55,0.0081345846605589,-0.1035895925227991,-6.013627844707767,0.3704271450470233
2015-07-27,1093.65,-0.0044704024818301,-0.1075455374899412,-5.308215550342148,-0.1825080113670717
2015-07-28,1094.9,0.0011423089588303,-0.1064956072467458,-4.354022989870334,-0.298805517547428
2015-07-29,1096.45,0.0014146533036656,-0.1051930322225559,-3.2648511307586574,0.2701334317810242
2015-07-30,1088.15,-0.0075986816229688,-0.1119273761018269,-2.7693357833341103,0.0001660922642527
2015-07-31,1095.0,0.0062753566905249,-0.1062947821484439,-1.6987390864427745,0.0917092207414789
2015-08-03,1086.4,-0.0078848854461694,-0.1132811988522548,-1.305926124796251,-0.2345223608153331
2015-08-04,1087.4,0.0009200479073886,-0.1124307422583787,-0.7429007396408807,0.0322420388494213
2015-08-05,1084.7,-0.0024860746656484,-0.114600996058377,-0.3371363611042675,-0.0241601694099528
2015-08-06,1089.25,0.0041859349513796,-0.1108597312477087,0.4122354905595955,-0.1776977707634641
2015-08-07,1092.05,0.0025672778048685,-0.1085311050170332,1.2250700591037216,0.6034306963353926
2015-08-09,1093.8,0.001601208110252,-0.1071025327969901,1.965270968403292,-0.9999625944490164
2015-08-10,1104.05,0.0093273647538862,-0.0987029513200152,3.159114844826412,21342.0
2015-08-11,1108.55,0.0040676183716604,-0.0949851526531273,4.2005582470760885,0.4407534086117228
2015-08-12,1123.4,0.0133069460601134,-0.0828168799794539,5.742824699134168,0.0918373983739837
2015-08-13,1114.9,-0.0075950863248065,-0.089727310922971,6.014917671080349,-0.3326979210103056
2015-08-14,1115.05,0.0001345321646011,-0.0895784292761846,6.01494052779794,-0.1173897518300303
2015-08-16,1114.75,-0.0002690824305409,-0.0898233734196539,5.802006694098743,-0.9999494285425304
2015-08-17,1117.25,0.0022401443059749,-0.0877598515470122,5.632223587730556,16950.0
2015-08-18,1117.35,8.950147683408849e-05,-0.0876522416000923,5.3323874622736245,0.1461270721491356
2015-08-19,1133.55,0.0143944908444437,-0.0743961562046356,5.98206532695644,0.2111385628989088
2015-08-20,1151.8,0.0159716349377334,-0.059467481442108,7.310014852206038,0.1361665958351041
2015-08-21,1159.65,0.0067922993620216,-0.0530284500314394,8.313113899331473,0.2914640532655046
2015-08-24,1154.65,-0.0043209677046896,-0.0570557708760744,8.221014602371715,0.8780918727915195
2015-08-25,1140.1,-0.0126812898902298,-0.0688898750282675,6.819098153512816,-0.2648551115771941
2015-08-26,1124.4,-0.013866417807297,-0.0816566228273404,4.58077204858087,-0.00857999958044
2015-08-27,1123.95,-0.0004002935539474,-0.0819844275713253,2.898316195374867,-0.3212018620397799
2015-08-28,1134.3,0.0091664540865673,-0.0734945302616321,2.335091083258458,-0.0040523690773067
2015-08-31,1134.5,0.0001763046548996,-0.0733067452853454,1.8498318749483444,-0.3313302034428794
2015-09-01,1139.25,0.0041781259240955,-0.0693949493016302,1.7250325035906893,0.4272608125819135
2015-09-02,1133.55,-0.0050158500091534,-0.0740243177271792,1.1618782791267273,-0.1989702216974944
2015-09-03,1125.05,-0.0075268220394986,-0.0809392483070908,0.172155585783698,-0.0213715455475946
2015-09-04,1121.95,-0.002759236285528,-0.0834421870195795,-0.6888260536121273,0.0016734301133749
2015-09-07,1119.0,-0.0026328134978865,-0.0858383187932177,-1.412838590796556,-0.5469657102284593
2015-09-08,1121.15,0.0019195149076144,-0.0840576691937648,-1.684357384267766,0.7857472112104729
2015-09-09,1107.3,-0.0124303245154772,-0.0953421534414399,-2.6752720315162346,0.1546205472379969
2015-09-10,1110.4,0.0027956910484775,-0.0927775026368583,-2.977337791860025,0.0313883299798791
2015-09-11,1107.9,-0.0022539792259128,-0.0947909435990591,-3.182404591112949,-0.1118047427060302
2015-09-14,1108.65,0.0006767273723783,-0.094155790501143,-3.101263629058059,-0.2248145255759469
2015-09-15,1104.75,-0.0035239938881561,-0.0973205305980832,-3.134670459911017,-0.0368341518700415
2015-09-16,1119.0,0.0128163643010759,-0.0856505036691017,-2.0726872405767462,0.3120219650911944
2015-09-17,1130.85,0.0105341330138951,-0.0759334389537879,-0.5282439938979835,0.4321873442949675
2015-09-18,1139.5,0.0076200073599185,-0.0688375942347693,1.0346210347525504,-0.1187378235457834
2015-09-21,1133.0,-0.0057205876577326,-0.0741323470971159,1.557908794681728,-0.3995104812285341
2015-09-22,1124.3,-0.0077083622722924,-0.0812193412615795,1.2582284037928206,0.2529090789560186
2015-09-23,1129.95,0.0050127641840995,-0.0765832459509269,1.3713529795400916,-0.1521145975443383
2015-09-24,1153.55,0.0206707600718039,-0.0572697625573706,2.8796870085142245,0.7359366297419394
2015-09-25,1146.4,-0.0062175464976553,-0.0630906407041453,3.2144853792830874,-0.1747174788777583
2015-09-28,1131.55,-0.0130382232872067,-0.0751988723185441,2.297461177029945,0.1244060475161987
2015-09-29,1127.15,-0.0038960513266135,-0.0787681088213767,1.305548969976269,-0.1144832885132539
2015-09-30,1114.6,-0.0111967267647059,-0.0889924459556994,-0.2043934810156225,0.1174403470715834
2015-10-01,1113.3,-0.0011670184007743,-0.0900344212769495,-1.2414590026154038,-0.3947664712505339
2015-10-02,1137.15,0.0211965544357611,-0.0705083496572486,-0.3199259565063272,0.7367374430688305
2015-10-05,1135.3,-0.0016281989999347,-0.071997350325679,0.1415256583000403,-0.2086503656644751
2015-10-06,1146.1,0.0094679413321654,-0.0631511945784414,1.097387970754096,-0.1419369894982497
2015-10-07,1145.2,-0.0007855802786933,-0.0638682730381966,1.5638616124294549,0.0633159268929504
2015-10-08,1138.55,-0.0058237712492863,-0.0692820331123216,1.3286266732840597,0.1315735625127889
2015-10-09,1157.25,0.0162909779367062,-0.0539752359317464,2.280655363087803,0.0221518987341771
2015-10-12,1163.4,0.0053002515652812,-0.0489333798480621,3.120821221512585,-0.174922600619195
2015-10-13,1168.25,0.0041601501038742,-0.0449470107357839,3.756754795960978,0.5098901098901099
2015-10-14,1183.7,0.0131382233793124,-0.0322945413571742,4.899247675020597,0.3711435367628786
2015-10-15,1182.7,-0.0008451657027767,-0.0330965504200764,5.238383801658295,-0.2254731881618809
2015-10-16,1175.05,-0.0064892603926839,-0.039337643574541,4.619886602642504,-0.2416675024236954
2015-10-19,1170.6,-0.0037942620072668,-0.0429613246842053,3.627272900880412,-0.0120349144771645
2015-10-20,1175.7,0.004347277016575,-0.0387784364807807,3.053396074296357,-0.0388202222123064
2015-10-21,1166.75,-0.0076416090437704,-0.0460817032388142,1.8684614963989112,-0.0331925165962583
2015-10-22,1165.75,-0.0008574491414947,-0.0468831479260119,0.8657358123679639,0.0875348122539134
2015-10-23,1164.4,-0.0011587238169619,-0.047967581923156,0.0054703009492556,0.2197448010949712
2015-10-25,1164.05,-0.0003006291761782,-0.0482537468852261,-0.6566021986630286,-0.9999638022153045
2015-10-26,1163.55,-0.0004296270902997,-0.0486498789699019,-1.167820344004058,17389.0
2015-10-27,1167.1,0.0030463628133177,-0.04573455286593,-1.296563765444322,0.0093732029902242
2015-10-28,1157.15,-0.0085619539926367,-0.0538477053488366,-2.037413827269168,0.7266564120093431
2015-10-29,1146.4,-0.009333487911709,-0.0626140195223285,-3.1694943411885497,-0.1275240860498878
2015-10-30,1141.35,-0.0044148252233208,-0.0667234960413044,-4.116460389386552,-0.2350338463865673
2015-11-02,1133.35,-0.0070339235802759,-0.0732473349691645,-5.076638614060055,-0.1735218508997429
2015-11-03,1117.4,-0.0141732906853169,-0.0862671619064448,-6.490543586879843,0.1289627945926545
2015-11-04,1107.35,-0.0090347844591943,-0.0944353426154861,-7.723398981986854,1.003708805764544
2015-11-05,1103.65,-0.0033469049786333,-0.0974084198516298,-8.35530233848321,0.0029879951345919
2015-11-06,1087.85,-0.0144195973230095,-0.1102856524796667,-9.330565489496289,-0.2210592918720835
2015-11-09,1092.15,0.0039449592446184,-0.1067154314012279,-9.165913712940624,0.1766398158803221
2015-11-10,1089.3,-0.0026129424204301,-0.1090123993289331,-8.730821986679043,-0.3698835035236588
2015-11-11,1086.1,-0.0029419898024094,-0.1115801000889664,-8.151468839444508,0.4442161964758513
2015-11-12,1084.8,-0.0011976600998591,-0.1125884588488245,-7.372233670054792,0.0672630148244144
2015-11-13,1081.8,-0.0027693177488044,-0.1150078042226251,-6.600252333447116,-0.3634532800236931
2015-11-16,1082.6,0.0007392349255508,-0.1143180248447142,-5.615735663332293,0.0455031870841668
2015-11-17,1069.5,-0.0121743058404171,-0.1249915038246764,-5.423882083895276,0.1361755151083619
2015-11-18,1070.4,0.0008411608515037,-0.1242118133369086,-4.833102237060686,-0.0310602796600211
2015-11-19,1081.85,0.0106401282594744,-0.1148043738996304,-3.338960819185864,-0.0442638855202522
2015-11-20,1076.95,-0.0045395668100744,-0.1187811136633771,-2.3927438679906743,-0.1608086960199636
2015-11-23,1068.9,-0.007502889543464,-0.1253304712004743,-2.035129707328608,0.0908724358651278
2015-11-24,1074.55,0.0052718869913148,-0.120670950785466,-1.186246631303888,-0.0154777305488819
2015-11-25,1070.85,-0.0034492436546358,-0.1236666880210029,-0.6679370308174697,-0.1207471021634051
2015-11-26,1071.4,0.0005134788302808,-0.1232001648708001,-0.1112476914213296,-0.4915670367207515
2015-11-27,1056.75,-0.0137680439999607,-0.1351564173086263,-0.529460184309201,0.8905101826579886
2015-11-30,1064.45,0.007260073374848,-0.1287626735787863,-0.1092673355612632,1.80976178577378
2015-12-01,1068.95,0.0042186244246696,-0.124965315473348,0.6104270533898948,0.2895792573269302
2015-12-02,1053.45,-0.0146063659732778,-0.1375473375183787,0.2023710732391777,-0.1153645753517025
2015-12-03,1061.1,0.0072356136064054,-0.1311625601605005,0.5857716514184972,0.1345320999203132
2015-12-04,1085.85,0.0230569845277155,-0.1108371584526413,2.53509033464902,-0.451795639162035
2015-12-07,1071.15,-0.0136302527440312,-0.122828083893963,2.8403248215037102,-0.230287162632649
2015-12-08,1074.6,0.0032156616314922,-0.1199484496951366,3.2508952125807795,0.1634521440202641
2015-12-09,1072.55,-0.0019095085326095,-0.121567677521883,3.3475587306176013,0.1141142075143071
2015-12-10,1071.25,-0.0012127998501218,-0.1225859082458933,3.282637725050241,-0.2365372267664219
2015-12-11,1073.4,0.0020049898307389,-0.1207612164587479,3.332531081674931,0.3634269416410707
2015-12-14,1059.45,-0.0130812752196876,-0.1321317711750498,2.4167124640975217,-0.1442862123528308
2015-12-15,1060.7,0.0011791619883834,-0.1310557152445992,1.9081333287641729,-0.0867207822734823
2015-12-16,1071.9,0.0105037071860493,-0.1218228734065387,2.3121013031765933,0.15044612216884
2015-12-17,1050.9,-0.019785834825923,-0.1389675207205933,1.2066609367695182,-0.020731416298771
2015-12-18,1064.2,0.012576403290718,-0.1280215872985371,1.399297319685079,-0.1708245758323433
2015-12-21,1077.95,0.0128377460417471,-0.1167049527813291,2.420973410718968,0.1013188347231917
2015-12-22,1071.9,-0.0056283145065423,-0.1216242978350415,2.639609948996277,-0.2338970612762266
2015-12-23,1069.5,-0.0022415251750135,-0.1235604167482399,2.570373832373569,-0.2163103583402272
2015-12-24,1076.6,0.0066166776043964,-0.117720732038351,2.9247435886906885,-0.2906828157119839
2015-12-28,1068.85,-0.0072246230015671,-0.1240306018125776,2.5716862614169944,0.9022479830813817
2015-12-29,1068.7,-0.0001403475944386,-0.1241193688508953,2.272888043609801,-0.1734332537264267
2015-12-30,1061.15,-0.0070897308492008,-0.1302696910430044,1.5463307969004898,0.0612732888313241
2015-12-31,1059.4,-0.0016505155712238,-0.1316239060766622,0.9563678588619712,1.0911565903116784
2016-01-04,1074.45,0.0141061926181436,-0.1192330681289928,1.552903415639575,-0.2690460157126824
2016-01-05,1077.2,0.0025561792088739,-0.1169398856622591,2.0733452170960147,-0.267995332268763
2016-01-06,1093.25,0.0147898293555859,-0.1037246564087216,3.362859863307184,0.5836724420019297
2016-01-07,1109.1,0.0143939643176658,-0.0906699052340918,5.046387809988634,0.1710728476821192
2016-01-08,1103.95,-0.004654218654344,-0.0948088557221407,5.536949664466422,0.3826682953311617
2016-01-11,1094.05,-0.0090082501796914,-0.1027992910988391,4.938313689489044,0.4854151329243354
2016-01-12,1087.2,-0.0062808229397263,-0.1083694232398554,3.871759562112567,-0.6498964712101855
2016-01-13,1093.05,0.0053663699474667,-0.1035250139771392,3.3694937389134294,-0.0218006795016987
2016-01-14,1077.3,-0.014514042884254,-0.1163914361139944,1.861101200827212,0.0449268371120759
2016-01-15,1088.65,0.0104804855981813,-0.1070160840435627,1.5263772224706522,0.3393758463621814
2016-01-18,1089.1,0.0004132705833126,-0.1066262516613949,1.2457412856073762,-0.6799788598083596
2016-01-19,1087.2,-0.0017460832447066,-0.1081399715034552,0.8609072784832703,1.138364328283191
2016-01-20,1100.85,0.0124770248222474,-0.0968582689343257,1.4213400646666536,1.0305228165608944
2016-01-21,1101.1,0.0002270714603638,-0.0965919636983158,1.6864727346394843,-0.2715681897107704
2016-01-22,1097.7,-0.0030925984262745,-0.0993416945600538,1.5158400345794156,-0.352561919680356
2016-01-25,1107.55,0.0089332869337994,-0.0912292436810661,1.9231520303773808,-0.1968161576492864
2016-01-26,1119.9,0.0110890269615777,-0.0810609925908093,2.826517504072364,0.2599318955732121
2016-01-27,1124.65,0.0042324805336599,-0.0771321294570289,3.5019873265367725,-0.0506237006237005
2016-01-28,1114.4,-0.0091557326567119,-0.0855029935440729,3.0339606308664724,0.2261761378152487
2016-01-29,1118.05,0.0032699529685587,-0.0824271999143858,2.753897720683412,0.9664543398023576
2016-02-01,1128.45,0.0092589132401854,-0.0738159054048559,3.0308207711212045,0.0338757284492545
2016-02-02,1128.6,0.0001329168606992,-0.0736200062397763,2.981296159427101,-0.0130887369515247
2016-02-03,1142.4,0.0121533860502803,-0.0621891504770591,3.594072773541141,0.5839427969558961
2016-02-04,1155.4,0.0113152917618451,-0.0514761307591078,4.530598452496177,-0.5283688607500094
2016-02-05,1173.15,0.0152458343685648,-0.0368675263539331,5.9137573024205246,0.1005024127728022
2016-02-08,1189.75,0.0140507622854895,-0.0232161861290332,7.417480736198993,0.0074885416290735
2016-02-09,1188.7,-0.0008829280146411,-0.0240584504141752,7.774656342847464,0.0559167517418015
2016-02-10,1197.45,0.0073340227733389,-0.016852530772186,8.002167339224592,0.1560681876007124
2016-02-11,1248.75,0.0419487552028457,0.0252321477340954,10.833683604934066,1.1673366981630378
2016-02-12,1238.15,-0.0085247208914879,0.0165078544738056,11.173901617310342,-0.4706770378494012
2016-02-15,1209.35,-0.0235353049014193,-0.0071350760803589,8.747838295057427,-0.4178411561580765
2016-02-16,1199.55,-0.0081365387238473,-0.015166543062936,5.907699191821536,0.6021880972780598
2016-02-17,1208.3,0.0072679265872538,-0.0079735958854095,4.127263018300546,-0.176717400246812
2016-02-18,1230.65,0.0183280720344332,0.0103718022052613,3.9628748781564873,-0.0302288398121315
2016-02-19,1227.2,-0.0028073334547039,0.0075316751713487,3.164483915274801,0.1346110910745874
2016-02-22,1208.5,-0.0153552304694541,-0.0078168421415229,1.030133367158136,-0.1393022023764474
2016-02-23,1226.45,0.0147438963155544,0.0069180587483003,0.506884912032664,0.154391333403679
2016-02-24,1229.1,0.002158376761843,0.0090755172033261,0.0433080355473975,0.3141786383510305
2016-02-25,1233.25,0.0033707668929125,0.0124669954154781,-0.262938597633731,-0.0112793285727533
2016-02-26,1223.4,-0.008019093305383,0.0043740266398265,-1.3473677309414818,-0.1391940532998792
2016-02-29,1238.35,0.0121459805349163,0.0166381414031626,-1.2769500260447444,-0.2606682193982483
2016-03-01,1231.7,-0.0053845193959421,0.0111632104492506,-1.8619392195646007,0.2821429229380445
2016-03-02,1240.15,0.0068370110775721,0.0180859596901134,-1.859168199737688,-0.1133542157595264
2016-03-03,1265.55,0.0202744702547345,0.0389037589614747,-0.4021989043232388,0.0919668757191243
2016-03-04,1258.85,-0.0053082045097215,0.0333267793243628,-0.1577733561532426,0.9822652934017988
2016-03-07,1267.35,0.0067295004969396,0.0402635320658261,0.2842281584118709,-0.5069664368229154
2016-03-08,1261.5,-0.0046266171858509,0.0354163417657899,-0.0895352779851528,0.1097123940838824
2016-03-09,1252.8,-0.0069204428445737,0.0282429415569742,-1.1366873575718903,-0.0058293080091408
2016-03-10,1272.05,0.0152487260670833,0.0439835679331055,-0.7647185065354449,0.480062764097835
2016-03-11,1249.3,-0.0180463778658384,0.0252719972058187,-2.2013703031252376,-0.2985557653141885
2016-03-13,1250.85,0.0012399257633205,0.0265436285965573,-3.140532222729398,-0.9861720604027736
2016-03-14,1235.2,-0.0125904199305922,0.0136851232218743,-4.8091506151660255,47.87535953978907
2016-03-15,1232.55,-0.0021477062252052,0.0115019016059538,-6.006915802788281,-0.0170272868156227
2016-03-16,1259.8,0.0218677841425221,0.0338375881217717,-4.924931368890157,0.3501566584845037
2016-03-17,1258.9,-0.0007146544156149,0.033062841830519,-4.256005771898526,-0.0197176853152021
2016-03-18,1255.2,-0.0029434013533907,0.0300049642330025,-4.0500327973758985,-0.3238190015228962
2016-03-20,1255.3,7.96654053398823e-05,0.0300868281803816,-3.893289034922756,-0.9906121083732856
2016-03-21,1243.65,-0.0093239835938251,0.0205143554040289,-4.516601912516762,84.39429928741093
2016-03-22,1247.5,0.0030909443953362,0.0236560913922929,-4.596696050317586,0.2315095546716363
2016-03-23,1222.45,-0.020284506908567,0.0030934870374633,-6.165966223074573,0.3171387270181145
2016-03-24,1217.1,-0.0043860618365954,-0.0012960176131931,-7.315097887379531,-0.3752207836748692
2016-03-28,1221.5,0.0036086318172839,0.0023149397315466,-7.501760683329628,-0.3138551902069495
2016-03-29,1240.15,0.0151527283272156,0.0176089668721344,-6.14888172705651,1.136205448217929
2016-03-30,1224.55,-0.012658910473374,0.0048013815929397,-6.073708417292624,-0.1123719641218657
2016-03-31,1232.4,0.0063900581708761,0.0112352575064915,-5.292949536012715,-0.0550609678916501
2016-04-01,1222.3,-0.0082291579392958,0.0029452842571624,-5.244335321551128,0.3146097517413824
2016-04-04,1215.5,-0.0055788150270389,-0.0026338282787317,-5.434612446088869,-0.3446097411860607
2016-04-05,1230.5,0.0122650760749324,0.0096687865030171,-4.361035740232278,0.3351730928689884
2016-04-06,1222.1,-0.0068499003871557,0.0027734110174074,-4.034972254058888,-0.0482465503522425
2016-04-07,1240.65,0.0150647453620703,0.0179811974426061,-2.465445801140802,0.2844966456638322
2016-04-08,1240.5,-0.0001209116741694,0.0178463241644689,-1.3865890844307267,-0.1988157414315876
2016-04-11,1257.55,0.0136508594829852,0.0318122822684824,0.4289940303259847,0.1330916007846401
2016-04-12,1255.45,-0.001671309581236,0.030064301606156,1.3880810853517032,-0.0770118560486832
2016-04-13,1243.2,-0.0098053734202219,0.0199957309738833,1.1091430696608788,-0.0210677882611496
2016-04-14,1226.4,-0.0136056520557785,0.0062022379664278,-0.2240410159010553,0.2227211147667891
2016-04-15,1233.85,0.0060563136034882,0.0123079601826138,-0.6000294187975364,-0.3315552882332457
2016-04-18,1232.65,-0.0009730387956052,0.0113143201500415,-0.9070113819942468,0.1073618905543321
2016-04-19,1250.15,0.0140972207314354,0.0256562918089502,0.0408086319098557,0.0416123169036672
2016-04-20,1243.6,-0.0052531449123241,0.0202695879909993,0.190520098238097,-0.2632259653876947
2016-04-21,1248.7,0.0040926109365008,0.0244313020304535,0.5751860160595705,0.439939814427819
2016-04-22,1232.6,-0.0129772505929567,0.011214857058146,-0.2672934290024198,-0.3158210457061031
2016-04-25,1237.45,0.0039270510580334,0.0151886289509453,-0.4971703763494801,-0.3278841530672851
2016-04-26,1243.6,0.0049575885984224,0.0202265191854258,-0.2469333019600701,0.2197862312741962
2016-04-27,1245.75,0.0017273589769153,0.0219760796511896,0.0364042546371132,0.4767309483561597
2016-04-28,1266.3,0.0163615042950487,0.0388134197866463,1.4997975708938784,0.017217212540298
2016-04-29,1293.7,0.0214070674672935,0.0612595424539694,4.05984613515449,-0.1451668465654639
2016-05-02,1291.15,-0.0019730358258582,0.0591326619056532,5.252462745199274,-0.0202031056901832
2016-05-03,1286.3,-0.0037634140133282,0.055116577642838,5.36672851265601,0.1405264601041953
2016-05-04,1279.7,-0.0051442046411194,0.0496744059897047,4.675202091221603,-0.120519293184277
2016-05-05,1278.0,-0.0013293195060701,0.0482544130984101,3.8169225157286384,-0.0557924662402274
2016-05-06,1288.9,0.0084927854732537,0.0571523513340444,3.6945207530095354,0.4420254190671955
2016-05-09,1263.15,-0.020180540266623,0.0360109822675027,1.6924315106376344,-0.3332530265614648
2016-05-10,1266.15,0.0023721989537278,0.0384528024920718,0.448043838999423,0.0022583559168924
2016-05-11,1277.15,0.0086502328399312,0.0474533578315807,0.2533218187807602,-0.066786840919333
2016-05-12,1263.45,-0.0107849585082875,0.036194396901356,-0.8501561244312619,0.2007275771038568
2016-05-13,1273.25,0.0077266123352315,0.0442063916851253,-0.9637257599618554,0.0513446121671985
2016-05-16,1273.55,0.0002355897607881,0.0444278900795732,-1.054957818308374,-0.143986534734265
2016-05-17,1279.3,0.0045047767974872,0.0491170530566561,-0.7771958507042722,0.0864565333968896
2016-05-18,1257.95,-0.0168296414804626,0.0315815354568866,-2.0104036204626805,0.3177306131402873
2016-05-19,1254.2,-0.002985492733606,0.0284885517252851,-2.9982381604767845,-0.1058994901675164
2016-05-20,1251.85,-0.0018754619331744,0.0265500557774087,-3.68431527425615,-0.366312898570963
2016-05-23,1248.95,-0.0023192588770917,0.0241603305625405,-4.1719937986209406,0.1687295699122195
2016-05-24,1226.8,-0.0178940450585579,0.005989862028162,-5.7287362273774045,0.1921058420539894
2016-05-25,1224.35,-0.001999062330662,0.0039791504428591,-6.603675263812381,-0.1831075025043497
2016-05-26,1219.55,-0.0039281526839492,4.1214789655264655e-05,-7.140327790868255,0.1308893765328513
2016-05-27,1211.55,-0.0065814066690702,-0.0065166622429591,-7.624758948140709,-0.066288094966328
2016-05-30,1205.0,-0.0054209646316595,-0.0118844081455722,-7.941150100271488,-0.3642920448641545
2016-05-31,1214.95,0.0082233567397415,-0.0037226598781122,-7.0645403452496245,0.5571366761213403
2016-06-01,1212.55,-0.0019773435896829,-0.0056881494941503,-6.258180697471754,0.0046001852423587
2016-06-02,1210.95,-0.0013204045656797,-0.006997533526212,-5.472805370362957,0.0147207965825624
2016-06-03,1244.4,0.0272483105143478,0.0204258375485339,-2.492470534050706,0.257556484341874
2016-06-06,1244.9,0.0004017193642583,0.0208248016064575,-0.3897228559614127,-0.1246808920572226
2016-06-07,1244.35,-0.0004419001779253,0.0203666929262679,0.9866203953441844,-0.2796258082267162
2016-06-08,1261.7,0.0138467127238806,0.0345813618215233,2.9756047120835394,0.0381559850278816
2016-06-09,1269.35,0.0060449404753503,0.0408365633046321,4.618501391209544,0.1353886906294839
2016-06-10,1273.95,0.0036173514850819,0.0445882858286889,5.753183311692575,-0.0006804704967434
2016-06-13,1283.95,0.0078189537875966,0.0527625541450179,6.841346882067826,0.0654993514915693
2016-06-14,1285.8,0.0014398290258615,0.0542544143673204,7.307603545821189,-0.0549604382227632
2016-06-15,1291.5,0.0044232408283088,0.0588970745033332,7.588661563117439,0.1413988536098409
2016-06-16,1278.7,-0.0099603967187726,0.0483505609405161,6.540984255657837,0.6522217520101565
2016-06-17,1298.6,0.0154428242572636,0.0646339778121445,6.787331744797874,-0.4029506685108345
2016-06-20,1289.8,-0.0067995934981093,0.0573902690215087,5.9847983110198975,-0.0049192049192049
2016-06-21,1267.25,-0.0176379692238181,0.0388793720785976,3.6757833202358894,0.0173310723421378
2016-06-22,1266.2,-0.0008289092424325,0.0380006862953696,1.907279174559468,-0.1094473951858967
2016-06-23,1256.1,-0.0080086064168189,0.0297013439666001,-0.0116322677990705,0.245479347757122
2016-06-24,1311.9,0.0434647853937773,0.0753663153621479,2.281386976690204,0.789302088639837
2016-11-04,1304.27,-0.0058329708186349,0.0690845312252028,3.041004760855948,-0.6291424666894432
2016-11-07,1282.06,-0.0171753380108329,0.0507408172447496,1.862303193715734,5.576500844464916
2016-11-08,1276.41,-0.0044167093494894,0.0459913799162502,0.5830660396610838,-0.0542575482545482
2016-11-09,1274.84,-0.0012307693861327,0.0442366792232546,-0.4330780041892197,2.206294936279199
2016-11-10,1256.34,-0.0146179484896144,0.0289131899121832,-2.310498409705957,-0.4049663928304705
2016-11-11,1226.25,-0.0242420001527072,0.0042191552511148,-5.363713303476766,-0.117092958183859
2016-11-14,1218.39,-0.0064304168175288,-0.0022146900138745,-7.562947179378189,0.1625186395594653
2016-11-15,1227.41,0.0073759431630061,0.0051593334524779,-8.017155172113432,-0.2610408479068639
2016-11-16,1224.57,-0.0023164962764704,0.0028207223632955,-8.092409189063414,-0.1314235022668048
2016-11-17,1216.5,-0.0066118787250024,-0.0037839887269257,-8.241519399928128,0.1045537573162587
2016-11-18,1208.44,-0.0066476116369275,-0.0103572205191181,-8.409682372221294,-0.0652058911130967
2016-11-21,1212.03,0.00296636821152,-0.0073995306029867,-7.818328714675166,-0.2100332412343483
2016-11-22,1212.13,8.25028051422667e-05,-0.0073022995870086,-6.986828577819567,0.0272943442795654
2016-11-23,1189.36,-0.0189637952982167,-0.0258947184426025,-7.491983467197144,0.1532678187390492
2016-11-24,1184.05,-0.0044745820230645,-0.0301987721361941,-7.677114621625924,-0.4190870104266173
2016-11-25,1183.71,-0.0002871912713592,-0.0304012968574185,-7.3172847315318705,0.5681122404352466
2016-11-28,1193.3,0.0080690043649385,-0.0224695378568445,-5.984359720063058,0.300631428635177
2016-11-29,1188.86,-0.0037277136224795,-0.0260314954343998,-4.993113927205492,-0.0872531864889437
2016-11-30,1172.45,-0.0138992882652148,-0.0393691869776215,-5.020505910818773,0.1245377701137544
2016-12-01,1171.25,-0.0010240219352836,-0.0402281031489393,-4.70281497020542,-0.04507128173416
2016-12-02,1175.64,0.0037411255919193,-0.0365385651825176,-3.818027214780816,-0.1944212299547135
2016-12-05,1169.0,-0.0056639976724829,-0.0418338391404435,-3.3193829740843093,0.5350413609181417
2016-12-06,1168.35,-0.0005561854380012,-0.0422760952046012,-2.6990724111362425,-0.3919424806629443
2016-12-07,1173.36,0.0042789309044326,-0.0380901041938463,-1.6676617499944406,-0.0718949304036125
2016-12-08,1170.49,-0.0024489634015684,-0.0403514053533124,-0.9317320152412591,0.1572733599593712
2016-12-09,1158.76,-0.0100719967048919,-0.0498736641771424,-0.9828835491852672,-0.1433548058533836
2016-12-12,1161.66,0.0024995487970897,-0.0473855029196948,-0.58878831403959,0.1150603666904885
2016-12-13,1158.73,-0.0025254388764442,-0.0496758074925315,-0.3069951657190586,0.0237536157903692
2016-12-14,1140.0,-0.0162963153641436,-0.0648782873496779,-1.1179822364813816,0.2140411528105574
2016-12-15,1127.41,-0.0111052958141101,-0.0750055077485766,-2.1770009320502446,0.0399759049340124
2016-12-16,1133.8,0.0056518563157722,-0.0696552303892923,-2.119744450163985,-0.4497174100012286
2016-12-19,1139.1,0.004663654015663,-0.0651939472220689,-1.4305597194642845,0.1057613332801723
2016-12-20,1131.1,-0.0070478663685309,-0.0716423211182733,-1.2269372011017907,-0.0221969019528658
2016-12-21,1131.15,4.420377943051112e-05,-0.0715003115932951,-0.8218012676143971,-0.1300095877277085
2016-12-22,1128.73,-0.002141707457942,-0.0733900881856113,-0.4673551028864189,-0.066589240602906
2016-12-23,1131.8,0.0027161788495997,-0.0708190833009457,0.1881632143320075,-0.4660557457745647
2016-12-27,1138.95,0.0062974996189291,-0.0648827959983191,1.257971576962703,0.4466159786361858
2016-12-28,1141.85,0.0025429687502483,-0.0624241505686546,2.257275548871771,0.1798161038472392
2016-12-29,1156.38,0.0126446818614144,-0.050417267344276,3.897058211718079,0.1430222939775365
2016-12-30,1150.74,-0.0048892222642151,-0.05497432089993,4.556235929950141,0.0134185470651833
2017-01-03,1158.7,0.0068934733282164,-0.0483118780239663,5.423769925747894,0.727628601663928
2017-01-04,1163.65,0.0042629297876574,-0.0441392297252999,6.171966997332188,-0.0483655704069639
2017-01-05,1180.85,0.0146729013324863,-0.0299125552795598,7.573843490449484,0.2108042199568793
2017-01-06,1172.85,-0.0067978338845278,-0.0364049854922679,7.686477449297691,-0.1925229605618584
2017-01-09,1182.45,0.0081518729353944,-0.0284467184081285,8.090806552472037,-0.0025638280790023
2017-01-10,1187.09,0.0039163769598276,-0.0245803311990946,8.321792724055017,-0.0959265042849246
2017-01-11,1191.55,0.0037500464355184,-0.0208454869114033,8.401567999095427,0.4269891675322748
2017-01-12,1196.07,0.0037862016565759,-0.0170885532157236,8.367065448781188,-0.0992171771791757
2017-01-13,1198.25,0.0018209768137916,-0.0152557896166148,8.09434088419001,-0.1280159217580428
2017-01-16,1202.5,0.0035405639401756,-0.0117467164416424,7.800253972419949,-0.3947128725454892
2017-01-17,1215.56,0.0108021529602819,-0.0010037626658301,8.052649338767637,0.8580927384076991
2017-01-18,1205.4,-0.0083934138912544,-0.0093388239146547,7.134138457177858,-0.1941284490064978
2017-01-19,1204.95,-0.0003733897610125,-0.0096745059814061,6.133285452822738,0.3627732236446179
2017-01-20,1208.45,0.0029004743960544,-0.0067767718011458,5.371389143366644,-0.0607957468701766
2017-01-23,1214.95,0.0053643769805109,-0.0014300993844607,4.978416633502924,-0.0534054596914087
2017-01-24,1209.44,-0.0045454811206301,-0.0059514596504655,4.059481721317689,-0.2897169670285154
2017-01-25,1199.72,-0.0080692463275657,-0.0139151103525342,2.5811311068429355,0.0803883626981702
2017-01-26,1189.35,-0.0086812568297833,-0.0223952697727876,0.7822827485425616,0.101567949725059
2017-01-27,1190.49,0.0009580476731178,-0.0214045753790815,-0.3903904531988775,0.0496214779190697
2017-01-30,1195.75,0.0044086165007709,-0.0170352141766668,-0.8452971771125952,0.1163192651574855
2017-01-31,1211.75,0.0132919921650789,-0.0038593897609727,-0.1391465033515686,0.1605464832072294
2017-02-01,1208.79,-0.0024457364682821,-0.0062689863631515,0.0480491057198939,0.0008852156402081
2017-02-02,1215.75,0.0057413110266918,-0.0005471755221151,0.5331223423605564,0.0588336386233028
2017-02-03,1218.85,0.0025466209441905,0.0020020389051332,0.9319198885089346,-0.6117882719006204
2017-02-06,1235.25,0.0133655874977735,0.0154795383625444,2.102386771784431,-0.6513434966603784
2017-02-07,1233.25,-0.0016204176120117,0.0138304812094504,2.516126458758976,-0.1153812406773712
2017-02-08,1240.7,0.0060227753349781,0.0199471881492191,3.031217443187847,0.1383984659128478
2017-02-09,1230.9,-0.0079301273325757,0.0118845595699366,2.475068078249004,-0.0421700743494424
2017-02-10,1232.85,0.0015829531463684,0.0134825507954256,2.020856653456015,0.0686476652516676
2017-02-13,1226.1,-0.0054901620242773,0.00793102348982,1.0945288518129992,-0.2302803314039269
2017-02-14,1227.8,0.0013855497550546,0.0093245578585456,0.4576118922264545,0.2454659392509584
2017-02-15,1232.65,0.0039423733720915,0.0133082324546205,0.2354629320558618,-0.1295172699559001
2017-02-16,1239.3,0.005380380705341,0.0187674739996045,0.3992630613239445,0.1528339736833157
2017-02-17,1235.85,-0.0027877116411198,0.0159259531841983,0.1509135234949035,-0.2763227747301362
2017-02-20,1237.65,0.0014554277887533,0.017402839315919,-0.0080457752572016,-0.4361983942617272
2017-02-21,1235.9,-0.0014149706227721,0.0159592369036584,-0.3291784634279011,1.0870319502674568
2017-02-22,1238.15,0.0018188804755854,0.0177959070035543,-0.4791030645304381,1.1917428650595734
2017-02-23,1248.7,0.0084846800498241,0.0264510549354711,0.0169201243017003,-0.0754740834386852
2017-02-24,1257.45,0.0069828506308767,0.0336214420490698,0.7768981593205417,-0.0485949678654451
2017-02-27,1251.25,-0.0049428091225457,0.0285087789578312,0.7066338917449357,-0.2690932609906398
2017-02-28,1251.15,-7.992327369972373e-05,0.0284055692575356,0.5073503900929897,0.4017648649312981
2017-03-01,1249.6,-0.0012396282703091,0.0271070075013779,0.1439549357959038,0.4376622010240583
2017-03-02,1234.85,-0.0118739948897806,0.0149688348117702,-1.1459741856565646,-0.209447839291595
2017-03-03,1234.8,-4.049156763651277e-05,0.0149183705592124,-2.008284878593276,-0.0249633572475507
2017-03-06,1226.35,-0.0068667356340586,0.0079689640011,-3.0888599620530077,-0.4910043198253081
2017-03-07,1216.2,-0.0083110343079361,-0.0003745239336801,-4.3510432973924384,0.1795629060838748
2017-03-08,1208.6,-0.0062685787585513,-0.006618731260444,-5.488237480040745,0.1848825870384525
2017-03-09,1201.75,-0.0056838371533879,-0.0122429576884394,-6.427105233808908,0.0688865163041061
2017-03-10,1204.1,0.0019535721241031,-0.0103034483945595,-6.590677645098645,0.1296223077723441
2017-03-13,1203.8,-0.0002491797845028,-0.0105461727817045,-6.413830541206011,-0.3369132709453982
2017-03-14,1198.5,-0.0044124452392313,-0.0148964153794434,-6.337355599531179,0.1030698708153909
2017-03-15,1218.8,0.0167959932371149,0.0017912820186891,-4.679624618355138,0.4100491122024934
2017-03-16,1226.0,0.0058900693846026,0.0077049053663204,-2.94303956785956,-0.1488586432322366
2017-03-17,1229.25,0.0026473897958919,0.0103723066594242,-1.4934369618782075,-0.3053806765718123
2017-03-20,1234.2,0.0040187595949176,0.0144367278259519,-0.1878060828871109,-0.2311480362537764
2017-03-21,1244.65,0.0084313789909505,0.0230154815290338,1.310567977742036,0.7648630594522379
2017-03-22,1248.8,0.0033287243233051,0.0264113819670302,2.446164154789037,0.0534799839693636
2017-03-23,1245.2,-0.0028869306337691,0.0234366173091371,2.79468615699381,0.0874756953250486
2017-03-24,1245.15,-4.015499829872768e-05,0.0233831275272065,2.851798266801283,-0.1890195316295793
2017-03-27,1254.2,0.007241914539766,0.0308067006623073,3.297507306063711,-0.0869179707158092
2017-03-28,1251.4,-0.0022349945446572,0.0284916834300434,3.199661565590477,-0.0085822266547688
2017-03-29,1253.25,0.0014772525793496,0.029999260281339,3.0557149158024477,-0.0430443414956982
2017-03-30,1243.3,-0.0079710421847209,0.0218111062332901,2.130406004971956,-0.0220199728899831
2017-03-31,1248.95,0.0045340633397625,0.0264427913979135,1.754560517862032,0.1097502333606765
2017-04-03,1253.1,0.0033172828725848,0.0298429275477192,1.6430850072963832,-0.2164249483852879
2017-04-04,1256.1,0.002391201521968,0.0322949207607381,1.6260199703161824,0.0698718365753692
2017-04-05,1255.1,-0.0007964320268068,0.031456738154366,1.410047482888424,0.3857099422316814
2017-04-06,1251.7,-0.0027126233324225,0.0286487890964891,0.9243491170672148,-0.1859750746006669
2017-04-07,1254.1,0.0019155564960262,0.0305916509784036,0.6630885785703002,0.8749595687331537
2017-04-10,1254.95,0.0006775473047707,0.0312774564318991,0.4557683393806684,-0.5029686174724343
2017-04-11,1274.05,0.0151050716950292,0.0469480125642176,1.4567584807527618,0.3994909469543588
2017-04-12,1286.45,0.0096856839987546,0.0571020373770741,2.7317220077027464,0.0929401066424171
2017-04-13,1286.6,0.0001165931483412,0.0571922797616949,3.323578521333744,-0.1264111340128207
2017-04-17,1282.8,-0.0029578911579,0.0540433707976407,3.1965958167366004,-0.2050954586778648
2017-04-18,1290.0,0.005597029536718,0.0599234688957619,3.32042387311104,0.3425646052882389
2017-04-19,1279.75,-0.0079774720180252,0.0514734518591533,2.4737778328414493,-0.1419183416830618
2017-04-20,1281.1,0.0010543375246952,0.0525538423568939,1.7978866746601394,0.0411998298113742
2017-04-21,1284.45,0.0026115272779228,0.0552812915315355,1.387990280097874,-0.179981384367409
2017-04-24,1276.3,-0.0063653441516657,0.0485614036654734,0.4292350520086465,0.1552282605686443
2017-04-25,1263.6,-0.010000477060715,0.0381120927376053,-1.1146234103274466,-0.2804831288343558
2017-04-26,1270.2,0.0052095784409443,0.0435155575926124,-1.7100602689574718,0.2300492938982148
2017-04-27,1263.85,-0.0050117505900944,0.0382835606635237,-2.502372229498356,-0.1485202133708808
2017-04-28,1268.15,0.0033965277518771,0.0418045439274527,-2.691185855459988,-0.2684284169687718
2017-05-01,1256.7,-0.0090699079095581,0.0323882779543609,-3.490834942933404,-0.0173440556400782
2017-05-02,1256.3,-0.0003183446107268,0.0320509820232533,-3.918283433166506,0.0004423604352825
2017-05-03,1240.1,-0.0129788715016455,0.018734559577917,-5.089424771377991,0.2735673859214715
2017-05-04,1228.1,-0.0097237618923882,0.0088721388003953,-6.385671198236059,0.1020727007603374
2017-05-05,1229.6,0.0012206536080476,0.0100995828606571,-6.816286993440262,0.1689821377941593
2017-05-08,1226.7,-0.0023612761856797,0.007714531266941,-6.947030711179199,-0.3411755194437706
2017-05-09,1219.8,-0.0056407261763504,0.0020452297186606,-7.122403585562827,0.2574549024420174
2017-05-10,1219.3,-0.0004099872961368,0.0016335629301647,-6.891889367937113,-0.1147652971601443
2017-05-11,1224.5,0.0042556738260034,0.005903839859013,-6.039588226857917,-0.0615882115165545
2017-05-12,1228.45,0.0032206147000421,0.0091454973049291,-4.908248758869059,0.1690879899753299
2017-05-15,1230.7,0.0018299010860263,0.0109904773523886,-3.758623294537501,-0.2066990453860324
2017-05-16,1236.7,0.0048634285697205,0.0159145839986234,-2.4099188863676098,0.1237122107752068
2017-05-17,1260.45,0.0190222582943255,0.0354067028592912,0.1311192586778453,0.8775080784549485
2017-05-18,1248.35,-0.0096461207134059,0.0254449260863443,0.9981215770472128,0.2395933397374319
2017-05-19,1255.15,0.0054324080071293,0.0310176761731797,1.974299901717881,-0.404326767839845
2017-05-22,1261.05,0.0046896199133553,0.035852789754383,2.9057990249383323,-0.2586188204683435
2017-05-23,1251.6,-0.0075219744546885,0.0280763046682599,2.774239323639165,0.3549023908751918
2017-05-24,1257.4,0.0046233641542337,0.0328280202553008,2.950167843567351,-0.0979170039393448
2017-05-25,1255.6,-0.0014325509811623,0.0313379915621269,2.817863285513813,-0.1175485298956121
2017-05-26,1267.45,0.0093934619877022,0.0410575657969681,3.363988459892804,0.0148798427278582
2017-05-29,1266.75,-0.0005524425994814,0.0404778495212757,3.498132572045809,-0.6830873021174271
2017-05-30,1262.5,-0.0033606832065042,0.0369742613919281,3.1324972214894538,1.8587838549899884
2017-05-31,1268.7,0.0048988719970377,0.0420521905773552,3.132531987391606,0.0604195082390237
2017-06-01,1267.75,-0.0007490784714241,0.0412579237815065,2.898323905255044,-0.0189807411527497
2017-06-02,1278.1,0.0081309244625401,0.0497395961770195,3.2441082533707712,0.2268249468462084
2017-06-05,1279.6,0.0011729289376943,0.0509569120536698,3.3631137298272757,-0.3369631148724762
2017-06-06,1293.35,0.0106882223887531,0.0622252952311879,4.10784130452954,0.4501851448486169
2017-06-07,1286.25,-0.0055047433158566,0.0563706153611316,3.865758626228498,-0.0218991258373636
2017-06-08,1277.35,-0.006943388794041,0.0490369222502704,2.894170132312036,0.1929361179361179
2017-06-09,1266.65,-0.0084119992891534,0.0402275009873122,1.394805606335713,0.0560475773647082
2017-06-12,1265.4,-0.0009873423522808,0.0391839423880151,0.2431383331786634,-0.1547575513786294
2017-06-13,1266.75,0.0010662876432352,0.040279085805831,-0.4648549719444306,-0.1806985665253382
2017-06-14,1257.6,-0.007249422681077,0.0327418361845168,-1.5266738219133105,0.7107301274378652
2017-06-15,1254.5,-0.002468055868465,0.0301799899329585,-2.3650249054120014,-0.1621977569708818
2017-06-16,1253.45,-0.000837337316413,0.0293077858170735,-2.883146392089716,-0.323582148208189
2017-06-19,1244.45,-0.0072060842673478,0.0219090255320792,-3.674172540394149,-0.0099858382657321
2017-06-20,1243.0,-0.0011658527120048,0.0207112220137544,-4.104585601509572,0.0033010563380282
2017-06-21,1245.95,0.0023704786206062,0.0231254627574474,-3.996257500268237,0.1218468962491774
2017-06-22,1250.05,0.0032852593650507,0.0264787113041481,-3.4734370210897234,0.373839084954541
2017-06-23,1256.0,0.0047485175317759,0.0313528179158066,-2.592248519272676,-0.2448587490215612
2017-06-26,1243.45,-0.0100422936803453,0.0210358867123032,-2.7073537628616946,0.3216798592788039
2017-06-27,1249.35,0.0047336417016603,0.0258667993556671,-2.25727611327987,0.099531810727951
2017-06-28,1249.75,0.0003201152442206,0.026179195696022,-1.82239895191468,0.0810115638171404
2017-06-29,1244.4,-0.0042900452701977,0.0217713164342442,-1.782644092587169,0.0901965488972866
2017-06-30,1241.35,-0.0024539889615668,0.0192549554132671,-1.8417846195445515,-0.1007262856723644
2017-07-03,1221.25,-0.0163245727049226,0.0027469743160244,-3.0437039829432107,-0.1048091042584434
2017-07-04,1223.3,0.0016772006958781,0.0044288232368901,-3.478389911994734,-0.4152598364203859
2017-07-05,1225.25,0.0015927797367863,0.0060273304760349,-3.407855645660636,0.7791630951453286
2017-07-06,1224.4,-0.0006939767183994,0.0053270861423738,-3.19527893772844,-0.2874912403644009
2017-07-07,1211.85,-0.0103028104774302,-0.0049766888415564,-3.6442003811472494,0.1357880501598229
2017-07-10,1214.05,0.0018137603389394,-0.003168107974933,-3.5345864354873857,-0.0351247496888023
2017-07-11,1216.5,0.0020160052908106,-0.001155417618363,-3.056629019327524,-0.2174669059905766
2017-07-12,1220.5,0.0032827276094374,0.0021282869172289,-2.266972314654531,0.1762239266002436
2017-07-13,1217.8,-0.002214658658541,-8.902087429801509e-05,-1.7457551029766751,-0.2344068984429751
2017-07-14,1228.4,0.0086665573921938,0.0086124208927482,-0.5673597746933527,0.1164132770834991
2017-07-17,1234.05,0.0045889337163814,0.0132483426144534,0.6465643269022898,-0.2146447541977113
2017-07-18,1241.9,0.0063410216709379,0.0196868654209201,1.958046477494268,0.4766227871084885
2017-07-19,1241.5,-0.0003221390057656,0.0193523117938811,2.730967551238272,-0.1428220104518905
2017-07-20,1243.45,0.0015694483995773,0.0209450203161018,3.269558258302953,0.2735260364366663
2017-07-21,1254.65,0.0089668748604308,0.0301302809400855,4.215902822102648,-0.0898594801610768
2017-07-24,1255.05,0.0003187632014877,0.0304479526431778,4.669370993452151,-0.0947400990099009
2017-07-25,1250.35,-0.0037519003060547,0.0265782901011737,4.454029713272839,0.090744411784811
2017-07-26,1261.45,0.008838340837212,0.0356768439171324,4.828947625254324,0.2352332905085701
2017-07-27,1259.85,-0.0012691867011288,0.0343449933349786,4.732684268274666,0.1182648401826484
2017-07-28,1269.55,0.0076698407142714,0.0422858281089388,5.056492760817343,0.0923279343042511
2017-07-31,1270.05,0.0003937628023786,0.0426790494985149,5.027972297301921,-0.2911405549094534
2017-08-01,1269.85,-0.0001574865155427,0.0424961143314632,4.723981829108066,0.0889168839539449
2017-08-02,1265.9,-0.0031154515980705,0.0392363936753478,4.013184631918088,-0.0628766681015927
2017-08-03,1268.65,0.0021700113070438,0.041476391652383,3.5031015097810325,0.0763113318595503
2017-08-04,1258.5,-0.0080328073744559,0.0331284137816893,2.314329341350935,-0.0169116274107071
2017-08-07,1257.2,-0.0010335096519579,0.0320509229378842,1.3219969285948707,-0.2791751458418124
2017-08-08,1259.4,0.0017483911312298,0.0338438684459756,0.7251575788018947,0.2336068659188437
2017-08-09,1275.45,0.0126636404452687,0.046995225181663,1.2897147869151544,0.3832539973147808
2017-08-10,1285.4,0.0077708964372746,0.0551335590528124,2.160390565628119,0.0063310685608399
2017-08-11,1290.45,0.0039210407982809,0.0592411763831061,2.859662751039604,0.1788289966899756
2017-08-14,1281.2,-0.0071938560004637,0.051615712709699,2.4957351389049647,-0.0594120162894917
2017-08-15,1271.95,-0.0072459827836228,0.0439969089912578,1.4788038928443044,-0.0500177928907517
2017-08-16,1282.3,0.0081041845136898,0.0524673567597072,1.3533475537622337,-0.13645633896612
2017-08-17,1288.15,0.0045517400456622,0.0572303022841394,1.502963004228171,0.3573924569225208
2017-08-18,1286.55,-0.001242863406192,0.0558733798912076,1.3382778820692849,0.0815623612960496
2017-08-21,1291.35,0.003723965667533,0.0597838041217723,1.3906111586699748,-0.3238562681593592
2017-08-22,1285.05,-0.0048905546939105,0.0545880052398165,0.8646784139334649,-0.0865015780529254
2017-08-23,1290.25,0.0040383699506739,0.0588300564359948,0.7358023503304167,-0.031599649188083
2017-08-24,1285.9,-0.0033771357524431,0.0552351433662901,0.2514138865548023,0.0081233876722104
2017-08-25,1291.05,0.0039969784871998,0.0594306735455573,0.1752843646204276,0.2161213045135297
2017-08-28,1311.2,0.0154869076660268,0.0759331412708246,1.3158999222214245,-0.1663197009379267
2017-08-29,1308.4,-0.002137731765391,0.0735718535748509,1.6917401843813344,0.7875842440190104
2017-08-30,1308.35,-3.821534346518685e-05,0.0734885055465046,1.7401746973436758,-0.3039128802102891
2017-08-31,1322.75,0.0109461014634773,0.0852522919713034,2.499057644437709,0.1247464503042596
2017-09-01,1325.4,0.0020013978698854,0.0873734179100296,2.907900600554248,-0.0500546783569633
2017-09-04,1334.25,0.0066550355599276,0.0945945534813363,3.464954870380067,-0.3343296845336673
2017-09-05,1340.8,0.0048971145137642,0.0998960441341041,3.931025455177197,0.7870145631067962
2017-09-06,1333.85,-0.0051969533526361,0.0941318615833382,3.4451389749294457,-0.1118166383701187
2017-09-07,1348.75,0.011108740197162,0.1062834419883768,3.774619006780787,0.0432771342279314
2017-09-08,1347.05,-0.0012612213260229,0.1048094967729637,3.52990674481536,0.0819560995272821
2017-09-11,1326.7,-0.0152223603234504,0.0880667754124971,1.739885296481166,-0.2241452303940662
2017-09-12,1331.35,0.0034988090845875,0.0918339966426719,0.6666059148452668,-0.0950125504747353
2017-09-13,1321.45,-0.0074638464715663,0.0836621276869814,-0.8312366845576413,0.1827938835560272
2017-09-14,1327.3,0.0044171850962641,0.0883862974431543,-1.5096451378977491,0.3938949042637794
2017-09-15,1320.3,-0.0052878201470011,0.0825870245617805,-2.455501044840517,-0.186678954913836
2017-09-18,1308.4,-0.0090539668209264,0.0727924306287025,-3.8265144739169177,-0.2730722880730974
2017-09-19,1311.4,0.0022902521652901,0.0752123330682428,-4.432533020358871,0.093925522701967
2017-09-20,1301.1,-0.0078852083200889,0.0667245425962648,-5.365971390588603,0.1488995951233855
2017-09-21,1290.85,-0.0079091444140272,0.0582825926508937,-6.440276763977106,0.0356341300153562
2017-09-22,1296.75,0.0045602181361064,0.0630844531053287,-6.501224018885237,-0.110542924492434
2017-09-25,1310.95,0.0108909309795626,0.074677276722029,-5.379318867037682,0.2290495629314581
2017-09-26,1295.5,-0.0118553442089075,0.0619675764959034,-5.454770040586846,-0.0395784787674329
2017-09-27,1283.35,-0.009422874459788,0.0519702594171706,-6.053714872145902,0.029042187217092
2017-09-28,1286.4,0.0023737728823254,0.0544373971693548,-5.965551578245629,-0.0806383502832811
2017-09-29,1280.6,-0.0045189013400003,0.0496529214385795,-6.002533514385532,-0.0675393772367992
2017-10-02,1271.35,-0.0072493900821526,0.0420482652184886,-6.322505354150257,-0.1066253437872009
2017-10-03,1271.6,0.0001966220340985,0.042235306338139,-6.18239825563176,-0.1755232384496978
2017-10-04,1275.6,0.0031407060992548,0.0454913786071328,-5.507860061916238,0.1494970323515478
2017-10-05,1268.2,-0.0058180838699711,0.0394080696133224,-5.248679058432894,-0.1095219625715117
2017-10-06,1274.5,0.0049553725502389,0.044547773199269,-4.377157795885144,0.3312190341373116
2017-10-09,1283.9,0.0073483757808677,0.0522300698411416,-2.959708920801919,-0.258645017484305
2017-10-10,1287.95,0.0031494864379737,0.0555161066827037,-1.609066932918589,0.378285934957107
2017-10-11,1291.35,0.0026363757370616,0.0582673250457528,-0.4089151849627184,0.0329417415494226
2017-10-12,1293.3,0.0015089086491254,0.0598328845017758,0.5423946461880895,-0.1237091430453567
2017-10-13,1303.4,0.0077791434770815,0.0680694742816167,1.8067436844410647,0.1368621208101177
2017-10-16,1294.6,-0.0067744677868702,0.0608246909849728,1.9907485868280144,-0.1296044186860632
2017-10-17,1285.15,-0.0073263240771732,0.0530508629301372,1.4419500733631443,0.0350136300665862
2017-10-18,1280.8,-0.0033905603517316,0.0494612533025837,0.7847970901027903,-0.0904557328209667
2017-10-19,1289.35,0.0066533327160652,0.0564314017837466,0.91563782155702,0.3300894828036362
2017-10-20,1280.15,-0.0071609568508258,0.0488598456989384,0.3986684034992724,-0.0112423712480816
2017-10-23,1281.95,0.0014050976122281,0.0503080531896269,0.2038501811016209,-0.1560965925498123
2017-10-24,1276.5,-0.0042603984784338,0.0458154867705484,-0.2419798982973762,0.0584914134177376
2017-10-25,1277.35,0.0006656616726798,0.0464793878944518,-0.4191653941086906,0.2274013011678184
2017-10-26,1266.9,-0.0082146477462105,0.0378901222036902,-1.1388655513800146,-0.0536798959653657
2017-10-27,1273.45,0.0051567811640187,0.0432303038405081,-1.0733795268458204,-0.0562900083495686
2017-10-30,1276.2,0.0021571596622201,0.045460195418519,-0.7592475741999296,-0.1834402418344024
2017-10-31,1270.8,-0.0042402890388855,0.0410157989323148,-0.8241199682343314,-0.0488713318284423
2017-11-01,1274.6,0.0029857804848327,0.0441047218308827,-0.5341433829095221,0.1049009137296783
2017-11-02,1275.9,0.0010194080475038,0.0451461034850722,-0.1952821223837437,-0.0747932552894425
2017-11-03,1269.8,-0.0047924041913481,0.0401331538209754,-0.3153501865064401,-0.2292155178418035
2017-11-06,1281.5,0.0091718590677762,0.0496964328175871,0.4199010687622566,0.1493975903614457
2017-11-07,1275.25,-0.0048890290010899,0.0445593501517047,0.5062227123903877,-0.130188679245283
2017-11-08,1281.15,0.0046158742572299,0.0493716677855163,0.9555135555238206,0.0548626174981923
2017-11-09,1284.6,0.002689273763426,0.0521686777773808,1.4502228075836898,0.3477565475680462
2017-11-10,1275.55,-0.0070699276965357,0.0447355789539534,1.1464398131472802,-0.2098158469134755
2017-11-13,1277.9,0.0018406474875013,0.0466449480070481,1.0830105538049095,-0.2346331259386398
2017-11-14,1280.35,0.0019153724217853,0.0486326135116709,1.1774687920392344,0.2163005010687129
2017-11-15,1278.35,-0.0015632941785397,0.046968245597532,1.079263904489562,0.3096623646001382
2017-11-16,1278.3,-3.911368392732603e-05,0.0469093664588312,0.987434148378052,-0.2810980840720617
2017-11-17,1294.05,0.0122457650167214,0.0597812614795689,1.9104825948594304,0.2490667645798909
2017-11-20,1276.6,-0.0135765413687405,0.0454670692482813,1.2981484974074982,-0.0191318406741463
2017-11-21,1280.35,0.002933184214486,0.0485183984783669,1.1055416618639262,-0.1322394545590769
2017-11-22,1291.95,0.0090192268668494,0.0579953776438708,1.684557419095974,0.0010073101939791
2017-11-23,1291.0,-0.0007355930566499,0.0572047016133432,1.9121071778731509,-0.453408470141744
2017-11-24,1288.45,-0.0019771663189455,0.0550993229252547,1.8009699823372878,0.3830939982115617
2017-11-27,1294.25,0.0044914312543138,0.0598250769693375,2.012149078719184,0.2988894804898456
2017-11-28,1293.8,-0.0003477521721257,0.0594300315904302,2.010832931755073,0.1083360173337628
2017-11-29,1283.2,-0.0082266664976349,0.0507231305635884,1.224065494827014,0.1324597786172827
2017-11-30,1274.7,-0.0066461013233744,0.0437402700619464,0.1174632563360756,0.0101243380689108
2017-12-01,1279.95,0.0041101578618279,0.0480057032031306,-0.2543701666580469,0.3705688090344334
2017-12-04,1275.95,-0.0031300154666967,0.044711134078993,-0.7359062377271341,-0.3512730213827152
2017-12-05,1265.65,-0.0081051749977726,0.036261150982205,-1.661332889646927,-0.0122077922077922
2017-12-06,1263.1,-0.0020168074063046,0.0341583194431204,-2.3180957554701296,-0.0354719957927951
2017-12-07,1246.7,-0.0130689564290001,0.0207207157777766,-3.650628005120488,-0.0118590005725034
2017-12-08,1248.05,0.0010822728784631,0.0218177856520818,-4.195781817859591,-0.065414114660928
2017-12-11,1241.55,-0.0052217342298778,0.0164908186983679,-4.71024984219693,-0.2791143911439114
2017-12-12,1243.85,0.0018508092512698,0.0183690393341435,-4.606184291121349,0.038042588042588
2017-12-13,1255.6,0.009402137717014,0.027978853032794,-3.50631381729896,0.4615172196141859
2017-12-14,1252.45,-0.0025119129652899,0.0253896683452242,-2.7828407299732927,-0.085672640898294
2017-12-15,1255.3,0.0022729548216542,0.0277135673161249,-1.943963247354468,-0.1484029048828009
2017-12-18,1261.65,0.0050458002523933,0.0329027849074112,-0.8489353605123533,-0.0698859500121329
2017-12-19,1261.7,3.962985713947398e-05,0.0329336643316824,-0.0508769206803068,-0.0118519622824344
2017-12-20,1265.45,0.0029677721958704,0.0359935105855598,0.7554525957941705,-0.0523516765360388
2017-12-21,1266.5,0.0008294003121637,0.0368435301693858,1.3506676156346682,-0.0863681592039801
2017-12-22,1275.35,0.0069634602837957,0.0440791000243967,2.2770573371361413,-0.1208451317795686
2017-12-25,1274.5,-0.0006667059093555,0.0433832378117372,2.73823685242703,-0.9999504484416036
2017-12-26,1283.1,0.0067250800848024,0.0504125295174238,3.4804917582318198,20122.0
2017-12-27,1286.9,0.0029572005986467,0.0535083977950265,4.045751513722221,0.2204442677533171
2017-12-28,1294.9,0.0061972465751752,0.0600402118423318,4.729255389494345,0.0397817500712569
2017-12-29,1302.55,0.0058904095318689,0.0662832353349346,5.417926874486219,-0.0072446741854637
2018-01-02,1317.85,0.0116777391778622,0.0787927823505647,6.549592596529276,-0.3463768687625734
2018-01-03,1312.8,-0.0038393600086443,0.0746281424734168,6.585977431929527,1.0691611345805674
2018-01-04,1322.7,0.0075128412561204,0.0826990027041202,6.873017372804559,0.0219914834043049
2018-01-05,1319.85,-0.0021570082723223,0.0803347349496377,6.472775759246955,-0.0549086757990867
2018-01-08,1320.35,0.0003787591894383,0.0807214970572033,5.861777117503991,-0.2838809034907598
2018-01-09,1312.6,-0.0058869499094953,0.0743510574520639,4.610853709701894,0.2736664558296438
2018-01-10,1316.6,0.0030427529941539,0.0775853258974137,3.7637618095998455,0.4133090547922529
2018-01-11,1322.35,0.0043578007158731,0.0822560088529895,3.317292169350562,-0.1378106772236407
2018-01-12,1338.2,0.0119149705990671,0.0951834966686474,3.782327101217172,0.108786610878661
2018-01-15,1339.9,0.0012695569458459,0.0965397550397058,3.882656908976111,-0.2646655231560891
2018-01-16,1338.4,-0.001120113621948,0.0952678069019779,3.536071271453734,0.2989769735745942
2018-01-17,1326.65,-0.0088179029552237,0.0856013263319804,2.265345807012668,0.2133090479977424
2018-01-18,1327.1,0.0003391427258127,0.0859250495880239,1.2554132484914824,-0.0909167794316644
2018-01-19,1331.6,0.0033851162576662,0.0895634287190211,0.7174831622788957,-0.0510512605823797
2018-01-22,1333.9,0.0017257554461286,0.0914086492431468,0.3615601158510912,-0.1685742996495184
2018-01-23,1341.2,0.0054577534450751,0.0973398680205422,0.4566378805750428,0.077115821124311
2018-01-24,1358.0,0.0124482935265678,0.111023538826183,1.434637119025318,0.2945619748761596
2018-01-25,1348.25,-0.007205573901305,0.1029574947121055,1.2171372934787694,0.4690922159739545
2018-01-26,1349.95,0.0012600994922136,0.1042708678212632,0.9896616641599144,-0.1213826250881409
2018-01-29,1340.35,-0.0071367808399644,0.0963606436635651,0.0444628024144346,-0.2084807389937106
2018-01-30,1338.6,-0.0013064822030439,0.0948723831609839,-0.8001748693583597,0.0169470482339064
2018-01-31,1345.0,0.0047697213693977,0.1000416382741309,-1.0155677124986404,0.137651080454157
2018-02-01,1348.4,0.0025246913239661,0.1027640323816763,-1.0144091460007107,-0.1371465364597306
2018-02-02,1332.6,-0.011786783231469,0.0897782345002945,-2.100568186871428,0.1980805505461933
2018-02-05,1339.6,0.0052391407916127,0.0954347691166394,-2.3514682326414817,0.0563677572276337
2018-02-06,1324.45,-0.011373783014853,0.0829501051441978,-3.4738933087518973,0.5187611576068265
2018-02-07,1318.3,-0.0046542511412722,0.0778648311792748,-4.501457332518987,-0.3480065997347166
2018-02-08,1318.4,7.585239128320219e-05,0.0778856848092643,-5.006577551673882,0.1321534899106846
2018-02-09,1315.65,-0.0020880400897069,0.0755700586573506,-5.328230217870063,0.1018845872899927
2018-02-12,1322.9,0.0054954564028341,0.0814577216657536,-4.867706659328058,-0.4466482817140432
2018-02-13,1329.0,0.0046004832449107,0.0864029468517778,-4.003367427587087,-0.009009009009009
2018-02-14,1350.25,0.0158629807597551,0.1037011884758871,-1.955272354872756,0.5262330754352031
2018-02-15,1353.1,0.0021084957965978,0.1059643985889807,-0.4423751352631786,-0.1721821782178217
2018-02-16,1347.45,-0.004184338926273,0.1012823091802375,0.1143199862958894,-0.0178735456215554
2018-02-19,1346.55,-0.0006681514725182,0.1005199368534259,0.3453766241033182,-0.5694633880207318
2018-02-20,1329.3,-0.0128932779972536,0.0863782228605626,-0.6839889884034207,0.8307838522809559
2018-02-21,1324.4,-0.0036929612004621,0.0823248502664935,-1.6596947052074436,0.2111339084863916
2018-02-22,1331.85,0.0056094264733542,0.0883720991742686,-1.7586884048942704,-0.1685104298485529
2018-02-23,1328.85,-0.0022550466202944,0.0858882883177971,-1.9658727639437168,-0.2164318326869262
2018-02-26,1332.9,0.0030431130838214,0.0891594136309872,-1.7756128342238382,0.1380282572601108
2018-02-27,1318.3,-0.0110139918460483,0.0771866205845593,-2.532368713365147,0.2454648057918353
2018-02-28,1318.1,-0.0001517220455042,0.0769908922145336,-2.918279221573632,-0.2088674741402174
2018-03-01,1317.15,-0.0007209942443056,0.0761653688622082,-3.09273286843276,0.6155500921942225
2018-03-02,1322.2,0.0038267044253635,0.080252281963257,-2.7355493560504995,-0.2675912635965898
2018-03-05,1319.85,-0.0017789221397984,0.0783013923222276,-2.529885963639516,-0.2143649800486388
2018-03-06,1334.35,0.0109261881188032,0.0901067231086381,-1.348879904684828,0.2001262246799302
2018-03-07,1325.4,-0.0067299812243559,0.0827486552396075,-1.1119080933690209,0.1546840958605664
2018-03-08,1322.2,-0.0024172847546487,0.0800993333190184,-1.1095752830053105,-0.1921275211450878
2018-03-09,1323.4,0.0009071666784813,0.0810401389073196,-0.9711052751879355,0.1568280046173256
2018-03-12,1322.95,-0.0003400910721086,0.0806452725666097,-0.8576517359853806,-0.310119973081475
2018-03-13,1326.25,0.0024913194223423,0.0833015629132356,-0.5245544555514774,0.408893672844697
2018-03-14,1324.6,-0.0012448838773139,0.0819183764250948,-0.3859521133649165,-0.1194699773188492
2018-03-15,1316.1,-0.006437709210601,0.074944813888047,-0.81279252849941,-0.0703343184837721
2018-03-16,1314.0,-0.0015968977957221,0.0732017920257389,-1.1613802625783551,-0.0516813952810103
2018-03-19,1316.75,0.0020906593189428,0.0754186210561844,-1.1304844970865418,0.0538828233123174
2018-03-20,1311.1,-0.0043000998581426,0.0707768526762653,-1.3968472061869075,-0.0339393585665509
2018-03-21,1332.0,0.0158150925949784,0.0877977800649313,-0.1380199232583798,0.4985500241662639
2018-03-22,1328.75,-0.0024429214441767,0.0850994247916234,0.4698950866762317,-0.1075834542815674
2018-03-23,1347.1,0.0137154830483644,0.1000259800505363,2.0153535373209364,0.1638996182602605
2018-03-26,1353.45,0.0047027544040972,0.1051637413186746,3.2970252034480745,-0.2447454732470355
2018-03-27,1344.65,-0.0065231319848993,0.0979203131248978,3.3718208826428526,0.2616661527392332
2018-03-28,1324.85,-0.0148345106590253,0.0817065742338469,1.9765697973691216,-0.0576997494857328
2018-03-29,1325.1,0.0001886828058957,0.0818733892997058,1.008102404255225,-0.1482298015821553
2018-04-02,1341.1,0.0120022444463039,0.0948944983242813,1.360733958107311,-0.0055318717011774
2018-04-03,1332.55,-0.0063957729287243,0.087870283447507,0.953094174566394,0.0732074508803266
2018-04-04,1333.3,0.0005626723332427,0.0884294888088581,0.681632175786631,0.1781544972538575
2018-04-05,1326.4,-0.0051885667403821,0.0827581514392094,0.0199955550249106,-0.2001331934129803
2018-04-06,1332.7,0.0047384542046507,0.0878434180286846,-0.0091632864150787,0.468373911946512
2018-04-09,1336.1,0.0025479630091669,0.0905749712585182,0.1745809056561331,-0.2709496726747882
2018-04-10,1339.15,0.0022801617205476,0.0930146365132761,0.4594023328095014,0.097501767617252
2018-04-11,1353.15,0.0104001234553616,0.1043659474317244,1.4904025508237946,0.3275066033886658
2018-04-12,1334.9,-0.0135788251090707,0.0894091717223442,0.8735298569787284,-0.0803164126953314
2018-04-13,1345.15,0.0076491483194642,0.0977231781163865,1.0729523000908507,-0.1918104585509999
2018-04-16,1345.65,0.0003716366922511,0.0980787382590423,1.1488909692353584,-0.0028728127448419
2018-04-17,1347.2,0.0011511968146599,0.0992941879749378,1.207841562708647,-0.0532783307141609
2018-04-18,1349.25,0.0015205180106898,0.1009119283944448,1.2822099886101874,0.0745590778097982
2018-04-19,1345.75,-0.0025974040576855,0.0979914892500824,1.0052330472942654,0.198008968225021
2018-04-20,1335.45,-0.0076831647532767,0.0895411073832009,0.0863079820312093,-0.2184354740499301
2018-04-23,1324.8,-0.0080068090567946,0.080807377523889,-1.209339056032916,0.0775188469558443
2018-04-24,1330.8,0.0045187605133263,0.085656313501764,-1.6078677387437663,0.0133761483497787
2018-04-25,1322.95,-0.0059161736384711,0.0792136701444671,-2.3034184723646285,-0.1201393406501164
2018-04-26,1317.05,-0.0044697044110909,0.0743572628125949,-3.018980553346366,0.188155886281244
2018-04-27,1322.95,0.0044697044110908,0.0791339801263861,-2.949645112067957,-0.1845956199690869
2018-04-30,1315.0,-0.0060274258939856,0.0726148776160949,-3.2691375942441385,0.0005908274045445
2018-05-01,1304.0,-0.0084002021252666,0.0636143497266519,-4.002784410929482,-0.0756058555787919
2018-05-02,1304.95,0.0007282623599436,0.0643499386096327,-4.185811924583666,0.3971840732460343
2018-05-03,1312.15,0.0055022873906926,0.0701816064357328,-3.6057266107232335,-0.0154681398228402
2018-05-04,1314.6,0.0018654235922412,0.0721422226335928,-2.872661714051386,-0.0909389934794806
2018-05-07,1314.15,-0.0003423680489931,0.0717453245109872,-2.2606644997416394,-0.220377583381223
2018-05-08,1314.55,0.0003043329425854,0.0720288044964074,-1.6972345425915378,0.458188866744929
2018-05-09,1312.35,-0.0016749785026848,0.0701948353104325,-1.355839115790678,-0.0480978057365386
2018-05-10,1321.05,0.0066074516991949,0.077243920497701,-0.4728043762764216,0.0520622307888991
2018-05-11,1317.95,-0.0023493758437953,0.0746805515720158,-0.0485415652773042,-0.2360628154795289
2018-05-14,1313.1,-0.0036867452108235,0.0706932675495601,-0.0456389444309701,-0.036756968406627
2018-05-15,1290.7,-0.0172060470238172,0.0523934513215011,-1.42688486746394,0.3740250501765707
2018-05-16,1290.45,-0.0001937121056751,0.0521612772266908,-2.186467675897598,-0.1040252944548194
2018-05-17,1290.7,0.0001937121056752,0.0523385614435419,-2.479693267728016,-0.0430484759683843
2018-05-18,1292.45,0.0013549350736334,0.0537436351863537,-2.3638656027020755,-0.1937633434689785
2018-05-21,1292.4,-3.868696443210521e-05,0.0536808918545868,-2.107207225556269,0.0394532712780184
2018-05-22,1291.0,-0.0010838431037007,0.0525142650782574,-1.857084437278334,0.1053498365971024
2018-05-23,1293.1,0.0016253244551634,0.0541936192437135,-1.3965753849134686,0.2684437201722733
2018-05-24,1304.25,0.0085857266006961,0.063250656750984,-0.247608008207937,-0.1085967037404104
2018-05-25,1300.55,-0.0028409110016037,0.0602043457302302,0.325512981118786,-0.1048405361444543
2018-05-28,1297.8,-0.0021167287138303,0.0579414693916351,0.5675455322355525,-0.2462451411090921
2018-05-29,1298.6,0.0006162378873182,0.0585434303944081,0.8146296737437728,1.335479539837051
2018-05-30,1301.55,0.002269100833222,0.0609054204516724,1.1872787666577258,-0.1655168809449148
2018-05-31,1298.2,-0.0025771723082401,0.0581364256178207,1.2143373267690318,-0.0980303125195716
2018-06-01,1293.25,-0.0038202597157437,0.0540676868313482,0.9184919991764948,-0.0233999340357942
2018-06-04,1291.75,-0.0011605417163305,0.0528215842033047,0.6538429825057612,-0.2975879414849179
2018-06-05,1296.45,0.0036318716994628,0.0566277597582762,0.8167998231669653,0.0036440013158893
2018-06-06,1295.9,-0.000424325425388,0.0561529545083431,0.90232487717946,0.0611684022087188
2018-06-07,1296.65,0.0005785809499698,0.0567338294300433,1.0157402048152058,0.1266186708484804
2018-06-08,1298.6,0.0015027456830474,0.0582955089861908,1.2149573159403335,-0.079804285473258
2018-06-11,1300.3,0.0013082459828879,0.0596584926838563,1.438786483105953,-0.2059039237257058
2018-06-12,1295.5,-0.0036982860551094,0.0557206968300014,1.2482144151333578,0.214182636804433
2018-06-13,1299.45,0.0030443770020943,0.0589122252287052,1.363453409235806,0.0296893199267869
2018-06-14,1302.25,0.0021524396210419,0.0611584144598201,1.5878299344990214,0.1994782769287593
2018-06-15,1280.1,-0.017155337763237,0.0430790248651885,0.2729798638734637,0.1108181450759253
2018-06-18,1278.1,-0.0015635997243953,0.0414345579836425,-0.6523972542937679,-0.4410485645477069
2018-06-19,1274.4,-0.0028991205418297,0.0384016022389376,-1.3921535567386911,0.3014785654505441
2018-06-20,1267.45,-0.0054684716403381,0.0327250326365773,-2.1810214880458485,-0.1423774025293542
2018-06-21,1267.15,-0.0002367237444968,0.0324668837058621,-2.529959422838128,0.1214418617567829
2018-06-22,1269.2,0.0016164964980367,0.0341247427748753,-2.4291280562865563,-0.1519241246099747
2018-06-25,1265.25,-0.0031170496148531,0.0308946478563634,-2.429045260685948,-0.0207609425643121
2018-06-26,1258.4,-0.0054286583501192,0.0253031299165314,-2.671648997392465,0.0779460877862594
2018-06-27,1251.75,-0.0052985005340139,0.0198744851227101,-3.0347935009199176,0.2522268326417705
2018-06-28,1248.1,-0.0029201772856462,0.0168929005862866,-3.256084087168153,-0.0979941680657418
2018-06-29,1252.7,0.0036788269257382,0.0206326153930205,-2.842945967268159,-0.0360991379310344
2018-07-02,1241.4,-0.0090614468705938,0.0114203604293436,-3.0620388139766703,-0.0502058031404034
2018-07-03,1252.85,0.0091811810608348,0.0207422968667977,-2.20708571545258,-0.0201701353592638
2018-07-04,1256.4,0.0028295326241042,0.023627452583788,-1.22288862971849,-0.2164737359397183
2018-07-05,1257.1,0.0005569922562937,0.0241884878909577,-0.3883702855442887,0.3097320464127671
2018-07-06,1254.5,-0.0020703941143082,0.0220617330958466,0.0988723764431558,-0.0629988294136426
2018-07-09,1257.3,0.0022294777926585,0.0243335787922819,0.6872973376818461,-0.032992617830778
2018-07-10,1255.75,-0.0012335609689814,0.0230622898018976,1.0291218678048093,0.0764871689470902
2018-07-11,1242.0,-0.0110100201367299,0.0118529104461306,0.4175419429591365,0.2045659111365683
2018-07-12,1246.8,0.0038572853997578,0.0157581348924262,0.4233126077704625,-0.2148404773226456
2018-07-13,1240.9,-0.004743346112608,0.0109471699827592,0.1319103364163716,0.0262725306416726
2018-07-16,1240.6,-0.0002417892415568,0.0106992605768521,0.0265998814934551,-0.1633226549766762
2018-07-17,1227.1,-0.010941471556515,-0.0003006196777445,-0.7990050689275314,0.2812856854974139
2018-07-18,1227.3,0.0001629726209605,-0.0001371704898864,-1.156673990478545,-0.1306718393666938
2018-07-19,1222.65,-0.0037960003948863,-0.0039230988820856,-1.5091794541936745,0.328157037751779
2018-07-20,1231.4,0.0071310992685335,0.0032058913684856,-0.9813732232664414,0.0632052126137989
2018-07-23,1224.25,-0.005823321894683,-0.0026189697270838,-0.9419372580061188,-0.1315368025453225
2018-07-24,1224.3,4.0840497442985616e-05,-0.0025769063009337,-0.7490355673927631,0.0545843475695213
2018-07-25,1231.5,0.005863686480723,0.0032881392674608,-0.0120532587613606,-0.0255065165186169
2018-07-26,1222.7,-0.0071714104104482,-0.0038808443904667,0.0062592609587532,-0.1233581357513696
2018-07-27,1222.7,0.0,-0.003879266243733,0.1347446828665379,0.0076962964984579
2018-07-30,1221.1,-0.0013094363111682,-0.0051815737422274,0.2231335548365667,-0.3455298865205969
2018-07-31,1223.8,0.0022086801894639,-0.0029801172432518,0.5556645832899818,0.5956548727498447
2018-08-01,1215.85,-0.0065173513743719,-0.009454403631548,0.3428627679716669,-0.1119582976736948
2018-08-02,1207.55,-0.0068499071171276,-0.0162120396694139,-0.2237053221111171,-0.020617954558729
2018-08-03,1213.0,0.0045031164071096,-0.011767472232164,-0.1043040769600693,0.0619036259541985
2018-08-06,1206.95,-0.0050001137252709,-0.0166926686748261,-0.2948751563041067,-0.2614287318881276
2018-08-07,1210.4,0.002854367255367,-0.0138784457008819,-0.0628009462006087,-0.0134590525435328
2018-08-08,1213.2,0.0023106133402798,-0.0115936983917748,0.3806750843285762,0.0439340218899337
2018-08-09,1211.95,-0.0010308641615536,-0.012608604225607,0.6740767600557813,0.0907043709391612
2018-08-10,1211.25,-0.0005777484478964,-0.0131729030530673,0.8915974947635945,0.5149094601455406
2018-08-13,1193.45,-0.0148046118939328,-0.0276639578710282,-0.0431594529752885,0.0742660529961123
2018-08-14,1193.75,0.0002513404838968,-0.0274109092093187,-0.4959421407067772,-0.3257767979701343
2018-08-15,1174.5,-0.0162570876959725,-0.0430786403035511,-1.8694020581578807,0.3116170028996237
2018-08-16,1173.8,-0.0005961759747333,-0.0436247856634846,-2.559847179058469,0.2814675446848542
2018-08-17,1184.1,0.008736643212677,-0.0352181924522154,-2.0781688720128866,-0.3004881808838643
2018-08-20,1190.25,0.005180376737717,-0.0301975561027986,-1.1471834185400809,-0.2013380558835104
2018-08-21,1196.0,0.0048192864359489,-0.0255024803246015,-0.0062971485288585,0.1983837587464274
2018-08-22,1195.3,-0.0005854556266418,-0.0260633320570021,0.7947341641863659,0.0364035087719298
2018-08-23,1185.15,-0.0085278510470832,-0.0343225025458461,0.7358713057037676,-0.0625264494286923
2018-08-24,1205.8,0.017273898218453,-0.0174876291153813,2.1050359739676434,0.091411804536734
2018-08-27,1210.95,0.0042619284538291,-0.013287132453686,3.3035151641941063,-0.2957295005687106
2018-08-28,1200.85,-0.0083755361493622,-0.0215102314612976,3.351436991458659,0.328843048010571
2018-08-29,1206.4,0.0046110788939196,-0.0169816066585211,3.666807448163425,-0.0589453912659171
2018-08-30,1199.45,-0.0057775998777605,-0.0226367649528691,3.327199090380839,0.0947782441515747
2018-08-31,1200.7,0.001041601660741,-0.02161005142416,3.110587015571737,0.085044774518741
2018-09-03,1201.05,0.0002914541500802,-0.0213190685023694,2.917896236540887,-0.3537682233753397
2018-09-04,1191.1,-0.0083189242998973,-0.0294156539277306,2.086327618239765,0.6040607196115169
2018-09-05,1196.35,0.0043980049528308,-0.0251288144508022,1.86318827584388,-0.1939882243569879
2018-09-06,1199.85,0.0029212941232545,-0.022268011725437,1.9171704547545327,0.2006624670984533
2018-09-07,1195.7,-0.0034647610374061,-0.0256390425105655,1.6494424519889153,0.0958914232228189
2018-09-10,1195.45,-0.0002091044065917,-0.0258335562748765,1.4392369601080066,-0.2043784136117417
2018-09-11,1198.25,0.0023394755207979,-0.0235429558061426,1.4674683453698796,-0.0357082321035087
2018-09-12,1205.95,0.0064054790181091,-0.0172604535501017,1.9530293055785588,0.1182105818245737
2018-09-13,1201.15,-0.0039882068566455,-0.0211647420297764,1.8976095289666128,0.0380413424506798
2018-09-14,1193.4,-0.0064730551132225,-0.0274713469541865,1.313431559095319,-0.0283940334671007
2018-09-17,1200.85,0.0062232632717903,-0.0213925527927837,1.3954966857520148,-0.1207657938487115
2018-09-18,1197.95,-0.0024178767824028,-0.0237462945710637,1.2271546487536114,0.2417939551511212
2018-09-19,1203.55,0.0046637602750814,-0.0191750830265506,1.4503402292982854,-0.1061835312031596
2018-09-20,1206.95,0.0028209933663285,-0.0163975991282163,1.7635234992847653,-0.0100617546848381
2018-09-21,1199.05,-0.0065669396428966,-0.0228275453782573,1.3915389650263532,0.0204356009680022
2018-09-24,1198.55,-0.0004170837564634,-0.0232280556717364,1.0786836824042303,-0.1926745718050065
2018-09-25,1200.9,0.0019587828472185,-0.0213061824515361,0.9987116636407776,0.0114237221750768
2018-09-26,1194.05,-0.0057203855439663,-0.0268776028877143,0.4794998553136236,0.412934038982832
2018-09-27,1182.3,-0.0098891962536037,-0.0364415755361994,-0.6016004325432815,-0.1317376210487849
2018-09-28,1191.35,0.0076254240115901,-0.0290549199626233,-0.6494298937733465,-0.0615004208754208
2018-10-01,1188.5,-0.0023951100804092,-0.0313677382549359,-0.8050679365999729,-0.101322944111217
2018-10-02,1202.7,0.0118770215163223,-0.0197859594761642,0.0698065743795801,0.2312634500826498
2018-10-03,1196.7,-0.0050012607371003,-0.0246677196146436,0.2554481097919479,-0.0161862303054866
2018-10-04,1199.7,0.0025037569414118,-0.0222137447063439,0.5731368891808577,0.083498545276655
2018-10-05,1202.65,0.0024559298043716,-0.0198010162316561,0.9524393740475484,-0.0197709234351979
2018-10-08,1187.8,-0.0124245987434942,-0.0318951716089061,0.2123512548809047,-0.223490909090909
2018-10-09,1189.3,0.0012620421514398,-0.0306614265434816,-0.1476177545949175,0.1246292653991445
2018-10-10,1193.85,0.0038184801867684,-0.0269426517956164,-0.0554849745835204,-0.0025539238819642
2018-10-11,1224.8,0.025594186423506,-0.0017106176294768,2.000099482107772,0.5681444991789819
2018-10-12,1217.65,-0.0058547936902095,-0.0075356427250842,2.742568654698517,-0.2536338628094773
2018-10-15,1226.75,0.0074456243167482,-0.0001180930217243,3.653867313894808,-0.0682693679554857
2018-10-16,1224.3,-0.0019991438901431,-0.0021149025818543,3.8777913231562713,-0.0837863359109818
2018-10-17,1222.1,-0.0017985616359148,-0.0039072364181524,3.666259897048404,-0.0729247910863509
2018-10-18,1225.65,0.0029006250548714,-0.0010130510075323,3.551477686158658,0.1677182861606874
2018-10-19,1226.3,0.000530190269154,-0.0004831677198875,3.310187321078918,-0.0912927130506381
2018-10-22,1221.7,-0.0037581743579661,-0.0042316203412164,2.659665613944677,-0.0988786952089704
2018-10-23,1230.25,0.0069740693360734,0.0027361122622054,2.619887415836577,0.1782931121166415
2018-10-24,1233.2,0.0023950162659076,0.0051393949503208,2.601646485244661,-0.0055736305936316
2018-10-25,1231.75,-0.0011764945879228,0.0039556073538865,2.311133517012834,0.0597227064281691
2018-10-26,1233.4,0.0013386611333201,0.0052968669045879,2.0577620972737005,0.2897054357728514
2018-10-29,1229.3,-0.0033296818840971,0.0019542552917525,1.4693108060640307,-0.2141315438348638
2018-10-30,1222.75,-0.0053424812538287,-0.0033836223586037,0.5419833991558907,-0.1271628673441361
2018-10-31,1214.3,-0.0069346413596933,-0.0102678845400418,-0.6716218079968082,-0.0044052863436123
2018-11-01,1232.95,0.0152418927819312,0.0049325985326199,-0.270051752459354,0.1046718767957706
2018-11-02,1232.65,-0.000243348476217,0.0046859920515583,-0.0859013260621184,0.1167581345748693
2018-11-05,1230.6,-0.0016644680590976,0.0030141661985663,-0.1591639059200513,-0.2903391093720887
2018-11-06,1226.3,-0.0035003495384095,-0.0004909774302896,-0.5331544025361596,0.0106990482441746
2018-11-07,1225.35,-0.0007749883119923,-0.0012657505379328,-0.8610257909669414,0.5469216781400181
2018-11-08,1223.05,-0.0018787785300985,-0.0031393126114685,-1.2269944501083447,-0.2499632653918008
2018-11-09,1208.95,-0.0115955246592694,-0.0146275294827283,-2.3479089231182986,0.0319890291343651
2018-11-12,1200.65,-0.0068891374722964,-0.0213872515072611,-3.507754808120877,-0.2092531322883332
2018-11-13,1201.3,0.0005412269330059,-0.0208498263698685,-4.052038136165594,0.2511832087248782
2018-11-14,1211.15,0.0081660177299114,-0.0128148206838995,-3.5856086258178843,0.1916013376459624
2018-11-15,1212.9,0.0014438648575939,-0.0113833993136034,-3.0188856443689938,-0.0429011777695987
2018-11-16,1221.65,0.0071882176799443,-0.0042493914563589,-1.9654049156288245,-0.1494219722642824
2018-11-19,1223.65,0.0016357914742312,-0.0026181198704496,-1.0883487369523217,-0.1748233964396722
2018-11-20,1221.3,-0.0019223302919679,-0.0045325088409498,-0.6429750531820178,0.2252850734513578
2018-11-21,1225.4,0.0033514561145114,-0.001190187994077,-0.0784294167568226,-0.1964116035995752
2018-11-22,1227.1,0.0013863406909478,0.0001954684572509,0.3782328390619538,-0.4604576754538498
2018-11-23,1222.35,-0.0038784265481636,-0.0036755506999961,0.3308508911438159,0.5293928064973572
2018-11-26,1222.25,-8.18129755835116e-05,-0.0037564359864267,0.2660257019340331,0.0660850507860244
2018-11-27,1213.9,-0.0068551055549969,-0.0105599621913398,-0.3334363823303707,0.2126507214864597
2018-11-28,1220.7,0.005586147771996,-0.0050154161113857,-0.2689761459560444,0.0341331420747212
2018-11-29,1224.1,0.0027814154057126,-0.0022434060198851,-0.0081283793592195,0.0613158475457897
2018-11-30,1221.85,-0.0018397764751084,-0.0040760598692067,0.0015859412175367,-0.1555575357927879
2018-12-03,1230.0,0.0066480657601049,0.0025655893467748,0.5170855313786165,2.514087727320694
2018-12-04,1238.06,0.0065314689702339,0.0091270501525069,1.315656057221728,0.0249944946047127
2018-12-05,1237.2,-0.0006948765257826,0.0084223657275162,1.6775353674776603,-0.5352103047881327
2018-12-06,1237.89,0.0005575554972748,0.0089728682619326,1.8418287089816092,1.541496827331176
2018-12-07,1248.52,0.0085505325063998,0.0176221523607367,2.5038161428604786,-0.1783730158730159
2018-12-10,1243.89,-0.0037152838624344,0.0138323677645559,2.463481863420093,0.0683309184576994
2018-12-11,1242.7,-0.0009571341402058,0.0128470965787223,2.1989783199363444,0.0251659995290793
2018-12-12,1245.71,0.0024192166628724,0.0152864718843454,2.0708578090864416,-0.1297693092138506
2018-12-13,1242.49,-0.0025882178261638,0.0126476310135835,1.6326318803785576,0.1663288359620784
2018-12-14,1238.17,-0.0034829475761544,0.0091161376469531,0.9490898823120144,0.0869502249336966
2018-12-17,1245.85,0.0061835447952665,0.0153646529277145,0.9112697235613192,-0.3202701464820165
2018-12-18,1249.01,0.0025332096308807,0.0179237570337039,0.9896252907124224,0.1572331667156719
2018-12-19,1242.0,-0.0056282540052266,0.0121908770801439,0.4854088266105556,0.2841686252090876
2018-12-20,1260.83,0.0150472507433516,0.0275012435030625,1.2904214479861622,0.204204451772465
2018-12-21,1255.06,-0.0045868540487537,0.0227691648259452,1.3009777429041265,-0.1683028684877113
2018-12-24,1269.15,0.0111640048505978,0.0342228564494076,2.0774844371337977,-0.264581927135637
2018-12-26,1266.38,-0.0021849483950086,0.0319353007228026,2.2126674194693177,-0.0370034585809744
2018-12-27,1275.39,0.0070895775293874,0.0392285199479311,2.685523571527577,0.4752490207701338
2018-12-28,1280.38,0.0039048946820013,0.0432447107703714,3.082570963710788,-0.0858610528969635
2018-12-31,1282.08,0.0013268501747605,0.0445943821382239,3.1943030967498487,-0.3172768642051918
2019-01-02,1282.27,0.0001481857003512,0.0447013546054182,3.017702834526675,0.3021523701319195
2019-01-03,1293.71,0.0088821149312042,0.0539451056716428,3.3807098532140465,0.4046534173533689
2019-01-04,1284.42,-0.0072068050941296,0.0463060339543131,2.7322573413428373,-0.0010283663468838
2019-01-07,1288.33,0.0030395514607577,0.0494384752676579,2.320000338367235,-0.2820417158925252
2019-01-08,1284.87,-0.0026892601315568,0.0465716528494546,1.6017733654234902,-0.0147135241247906
2019-01-09,1292.75,0.0061141863799439,0.0529341303513729,1.4494625298495674,0.0761995917530202
2019-01-10,1286.71,-0.0046831592962038,0.0479582091884563,0.7681958526007033,-0.0066430107722046
2019-01-11,1287.83,0.0008700583954053,0.0488170205001863,0.2462866255249682,-0.0487214390776454
2019-01-14,1291.7,0.0030005488624375,0.0519172324740819,0.026556143508543,-0.0622418992374622
2019-01-15,1289.23,-0.0019140393223218,0.049847958360375,-0.3969204357517597,0.152194172768703
2019-01-16,1292.92,0.0028580853256861,0.0528024819669088,-0.53188030842119,-0.1532718255026398
2019-01-17,1291.58,-0.0010369511472793,0.0516584986146194,-0.7987192655529238,0.0534945728622116
2019-01-18,1280.48,-0.0086312674753187,0.0425778184448528,-1.7552692949296382,-0.0776918631299946
2019-01-21,1279.95,-0.0004139929680324,0.0421237009523957,-2.415419608971256,-0.4231587817763421
2019-01-22,1284.0,0.0031591905992028,0.0453852257336538,-2.5573960231859427,0.5237390669188844
2019-01-23,1283.08,-0.0007167677200461,0.044597856500982,-2.6784934037769155,0.0598965055250315
2019-01-24,1280.34,-0.0021377698882718,0.042322398085537,-2.890199405669435,0.2193900034790676
2019-01-25,1299.22,0.0146384167360072,0.0576431662007672,-1.7612739167555098,-0.1214478639631757
2019-01-28,1303.36,0.0031814610824519,0.0609596878307803,-0.7879047864888076,-0.0439390331031197
2019-01-29,1311.12,0.0059361882955241,0.0672123867353631,0.2697547509852942,0.0883728303083142
2019-01-30,1318.08,0.0052943984921441,0.0728010189939218,1.2731326653692303,0.0803961549665015
2019-01-31,1319.8,0.0013040777016053,0.0741209197263592,1.8525828964576585,-0.003408696991873
2019-02-01,1318.59,-0.0009172260998802,0.0730614851249071,1.9447395637445053,-0.0459332547488839
2019-02-04,1312.75,-0.0044388103314723,0.0682528703053484,1.4267308225834192,-0.1909786923762456
2019-02-05,1314.56,0.0013778353421154,0.0696705386047919,1.0383904185181656,-0.0214680920311444
2019-02-06,1306.91,-0.0058364365915173,0.0633932545366163,0.1455992602109539,0.0092489542157576
2019-02-07,1309.8,0.0022088815153865,0.0656873347476605,-0.3442639437616694,0.1143306208330163
2019-02-08,1314.43,0.0035286577808914,0.0694009194539079,-0.4440728911482274,-0.1194576517960734
2019-02-11,1308.38,-0.0046133808627524,0.064427431105768,-0.9747317547917796,0.0086679067844779
2019-02-12,1311.09,0.0020691215908957,0.0665764639281585,-1.1863566386108282,0.0609607725113021
2019-02-13,1306.17,-0.0037596614744968,0.0625153494369413,-1.6711483066620405,0.0728486414060332
2019-02-14,1312.47,0.0048116672432022,0.0675713679383478,-1.5818989695670744,0.1692207295393686
2019-02-15,1321.42,0.0067960578819406,0.0747839656222283,-0.964808172342872,-0.1186704901941916
2019-02-18,1326.36,0.0037314321672303,0.0787619470699485,-0.30293533210628,-0.4486711942873365
2019-02-19,1340.19,0.0103730468274687,0.0899259805523387,0.9203390393782396,0.8883431694854835
2019-02-20,1339.75,-0.0003283655633735,0.0894714053920379,1.5185872490616497,0.0874882013633979
2019-02-21,1323.59,-0.012135287508657,0.0762295567245758,0.6870451668542223,0.1783744165412952
2019-02-22,1328.28,0.0035371303192303,0.0799615072856695,0.331961415025777,-0.175238157593217
2019-02-25,1327.45,-0.0006250635622022,0.0792076847181876,-0.0589035203208805,-0.0363280939906326
2019-02-26,1328.63,0.0008885275124487,0.080093304409458,-0.3232978652042213,-0.0567265612933121
2019-02-27,1320.24,-0.006334797900467,0.0732021365532111,-1.104561087181864,0.0191144684845969
2019-02-28,1313.88,-0.0048289465619784,0.0679599903381864,-2.036765223138252,0.0805831378471888
2019-03-01,1290.4,-0.0180323438623347,0.0488107809809997,-4.102624723183572,0.1596550356859636
2019-03-04,1287.08,-0.0025761610845691,0.046063627351622,-5.4748268600386885,-0.1082608175337219
2019-03-05,1287.49,0.0003184997910065,0.0463526466263733,-6.08980677265456,-0.0435962078584369
2019-03-06,1287.06,-0.0003340389613706,0.0459605917279048,-6.237663137854707,-0.0531005382217634
2019-03-07,1285.11,-0.0015162297776429,0.0443316713229147,-6.167770591198845,0.0839269648055041
2019-03-08,1300.31,0.0117583797822329,0.0566265304595137,-4.856530596614892,0.0763349087926252
2019-03-11,1293.27,-0.0054288028826358,0.0508632279765667,-4.244211265503318,-0.2368332713366781
2019-03-12,1301.13,0.0060592229785503,0.0571983745522665,-3.141504050186661,0.1310198889641809
2019-03-13,1309.16,0.0061525924942307,0.0636676038494821,-1.7712278177660716,-0.0535432739809539
2019-03-14,1296.08,-0.0100413857486386,0.0529880308523361,-1.6482305501875858,0.058893429878726
2019-03-15,1302.06,0.0046033012538739,0.0577914593338393,-1.0933299707811854,0.032124765330844
2019-03-18,1303.47,0.0010823134929475,0.0588906637496479,-0.585964371666456,-0.1809673813636825
2019-03-19,1306.42,0.0022606326368706,0.0612401730833538,-0.0353749867699488,-0.0364139402736938
2019-03-20,1312.36,0.0045364713239635,0.0659946652524137,0.7043388658741745,0.4485875415239615
2019-03-21,1309.25,-0.0023725889502215,0.0634009669606379,0.9446600601793512,-0.0605478818907435
2019-03-22,1313.16,0.0029819920587548,0.0665029997133919,1.3052205056015902,0.0822374023123355
2019-03-25,1322.09,0.0067773715447159,0.0736909587078943,2.03963322066947,-0.2023499379294668
2019-03-26,1315.13,-0.0052782977218736,0.0679701829181327,1.95115875279756,0.0928430512932925
2019-03-27,1309.67,-0.0041603229771932,0.0634593712047961,1.4428319286859446,0.1964377049673555
2019-03-28,1289.89,-0.015218253661918,0.0473389168599494,-0.2191603380239624,-0.0347113949940485
2019-03-29,1292.09,0.0017041189570823,0.0490777112859356,-1.1139116115534602,-0.1408598695693704
2019-04-01,1287.25,-0.0037529024329145,0.0451027758672949,-1.927604277613305,-0.0001010754427104
2019-04-02,1292.29,0.0039076784336568,0.0491570523213366,-2.012923946178006,-0.1659725451347472
2019-04-03,1289.59,-0.0020914999800406,0.046925387100557,-2.126601789934807,0.0420933981359157
2019-04-04,1292.28,0.0020837617489229,0.0490740125662029,-1.9032706444759784,-0.0868923005350081
2019-04-05,1291.46,-0.0006347388108176,0.04836853518908,-1.7000782424167915,0.1214765186157
2019-04-08,1297.5,0.0046659747220715,0.0532325597944031,-1.0784961000497768,-0.1372237239624741
2019-04-09,1303.94,0.004951114118019,0.0584168256603406,-0.1992745607362285,0.031633405297246
2019-04-10,1307.95,0.0030705758287435,0.0616224203121129,0.6407173792993941,0.0715862544183139
2019-04-11,1292.19,-0.0121225726328184,0.0487844869681371,0.1489516628073759,0.0840468223442132
2019-04-12,1290.45,-0.0013474586185209,0.0473342435301364,-0.2573706251461551,-0.1033448673587081
2019-04-15,1287.53,-0.0022653404981652,0.0449333084728935,-0.6635567852448192,-0.1088120352334399
2019-04-16,1276.61,-0.0085175271388026,0.0360398715382232,-1.5573936037423413,0.1769331225513781
2019-04-17,1273.69,-0.0022899276759467,0.0336451522214831,-2.1959330789473257,-0.1172678004111381
2019-04-18,1275.4,0.001341655458619,0.0350081667727778,-2.3405030717271345,0.0069598814438445
2019-04-22,1274.64,-0.0005960690989177,0.0343740547678543,-2.320179114483966,-0.3179285695513916
2019-04-23,1272.04,-0.0020418748357377,0.032243437236576,-2.309704583214184,0.3330379332267323
2019-04-24,1275.42,0.0026536251665732,0.0349605863864994,-1.919058659986705,0.1608665491227563
2019-04-25,1277.12,0.0013320067472798,0.0363129967832628,-1.413446730573277,-0.0258948023653905
2019-04-26,1285.93,0.0068746491073347,0.0434293934892307,-0.4053162278149385,0.0664962617419644
2019-04-29,1279.47,-0.0050362623015885,0.0381640745029177,-0.1086366143229176,-0.2458776723228837
2019-04-30,1283.24,0.0029422000301213,0.0411945198101423,0.3796692349653208,0.17119021134594
2019-05-01,1276.39,-0.0053523488574669,0.035609486684043,0.2838759641975699,0.0412873288739943
2019-05-02,1270.4,-0.0047039693458984,0.0307260802893795,-0.1187614974575979,0.0306335183592629
2019-05-03,1278.93,0.0066919793302021,0.0376214655052812,0.2342871277737011,-0.045981516365981
2019-05-06,1280.15,0.0009534677246707,0.0385797412131165,0.5754366496104382,0.1337529817121654
2019-05-07,1284.21,0.003166484730959,0.0418401476134391,1.0711750510246132,0.0200577419845009
2019-05-08,1280.44,-0.0029399744335354,0.0387502956720228,1.1356856087929286,-0.0753875946785227
2019-05-09,1283.39,0.0023012456378677,0.0411076393131021,1.3527954020253237,0.1422233238319494
2019-05-10,1285.63,0.0017438560755928,0.0428880261246115,1.605776349915688,-0.019888028123169
2019-05-13,1299.8,0.0109615359016202,0.0543432084054649,2.625663803514546,-0.0814098945014557
2019-05-14,1296.77,-0.0023338491743568,0.0518503553468807,2.9691209752525918,-0.1558828137239543
2019-05-15,1296.39,-0.0002930787168704,0.0515031875921628,3.032949740296929,0.1336873964936324
2019-05-16,1286.25,-0.0078524704207617,0.0432476466577091,2.2883937231710103,-0.0967534757203304
2019-05-17,1277.49,-0.0068337928896868,0.0361163136464675,1.159041306213577,0.0241896131056116
2019-05-20,1277.55,4.696599662697148e-05,0.0361411707131495,0.4079385857350726,-0.0168799346583174
2019-05-21,1274.61,-0.0023039318071632,0.033736133589041,-0.2590932731662476,-0.0748269177513154
2019-05-22,1273.37,-0.0009733201185983,0.0327106929072838,-0.7293836780238654,-0.0460668103448276
2019-05-23,1283.53,0.0079471652964446,0.0409204002302271,-0.3225231703989384,0.2977501647368916
2019-05-24,1284.72,0.0009267011273527,0.0418573026368977,0.0410808869185981,-0.1079476763866724
2019-05-27,1284.88,0.0001245330014063,0.0419703830836985,0.2926860883054174,-0.4275549893612695
2019-05-28,1279.35,-0.0043131923214138,0.0374556520164107,0.0971134182364621,0.9989819834749876
2019-05-29,1280.15,0.0006251221145162,0.0380696538386289,0.0352550349891784,0.1304435364481553
2019-05-30,1288.4,0.0064238799092996,0.0447302873482638,0.5358101369969528,-0.2044966421858793
2019-05-31,1305.19,0.0129474855717228,0.0582885199084355,1.9064168195450484,0.450967996839194
2019-06-03,1324.52,0.0147015056071033,0.0738945385721752,3.908257266492744,-0.0863558798968885
2019-06-04,1325.62,0.0008301448702114,0.0747177140360793,5.028499303556831,-0.0394305470007351
2019-06-05,1330.13,0.0033964072939514,0.0782816691951272,5.743604864554984,0.2358075892810971
2019-06-06,1335.48,0.004014095973301,0.0825358087381546,6.207807716297977,-0.1163956514825632
2019-06-07,1340.25,0.003565385934313,0.0863179753984273,6.439252235615788,-0.0355461683446832
2019-06-10,1327.85,-0.0092950708580327,0.076199067267346,5.402249991180114,-0.1020839061947598
2019-06-11,1326.64,-0.0009116629437709,0.0751556179705205,4.326378097966575,-0.03060164273293
2019-06-12,1333.23,0.0049551395247943,0.0804206748842564,3.770459531321404,0.1163648671518022
2019-06-13,1341.75,0.0063701626263003,0.0872492377120692,3.684154257685608,-0.0648010591314717
2019-06-14,1341.04,-0.0005292997339158,0.0865681789013098,3.299283793425481,0.3143931616542572
2019-06-17,1339.47,-0.0011714190057357,0.0852198772095689,2.685051071530852,-0.2281345062895667
2019-06-18,1346.53,0.0052568996713184,0.090832331253283,2.503884288513712,0.306491127159626
2019-06-19,1359.67,0.0097111102391084,0.1013660231705011,2.985956445467462,-0.0415552439342551
2019-06-20,1388.33,0.0208595627418532,0.1243772165396255,4.842107445581616,0.4894648644510415
2019-06-21,1398.74,0.0074702453906189,0.1325778353622156,6.286493434689133,0.0005025699600227
2019-06-24,1419.06,0.0144228492040406,0.1488247492377586,8.015180850096609,-0.1913658469758202
2019-06-25,1423.11,0.0028499370137762,0.1518015026599527,8.774860632063607,0.3762662092430628
2019-06-26,1408.66,-0.0102057196889759,0.1398611303870703,7.686735069726307,-0.1160561328641917
2019-06-27,1409.1,0.0003123048120323,0.1400381467886048,6.430207645691834,-0.2459280836026668
2019-06-28,1409.85,0.0005321130333609,0.1404587785880719,5.139126172974507,0.0022853889008587
2019-07-01,1383.69,-0.0187294720852685,0.1191165010517041,2.165021074757128,0.1609483082923233
2019-07-02,1417.92,0.024437165361973,0.1466102415400974,2.140951074366644,-0.0844481771229425
2019-07-03,1418.37,0.0003173159329799,0.146721931699687,1.8065273664825447,0.2134463007504676
2019-07-04,1415.28,-0.0021809335837462,0.1441164521158232,1.065079039462116,-0.5559054274455648
2019-07-05,1398.2,-0.0121416962824735,0.1301132053433158,-0.7878531343510353,0.9924403876311874
2019-07-08,1395.23,-0.0021264188607626,0.1275650683090951,-2.338045170810606,-0.2194752774974773
2019-07-09,1397.48,0.0016113384395996,0.1292523765975671,-3.2787648430951144,-0.0901529842706313
2019-07-10,1417.72,0.0143793327243428,0.1454290563933328,-2.6326122248872608,0.2329749443470847
2019-07-11,1403.69,-0.0099454638955113,0.133905936996982,-3.206742269034688,0.0539494003488041
2019-07-12,1414.87,0.0079331705797018,0.1427800040102659,-2.8994728803916097,-0.1725238917925952
2019-07-15,1413.69,-0.0008343468538429,0.141687101287472,-2.838044811500368,-0.1184699684620399
2019-07-16,1405.77,-0.0056181118594968,0.1351359995938553,-3.357588055896123,0.1521995482981233
2019-07-17,1426.15,0.0143933104311287,0.1514293808816291,-2.4003450404105777,-0.0140247710241465
2019-07-18,1445.67,0.0135943761228501,0.1669399085503739,-0.6170735869721362,0.3701299272512952
2019-07-19,1424.91,-0.0144642280924239,0.1499212071399033,-0.9787146108107194,0.0858463612725113
2019-07-22,1424.64,-0.0001895036063996,0.1495428383432138,-1.355932781297561,-0.3606364485649752
2019-07-23,1417.53,-0.0050032298079542,0.1436403090227588,-2.156562381131021,0.0671487889913347
2019-07-24,1425.06,0.0052979976803907,0.1495643064558413,-2.2414018952506787,-0.10450283376952
2019-07-25,1414.13,-0.0076994170838011,0.1405811017617554,-3.046116089047999,0.1352784632505927
2019-07-26,1418.52,0.0030995735545798,0.1439906438560364,-3.2752200135923566,-0.2080570093935932
2019-07-29,1426.62,0.0056939355420801,0.150403342034595,-2.887304144807942,-0.113038985641401
2019-07-30,1430.58,0.0027719463360046,0.1534827277466254,-2.390611792085055,-0.0769380127178291
2019-07-31,1412.11,-0.012994916726798,0.1384599192133662,-3.2777593920401635,0.2246792175010517
2019-08-01,1444.75,0.0228512564963147,0.1645847934871378,-1.7165738473692933,0.3410052171672715
2019-08-02,1440.39,-0.0030223859632342,0.1608268368661477,-1.0600015879586664,0.2277537624079411
2019-08-05,1463.75,0.0160877256772739,0.1794002572921298,0.766599585810706,-0.0554081280033382
2019-08-06,1474.22,0.007127400431468,0.1875740897796285,2.4064418418963296,-0.0200589481822009
2019-08-07,1501.23,0.0181557357305825,0.2089557948856525,4.89332337753746,0.2685765001725753
2019-08-08,1500.91,-0.0002131812648389,0.2083884783091859,6.025456658319538,-0.1923418621179815
2019-08-09,1497.02,-0.0025951254253149,0.2049893942034165,6.007549387072615,-0.1327342976570233
2019-08-12,1511.72,0.0097716100215757,0.2165823223721844,6.442435656666508,-0.1312178455635796
2019-08-13,1501.27,-0.0069366588684726,0.2078408349844641,5.518628829676189,0.4040658418190446
2019-08-14,1516.16,0.0098694059934391,0.2194437546544901,5.39620850212874,0.1030218351962568
2019-08-15,1523.52,0.0048426244757879,0.2249524338113708,5.289653123591421,0.0576199089157676
2019-08-16,1512.44,-0.0072992063094973,0.2157799739730868,4.009773486502603,-0.3397692646215037
2019-08-19,1495.87,-0.0110162633338404,0.2022455659964134,1.702072281470663,-0.1309061761727978
2019-08-20,1507.29,0.0076053590523058,0.2112366851564758,0.6535029835609478,-0.1396825396825396
2019-08-21,1502.33,-0.003296100165846,0.2070691373728797,-0.5977218919513163,-0.0222530665673629
2019-08-22,1498.04,-0.0028596492589176,0.2034421590922576,-1.866255918032035,0.0112989785908015
2019-08-23,1526.65,0.0189182053596036,0.2261591436788206,-0.9752856202114336,0.3571281840591618
2019-08-26,1527.42,0.0005042451655103,0.226396571132323,-0.5519468714666473,0.3379079526055988
2019-08-27,1542.57,0.009869819109592,0.2383018744171765,0.4750533693683501,-0.3299182903834067
2019-08-28,1541.0,-0.0010183003049488,0.2367647932493821,0.7584658071634607,0.0650877028421348
2019-08-29,1526.91,-0.0091854709347272,0.2251393646805293,-0.2397709805967807,0.1902174391672317
2019-08-30,1520.9,-0.0039438205070653,0.2200382711634979,-1.4727982411289595,-0.087289490040548
2019-09-02,1529.13,0.0053966813272765,0.2263992701865942,-1.8762299569977292,-0.150132548580879
2019-09-03,1548.73,0.0127362940143385,0.2415497015787263,-1.0086555550216296,1.2398790445665444
2019-09-04,1552.62,0.0025085862866055,0.2440776538164779,-0.3901953941464953,0.0127379041015966
2019-09-05,1518.87,-0.0219771891933172,0.21643641260352,-2.3615034489037257,0.1220679388735166
2019-09-06,1506.48,-0.0081908336358406,0.2059011267067358,-4.484161180221072,0.0925120863471125
2019-09-09,1498.74,-0.005151048584777,0.1992583132281221,-6.283436283739917,-0.2380014750527417
2019-09-10,1485.7,-0.0087387134493015,0.1883702209552829,-8.109612842964022,0.0865108448053877
2019-09-11,1496.52,0.0072563710773486,0.1966515326531394,-8.315746613843679,-0.1897278237919047
2019-09-12,1498.95,0.001622450255252,0.1981165049749147,-8.012140008338811,0.2293055839640008
2019-09-13,1488.51,-0.0069892433699868,0.1893896617862553,-8.208025615739695,-0.1594447656643219
2019-09-16,1498.37,0.006602230967414,0.1968169589518967,-7.392508292002683,0.1533463320004751
2019-09-17,1501.32,0.0019668705439733,0.1987908384028498,-6.409945006079541,-0.1539481418868183
2019-09-18,1493.16,-0.0054500415417686,0.191923913014552,-6.06859282208036,-0.0555786590932143
2019-09-19,1498.62,0.0036500050550192,0.1958812328078925,-5.264005448198314,0.1360856187003614
2019-09-20,1516.6,0.0119263026362756,0.2098536870161297,-3.400254147099085,-0.1195341340404513
2019-09-23,1522.29,0.0037447927693743,0.2139045981349602,-1.746909560058528,0.253776694546743
2019-09-24,1531.36,0.0059404494113869,0.2206069522245833,-0.0924296164553446,0.0556250160567939
2019-09-25,1503.59,-0.0183006474846642,0.1979502094419078,-0.8748006951466074,0.0643027212953837
2019-09-26,1504.5,0.0006050351071677,0.1982257917058027,-1.3112451541815773,-0.1102176150005717
2019-09-27,1496.68,-0.0052112953556229,0.1915177836181402,-2.062129982180215,0.1180365785754058
2019-09-30,1472.29,-0.0164303099601831,0.1716790149259447,-4.023495996363572,-0.030081064100403
2019-10-01,1479.38,0.0048040693139043,0.1768825340144011,-4.622599701437997,0.0589945334470882
2019-10-02,1499.94,0.0138020262220819,0.1927850505223246,-3.466298004977902,-0.0537573849734439
2019-10-03,1504.85,0.0032681181514468,0.1962096557058027,-2.261203500749584,0.0022782904150193
2019-10-04,1504.65,-0.0001329124441231,0.1955888877569565,-1.4096541770573563,-0.0267700185231066
2019-10-07,1493.24,-0.0076120572098891,0.1861012189920877,-1.5365228702662144,-0.0481310865963551
2019-10-08,1505.49,0.0081701708004891,0.1953098539836288,-0.7565663824692508,0.2192444355766496
2019-10-09,1505.47,-1.328479953258772e-05,0.1948421030527202,-0.2304344144676111,-0.147477054637122
2019-10-10,1493.4,-0.0080497421870699,0.1847136742933302,-0.6594530875904766,0.2585563288244135
2019-10-11,1488.02,-0.0036090224386767,0.1799566873109141,-1.2362086125418603,-0.0531810290275998
2019-10-14,1492.96,0.0033143493227873,0.1835088775726074,-1.2139123963340253,-0.260769723786446
2019-10-15,1481.09,-0.0079824233141508,0.1737141651329951,-1.8873191356995005,0.0933314169406025
2019-10-16,1489.75,0.0058300174555271,0.1801861047669673,-1.646999695330306,0.0106313053139563
2019-10-17,1492.37,0.0017571396684993,0.1818805205114405,-1.2282771734936984,-0.0434038267875125
2019-10-18,1490.21,-0.0014484106898193,0.179861001121666,-1.021934123851432,-0.1805321612801347
2019-10-21,1484.12,-0.0040950456139483,0.1747533706413941,-1.2079974807533134,-0.0559150835835755
2019-10-22,1487.83,0.002496678562668,0.177417085185041,-1.0020934464536424,-0.0399267461572916
2019-10-23,1491.88,0.0027183870202128,0.1803460375160382,-0.5373236953718559,-0.0150710738140092
2019-10-24,1503.1,0.0074925725644796,0.1889251684797045,0.524131392543004,0.0448077995431079
2019-10-25,1504.39,0.000857858266602,0.1896153087325784,1.2690300570151232,0.0687739595528316
2019-10-28,1492.63,-0.0078478357546453,0.1800464734159129,0.9407555800934412,-0.13679954466376
2019-10-29,1487.91,-0.0031672139582908,0.176031649935871,0.4041778405067049,0.0969152582437065
2019-10-30,1495.61,0.0051616996675131,0.1818116180012221,0.556862124708289,0.0668711969558635
2019-10-31,1512.12,0.0109784893092424,0.1944980842186007,1.6945229465291507,0.0907027549951895
2019-11-01,1513.92,0.0011896737731813,0.1955759296292723,2.447289924468205,-0.0573357050610394
2019-11-04,1509.41,-0.0029834674648955,0.1916832641125987,2.5110842813598286,-0.0256940495269606
2019-11-05,1483.7,-0.0171798780211397,0.1709994523893246,0.7810419994413113,0.2883423538151333
2019-11-06,1490.12,0.0043176856525854,0.175740217157482,0.0660307256411308,-0.1464944543062013
2019-11-07,1468.41,-0.0146764708763643,0.1582367609040328,-1.7706380847873078,0.2534936689314391
2019-11-08,1458.71,-0.0066276992450908,0.1502496909492844,-3.443573110254272,-0.0388929951802404
2019-11-11,1455.59,-0.0021411667927081,0.1475411384032387,-4.498416125327157,-0.2334004910658853
2019-11-12,1456.25,0.0004533216188408,0.1477618645903556,-4.859070859305225,0.2277966455927687
2019-11-13,1463.28,0.0048158529536596,0.1530150613017501,-4.348122386349943,-0.0806083714913101
2019-11-14,1470.98,0.0052483540482722,0.1587910858633781,-3.264986587093075,-0.0231524767873508
2019-11-15,1467.35,-0.0024707924887311,0.1556733102310136,-2.595607191397913,-0.1001307784158753
2019-11-18,1470.73,0.0023008233207288,0.158060016126957,-1.767374530492642,0.0680104469438476
2019-11-19,1472.28,0.0010533434431515,0.1590080722479529,-0.9957511658556956,-0.0271264322480131
2019-11-20,1471.12,-0.0007882041584941,0.1577997392558305,-0.4707355338556915,0.0816263442222515
2019-11-21,1463.81,-0.0049813897544431,0.1517581274125747,-0.5192167690401588,0.0106122295989843
2019-11-22,1461.92,-0.0012919854278439,0.1501088704921471,-0.5775381257004044,-0.4306252260104405
2019-11-25,1454.3,-0.0052259550666459,0.1439895558791944,-1.0033286654423517,-0.1897763266103751
2019-11-26,1461.24,0.0047607051232519,0.149323578032288,-0.7056491522335566,-0.0054569573694048
2019-11-27,1453.83,-0.0050839368935593,0.1433863817983449,-0.8842926363810495,-0.1140022028434869
2019-11-28,1455.67,0.0012648223030067,0.1447710774430035,-0.7597924886228853,-0.4274700334165897
2019-11-29,1463.63,0.0054533756222814,0.1509301424519248,-0.0595184653904468,0.5662749003984064
2019-12-02,1462.45,-0.0008065398512457,0.1498730658142046,0.3817721542786394,0.2872168593485698
2019-12-03,1477.32,0.0101165239601243,0.1614084021051364,1.6610071787643088,0.1268945756348187
2019-12-04,1474.31,-0.0020395517347425,0.1588734802385092,2.2535443082817563,0.0628216706268138
2019-12-05,1475.74,0.0009694751695751,0.159858967511776,2.662824869358311,-0.1759639657476612
2019-12-06,1459.47,-0.0110862027840273,0.146954898967714,1.8001468342060043,-0.1012834374499439
2019-12-09,1461.47,0.0013694223863229,0.1484457536652106,1.3472986201624062,-0.2920208085016319
2019-12-10,1464.23,0.0018867285222279,0.1505017371554846,1.220493508358505,0.3758575114859337
2019-12-11,1474.67,0.0071047289224564,0.1585842497208329,1.7920311365637105,0.0217167558666118
2019-12-12,1469.29,-0.0036549450326192,0.1542103214454123,1.7576356751218123,0.2189091478907132
2019-12-13,1475.7,0.0043531625726866,0.159051871989555,2.0936604080616985,0.3243771866190392
2019-12-16,1476.11,0.0002777956593659,0.1592660749385311,2.2565645123734304,-0.4556598671529405
2019-12-17,1476.06,-3.387338805335944e-05,0.1591245976198396,2.2679209658945303,-0.0532047689407448
2019-12-18,1475.46,-0.0004065701796124,0.158553409248833,2.143426198072494,-0.0102648962075042
2019-12-19,1478.76,0.002234093176928,0.1610463590892139,2.184312325048385,-0.0321335363201391
2019-12-20,1477.95,-0.0005479063014387,0.1603209254460958,2.0594435866653864,-0.0894893545306443
2019-12-23,1485.36,0.0050011746626223,0.1660495549384542,2.3571160435476872,-0.0329158440276406
2019-12-24,1499.21,0.0092811355868158,0.1768393805461431,3.309638064295208,-0.1248205684391846
2019-12-26,1510.99,0.0078267624311217,0.1859510580577783,4.483028428111817,0.5375054672692812
2019-12-27,1510.61,-0.0002515223735791,0.1855007109256886,4.947103207992446,0.1066187800772824
2019-12-30,1514.98,0.002888694792625,0.1888079631882167,5.234123609007034,-0.2070243463544735
2019-12-31,1517.06,0.0013720137770519,0.1902985659228139,5.237051595159658,0.1343319870868395
2020-01-02,1528.55,0.0075453222915813,0.1991356649448185,5.650350386181447,0.2174140846412156
2020-01-03,1551.33,0.0147930538976866,0.2167224498485384,7.006818974945318,0.4663914863648812
2020-01-06,1565.49,0.0090862465079916,0.2274500321762048,8.317261575931399,0.2054323029923024
2020-01-07,1572.88,0.0047094597887244,0.2329316430499706,9.079158107316552,-0.1684134221651652
2020-01-08,1555.51,-0.0111048676811798,0.218777768180771,7.856478120252749,0.7213220566804852
2020-01-09,1551.77,-0.0024072512332741,0.2155577504828187,6.30592717936279,-0.4146944897596276
2020-01-10,1561.62,0.0063275290690818,0.2230298379255371,5.484065086698209,-0.1799046285533129
2020-01-13,1547.86,-0.0088504121705547,0.2120522142148255,3.6427800796328142,-0.1507461604748367
2020-01-14,1545.8,-0.001331756110538,0.2101857844758149,1.997427775980622,0.3040179799148419
2020-01-15,1556.19,0.0066989505801467,0.218084874549453,1.351111754144366,-0.11036288269944
2020-01-16,1552.22,-0.0025543619783809,0.2147854090358821,0.4453521636413349,-0.1777592492683963
2020-01-17,1556.52,0.0027663958660455,0.2179581858286855,-0.0487831829085934,-0.0083508967272437
2020-01-20,1559.94,0.0021947988248751,0.220533199226205,-0.3150653938669521,-0.4823354854232666
2020-01-21,1558.06,-0.0012059013648649,0.218796953533085,-0.7620902406463159,1.6539623518475484
2020-01-22,1559.07,0.0006480320264765,0.2193804900185164,-1.112797282603232,-0.2182866316403969
2020-01-23,1562.61,0.0022680105055239,0.2218851839734772,-1.2207545682668126,0.2575658570281725
2020-01-24,1571.26,0.0055203451111983,0.2284001743941747,-0.8420111015215532,-0.0836933446161611
2020-01-27,1581.29,0.0063631243547775,0.2358711412981734,-0.0880799008079904,0.415106567403579
2020-01-28,1566.88,-0.009154588626084,0.2243309473924131,-0.6980135681835193,-0.212983370066119
2020-01-29,1577.1,0.0065013365210276,0.2320680460861739,-0.5573976077686496,-0.1143148094268257
2020-01-30,1574.19,-0.0018468632383207,0.2294516945914723,-0.7903785062465687,0.3632354390460235
2020-01-31,1588.73,0.0091941006562547,0.2404741976371571,-0.1298897683126263,-0.0523094347351996
2020-02-03,1576.28,-0.0078673142995547,0.2304025367554629,-0.6661581840903565,0.0779607145127454
2020-02-04,1552.64,-0.0151109327363151,0.2116713059480423,-2.637020071147159,-0.1366718954556712
2020-02-05,1556.29,0.0023480758183751,0.2142391449695668,-3.6561471687524296,0.0263323269443571
2020-02-06,1566.4,0.0064752090822949,0.2218725668831276,-3.604725804790432,-0.1190525313970436
2020-02-07,1569.91,0.0022383000822119,0.224332875393699,-3.2979816798833994,0.0697616439391077
2020-02-10,1571.39,0.0009422851109464,0.2252266801405204,-2.9693193189259723,-0.0740612574947563
2020-02-11,1567.62,-0.0024020323685914,0.2220630144597874,-2.9724231119728,-0.1227957776557446
2020-02-12,1565.63,-0.0012702467199082,0.2203055552974,-3.062938601883776,-0.071253434424234
2020-02-13,1575.95,0.0065699661453183,0.2280619754210969,-2.4109205801543254,0.3531834820300139
2020-02-14,1583.83,0.0049876993562747,0.233977164531615,-1.477896924734626,-0.2373964840912392
2020-02-17,1580.86,-0.0018769616435978,0.2315590324574412,-1.1067082502499872,-0.5369458128078818
2020-02-18,1601.37,0.0128905101160642,0.2472563902446854,0.3938359774656472,1.536107519297833
2020-02-19,1611.27,0.0061631750444367,0.2546778225997472,1.845574333781773,-0.0102743958964217
2020-02-20,1619.26,0.0049465668431818,0.2604632459233603,3.064521416790015,0.4695671178132659
2020-02-21,1643.55,0.0148892817769292,0.2789036850720665,5.106903475329421,-0.0059698955799403
2020-02-24,1658.41,0.0090007754922234,0.2897416365336312,6.9448933457194375,0.4366190410036654
2020-02-25,1635.24,-0.0140697294620056,0.2709942605628008,6.115609114443533,0.0906129007062919
2020-02-26,1640.44,0.0031749159673953,0.2743555524671447,5.454570011935029,-0.0629910787362907
2020-02-27,1644.3,0.0023502632030552,0.2766267252089148,4.835688720838583,0.0525766029385539
2020-02-28,1584.66,-0.0369448884605929,0.2296854156603354,0.2122307439585888,0.0536328650413024
2020-03-02,1589.67,0.003156574243984,0.2329491776049443,-2.5535207619604847,0.0038396156446287
2020-03-03,1639.49,0.0308587703419747,0.2710140769989476,-1.1444230714987391,-0.1896445757924468
2020-03-04,1635.68,-0.0023265978368423,0.2675484464811234,-0.6124109532405697,-0.143235785346017
2020-03-05,1671.58,0.0217106669086511,0.2949030882822419,1.877567204624107,-0.1558813973527708
2020-03-06,1674.28,0.0016139351832276,0.2962788068440429,3.341205980280634,0.5042840886270834
2020-03-09,1678.17,0.002320691879572,0.2986358812120208,4.153156487156423,-0.1071494789928431
2020-03-10,1649.4,-0.0172923285808996,0.275687853100815,2.4203268411891727,0.1389471498286782
2020-03-11,1636.62,-0.0077784459235979,0.2652274399489741,0.1982441194021547,-0.1270028807934945
2020-03-12,1578.45,-0.0361897866207262,0.2196995849959333,-5.111143302940302,0.1774337724831036
2020-03-13,1529.79,-0.0313128817907266,0.1816934306504773,-11.458711326162517,-0.088704413225486
2020-03-16,1509.04,-0.0136567840267351,0.1653344324583772,-16.316973114357086,-0.047151154642707
2020-03-17,1527.61,0.0122307355087524,0.1793326449062148,-17.44058827263597,0.0084571260479482
2020-03-18,1484.52,-0.0286129348834811,0.1457744658024211,-20.05974403458494,-0.055616325141593
2020-03-19,1474.3,-0.0069081868069665,0.1376776756160135,-21.33556837647658,-0.193594330476264
2020-03-20,1498.38,0.0162012236142829,0.1560326144691584,-19.464963843711057,0.0160071923310174
2020-03-23,1551.86,0.0350696870187172,0.1969744298926317,-13.799694923205774,0.1199924602198054
2020-03-24,1627.91,0.0478427719902919,0.2555062013386557,-4.581169669071047,-0.7107954970454036
2020-03-25,1621.51,-0.003939169621509,0.250510794177639,1.1298925208405528,-0.5508389641460024
2020-03-26,1628.84,0.0045102911538824,0.2559026482744245,5.216802766478631,3.3222126250629813
2020-03-27,1621.74,-0.0043684581157968,0.2502277173086577,7.138704412477826,-0.2240355712465757
2020-03-30,1620.49,-0.0007710742679777,0.2489775858683922,7.959934133300855,0.4340977132984944
2020-03-31,1576.72,-0.0273818327434262,0.2149797804925704,5.3165644304527575,0.0445658273785027
2020-04-01,1592.52,0.0099709273529193,0.2269233337648455,4.429721444927669,-0.1120120916039283
2020-04-02,1611.61,0.0119160120744339,0.2413304286320253,4.890189033729385,0.211609822206447
2020-04-03,1615.59,0.002466535707606,0.2441061831649814,5.19555568660827,-0.0690098271591787
2020-04-06,1659.15,0.0266052079971747,0.2773357618380676,7.901761664656997,-0.0329826719396986
2020-04-07,1647.98,-0.0067551275429269,0.2684197434947593,8.460152976636353,-0.0108416716585686
2020-04-08,1645.22,-0.0016761816143595,0.2660321526577124,8.160488023495896,-0.1466583927089485
2020-04-09,1684.94,0.0238558409847794,0.2962637254335118,10.031093914779213,0.1574160876840988
2020-04-13,1711.98,0.0159206405465929,0.3167004789334163,12.331852405041404,-6.0558347968253656e-05
2020-04-14,1726.54,0.0084688104306926,0.3274289288464084,13.95706141846764,0.2041848352713178
2020-04-15,1716.56,-0.0057971176843259,0.3193150698541883,13.4757565290856,-0.033966605476903
2020-04-16,1718.59,0.0011818990357372,0.3203852599297168,12.435096500454506,0.1056063514788663
2020-04-17,1681.73,-0.0216811617115776,0.29145352311708,8.588185579206854,0.3732584626794513
2020-04-20,1694.48,0.0075528836247578,0.3007184220119894,6.330452481640059,-0.1347323483650297
2020-04-21,1682.78,-0.0069287213936524,0.2912426150745167,3.612369094101034,-0.0272349447424866
2020-04-22,1714.62,0.0187442940127046,0.3152524710570946,3.518621248617631,-0.2108669637173774
2020-04-23,1730.14,0.0090108483682813,0.3266748038531613,4.025146572963813,0.0808822580436998
2020-04-24,1726.03,-0.0023783563524816,0.3230851250540686,3.61944373245564,-0.085355223880597
2020-04-27,1714.81,-0.0065216864299183,0.3139974877289067,2.20124853015691,0.144357486472197
2020-04-28,1707.96,-0.0040026114201422,0.3081770086476033,0.4966529669018911,0.2144604977212967
2020-04-29,1712.07,0.002403488845735,0.3108091864097144,-0.5997854550999726,-0.1053081467982979
2020-04-30,1686.38,-0.0151189450220941,0.2906850340948199,-3.157964998456258,-0.0722849823618343
2020-05-01,1699.57,0.0077910581786468,0.3002392370477625,-4.009803148938975,0.1974299197627966
2020-05-04,1701.37,0.0010585309755968,0.3012965495597829,-4.465228846657901,-0.4229669639017659
2020-05-05,1704.61,0.0019025367015098,0.3034330634293288,-4.546242135477719,0.0686594054540987
2020-05-06,1685.29,-0.0113986897472213,0.2883249732939428,-5.817698819795222,0.02076723834046
2020-05-07,1715.35,0.0176794856081622,0.3109123263395296,-4.604074549588994,0.1106498303354253
2020-05-08,1701.9,-0.0078718674102384,0.3002164961270822,-4.662682806268386,0.0679112901590477
2020-05-11,1697.83,-0.0023943089270889,0.2966789005004597,-4.9063925380106,0.055959237926451
2020-05-12,1702.12,0.0025235678622925,0.2995449355064066,-4.708646290890144,-0.0469696878877426
2020-05-13,1715.46,0.0078067332735737,0.3092304803236805,-3.656288358768723,0.1846347369414132
2020-05-14,1730.11,0.0085037240760795,0.3200105494500663,-2.031508160447075,-0.2306491603442508
2020-05-15,1742.01,0.0068546286386115,0.328625737677677,-0.3039867956203252,0.1130786430010766
2020-05-18,1732.11,-0.0056993004258094,0.3206174183529042,0.0068389935790662,-0.007427430654581
2020-05-19,1744.16,0.0069327458817579,0.3293166303698656,0.8141955737922899,0.0679967019788128
2020-05-20,1747.12,0.0016956535764682,0.3311190950047571,1.308486787874699,-0.0880385069773426
2020-05-21,1726.7,-0.011756645538132,0.3151296986264904,0.0856038472043998,0.004360959154487
2020-05-22,1735.49,0.0050777218386219,0.3214686523413605,-0.2855461903748839,-0.1819307958035617
2020-05-25,1727.0,-0.0049039951103278,0.3148197720935834,-1.2055086600800315,-0.4719826408673322
2020-05-26,1710.36,-0.0096819244917387,0.3017850556545642,-2.938596539178551,1.0578731078524126
2020-05-27,1709.31,-0.000614094361735,0.3006157983244379,-4.088869306766451,0.0445869938438772
2020-05-28,1718.72,0.0054900474238897,0.3073917760179563,-4.136693530475792,0.0071242899778569
2020-05-29,1730.18,0.0066456216050697,0.3157334618419622,-3.3507627678777787,-0.0492099908503693
2020-06-01,1739.12,0.0051537888267592,0.3221357522635011,-2.2366337683277475,0.0267510251567357
2020-06-02,1727.33,-0.0068023744536905,0.3128051516724797,-2.2930433854377483,-0.0512687799009596
2020-06-03,1697.95,-0.0171552226650325,0.2901055055862809,-4.197493241869706,0.0931274973828164
2020-06-04,1712.79,0.008701978834955,0.3010100270131902,-4.3288404792101005,-0.0147227430297961
2020-06-05,1684.22,-0.0168210712655524,0.2789234019834269,-6.102414389626347,0.1160988698824705
2020-06-08,1698.32,0.0083369785241434,0.2892373939445055,-6.075322136547584,0.0088376714177071
2020-06-09,1714.03,0.0092077957979574,0.3007888606819279,-4.804434110757939,-0.0938398594469065
2020-06-10,1737.41,0.0135481756145007,0.3180912404745,-2.320149282659441,0.1098304675392634
2020-06-11,1728.71,-0.005020032930494,0.3110490270702311,-1.2475437277883987,0.0023756558744589
2020-06-12,1730.17,0.0008442039542913,0.3117723811344524,-0.4647482792918609,-0.1301343014455346
2020-06-15,1725.12,-0.0029230562966977,0.3075243438693719,-0.319029357950269,0.1264125566755869
2020-06-16,1726.61,0.0008633352507566,0.3082524361526618,-0.1621618344446567,-0.0504751470986484
2020-06-17,1726.49,-6.950276565880544e-05,0.3078355433626565,-0.1089066770036062,-0.1810014584346134
2020-06-18,1722.61,-0.0022498632319595,0.3045643033643381,-0.3630916622681326,0.0160346969948792
2020-06-19,1742.29,0.0113597573562573,0.3191419601397892,0.7077223429614037,-0.0505620165605988
2020-06-22,1754.66,0.0070747660650289,0.3281110884980273,2.0847660414619438,0.1610275175163678
2020-06-23,1766.86,0.0069288539091798,0.3369568276457588,3.565961066555209,-0.0429359846798527
2020-06-24,1761.42,-0.0030836579357201,0.3324530485635939,3.900918298302319,-0.0095321071789835
2020-06-25,1763.78,0.0013389313245043,0.3338486798622143,3.988763671818608,0.0183605921905982
2020-06-26,1769.65,0.0033225536660341,0.3379824848660204,4.132027921058617,-0.2190851261629907
2020-06-29,1772.81,0.0017840714295524,0.3400645514042886,4.1201539028812775,-0.0124859392575927
2020-06-30,1780.64,0.0044069918938357,0.3456684432579708,4.300302505730457,0.0093309792307401
2020-07-01,1769.88,-0.0060611025657037,0.3371938317591444,3.395191850257038,0.1089710432517327
2020-07-02,1775.17,0.0029844453118934,0.3408806778777921,2.8738442880870387,-0.0936752658627181
2020-07-03,1775.66,0.0002759918121173,0.3410938968729481,2.307487039991859,-0.498063103525713
2020-07-06,1784.21,0.0048035554333849,0.3472519895021865,2.2517191161970693,0.8797233562626996
2020-07-07,1794.58,0.005795271040304,0.3547595222763088,2.629918160638536,0.0552393042029473
2020-07-08,1808.43,0.0076880542759049,0.3648866005426713,3.476384829198897,-0.025281004473516
2020-07-09,1802.24,-0.0034287298835023,0.3598473441875378,3.2851500240876845,0.1280347879746224
2020-07-10,1798.56,-0.0020439909360266,0.356771235271155,2.606223698141921,-0.1761045532638705
2020-07-13,1802.32,0.0020883791554003,0.3592664043988807,2.1260755227808907,0.1314140471003215
2020-07-14,1809.08,0.0037437048763906,0.3639808159568507,1.982295037268905,0.1258149408107687
2020-07-15,1810.2,0.0006189076477923,0.3645161027641878,1.692430838567503,-0.2036113961784684
2020-07-16,1796.88,-0.0073855088025308,0.3541953224847647,0.4008149010725219,-0.0707207069002546
2020-07-17,1809.7,0.0071092580756158,0.3636154589993032,0.2163092165536895,-0.1505876914949815
2020-07-20,1817.17,0.0041192601680051,0.3689402948123712,0.3934733692897829,0.2325313224757388
2020-07-21,1841.55,0.0133272624607978,0.3869161692729773,1.866297821428681,0.2225212345471365
2020-07-22,1871.3,0.0160257681887842,0.4087154198713315,4.412456341066608,0.4521823622480567
2020-07-23,1886.05,0.0078513184929226,0.4191688304120996,6.530564185535098,0.0266219808980181
2020-07-24,1901.13,0.0079637512341065,0.4299562087603856,8.275518798596632,-0.1645643359345711
2020-07-27,1940.98,0.0207445539381246,0.4591480910808868,11.257016742630274,0.2982871581737971
2020-07-28,1957.99,0.0087254366762185,0.4710846391064611,13.374008581961675,0.0479013895018958
2020-07-29,1970.96,0.0066022968548038,0.4801762764113059,14.549863100085986,-0.2541700285698337
2020-07-30,1957.52,-0.00684236775349,0.4693966218720615,13.355604158725503,0.0750608951243076
2020-07-31,1974.81,0.0087938252493871,0.4816289902267822,12.669085730491638,0.0555738389681403
2020-08-03,1975.81,0.0005062496627654,0.4818282002178332,11.268332497080737,-0.262754291401608
2020-08-04,2018.4,0.0213266774882662,0.5131339111129068,12.121834353009357,0.0852207574636272
2020-08-05,2038.95,0.0101298511225185,0.5276410529814365,12.909348226098407,0.3364607844606646
2020-08-06,2063.3,0.0118716733418178,0.5450259792481013,13.8273034380179,-0.0800885948188853
2020-08-07,2033.32,-0.0146367176964402,0.5216191303982886,11.280167128265012,0.1585119805921113
2020-08-10,2027.63,-0.0028023017882911,0.5165841869010716,8.219124948508934,-0.172911997137776
2020-08-11,1912.65,-0.0583779083087922,0.4296816285048079,-1.996924112306708,0.4057748826320946
2020-08-12,1919.01,0.0033197130438821,0.4335991059836734,-8.41386397604073,-0.0113175102382514
2020-08-13,1953.67,0.0179002269588034,0.458614379199054,-10.287992420881451,-0.023479980227385
2020-08-14,1943.7,-0.005116281876325,0.450441381449544,-12.041263687721234,-0.1640887913983333
2020-08-17,1984.45,0.0207484245184023,0.4801986471381178,-10.362598255358478,-0.1533544534469707
2020-08-18,2002.25,0.0089297505613681,0.4926850744175216,-8.06185673047871,0.1516738964866386
2020-08-19,1927.44,-0.0380788506554751,0.4361097673480698,-11.38359787887424,0.1384555225219526
2020-08-20,1946.31,0.0097425746410801,0.449397397077234,-12.050886812702773,-0.0286350732924525
2020-08-21,1939.0,-0.0037628959467449,0.4432633969977746,-12.662716165228566,-0.08959205428876
2020-08-24,1928.46,-0.0054506193184221,0.4348626639003611,-13.384981583551363,-0.1921394137403185
2020-08-25,1926.95,-0.0007833149144755,0.4331984229147118,-13.531823256892018,-0.0036199862836456
2020-08-26,1953.2,0.0135306111777512,0.4521536604640258,-11.507882681540451,0.0214085506475074
2020-08-27,1928.11,-0.0129288047026198,0.4328553520643671,-11.479606225074374,0.1490739325561685
2020-08-28,1964.3,0.0185956992553451,0.459093364017533,-8.766744891040819,-0.0235308343409915
2020-08-31,1968.23,0.0019987139619104,0.4614173135814849,-6.552227088541603,-0.1106446739480396
2020-09-01,1970.73,0.0012693707657289,0.4626265615217927,-4.842475447958989,0.072703602110862
2020-09-02,1943.06,-0.0141399824848629,0.4414777512489057,-5.453071401250931,0.0047118074259642
2020-09-03,1930.63,-0.0064176754786163,0.4316560358870596,-6.500997975599541,0.0141724857403089
2020-09-04,1933.0,0.0012268257039402,0.4328200137549173,-6.808782354175625,-0.0063248004789778
2020-09-07,1928.11,-0.0025329517234455,0.4288898862536273,-7.084323024720394,-0.4820265627403722
2020-09-08,1931.48,0.0017462999211932,0.4308418002621952,-6.781929158157666,0.8020245520245519
2020-09-09,1947.29,0.0081521139727031,0.4420962415581628,-5.323799980069419,-0.1846200332376492
2020-09-10,1945.92,-0.0007037894470367,0.4405590302614874,-4.301969287329458,0.1227618036956559
2020-09-11,1940.31,-0.0028871188256098,0.4359197556059321,-3.867949922490132,-0.0534768584502287
2020-09-14,1956.51,0.0083145196991719,0.4475031605493921,-2.424432234326507,-0.1824997424334884
2020-09-15,1953.31,-0.0016369043661967,0.4446782896855324,-1.6563890434379165,0.1213731059688036
2020-09-16,1959.07,0.0029445013836293,0.4484249840539489,-0.7764007610332593,0.1162760540489138
2020-09-17,1944.23,-0.0076038590435558,0.4368904400225149,-1.185252204138818,0.1347010215066255
2020-09-18,1950.44,0.0031889763511422,0.4410237354489257,-1.034427497089757,-0.197043326326135
2020-09-21,1911.83,-0.0199940896057888,0.4119149202992716,-3.3986651250207887,0.3873909865188787
2020-09-22,1900.34,-0.0060280810107548,0.4027889117802731,-5.476876568455103,0.131839652985829
2020-09-23,1862.61,-0.0200540876013802,0.3742782395400942,-8.928961651766297,0.1154000216520514
2020-09-24,1868.54,0.0031786473301581,0.3779455282945553,-10.25456999980291,0.0948951513886799
2020-09-25,1860.05,-0.0045540081761903,0.3711223717762026,-11.07473181973636,-0.1958973995292824
2020-09-28,1881.82,0.0116360245718278,0.3866437180568055,-9.578731248999784,-0.0877375755170437
2020-09-29,1897.17,0.0081239084634818,0.3974266563999188,-7.097305320869847,-0.0386769708578299
2020-09-30,1885.22,-0.0063187771544214,0.3880822139550214,-5.854360344860375,0.0383160064865679
2020-10-01,1905.89,0.0109045661145759,0.4027605076607255,-3.3577530006151903,-0.0305398501156216
2020-10-02,1900.56,-0.0028005114915675,0.3983194013754997,-1.85785691483645,-0.0401750869502776
2020-10-05,1913.69,0.006884735852662,0.4075491671866538,0.1210013381527659,-0.1789675698532999
2020-10-06,1877.59,-0.0190442758483167,0.3805322163371545,-0.8456905972887956,0.1333227685115485
2020-10-07,1887.72,0.0053807120478016,0.387526949583271,-0.65570263918279,-0.016730638812565
2020-10-08,1893.53,0.0030730602696588,0.3914068980204958,-0.0248874438612904,-0.1491204368662808
2020-10-09,1929.87,0.0190098312252861,0.4176567649065965,2.7975713484648725,0.0890227800711982
2020-10-12,1922.54,-0.0038054147121339,0.4117920359893887,4.052458324504451,0.0521259371235198
2020-10-13,1891.14,-0.0164674065850471,0.3882118286230566,2.713710865781134,0.1566383686329424
2020-10-14,1900.32,0.0048424712057526,0.3944790744118486,2.40303864608936,-0.0948300323477668
2020-10-15,1907.87,0.0039651434891557,0.3995012404999821,2.643530217031256,0.0901428073841867
2020-10-16,1898.62,-0.0048601300451293,0.3922987047265995,2.1387117163502465,-0.1908173046201035
2020-10-19,1903.38,0.0025039466002105,0.3953658246111776,2.08242163527747,0.0091922071563386
2020-10-20,1907.55,0.0021884430646983,0.3980155773563951,2.267812615450487,-0.0368721291463538
2020-10-21,1924.62,0.0089088495031593,0.4101088294876842,3.413045160713347,-0.0118783565294399
2020-10-22,1903.63,-0.0109659559018865,0.3943638558159452,2.6631735161140977,-0.0884976853945518
2020-10-23,1901.37,-0.0011879107835812,0.3923916418028918,1.9540317224495416,-0.1250270621346612
2020-10-26,1901.59,0.0001156993501091,0.392189873198124,1.4614071676197904,0.1532743618293537
2020-10-27,1907.36,0.0030297086670253,0.3961272901937325,1.481172808284573,-0.2177842539534966
2020-10-28,1876.45,-0.0163383930999958,0.3731038896660205,-0.523149251980052,0.4678232248774299
2020-10-29,1866.97,-0.0050648980162594,0.3657927066048404,-2.322255497127577,-0.0257015167087109
2020-10-30,1878.28,0.0060396685829324,0.373662953587451,-2.566362202006899,0.0600950972949214
2020-11-02,1895.06,0.0088940358480483,0.385563940044044,-1.4680969638936618,-0.1060947570766273
2020-11-03,1908.84,0.0072452274138523,0.3953153085346584,0.225861221934994,-0.1544598207132677
2020-11-04,1903.25,-0.0029327765119473,0.3906389705198402,0.9677251881075586,0.8384880067820277
2020-11-05,1949.0,0.0237534693212387,0.4235773555085756,4.3481384264950815,-0.2357542748025345
2020-11-06,1951.74,0.0014048618726943,0.4250937132624912,6.450428375879698,-0.0350799982963982
2020-11-09,1863.03,-0.0465170878487384,0.3597835607521337,1.7905827088821653,0.2884004237288136
2020-11-10,1877.18,0.0075664561662109,0.3696627114869388,-0.3031579481391677,-0.1409329679113852
2020-11-11,1865.38,-0.0063058650235002,0.3607248949932241,-2.3341337714218597,-0.2517131140458736
2020-11-12,1876.54,0.0059648699539684,0.3685339263169274,-2.748729179923235,-0.0042634453968113
2020-11-13,1889.18,0.006713216846092,0.377462627822618,-2.0277598302702504,-0.1525890905847197
2020-11-16,1888.62,-0.0002964688464724,0.3767259078820431,-1.4706063819717947,0.1426120274950262
2020-11-17,1880.02,-0.0045639885625347,0.3701725411159756,-1.5550786790896982,-0.1279998525984136
2020-11-18,1871.84,-0.0043605107659895,0.3639091820100856,-2.006933628005875,0.0889670691895661
2020-11-19,1866.76,-0.0027175964941187,0.3598971896465238,-2.462960957074125,0.052341036536857
2020-11-20,1870.86,0.0021939103731917,0.3626580219705051,-2.306238006976532,-0.2815735371396436
2020-11-23,1837.13,-0.0181936469113464,0.337911901286148,-4.182636568160628,-0.1560178115415709
2020-11-24,1807.62,-0.0161935083963256,0.3162238900373472,-6.956148775218001,0.2053246970457205
2020-11-25,1806.92,-0.0003873245329978,0.3155457293415508,-8.292120977893845,-0.1308642286781123
2020-11-26,1808.86,0.0010730742391169,0.3168098078924901,-8.469659031636967,-0.1236592693653028
2020-11-27,1787.38,-0.0119459521292931,0.3009553519662263,-9.387111785723471,0.5541330595074447
2020-11-30,1777.49,-0.0055486036649911,0.2934726286775329,-9.95919249984351,0.3633961017509084
2020-12-01,1815.33,0.0210650125713199,0.320761046440193,-7.216095185666539,-0.196534231692161
2020-12-02,1830.58,0.0083655871574927,0.331572153031226,-3.9641002880338574,0.087583784888076
2020-12-03,1840.88,0.0056108616309789,0.3387696592864408,-0.8704756397620557,0.0047049983899245
2020-12-04,1838.51,-0.0012882571990315,0.3368036995953732,1.1551268778094652,-0.1796353341286658
2020-12-07,1862.92,0.0131896882440724,0.3542566325680165,4.111532652988966,0.1749633729448152
2020-12-08,1870.68,0.0041568519252306,0.3595984881193172,6.424433084259601,-0.0269241781891065
2020-12-09,1839.31,-0.0169114998396416,0.3364361137112989,5.700923002531283,0.2971467081782974
2020-12-10,1835.73,-0.0019482787302508,0.3334710814819863,4.872676551121959,0.0223113342163225
2020-12-11,1839.68,0.0021494208922288,0.3360307196445987,4.491642612918113,-0.1472449286358496
2020-12-14,1827.74,-0.006511412484237,0.3270814703864599,3.386587202571821,-0.0785159692785495
2020-12-15,1853.53,0.014011698103933,0.3454916639437184,4.285779729310608,0.0828103223690803
2020-12-16,1863.96,0.005611327733194,0.3526842156146996,5.40405140101589,0.1632680530318324
2020-12-17,1885.97,0.0117390205982679,0.3682524994094238,7.327707608369314,0.0091408735898177
2020-12-18,1880.43,-0.002941803311044,0.3638634396382759,7.880444036635873,-0.0830347417302069
2020-12-21,1876.21,-0.0022466894752104,0.3602792712732143,7.6112173398072125,0.4307697117000242
2020-12-22,1859.77,-0.0088009604525842,0.3479320325280247,6.043714032804269,-0.1530011962179848
2020-12-23,1872.67,0.0069123958401296,0.3568926999373108,5.603282621482887,-0.0983258741439129
2020-12-24,1878.86,0.0032999899333817,0.3611278748546915,5.451378642984944,-0.3686766462354901
2020-12-28,1872.82,-0.0032198936041536,0.3563695600794848,4.695366304120359,0.5279197018273272
2020-12-29,1877.88,0.0026981646464778,0.3597243353296273,4.298016343349778,-0.1875125119558689
2020-12-30,1893.7,0.0083891063057784,0.3708891870105247,4.823180768289506,-0.0873782863817632
2020-12-31,1897.69,0.0021047697403818,0.3734794641166968,5.133073383606929,0.014009159450433
2021-01-04,1943.04,0.0236163998778596,0.4058009965738207,7.919591979136612,0.5387990967093002
2021-01-05,1950.0,0.0035756156706913,0.4103807753748714,9.644327383514064,-0.1168829504309654
2021-01-06,1918.68,-0.0161919229724631,0.3871369525880986,8.148222630054587,0.3683439037487481
2021-01-07,1913.38,-0.0027661379933615,0.3828002478590952,6.35375011202345,-0.1238823541889841
2021-01-08,1848.95,-0.0342534012146066,0.3357300940612352,0.6783157308484764,0.1515199205839981
2021-01-11,1844.3,-0.0025181086886008,0.331891710745511,-3.318640786687848,0.0043629558763234
2021-01-12,1855.18,0.0058819246856115,0.3393348388979043,-5.055380658774979,-0.1616597232398936
2021-01-13,1844.55,-0.0057463810878059,0.3313200167679785,-6.645613464844416,-0.1672743163940566
2021-01-14,1846.38,0.0009916200794676,0.3322648839980276,-7.250341060294295,0.1193528556220293
2021-01-15,1827.53,-0.0102616370081659,0.3183151549307254,-8.508896556198016,-0.045008238115012
2021-01-18,1837.48,0.0054297393161476,0.32523197094599,-8.25394094022186,-0.2388874083009552
2021-01-19,1839.59,0.0011476530126385,0.3264764014447344,-7.545229158913247,0.0348586487781503
2021-01-20,1871.35,0.0171173748330679,0.3490456912871143,-4.679872810868724,0.1309535469739198
2021-01-21,1869.67,-0.0008981508320908,0.3474946080156094,-2.736376445369689,0.0073220274930323
2021-01-22,1854.56,-0.0081144735471957,0.3362451080454451,-2.323399818129533,0.0992778090414556
2021-01-25,1855.83,0.0006845641830623,0.3368224940136127,-1.840743397452436,-0.0650427313965559
2021-01-26,1851.28,-0.0024547436060809,0.3332762511919216,-1.7069380561670928,-0.1953489786916911
2021-01-27,1843.8,-0.0040486323529223,0.3275783534986101,-1.9818954080465716,0.1920423400434741
2021-01-28,1842.52,-0.0006944595430904,0.3262485650194465,-2.0984569220205707,0.304812495044795
2021-01-29,1847.38,0.0026342192527385,0.3292786052232165,-1.7130053826217786,0.128925238187828
2021-02-01,1860.4,0.0070230992757999,0.3381092720560216,-0.5084513710770047,0.1289331194764094
2021-02-02,1837.52,-0.0123746819684429,0.3212471579878925,-1.1435397778896483,-0.206198837658344
2021-02-03,1834.08,-0.0018738430147996,0.3184812732756634,-1.655166285929992,-0.2637793620382104
2021-02-04,1792.86,-0.0227308832378546,0.2885291739262613,-4.469847840960277,0.2085739924946974
2021-02-05,1813.22,0.0112921600998275,0.3028787735456505,-4.640409998419289,-0.1286762472409161
2021-02-08,1830.13,0.0092827323350633,0.3147070894813852,-3.354342699576968,0.0805676923553655
2021-02-09,1837.56,0.0040516020513809,0.3197531440050462,-1.820052277523729,-0.1228958160075707
2021-02-10,1842.43,0.0026467478677787,0.3229503388186342,-0.3698354020149281,0.01700152032826
2021-02-11,1825.47,-0.0092478643759797,0.3105361440532825,-0.440633633137713,-0.1827972545048303
2021-02-12,1823.63,-0.0010084679268537,0.3089825646213475,-0.4951359357696496,0.0101988630775584
2021-02-15,1818.38,-0.0028830253823726,0.3050792899618882,-0.7530568840283962,-0.4161514871245679
2021-02-16,1794.35,-0.0133031554471435,0.287532094720397,-2.321735413719386,1.354994163748541
2021-02-17,1776.62,-0.0099301566202438,0.274524649400729,-4.222395694515061,0.0181124273343293
2021-02-18,1775.47,-0.0006475061387404,0.2734036835658913,-5.163779392748895,0.0473617225479354
2021-02-19,1782.61,0.0040134058727831,0.2782100251622366,-4.913740493474871,0.0598019880874121
2021-02-22,1808.98,0.014684568037883,0.29677688675448,-2.691635360297841,0.0128694322788418
2021-02-23,1804.94,-0.0022358002849704,0.2935359166140954,-1.2845241151653806,0.0024558169457555
2021-02-24,1805.26,0.0001772754976666,0.2934142612140147,-0.180825642078716,0.0318535796709738
2021-02-25,1770.2,-0.0196120911801472,0.2678696699039707,-1.582614921815992,0.3046837623193952
2021-02-26,1733.41,-0.0210019678422883,0.2411206779562211,-4.588108734136394,0.0673392493720319
2021-03-01,1724.48,-0.0051650109473563,0.2344509416605429,-6.65280318473112,-0.2874750381138476
2021-03-02,1738.67,0.0081948973693237,0.244324818529536,-6.528960655216228,0.0428412138745744
2021-03-03,1711.54,-0.0157269031056054,0.224641409020058,-7.661942622552853,-0.0112412800610323
2021-03-04,1698.55,-0.0076186041023115,0.2150566899672189,-8.603440165417414,0.147014811957119
2021-03-05,1700.51,0.0011532601467669,0.2161905572675622,-8.401881069236708,-0.056938576866824
2021-03-08,1682.42,-0.0106949729561115,0.203025024277385,-8.754836850333273,-0.1179805031990316
2021-03-09,1715.49,0.019465520980007,0.2264485965360413,-6.1519835634768185,-0.0813917156283121
2021-03-10,1726.23,0.0062410857717991,0.2339095913338273,-3.243959104762574,-0.0758980378556469
2021-03-11,1722.23,-0.0023198771590467,0.2308342009023718,-1.2303814407711045,-0.0217887094213253
2021-03-12,1726.59,0.0025284023652864,0.2337306479366764,0.6533391898760854,0.0441348984425147
2021-03-15,1732.1,0.0031861801209945,0.237462191764512,2.4288214208325414,-0.0973919065015086
2021-03-16,1731.87,-0.0001327956075474,0.2370980698691056,3.671539041765069,-0.037201146095915
2021-03-17,1744.43,0.0072261051424345,0.2458388065241209,5.323044555393427,0.126542858536744
2021-03-18,1736.49,-0.0045620202536231,0.2398955424782216,5.82380134907293,0.1985723462457325
2021-03-19,1744.93,0.004848605761236,0.2456814317963238,6.609100352235139,-0.1282059002414775
2021-03-22,1738.64,-0.0036112418212875,0.2409785004446687,6.576480563790934,-0.1046342154160708
2021-03-23,1726.69,-0.0068969173898209,0.2322404611889673,5.656717999001739,0.0085092923323792
2021-03-24,1733.74,0.0040746437605132,0.2370863565359152,5.428769810272353,-0.1155011244893899
2021-03-25,1726.92,-0.0039414497980564,0.2319943984214648,4.748862628829567,0.2267549966703279
2021-03-26,1732.7,0.0033414105467184,0.2359349027213639,4.614597110174884,-0.1877247155365677
2021-03-29,1711.74,-0.0121704885072806,0.2208230201695377,3.1123657045351614,-0.0690256730719158
2021-03-30,1684.92,-0.0157923120949692,0.2015114323773463,0.4504040144612382,0.2546963128699948
2021-03-31,1707.65,0.0134000714026083,0.2175271937565359,0.3622289605990758,0.0135750640858935
2021-04-01,1729.36,0.0126332415326377,0.2328162429557248,1.8259561796400876,-0.093034337155089
2021-04-05,1728.42,-0.0005437014634569,0.2320130387601092,2.7360228695207987,-0.3101575318660534
2021-04-06,1743.07,0.0084402299698338,0.2422703832067212,4.240040095570604,0.336516379997188
2021-04-07,1737.54,-0.0031776065994857,0.2381678590633798,4.739986577806553,-0.1215141712472275
2021-04-08,1756.15,0.0106535932024731,0.2512593717268274,6.114147965528519,0.0077438927031774
2021-04-09,1743.19,-0.0074071449216168,0.241850703656308,5.935555482311488,0.053592648340331
2021-04-12,1732.21,-0.0063187181518374,0.2338712207884034,4.905919710487115,-0.0676059250347757
2021-04-13,1745.41,0.0075914351727997,0.2430773083506749,4.928771229088707,0.2241766882049938
2021-04-14,1736.15,-0.0053194670410004,0.236302428035511,4.165525080932705,-0.0776337675598227
2021-04-15,1763.43,0.0155907580800236,0.2555147443424487,5.271982130425802,0.1162086881996893
2021-04-16,1776.54,0.0074068762935728,0.264643674642731,6.576018405182882,-0.091353344370596
2021-04-19,1770.78,-0.0032475249271449,0.260314647116924,6.71630638187294,0.1136529676346063
2021-04-20,1778.58,0.0043951656390777,0.2656388200157076,6.969885043886609,-0.0045447000893132
2021-04-21,1793.98,0.008621322181545,0.2763658342462157,7.750307567310928,-0.0269480571038381
2021-04-22,1784.32,-0.0053992250325861,0.2692532729551842,7.203099404197885,0.0493096807885631
2021-04-23,1776.29,-0.0045104707416728,0.2633362865437434,5.940049074816272,-0.1267934212061122
2021-04-26,1781.36,0.0028501979858797,0.266749457056725,5.117006751764392,-0.0535310357111051
2021-04-27,1776.54,-0.0027094651050986,0.2631309673461671,3.970078772687337,-0.0072544905390529
2021-04-28,1781.46,0.0027656004136613,0.266403664098029,3.2928048319902867,0.1893126587557341
2021-04-29,1772.01,-0.0053187573148039,0.2594608470670979,2.020839965614737,0.0129500645510909
2021-04-30,1768.8,-0.0018131449467239,0.2569723259667519,0.8364291673863455,-0.0671245486086525
2021-05-03,1793.1,0.0136446149550817,0.2740422781054427,1.5227018744162957,-0.0947923255323635
2021-05-04,1779.29,-0.0077315571890351,0.2639969056864463,0.9099454983923554,0.1935342618903432
2021-05-05,1787.75,0.0047434376192222,0.2698176233689524,0.9342499846140128,-0.1884815936553533
2021-05-06,1815.29,0.0152873886213678,0.2891059761246223,2.5720894769893903,0.3403358919605239
2021-05-07,1830.75,0.008480484391306,0.2997698878368213,4.358623508146502,0.0808646228039957
2021-05-10,1835.51,0.0025966530876518,0.3028426057778649,5.4519201420164976,-0.0443590152179109
2021-05-11,1836.82,0.0007134435388791,0.3034635783840761,5.82079962038793,0.0197247292105244
2021-05-12,1815.83,-0.0114931521231814,0.2882206781313641,4.279890505289519,0.1633099407235811
2021-05-13,1826.83,0.0060395608904395,0.295683252838552,3.6545122299348254,-0.0156261896813264
2021-05-14,1842.38,0.0084759897065947,0.3064330497503515,3.9177953085010335,-0.2152542675416936
2021-05-17,1866.64,0.0130818091972404,0.3233437425088444,5.271194777296039,-0.0178705465794242
2021-05-18,1869.67,0.0016219214488272,0.3251992716494636,5.870047521881944,-0.0208590662055335
2021-05-19,1870.19,0.0002780852777114,0.3252034237255009,5.791010785431091,0.2436570635633979
2021-05-20,1877.31,0.0037998711499133,0.3299481547051125,5.699226987710215,-0.184470451001027
2021-05-21,1881.63,0.0022985213395011,0.3327135975104042,5.412585887449435,-0.0299051616915423
2021-05-24,1881.34,-0.000154133570331,0.3322645488526911,4.712302396807306,-0.1739680911589592
2021-05-25,1899.23,0.0094642519709047,0.3446444935443125,4.9389307250438605,0.1525663785493243
2021-05-26,1896.6,-0.0013857314057031,0.342481616837834,4.413853908931831,0.0250736469994108
2021-05-27,1896.46,-7.381902741499464e-05,0.3420944125760907,3.5939941826568216,-0.0328765323633497
2021-05-28,1903.02,0.0034531075402032,0.3464454532819062,3.051735548636298,0.0074457698348686
2021-05-31,1905.83,0.0014755112487033,0.3482774043875021,2.465626232915369,-0.4738585225261668
2021-06-01,1899.81,-0.00316372805692,0.3437254767734246,1.3136273458234309,0.8972338346707671
2021-06-02,1908.71,0.0046737400359438,0.3497445831208247,0.8164950454672244,-0.0638750527648797
2021-06-03,1870.58,-0.0201790780035046,0.3224978180661036,-2.247324755253466,0.0990314202229356
2021-06-04,1891.35,0.0110423166007073,0.3369069265195219,-2.9953015529620046,-0.0352028884421286
2021-06-07,1898.79,0.0039259813918547,0.3419345351916854,-3.096405202571429,-0.1832787582394216
2021-06-08,1893.08,-0.0030117089014093,0.3376488633092315,-3.618906219996564,0.0861329223335347
2021-06-09,1888.87,-0.002226365625657,0.3344476171167032,-4.27416586198769,-0.0882096321083061
2021-06-10,1899.7,0.0057172122988701,0.3418051543968388,-4.0087268923046935,0.2964446827975646
2021-06-11,1875.87,-0.0126234271612047,0.3247263436037134,-5.382910147579143,-0.1366069690480825
2021-06-14,1866.27,-0.0051307653159918,0.3177146835235265,-6.792345794521637,-0.0080416361347537
2021-06-15,1858.78,-0.0040214279507375,0.3122634346390526,-7.999855611343413,-0.2906051709442182
2021-06-16,1810.0,-0.0265935132631978,0.277606777963328,-11.634300619774454,0.4984980975902811
2021-06-17,1772.57,-0.0208963743907917,0.250879889746158,-15.84853056696086,0.5765780212927079
2021-06-18,1764.38,-0.0046311170006581,0.2448668579488361,-18.303091086923143,-0.2030198403056006
2021-06-21,1783.11,0.0105596768662735,0.2578615578757992,-17.76636482504456,-0.0760018718625031
2021-06-22,1778.5,-0.0025887183461851,0.2544332596073143,-16.831905171010668,-0.2002501592271154
2021-06-23,1778.25,-0.0001405777748853,0.2540854883223347,-15.380531520461744,-0.030915074697038
2021-06-24,1774.86,-0.0019081880542025,0.251538404590115,-13.846581718119682,-0.0761591698927711
2021-06-25,1780.86,0.0033748471166432,0.2556236256386609,-11.710479943110968,-0.078097034520454
2021-06-28,1778.94,-0.001078712391808,0.2541150120208117,-9.78768430690262,0.0751453150430132
2021-06-29,1760.94,-0.010169923918755,0.2412594151527983,-9.10326087239472,0.1309307555901562
2021-06-30,1769.55,0.0048775195904588,0.2471563217297859,-7.511967542932897,0.0269042861376955
2021-07-01,1776.41,0.0038691968088974,0.2518286965537322,-5.530243576257,-0.0830392804938225
2021-07-02,1787.07,0.0059829334236813,0.259168230918002,-3.15257882877966,0.0265616115668914
2021-07-05,1791.75,0.0026153886854887,0.2623810581524274,-1.025831450288699,-0.5161912486152872
2021-07-06,1796.98,0.0029146821870498,0.2658678685166922,0.8695959630140422,1.2694265562710827
2021-07-07,1803.59,0.0036716450038576,0.2703393445692001,2.606761457466206,-0.0724986262375122
2021-07-08,1802.3,-0.0007154960661767,0.2692195769613539,3.643565480661824,0.137294703819893
2021-07-09,1807.77,0.0030304144717996,0.2729025066016006,4.6101485064563725,-0.2015850107176101
2021-07-12,1806.21,-0.0008633141837477,0.271655214281405,5.022902854450472,-0.1120737603217387
2021-07-13,1807.14,0.000514757784624,0.2721295173356369,5.214348622949405,0.1981473004553449
2021-07-14,1828.12,0.0115426313023107,0.2867116037443798,6.524706162024739,-0.0095915063893106
2021-07-15,1829.43,0.0007163265333439,0.2874503989286947,7.1975202420636695,-0.0352049051355713
2021-07-16,1811.1,-0.0100700474365998,0.2743659745554452,6.165680885480386,0.0473058995591375
2021-07-19,1812.87,0.0009768293560618,0.2753917308970954,5.388170712361104,0.2170750575163005
2021-07-20,1810.14,-0.0015070344915895,0.2732727984039315,4.511367294163667,-0.1061711681965265
2021-07-21,1803.36,-0.0037525988411939,0.2683295533193215,3.349548420531248,-0.0955006372250235
2021-07-22,1806.5,0.0017396800939265,0.2703717387655674,2.6954287729466824,-0.0420865623181303
2021-07-23,1801.68,-0.0026717086548382,0.2668289633036021,1.8796831658965845,-0.0697406708662424
2021-07-26,1797.56,-0.002289373200725,0.2637775970499849,1.045784457862719,0.007630963838856
2021-07-27,1798.53,0.0005394748315671,0.2643104403199574,0.5666704405555572,-0.0269723226672125
2021-07-28,1807.06,0.0047315506831482,0.2701383762530907,0.8162145244614543,0.11359121187332
2021-07-29,1827.87,0.0114501392646456,0.2845835987409357,2.291206470200834,0.0159093294154686
2021-07-30,1814.2,-0.0075067553306489,0.2748404987804153,2.2513087083206647,-0.2364936057682375
2021-08-02,1813.12,-0.0005954809787468,0.2739263140387866,2.0623321321261305,0.1593246022296786
2021-08-03,1810.07,-0.0016835996568975,0.2716679365051672,1.6594010378323223,-0.2507352254691438
2021-08-04,1811.48,0.000778672154875,0.2724995169234058,1.4243343803558317,0.3575689609519805
2021-08-05,1803.65,-0.0043318012042904,0.2668691441367913,0.7138829225746017,-0.1532583754015604
2021-08-06,1762.97,-0.0228125026919293,0.2381531172718277,-2.355324818915514,0.2192352510772066
2021-08-09,1729.64,-0.0190865924518243,0.2145747748688351,-6.267634270141941,0.4125825165033006
2021-08-10,1728.61,-0.000595677021879,0.2137359252956065,-8.427698065594564,-0.3227752995507722
2021-08-11,1751.41,0.0131035604596126,0.2296111905770055,-7.836270759739109,0.088371282527881
2021-08-12,1752.83,0.000810446817412,0.2304947669480349,-6.897826939730271,-0.1710162562575383
2021-08-13,1779.51,0.0151064208833371,0.2491096581426859,-4.163318936310297,-0.0596536406360651
2021-08-16,1787.24,0.004334484952657,0.254401622304878,-1.6462758097091346,0.1263144922773578
2021-08-17,1785.82,-0.0007948369603415,0.2532552069467227,0.0223375568298855,0.1045868436728789
2021-08-18,1787.65,0.0010242146484929,0.254390066537557,1.2790566122478175,0.0006713625357692
2021-08-19,1780.1,-0.0042323656479339,0.2489197989539443,1.610204088303366,0.1734142827289624
2021-08-20,1780.89,0.0004436968443947,0.2493469345225894,1.872431267237701,-0.2627287042591482
2021-08-23,1805.07,0.0134861328506643,0.2661695148376477,3.56614166419746,0.0512725978285744
2021-08-24,1802.85,-0.0012306261115387,0.2644906216834927,4.37537662904947,-0.1508628508543855
2021-08-25,1790.25,-0.0070134711798582,0.2555201246910858,3.9154183753256806,0.1399396149025862
2021-08-26,1791.62,0.0007649635898604,0.2563457511336167,3.5666749053101023,0.0216386397141501
2021-08-27,1817.78,0.0144957378367494,0.2745194228471516,4.879831128570056,0.1898525203609948
2021-08-30,1810.11,-0.0042283594197577,0.2690204874111376,4.995722374934891,-0.2982867244267669
2021-08-31,1814.26,0.0022900541686806,0.2717781036962538,5.09805444252517,0.257894428496104
2021-09-01,1813.74,-0.0002866593183907,0.2712857528194886,4.87687547613224,-0.16238181733501
2021-09-02,1809.43,-0.0023791332082026,0.2681669978167069,4.211536296418499,-0.2251522144068503
2021-09-03,1827.53,0.0099534498218794,0.2807197159299989,4.723239182057886,0.3029009167399221
2021-09-06,1823.08,-0.0024379499338931,0.2775390232966192,4.496011383755175,-0.5325989672977625
2021-09-07,1793.72,-0.0162357027945793,0.2568332097711083,2.217602479795881,1.269141257917219
2021-09-08,1789.24,-0.0025007269602173,0.2535736917495809,0.3557200675871814,-0.0478799366447693
2021-09-09,1794.32,0.0028351713953923,0.2570048840198724,-0.5382025482799726,0.0550055905533284
2021-09-10,1787.48,-0.0038193133701915,0.2521048571434276,-1.5380456958690076,-0.1490849402884764
2021-09-13,1793.32,0.0032618438214643,0.2560904045214872,-1.7391508562970943,-0.0272643042665977
2021-09-14,1804.73,0.0063423455747282,0.2639488920850383,-1.0696519916191338,0.2398582180444084
2021-09-15,1793.53,-0.0062252511881551,0.2559917443034409,-1.3300510528479168,-0.1437477173406546
2021-09-16,1752.43,-0.0231823487300706,0.2270751806305779,-4.064758262597203,0.3360690699966171
2021-09-17,1753.8,0.0007814661729095,0.2279165253706979,-5.487355425067069,-0.1011360884211453
2021-09-20,1764.73,0.0062128418160997,0.2354546727340465,-5.390368876622565,-0.0398647903883602
2021-09-21,1773.83,0.0051433464804614,0.2417108886944667,-4.450521476294936,-0.0420684728812694
2021-09-22,1767.91,-0.0033429927173056,0.237420124413566,-3.980051248533413,0.2785693360675383
2021-09-23,1742.25,-0.0146206766058826,0.2193257166284439,-5.079129707827359,-0.0103626403382699
2021-09-24,1749.99,0.0044326922968907,0.2246396474763831,-4.961269032463095,-0.2280395272723445
2021-09-27,1750.05,3.428532245677125e-05,0.2245865971958041,-4.565644857314988,-0.0835673582899364
2021-09-28,1733.48,-0.0095134102316309,0.2128486668506107,-5.067544895797818,0.5878852790669999
2021-09-29,1726.42,-0.0040810484688362,0.2077987574413814,-5.487229351300716,-0.2064940418196807
2021-09-30,1757.14,0.0176375870501049,0.2291659147867938,-3.4098442748441027,0.0519114070506008
2021-10-01,1760.05,0.0016547304319625,0.231064274775748,-1.6432418563812554,0.0681040191247936
2021-10-04,1769.26,0.0052191623328219,0.2373862646866587,0.2417563575995451,-0.1416772620761398
2021-10-05,1759.76,-0.0053839439549301,0.2306389185472565,0.907568539644652,-0.1257406591254101
2021-10-06,1762.82,0.0017373633925702,0.2326611997092198,1.5737968869114258,0.1439933905591419
2021-10-07,1754.75,-0.0045884028795072,0.2269275001933336,1.4914836878808515,-0.2245519976498237
2021-10-08,1756.86,0.0012017281269443,0.2282716629152511,1.5905785678427318,0.4198828747770358
2021-10-11,1753.95,-0.0016577374830381,0.2261550909883126,1.474191877242724,-0.3553379061933719
2021-10-12,1760.03,0.0034604670870334,0.2302849237583631,1.7992075116617752,0.4424018762502586
2021-10-13,1792.62,0.0183473824982419,0.2529219966063912,4.071553225344394,0.0981325171564524
2021-10-14,1795.84,0.0017946421942738,0.2550600990547375,5.561722909755945,-0.2444420250408274
2021-10-15,1767.24,-0.0160538715079156,0.2349681795334366,4.440168300832797,-0.0079829389895962
2021-10-18,1764.4,-0.0016083182952864,0.2328671891626736,3.374252226467844,0.1546540003486143
2021-10-19,1768.8,0.0024906613124518,0.2358329815551616,2.853435672301895,-0.0854687952095205
2021-10-20,1781.94,0.0074013078869997,0.2448770310611102,3.2528418261205023,0.2249336286229142
2021-10-21,1783.14,0.0006731966998325,0.2455834827172967,3.438691424569959,-0.0455030376534267
2021-10-22,1792.34,0.0051461735507974,0.2518589281405331,3.9836492055485273,0.0994270386013624
2021-10-25,1807.32,0.0083230563308912,0.2622011774174964,5.084908005392921,-0.2226157863196644
2021-10-26,1792.93,-0.0079939318826204,0.2520338323750659,4.591201380249029,0.0080528597976461
2021-10-27,1796.89,0.0022062396478222,0.2546659082620772,4.28427209784297,0.1359961764304247
2021-10-28,1798.76,0.0010401458254261,0.2558166952273774,3.967357335437644,0.1396578874610825
2021-10-29,1782.74,-0.0089460320211616,0.2444680008878608,2.5100566475625583,0.116995580495111
2021-11-01,1793.09,0.0057888819677415,0.2515900623367907,2.091529132723537,-0.3834219397728023
2021-11-02,1787.73,-0.0029937299295765,0.2477446942918456,1.338681905732506,0.0124664982004747
2021-11-03,1769.69,-0.0101422686334701,0.2350203866148315,-0.3965040483850499,0.3642923051324327
2021-11-04,1791.56,0.0122823586858429,0.2501614590343876,-0.1085728947345128,-0.1356883093844243
2021-11-05,1817.67,0.0144687124374339,0.2682360541924765,1.7031493950919705,0.114426456628268
2021-11-08,1824.0,0.0034764305250813,0.2725326370463559,3.1087857598746496,-0.2046642263508069
2021-11-09,1831.59,0.0041525504263996,0.2776962130962594,4.259534257906944,0.0744493009523257
2021-11-10,1848.77,0.0093361110261692,0.2895009784936532,5.792502897092636,0.2929092917373852
2021-11-11,1861.71,0.0069748671112898,0.2983927122799301,7.200889786349229,-0.2782888636529386
2021-11-12,1864.14,0.0013044005231267,0.2999391645460547,7.770225349179173,0.1013540824575585
2021-11-15,1862.65,-0.0007996157977189,0.2987799364418736,7.515939127253535,-0.1952603777541844
2021-11-16,1849.94,-0.0068469988095478,0.2897641856741447,6.025588297166259,0.2991237214150759
2021-11-17,1867.29,0.0093349757708274,0.3017414354102468,5.743248210214215,-0.2353155050714007
2021-11-18,1858.66,-0.0046323839195792,0.2956133635962724,4.561793657511391,-0.0552367523609653
2021-11-19,1845.34,-0.0071922556256107,0.2861878176139908,2.569023282524963,0.2982316089061658
2021-11-22,1804.6,-0.0223245817792326,0.257649784364578,-1.5835354817165594,0.1265105336327665
2021-11-23,1789.06,-0.0086486183245298,0.2466909736797167,-5.260309448205391,-0.0266992595405354
2021-11-24,1788.59,-0.0002627423044198,0.2462669161135605,-7.472406651026018,-0.2352173807027383
2021-11-25,1788.17,-0.0002348494178699,0.2459315705248366,-8.630289033733117,-0.559772991758198
2021-11-26,1790.45,0.0012742343744223,0.2473998735390085,-8.874734016173361,1.7715009958355967
2021-11-29,1784.88,-0.0031157988248486,0.2434045620246062,-9.014581269415292,-0.0222381916770104
2021-11-30,1774.36,-0.005911391552525,0.2359257405081111,-9.376889050011124,0.3325538198388411
2021-12-01,1781.77,0.0041674577276726,0.2409533236544586,-8.694015467686352,-0.1081137997773744
2021-12-02,1768.44,-0.0075094502251301,0.2315611938963923,-8.695602744900166,-0.1566821830938406
2021-12-03,1783.74,0.0086144815953762,0.2421110259316026,-7.279194868273323,-0.0552644560884231
2021-12-06,1778.22,-0.0030994196560007,0.2381868728636194,-6.360358544895394,-0.2384910666403229
2021-12-07,1783.98,0.0032339593622344,0.2421281180189651,-5.067197558351964,-0.1387905632053967
2021-12-08,1782.36,-0.0009084944853401,0.2409196627350034,-4.066631951322517,0.1480525069937595
2021-12-09,1775.0,-0.0041379059199254,0.2357180794941234,-3.658955475635966,-0.0160449859418931
2021-12-10,1782.68,0.0043174270478003,0.2409850778005721,-2.676104332335424,0.0193355431096886
2021-12-13,1786.83,0.0023252501715066,0.2438157895528794,-1.603444501558644,-0.2822328954007737
2021-12-14,1770.28,-0.0093053739816021,0.2322291203831103,-1.848095992833784,0.1854089098341447
2021-12-15,1777.0,0.0037888230074303,0.2368253608243799,-1.4163384431336272,0.2433008258654014
2021-12-16,1799.01,0.0123099644241234,0.2520630446901163,0.3957459466078372,-0.0659482377881812
2021-12-17,1797.8,-0.0006728184394759,0.2511448259874589,1.4952518613650962,-0.0961756695415342
2021-12-20,1790.26,-0.0042028344558129,0.2458208154213594,1.6831156826266174,0.036599912109988
2021-12-21,1788.68,-0.0008829430516553,0.2446514950158687,1.666248884439378,-0.0808704780361757
2021-12-22,1803.51,0.0082568484704413,0.2548949776805275,2.565395230697785,0.0594113771139908
2021-12-23,1807.77,0.002359275368287,0.2577834975932481,3.3111463713218177,-0.0267647973463253
2021-12-27,1811.88,0.0022709387738197,0.2605688208160732,3.904539439797298,-0.0295245398773006
2021-12-28,1806.17,-0.0031563990219359,0.2565202452054185,3.735742081251642,0.0243425962509329
2021-12-29,1803.92,-0.0012465064811865,0.2548665560643086,3.3103617705337784,0.1983200119999142
2021-12-30,1814.96,0.0061013541473491,0.2624624894353891,3.587051143071976,-0.079789707092021
2021-12-31,1828.62,0.007498155111013,0.2718697457455776,4.448306341670525,0.0755149630781188
2022-01-03,1801.28,-0.0150640607239564,0.2527587047873957,3.0041448479778143,0.0610703573880677
2022-01-04,1814.39,0.0072517997787383,0.2617701558388836,2.765275614403232,0.1123352518475633
2022-01-05,1810.65,-0.0020634262391542,0.2590690571734924,2.21275188120546,-0.0705570779051788
2022-01-06,1789.66,-0.0116602391561949,0.2443515000116477,0.3867017812518467,0.3005402378364132
2022-01-07,1796.27,0.0036866349797831,0.2488478804180479,-0.3813592596477271,-0.1768974557059814
2022-01-10,1801.66,0.0029961694819982,0.2524999093658457,-0.5230185810256245,-0.0594063976120505
2022-01-11,1821.5,0.0109518753277864,0.2661888268626574,0.6587218829895729,0.028332133743375
2022-01-12,1826.21,0.0025824435701237,0.2693609856830755,1.640932292139068,-0.0394502417918045
2022-01-13,1822.72,-0.0019128901152953,0.2668297171504489,1.9195471758397824,0.042461579226285
2022-01-14,1817.63,-0.0027964362311351,0.2631781277869462,1.6360732641005038,0.0860710427654571
2022-01-17,1818.78,0.0006324919568131,0.2639170334002607,1.409646436030335,-0.4677617529181171
2022-01-18,1813.68,-0.0028080162485507,0.2602436611346715,0.8287720150684255,1.1761618160331988
2022-01-19,1841.25,0.0150867583962659,0.2792754415367648,2.139221244526256,-0.086924126086078
2022-01-20,1840.04,-0.0006573782796654,0.2782958088544421,2.7248715004078363,0.0830693904648622
2022-01-21,1834.68,-0.0029172311366519,0.2744264606912606,2.554477209009274,0.0685123935280371
2022-01-24,1843.58,0.0048392540867829,0.2804582045545644,2.823358908473878,0.0193374127545653
2022-01-25,1848.26,0.0025353224987352,0.2835762759134317,3.077729518459625,-0.1355844764919686
2022-01-26,1818.82,-0.0160567167943725,0.2629955499064887,1.1251968733915696,0.0870927488267367
2022-01-27,1796.34,-0.0124366776294826,0.2472418081325704,-1.6666186005688512,0.1489762561293623
2022-01-28,1791.23,-0.0028487268294366,0.2435774303701691,-3.725817330241784,-0.1551141854984959
2022-01-31,1796.69,0.0030435484708407,0.247272880570266,-4.53483487976222,-0.1926018276930196
2022-02-01,1800.74,0.0022516083487585,0.2499854914259168,-4.597500148802821,0.0150593778853194
2022-02-02,1806.84,0.0033817716106041,0.2541334550691633,-4.047776407088417,-0.1347311962863057
2022-02-03,1804.71,-0.0011795490838903,0.2525538072955284,-3.659030196302101,0.1848367861091475
2022-02-04,1807.78,0.0016996590933466,0.2545822499566777,-3.0513687801757694,-0.0020651359165378
2022-02-07,1820.82,0.0071873759220544,0.2635150194426802,-1.6951333750402608,0.0985958673125269
2022-02-08,1826.49,0.0031091432137924,0.2673422959585509,-0.4072750273758663,-0.1001702293910811
2022-02-09,1833.42,0.0037869828941497,0.2720454074834742,0.85155276126057,-0.0402239141559025
2022-02-10,1827.42,-0.003277939146448,0.2677334298451335,1.1990916709624846,0.4239599321431457
2022-02-11,1859.21,0.0172465302846571,0.28959650356879,3.366170345219947,0.2018471453208676
2022-02-14,1872.03,0.0068717372495395,0.2982815851812198,5.341806182781571,0.0380643090459378
2022-02-15,1853.45,-0.009974636314593,0.2852217514063438,5.07783356327641,-0.135879153858746
2022-02-16,1869.26,0.0084938633693545,0.296036483684731,5.607071681075032,-0.1655177494553605
2022-02-17,1898.71,0.015632077592053,0.3162503894877306,7.463428669228065,0.2860007567158531
2022-02-18,1897.65,-0.00055842966818,0.3153333529548237,8.090197167240524,-0.122098325928977
2022-02-21,1904.32,0.0035087109276988,0.3198249089921846,8.388298525856161,-0.286146765418859
2022-02-22,1898.7,-0.0029555480071177,0.3156942823704543,7.661333005593498,0.7913210854120372
2022-02-23,1908.42,0.0051062331209,0.3222610852332143,7.291485393635483,-0.28926608950895
2022-02-24,1903.81,-0.00241853311427,0.3187326600682874,6.23373449840734,0.9244195336602874
2022-02-25,1888.32,-0.0081695965871953,0.307766523739196,4.091724077692206,-0.2522019608469326
2022-02-28,1908.36,0.0105566895870207,0.3214070347942156,3.640524246355642,-0.026289940980022
2022-03-01,1945.22,0.019130846740053,0.3466825724283154,5.337859990981258,-0.0280436136525118
2022-03-02,1927.71,-0.0090423112766073,0.3342467719376607,4.810946621697759,0.2872008230749792
2022-03-03,1936.64,0.0046217428006114,0.3400726722915525,4.593912579016322,0.1209167969599023
2022-03-04,1969.91,0.0170333436893605,0.3626314834877504,6.125333659339869,0.2258292519687501
2022-03-07,1997.34,0.0138284388978447,0.3810316843020935,8.28571688284148,0.1577787189313031
2022-03-08,2050.27,0.0261551964697928,0.4169518334854944,12.335536136772042,0.0619882061543071
2022-03-09,1992.48,-0.0285913978040415,0.3765578327206326,10.263312152846735,-0.276457381423704
2022-03-10,1996.11,0.0018201926004994,0.3787230457563389,8.358828223775134,-0.2228831009423735
2022-03-11,1985.28,-0.005440324465273,0.3709396967999983,5.717461826850901,-0.0909674657534246
2022-03-14,1951.4,-0.0172128984342149,0.3472384177967804,1.2686681630160663,0.0615525766666937
2022-03-15,1917.52,-0.0175143792391147,0.32353286469352,-4.08266433226099,0.1335051704093495
2022-03-16,1924.92,0.0038517239820153,0.3283460279544666,-7.075466609698417,-0.0468424213388753
2022-03-17,1942.58,0.0091325780181968,0.3402714100539048,-7.7622045477706685,-0.1588735425501036
2022-03-18,1920.79,-0.0112804267055541,0.3249996325703326,-9.467461299634556,-0.0578209821992172
2022-03-21,1934.87,0.0073035810150469,0.3344794269199287,-9.410995674746648,-0.0336683192639242
2022-03-22,1921.33,-0.0070224862009569,0.3249011269112635,-9.99447092755915,0.0554836562638663
2022-03-23,1945.06,0.0122751703623126,0.3410386549653398,-8.547198236497369,-0.0917952670391843
2022-03-24,1957.0,0.0061198634902807,0.3490003670680698,-6.635889965019945,0.1496861047089115
2022-03-25,1957.24,0.0001226291695454,0.348894696084417,-5.2654692506128455,0.0013085162599921
2022-03-28,1921.83,-0.0182574604790122,0.3241545545494529,-6.569004742188959,0.3239874345549738
2022-03-29,1919.32,-0.0013069004632749,0.3220998446704765,-7.36561746589501,0.0121479775515498
2022-03-30,1933.15,0.0071798401604397,0.3313697270342697,-6.743172705212462,-0.2418500853279657
2022-03-31,1937.01,0.0019947502325075,0.3337574691522058,-5.884812841586498,0.0403934631684834
2022-04-01,1924.14,-0.0066664323651144,0.3246197573096147,-5.977839441122619,0.0454030321522258
2022-04-04,1932.81,0.0044957879170036,0.3303528707962777,-5.274042852371935,-0.1508528542187855
2022-04-05,1923.58,-0.0047868693906837,0.323750979627449,-5.238022678231097,0.0625295729883672
2022-04-06,1925.6,0.0010495742913747,0.3248474807964803,-4.892552829662219,0.1904465823635677
2022-04-07,1931.4,0.0030075210639553,0.3286008711666367,-4.118854133730734,-0.2022360090626125
2022-04-08,1946.54,0.0078083090111486,0.3388196937121435,-2.5118637747749286,-0.1975351240400609
2022-04-11,1954.91,0.0042907190101932,0.3443273124694023,-0.8931439734246673,0.2324340415210417
2022-04-12,1966.36,0.0058399613094619,0.3519716478614247,0.8466657087252454,-0.101008203394076
2022-04-13,1977.93,0.0058667254107176,0.3597133063685747,2.5768968810670154,-0.0913804083907177
2022-04-14,1973.26,-0.0023638459170896,0.3562981391789124,3.1681507222586447,-0.0311469844155559
2022-04-18,1978.77,0.0027884421779229,0.3599183299225829,3.656964095903685,-0.2027920646583394
2022-04-19,1948.95,-0.0151846735383171,0.3392775406459353,1.7929323407398972,-0.0634668557249202
2022-04-20,1958.33,0.0048013032182867,0.3455669101939305,1.0494644319703426,0.0733243501037108
2022-04-21,1950.87,-0.0038166423082298,0.3402958393685181,-0.0297633509228205,-0.0591180951306212
2022-04-22,1931.48,-0.0099888785008333,0.3268059260568348,-2.024140907096239,0.1980629975562584
2022-04-25,1897.54,-0.017728237989575,0.3031984656727114,-5.411501626694826,0.8902667934728201
2022-04-26,1905.97,0.0044327549046222,0.3087303527428223,-6.77809783749468,-0.11602396478104
2022-04-27,1885.56,-0.0107662063310852,0.2944838639634064,-8.63153153979184,-0.0611477656539029
2022-04-28,1894.17,0.0045558888558248,0.300198083752057,-8.82128388247468,-0.1472192974059538
2022-04-29,1896.34,0.0011449647868292,0.3014968940427519,-8.349206113116036,-0.0641579675983088
2022-05-02,1863.02,-0.0177268857156758,0.2784642136215521,-9.732912507337309,-0.0563823726374076
2022-05-03,1868.18,0.0027658679725078,0.2818512305617182,-9.7293653070518,-0.0503135327514617
2022-05-04,1881.78,0.0072534425046486,0.2910335766017264,-8.295704105193629,-0.063742220437663
2022-05-05,1877.07,-0.0025060869495111,0.2875805342685756,-7.190423879073563,0.4599549694435509
2022-05-06,1882.37,0.0028195707399189,0.2910215151527118,-5.693703857283685,-0.1105888880729153
2022-05-09,1853.93,-0.0152239109743708,0.2713137968552542,-6.170328366170706,0.0996972477064219
2022-05-10,1838.12,-0.0085644000688623,0.2602866052975763,-7.038741032016352,-0.0309259429200697
2022-05-11,1852.28,0.0076740025420027,0.2698166436321118,-6.178537198300017,-0.0468577823691459
2022-05-12,1821.72,-0.0166362029507286,0.2486804567415575,-7.119807127769249,0.0985485517129256
2022-05-13,1811.62,-0.0055596371468332,0.2416138027369159,-7.818926104236549,-0.1762751997895221
2022-05-16,1824.81,0.0072543994219804,0.2505318170373305,-6.825486278109118,-0.1562662195073262
2022-05-17,1814.43,-0.0057045032194955,0.2432891795365507,-6.31188681439599,0.0431552548147446
2022-05-18,1817.37,0.001619032238675,0.2451792131719842,-5.261528377497346,-0.0246654570197323
2022-05-19,1841.21,0.0130325631418818,0.2613580040765666,-2.584020078593472,0.1751409801755712
2022-05-20,1845.7,0.0024356451444129,0.2643015596943389,-0.2559874691365067,-0.1679265445046899
2022-05-23,1853.59,0.0042656898831607,0.2695723964525499,1.9485247365686256,-0.0225218797564688
2022-05-24,1866.16,0.0067585444438943,0.2780752318264032,4.254278158229045,-0.2222695311549597
2022-05-25,1853.73,-0.0066830181876949,0.2694509101590778,4.897478252325566,0.0716866621826657
2022-05-26,1850.78,-0.0015926536160341,0.2673083785123836,5.058733627341312,0.1176255947689524
2022-05-27,1853.06,0.0012311548490167,0.2687577090034883,5.2316986205909295,-0.0994214670967573
2022-05-30,1856.48,0.0018438949136472,0.2710256929879948,5.463763902271339,-0.345852668213457
2022-05-31,1838.05,-0.0099769945715652,0.2582532273983187,4.313837876686637,1.19217468410552
2022-06-01,1846.66,0.0046733749307301,0.2639957684938318,4.0737850162618905,-0.0182831255245781
2022-06-02,1868.68,0.0118536972850407,0.278938866563947,5.263116887899809,-0.1982674261698993
2022-06-03,1851.08,-0.0094630467227503,0.2667626907999802,4.745561127359233,0.0317474593038942
2022-06-06,1842.06,-0.0048847419460343,0.2604599161794829,3.7220318568835946,0.0296124726041044
2022-06-07,1852.01,0.0053870251849252,0.2671324885971674,3.637161107506444,0.0365375777073606
2022-06-08,1852.88,0.0004696495798749,0.2676080413521151,3.5573181858904483,-0.1281518733299884
2022-06-09,1847.91,-0.0026859146224751,0.264063268740704,3.104009102782639,0.2275026766595289
2022-06-10,1871.74,0.0128132087857121,0.2801626525265162,4.271255929415064,0.3432113302587249
2022-06-13,1818.92,-0.028625561160635,0.2437716244633465,1.491687809578469,0.4230101138005486
2022-06-14,1809.13,-0.0053968516210946,0.2368551458289341,-0.8732836865143412,-0.0992116911563384
2022-06-15,1833.7,0.0134897168341548,0.2533915683601189,-0.6596530182169662,0.1247095029730431
2022-06-16,1856.51,0.0123625975274442,0.2687297761717421,1.048181052597947,-0.0810132141228401
2022-06-17,1840.28,-0.0087806471437637,0.2574228111983615,1.1091947724409188,-0.1415478115963339
2022-06-20,1835.78,-0.0024482746460983,0.2542462847824804,0.8808680778201197,-0.5197473594062232
2022-06-21,1833.32,-0.0013409284939676,0.2524378715443366,0.6113380371497747,0.2700132257441339
2022-06-22,1838.28,0.0027018210138717,0.2556658597324598,0.8022454500059641,0.250155037852638
2022-06-23,1823.1,-0.0082920030031859,0.2451432463545408,-0.0153777724106856,-0.0173527264558881
2022-06-24,1827.25,0.0022737555510819,0.247819476562755,-0.1886368075044373,0.043195412809083
2022-06-27,1822.74,-0.0024712409048933,0.2446046140770409,-0.501169355695616,-0.1502698063420469
2022-06-28,1820.61,-0.0011692537047882,0.2430353217894015,-0.7315840648842524,-0.1344006876913984
2022-06-29,1818.24,-0.0013026095250512,0.2412976136373711,-0.9120989949234116,0.0481646535993147
2022-06-30,1807.15,-0.0061179815640568,0.2335866760970338,-1.606285989573438,0.2106067245401897
2022-07-01,1808.45,0.0007191061267953,0.2343167780279527,-1.7916803481016714,0.1615535120328703
2022-07-04,1807.14,-0.0007246397170716,0.2333502573581302,-1.8109351612675084,-0.5492529519766873
2022-07-05,1765.99,-0.0230340454377183,0.2051193392756143,-4.263415795883361,1.255965171247594
2022-07-06,1739.04,-0.0153782028188402,0.1865900678430667,-7.196504135357918,0.0717095836404748
2022-07-07,1740.01,0.0005576235036199,0.1871517776634522,-8.478879273448438,-0.2600796012210673
2022-07-08,1742.6,0.0014873904786895,0.1888153210641652,-8.5366854364276,0.0369221449311691
2022-07-11,1734.08,-0.004901237419437,0.1829082397670796,-8.513482607177817,-0.0656647561872336
2022-07-12,1726.32,-0.0044850381505388,0.1775083839920133,-8.372815868190262,0.1527631039910304
2022-07-13,1735.53,0.0053208670099296,0.1836594301121275,-7.063829913135738,0.2357754750860392
2022-07-14,1710.63,-0.0144511185381744,0.1665493508862291,-7.251903929898198,0.0497052346392814
2022-07-15,1707.03,-0.0021067053665152,0.1639961993611211,-6.992602188106346,-0.2063918908202181
2022-07-18,1708.97,0.0011358315038456,0.1652283037362534,-6.0969996013471786,-0.0957312475585715
2022-07-19,1711.24,0.0013274040677689,0.1666943301537301,-4.814568815221978,-0.0950161240092022
2022-07-20,1696.62,-0.0085802173174645,0.1566463482856162,-4.42381571442986,0.0367438917442801
2022-07-21,1720.16,0.0137792731503176,0.1726008253459981,-2.1670680132283984,0.1218399665927854
2022-07-22,1726.99,0.0039626990050402,0.1771557812173211,0.0794925335526883,-0.0044382086817088
2022-07-25,1719.59,-0.0042941184426258,0.1720171164197462,1.2935930174844934,-0.0466315779382016
2022-07-26,1717.27,-0.0013500697452827,0.1703554669843547,2.1181677545641264,-0.1355550415816095
2022-07-27,1734.67,0.0100813730071606,0.1821212327121508,3.909026327332096,0.1028000418784826
2022-07-28,1756.37,0.0124319855887703,0.1967810633585448,6.477159615343883,0.2674894514767931
2022-07-29,1766.0,0.0054679230139248,0.2032137985426813,8.612805886723052,-0.0400472710930608
2022-08-01,1772.05,0.003419966307326,0.2072097198559981,10.117326004934572,-0.0469457111646697
2022-08-02,1761.39,-0.0060337984181342,0.1998138918668519,10.057946451704314,0.063348827901138
2022-08-03,1765.9,0.0025572053659814,0.2027770339168668,9.966647522123464,-0.1706745369776294
2022-08-04,1791.18,0.0142141451041568,0.2198945677763942,11.162905058324656,-0.1397817296583594
2022-08-05,1775.33,-0.0088882994009051,0.2089750198774047,10.453205214922844,0.2671327329631983
2022-08-08,1789.46,0.0079275772214652,0.2185048496869614,10.475520441133186,-0.2754991956089713
2022-08-09,1794.25,0.0026732089663855,0.2216801791071478,10.335545920333873,-0.0950651793411531
2022-08-10,1791.99,-0.0012603731480186,0.220024762184714,9.627717696127831,0.3407476905311779
2022-08-11,1788.99,-0.0016755193839905,0.217870657354867,8.5319067095827,-0.0233832506163402
2022-08-12,1801.74,0.0071016498514089,0.2264460246194834,8.236042130645181,-0.088750482279667
2022-08-15,1778.68,-0.0128813484784538,0.2106452450130468,6.152996025273132,0.0465015000483886
2022-08-16,1774.69,-0.0022457563816532,0.2078446210124934,4.261954807943999,-0.1571068571692792
2022-08-17,1761.99,-0.0071819076583531,0.19909218204954,2.024824331133281,0.3303756325685367
2022-08-18,1758.39,-0.0020452344661059,0.1965509467640337,0.2641716441303678,-0.1423711690908903
2022-08-19,1746.89,-0.0065615535763418,0.1886375733937761,-1.6102993167094295,0.008594163180922
2022-08-22,1735.45,-0.0065703183230219,0.1807568247621752,-3.4503472436785274,0.1628749508407718
2022-08-23,1748.07,0.0072455764346096,0.1892505642648206,-3.629044096280932,-0.0716759925393019
2022-08-24,1751.86,0.0021657584474085,0.1917410993357228,-3.312309342827379,-0.0715247725867702
2022-08-25,1758.03,0.0035157833182665,0.1958535689891623,-2.5422159530690145,-0.0632899352000475
2022-08-26,1737.99,-0.0114645908770822,0.1821260574866977,-3.195202465367421,0.2032570891828082
2022-08-29,1737.53,-0.0002647085919148,0.1817191540459948,-3.449084888360828,0.0168046837913391
2022-08-30,1724.17,-0.0077187892261074,0.1725447451182942,-4.254894365084304,-0.0336037681039133
2022-08-31,1710.26,-0.0081003695284407,0.1629959952086868,-5.389801112339791,0.0752128310556206
2022-09-01,1697.01,-0.0077775267536113,0.1538983704748315,-6.617081860956109,0.062123708252209
2022-09-02,1711.73,0.0086366760149603,0.163826539578909,-6.037863034176658,-0.1182962482491516
2022-09-05,1711.84,6.426040655682755e-05,0.163855545731907,-5.275343436452468,-0.4415681340825008
2022-09-06,1701.27,-0.0061937844320031,0.1565784650874314,-5.10745607873144,1.015789373198159
2022-09-07,1718.68,0.010181523354483,0.1683177367062996,-3.5238144626620347,0.0535418304429773
2022-09-08,1708.51,-0.0059349086870553,0.1612984780807572,-2.8878822976720717,0.0871316324145494
2022-09-09,1717.18,0.0050617647898665,0.1670976589541026,-1.6703858171132475,-0.1335444817491689
2022-09-12,1724.4,0.004195753457392,0.171906531228694,-0.2409277330308246,0.0200807429111351
2022-09-13,1701.99,-0.0130810091975786,0.1565759387982331,-0.6439190329529829,0.0983149484005576
2022-09-14,1696.69,-0.0031188604377106,0.1528849445355401,-1.080940786824126,-0.0644523762873864
2022-09-15,1663.95,-0.0194850003849118,0.1305647334777319,-3.2650757799204904,-0.0549611647833331
2022-09-16,1675.37,0.0068397425349528,0.1382579012515761,-3.60414173635772,-0.0888935993910605
2022-09-19,1675.21,-9.55058527905476e-05,0.1380832305164856,-3.499773746776441,-0.0094330643711466
2022-09-20,1664.57,-0.0063716987330614,0.1307854634094297,-3.7837735175561633,0.0776991320500912
2022-09-21,1673.82,0.0055416075843914,0.1369805039627552,-3.018349620766564,0.250091632242662
2022-09-22,1671.29,-0.0015126560755333,0.1351575294506394,-2.380184735768939,0.1878551108223118
2022-09-23,1644.94,-0.0158918739405971,0.1171710140996349,-3.369948821396715,-0.047411924028846
2022-09-26,1623.5,-0.0131195968272394,0.1025212373480025,-5.007156654332331,0.1472001232562048
2022-09-27,1629.11,0.0034495408689862,0.1062568585432133,-5.226664415923459,-0.1619488312750669
2022-09-28,1659.69,0.0185969845113604,0.1269271075418198,-2.940638587652316,0.1541061464722251
2022-09-29,1660.1,0.000247003576783,0.1271098788029392,-1.1227067041110883,-0.0487446193463689
2022-09-30,1660.57,0.000283075405348,0.1273419667441921,0.312921905542165,-0.1344059980758385
2022-10-03,1698.82,0.0227729754806831,0.153216264360067,3.843990332297423,-0.0577197258887918
2022-10-04,1725.68,0.0156872833003999,0.1713348738666086,7.767690976842495,0.0646720031237797
2022-10-05,1716.37,-0.0054095801650949,0.1649079655120528,9.4058099782895,-0.0495576032641085
2022-10-06,1712.44,-0.0022923414951288,0.1621384903851994,9.847399067797111,-0.0473181555083928
2022-10-07,1694.43,-0.0105728529533977,0.1498205198865295,8.594880638421795,0.009417244696471
2022-10-10,1667.95,-0.0157510736226223,0.1317728002784702,5.786062438207827,-0.0717175770343248
2022-10-11,1665.97,-0.0011877910884423,0.1303393452527382,3.699373740411982,0.1896832758480948
2022-10-12,1672.78,0.0040793766792621,0.134874636104231,2.727215138283041,-0.057771789320697
2022-10-13,1665.61,-0.0042954903558966,0.129911294035274,1.6061977532917346,0.2132252518598261
2022-10-14,1644.19,-0.0129435609707627,0.115290082157778,-0.4624184081909703,-0.0138794159520577
2022-10-17,1650.28,0.0036971087530433,0.1193491221877541,-1.2598529706148032,-0.2140291030694538
2022-10-18,1651.15,0.0005270443535916,0.1198671692084144,-1.5489894415340029,0.0095945183944774
2022-10-19,1628.57,-0.0137696856871064,0.1044879017404308,-2.997371260746613,0.0001184743883759
2022-10-20,1627.75,-0.0005036360169348,0.1038647277426031,-3.7009150575726455,0.07031468146857
2022-10-21,1656.66,0.0176048341526272,0.1233699677807127,-1.9949936041629608,0.3662890436624952
2022-10-24,1649.17,-0.0045313962401903,0.1181941954222542,-1.1867092014873748,-0.0853980303889461
2022-10-25,1652.85,0.0022289395724873,0.1206131172485997,-0.2678698609473144,-0.1976503634534723
2022-10-26,1663.93,0.006681203586712,0.1280351038809473,1.1449573381486982,0.1021959392864182
2022-10-27,1662.41,-0.0009139174623145,0.126909248021858,1.986631667012228,0.0621521468530468
2022-10-28,1644.97,-0.0105462097751852,0.1149985352766524,1.4056913393633028,0.007651171248838
2022-10-31,1633.36,-0.0070829041231636,0.107064849302524,0.3323906827243057,-0.2100461199117705
2022-11-01,1647.42,0.0085711849478684,0.1165086441692806,0.6441941490429812,0.26475441045818
2022-11-02,1634.77,-0.0077083061226775,0.1078504953532297,0.1017707434279309,-0.0099949824385349
2022-11-03,1629.1,-0.0034744065810116,0.1039309970766169,-0.5024154478193523,0.0164750880180564
2022-11-04,1680.31,0.0309505851122806,0.1385223359705004,2.517452906341232,0.1325896329586022
2022-11-07,1674.91,-0.0032188677121013,0.1347594961119985,4.032046217618824,-0.1046999641941032
2022-11-08,1712.16,0.0219962988063882,0.159888448298559,7.236398322811429,-0.088758637871576
2022-11-09,1706.77,-0.0031530358711354,0.1561093747266417,8.594202670931306,0.1230609836820444
2022-11-10,1754.56,0.0276154178081279,0.188317393333614,12.097683746407004,0.1129590241652358
2022-11-11,1769.66,0.0085693245049879,0.1983796185929538,14.648602660151644,-0.0852098731320946
2022-11-14,1771.36,0.0009601753904848,0.1993914284511036,15.580206856739952,-0.1625398783043147
2022-11-15,1778.08,0.0037865173261796,0.2037508023790338,15.7328739579521,0.3170561274325645
2022-11-16,1773.09,-0.002810343230126,0.2002167913641457,14.606152071097531,-0.1764991128834425
2022-11-17,1760.38,-0.0071940923891169,0.1914794297230602,12.210635835771786,-0.0940429098919978
2022-11-18,1750.01,-0.0059081926311457,0.1843398528806969,9.2669436272202,-0.0642253047241806
2022-11-21,1738.14,-0.0068059262467438,0.176191316814873,6.017130813613992,0.0131807967313586
2022-11-22,1739.71,0.000902856711272,0.1771538177254362,3.589803236496369,-0.1368761493047714
2022-11-23,1749.15,0.0054115229829757,0.1834309599793061,2.2993011205103717,0.1057588981189905
2022-11-24,1754.69,0.0031622474865163,0.1871079489116357,1.5348599717232254,-0.3868255376684835
2022-11-25,1755.86,0.0006665622442748,0.1878086159637687,0.8578354666508865,0.2745727673649394
2022-11-28,1740.96,-0.0085220801625409,0.1776140811561662,-0.7564122744971975,0.3065860752786999
2022-11-29,1749.53,0.0049104952145215,0.1832911578585742,-1.3739472625969285,0.0337065633870421
2022-11-30,1768.02,0.0105130959335772,0.1956551043052475,-0.6981870733125675,0.1240012809222639
2022-12-01,1802.87,0.0195195632009033,0.219044586069165,1.798409301727176,0.115299966523978
2022-12-02,1798.33,-0.0025213830974151,0.2158177282737604,2.7875180987732517,-0.122104644702306
2022-12-05,1768.34,-0.0168172030531463,0.1953897099199645,1.149399307490956,0.0280940152909425
2022-12-06,1770.84,0.0014127568622158,0.1969592488833566,0.0212742395171439,-0.186614212228205
2022-12-07,1786.05,0.0085524673019353,0.2071015164337458,0.0830155561219285,0.1091122613196469
2022-12-08,1789.22,0.0017732931111161,0.2091393779249958,0.1187516075892567,-0.2621845048549781
2022-12-09,1796.35,0.0039770577051483,0.2138676448549921,0.3887620095885573,-0.1638035505474646
2022-12-12,1781.22,-0.0084583056116906,0.2035673203685929,-0.6300106194303723,-0.1112622519418772
2022-12-13,1810.19,0.0161332893564801,0.2230183075922359,0.4126331562388756,0.5016664521020184
2022-12-14,1806.97,-0.0017804027748687,0.2207254660633259,0.6374446157655633,-0.0527148028195846
2022-12-15,1776.36,-0.017085082638078,0.1999321000567845,-1.411549041799706,0.0549343362226735
2022-12-16,1792.67,0.009139801872867,0.2108355217487807,-1.7807660703833577,-0.0139930797167068
2022-12-19,1787.23,-0.0030391933781958,0.2070451612660424,-2.4617521458099745,0.0120068444813952
2022-12-20,1817.75,0.016932537322094,0.2274668660704454,-1.001956582492923,0.5297899372390933
2022-12-21,1814.06,-0.0020320453271131,0.2248286292584119,-0.4578040749461607,-0.2489275210280811
2022-12-22,1792.43,-0.0119951860957164,0.2100826229190981,-1.6599297302153282,0.0338379933321693
2022-12-23,1797.75,0.0029636418752669,0.2135526861141012,-2.169901938129687,-0.1391567282406774
2022-12-27,1813.88,0.0089323143543837,0.2243112545604133,-1.524497597342286,0.0026063804941847
2022-12-28,1803.82,-0.0055615589631109,0.2173993324579164,-1.856668758202556,-0.0255674406470127
2022-12-29,1814.67,0.0059969946123274,0.2245951767693334,-1.4454932694790017,0.012507171543316
2022-12-30,1824.01,0.0051337410891848,0.2307611515253513,-0.6830271011783111,0.0490423844061649
2023-01-03,1839.2,0.0082933203735833,0.240808447249955,0.6345416132510309,0.3988800965061532
2023-01-04,1854.12,0.0080794955013553,0.250663895873873,2.212291702358925,-0.0055859809896453
2023-01-05,1832.73,-0.0116035314692618,0.2360373673346054,1.548148536275221,-0.0109240815164282
2023-01-06,1866.2,0.0180976193188563,0.2584079045960189,3.011154086102941,-0.0396184070194264
2023-01-09,1871.29,0.0027237547909556,0.2616295941095488,3.912713744519824,-0.0074874981264222
2023-01-10,1876.88,0.0029827911458331,0.2651998831901427,4.438099713988063,-0.0645803444559613
2023-01-11,1875.59,-0.0006875471627048,0.2641413413981093,4.250984848191159,-0.0492327788010654
2023-01-12,1897.0,0.0113504143610088,0.2783281195385599,5.066069247048851,0.2360105586514564
2023-01-13,1920.24,0.012176487274964,0.2937444633829991,6.571824386326526,-0.0587610840514549
2023-01-16,1913.98,-0.0032653345724672,0.2893933349563254,6.533944792899192,-0.45925164200889
2023-01-17,1908.06,-0.0030978245828306,0.2852210222849373,5.537336388901426,0.4102960481921798
2023-01-18,1903.82,-0.0022246249874766,0.2821435486938028,4.086652164951943,0.2112763051440203
2023-01-19,1931.33,0.014346490669124,0.3004676626272672,4.444305797410468,-0.1248177541566416
2023-01-20,1926.51,-0.0024988089231408,0.2970493718344959,3.843287227403629,-0.1558232668067226
2023-01-23,1931.21,0.002436673644263,0.3000437425682342,3.2716824105700795,-0.0123848038262628
2023-01-24,1936.98,0.002983309651016,0.3037523926031417,2.8093061076948374,0.0168415457605763
2023-01-25,1945.96,0.0046253694416444,0.3096182184687446,2.638082375069174,0.0001839213978025
2023-01-26,1928.72,-0.0088988581090655,0.2978170721981582,0.9790113952503674,0.1395513143122604
2023-01-27,1928.28,-0.0002281565993822,0.297368710334728,-0.4557367853380256,-0.2230535997893717
2023-01-30,1922.72,-0.0028875636786725,0.2934663899155428,-2.000379633214408,0.0663205072146917
2023-01-31,1927.67,0.0025711695319182,0.2966229760215392,-2.8576466825036064,0.0873117574092487
2023-02-01,1949.77,0.0113993971884388,0.3113103637568012,-2.1381544533254626,-0.0331686528888218
2023-02-02,1912.14,-0.0194883831952598,0.2857990352811173,-4.2750528001911405,0.204337565580325
2023-02-03,1865.39,-0.0247528871902222,0.2541845932503468,-8.66253506417107,0.00217004048583
2023-02-06,1867.24,0.0009912582556979,0.255288166873692,-11.109358524893404,-0.1858557947126882
2023-02-07,1871.74,0.0024070747491311,0.2581429096261767,-12.017110831160412,0.2003870391504987
2023-02-08,1875.42,0.0019641548175635,0.260473463287788,-11.937558336628378,-0.1684152219383747
2023-02-09,1860.84,-0.0078046356561991,0.2505241868149961,-12.38145502458736,0.0775157576601117
2023-02-10,1864.95,0.0022062444029983,0.2531388441067612,-11.909197744084402,-0.0013101685688714
2023-02-13,1853.46,-0.0061800805022321,0.2452959300721585,-11.85588149692722,-0.1492964773052725
2023-02-14,1854.0,0.0002913045609763,0.245505405906809,-11.273195851155329,0.2576970276169894
2023-02-15,1835.78,-0.0098760078330994,0.2331373322284647,-11.560782545856416,-0.1227096105690355
2023-02-16,1835.88,5.447127458690305e-05,0.2330835023748624,-11.183274350770958,-0.0379039163771296
2023-02-17,1841.75,0.0031922759956349,0.2369075349529277,-10.014970302568338,-0.017719032614478
2023-02-20,1840.27,-0.0008039065945899,0.2358504852369967,-8.858488848551287,-0.4777432927845358
2023-02-21,1834.56,-0.0031076292483151,0.231895005961906,-8.019800666317437,0.9538538239106592
2023-02-22,1824.82,-0.0053233187046841,0.2252450213164075,-7.663171007765221,-0.0744978362047849
2023-02-23,1821.85,-0.0016288836975555,0.2231449794389398,-7.177869907962877,-0.0111384364282012
2023-02-24,1810.79,-0.0060892541922526,0.2156116438677736,-7.137285409969357,0.053297199638663
2023-02-27,1816.9,0.0033685379828694,0.219608805225784,-6.26555156392191,-0.0295406899180483
2023-02-28,1826.8,0.0054340502024489,0.2261432695855254,-4.662417731960698,0.0363533211137296
2023-03-01,1836.33,0.0052032122806433,0.2324075319704872,-2.697881425416956,0.1391860024424138
2023-03-02,1835.65,-0.0003703723918829,0.2318338005862008,-1.2552386188500029,-0.1118021606335887
2023-03-03,1854.35,0.0101355881233265,0.244275317401529,1.024313000421488,-0.1290278948299362
2023-03-06,1846.68,-0.00414479805917,0.2390327189047956,2.0237185758187834,-0.1042049934296978
2023-03-07,1813.13,-0.0183347987221255,0.2164091384350317,0.5121493161721737,0.2884233267099629
2023-03-08,1813.19,3.3091398445532026e-05,0.2163506066250121,-0.350266977050099,-0.0987631320188376
2023-03-09,1830.58,0.0095451315712587,0.2279160373484294,0.3461609633184483,-0.0238765174049361
2023-03-10,1867.13,0.0197696360294363,0.2522610641243105,3.205091833933165,0.5476739534555379
2023-03-13,1913.48,0.0245210812191428,0.2830654116125158,7.887675818986041,0.4270238629193494
2023-03-14,1903.24,-0.0053658767578979,0.2760049509179906,9.838402251891228,-0.3141198092853527
2023-03-15,1917.69,0.0075636396838874,0.2854088299136482,11.5278274037726,0.421809708737864
2023-03-16,1919.44,0.0009121401262575,0.2863471782616474,12.128152935873215,-0.1854876596488545
2023-03-17,1985.71,0.0339430559755935,0.3304862414380626,16.104255024979636,0.0218238398959109
2023-03-20,1978.48,-0.0036476596815563,0.3253366212066194,17.260491473293175,0.0769836633695859
2023-03-21,1940.03,-0.0196254362508687,0.2993503491469891,14.556951326729248,-0.1799666028789781
2023-03-22,1967.68,0.0141517469097704,0.3177277576867268,13.76107137037112,-0.39917209191712
2023-03-23,1992.72,0.0126453558567798,0.3342602792008888,14.004668838360857,0.5598985713402189
2023-03-24,1977.18,-0.007828952554827,0.3236423889467545,12.26538056525312,-0.0883117912933153
2023-03-27,1955.82,-0.0108620442466902,0.30913443284076,8.97506020306124,0.044123402885895
2023-03-28,1973.45,0.0089737372635814,0.3207573256569822,7.352861740879025,-0.1636122819585825
2023-03-29,1964.27,-0.0046626050765453,0.3144590893178333,5.133537866484961,-0.1263482894278174
2023-03-30,1979.67,0.007809489124078,0.3245871489965422,4.213225782145027,0.1236448203923894
2023-03-31,1968.93,-0.0054399161654473,0.3172220042391375,2.4775568759762514,0.0132298483234414
2023-04-03,1983.77,0.0075088267393259,0.3269495532003619,1.948633729267215,0.1120267550491143
2023-04-04,2020.13,0.0181627910547469,0.3510708879678535,3.5727172663106543,-0.0818408564971141
2023-04-05,2019.92,-0.0001039591095105,0.3507250929624357,4.119171628228756,0.0020790836340813
2023-04-06,2007.09,-0.0063719948103508,0.3419403183919454,3.146775516957323,0.0288510471716578
2023-04-10,1990.88,-0.0081091598129248,0.3309410334130742,1.0504921234412237,-0.1804276691271592
2023-04-11,2002.97,0.0060543269926332,0.3388577416920193,0.163314196159245,0.0083333333333333
2023-04-12,2014.42,0.0057002337355351,0.3462665414559294,0.0392719528557634,0.428439881212735
2023-04-13,2040.35,0.0127900489940096,0.3633725817085136,1.3240411345946157,-0.130846091861402
2023-04-14,2004.27,-0.0178414570811656,0.3390132615363067,-0.5358747900550895,0.1863121395857669
2023-04-17,1994.62,-0.0048263486777395,0.332361342940719,-2.581396328835652,-0.1474311883586802
2023-04-18,2004.33,0.0048562843161193,0.3386755247588347,-3.3946287557414188,-0.1736683380235212
2023-04-19,1994.53,-0.0049014067106218,0.3319186813489298,-4.630200828596184,0.2678181192940418
2023-04-20,2004.37,0.0049213633050297,0.338295008877614,-4.801784398047182,-0.1043573365998775
2023-04-21,1982.34,-0.0110518318281039,0.323385190038654,-6.32041060013308,0.0773033224895713
2023-04-24,1988.53,0.0031177072097297,0.3273327857904298,-6.788388165698244,-0.0770702600747216
2023-04-25,1996.17,0.003834672302556,0.3322123679829481,-6.465299640740497,0.1697043536358902
2023-04-26,1988.68,-0.0037592425414566,0.3269901907669384,-6.614148577981119,0.0170854018093389
2023-04-27,1987.28,-0.000704232466051,0.3258519722628056,-6.647271311164758,-0.0747173426492571
2023-04-28,1989.33,0.0010310290330706,0.3269831739776999,-6.370801337134594,0.1628137384412153
2023-05-01,1982.07,-0.003656145483847,0.321997838804944,-6.4943997701283465,-0.3962710225135673
2023-05-02,2016.33,0.0171372741446064,0.3446429402258736,-4.197762643469758,0.373150078828256
2023-05-03,2038.67,0.0110186071634729,0.3592969278395069,-1.255701271490194,0.122767381783502
2023-05-04,2050.07,0.0055763044558459,0.3665271141766682,1.2413685499007805,0.4440705921161141
2023-05-05,2015.43,-0.0170413667728741,0.3432044579621555,0.3876311898588671,-0.3229207117892957
2023-05-08,2020.93,0.0027252293670455,0.3467039195721936,0.0391846633143142,-0.2853275079705133
2023-05-09,2034.06,0.0064759942133901,0.3552692467256073,0.5125502499528558,0.084925589793823
2023-05-10,2029.6,-0.002195066413434,0.352079471306906,0.3524762294863883,0.1819556396784474
2023-05-11,2014.71,-0.0073634648573849,0.3418984927085474,-0.8626557185302399,0.2345751730231189
2023-05-12,2010.42,-0.0021316089787872,0.3388514047143296,-1.996944907694313,-0.2563662929389313
2023-05-15,2015.6,0.0025732623575431,0.3421375289041796,-2.4121973904355194,-0.1455179742165727
2023-05-16,1988.3,-0.0136369155424074,0.3237772734917288,-4.422303209337063,0.168680635397358
2023-05-17,1981.56,-0.0033955890011382,0.319117964443335,-6.004488641685729,-0.0224863475746868
2023-05-18,1957.0,-0.012471724866821,0.3025831401494972,-8.359066416170847,0.1356699802826158
2023-05-19,1977.23,0.010284186893499,0.3158734902108806,-8.196888723665836,-0.0789966270899834
2023-05-22,1971.38,-0.0029630701842645,0.3117969001104614,-8.111441389637776,0.0477854905695573
2023-05-23,1974.87,0.0017687682786868,0.3139208551342777,-7.464021852473707,0.0936393110815421
2023-05-24,1957.33,-0.008921273756481,0.3020546556796663,-7.82338128201027,0.0062119251827161
2023-05-25,1940.19,-0.0087953932214396,0.2904559632716575,-8.75157391423938,0.0540038829660409
2023-05-26,1946.18,0.0030825704928768,0.2942610072676178,-8.491593614924074,-0.0896766792160157
2023-05-29,1943.81,-0.001218512280619,0.2926028274781479,-8.014679747733467,-0.5383393386464084
2023-05-30,1959.51,0.0080444773510187,0.3028425380482277,-6.255344474347668,1.3878006113150962
2023-05-31,1962.78,0.001667393669313,0.3048548687764962,-4.563435936255054,-0.2145301140800734
2023-06-01,1977.5,0.0074715850031424,0.3144315881054109,-2.2613685665854337,0.2631708417039071
2023-06-02,1947.98,-0.0150404824324856,0.2946123939819597,-2.5156829684303954,-0.0160175267770203
2023-06-05,1961.34,0.0068349748863849,0.30331493078882,-1.6167211832797062,-0.1009681196708063
2023-06-06,1962.72,0.0007033531887337,0.3040533803285942,-0.802884066964042,-0.0021830456238189
2023-06-07,1939.71,-0.0117927889370773,0.2885684467063717,-1.639747015692263,0.1450121341373731
2023-06-08,1965.08,0.0129944795954604,0.3052265256901879,-0.3761311565585039,-0.0368259218522949
2023-06-09,1960.25,-0.0024609408317936,0.3018430538990529,0.2113471266401312,-0.1093088387290367
2023-06-12,1956.9,-0.0017104276408713,0.2994444094760713,0.4382073334346366,0.0062232121132719
2023-06-13,1942.94,-0.0071592986518663,0.289991972159719,-0.2509574468952635,0.0740957748574724
2023-06-14,1939.85,-0.0015916393378621,0.2877625336270722,-0.7838717977431369,-0.0126331284093861
2023-06-15,1958.0,0.0093128936100242,0.2996040529638549,0.1663586262804486,0.153686278292745
2023-06-16,1957.36,-0.0003269175788178,0.2989877102498439,0.7968697448015121,-0.0987108151661649
2023-06-19,1950.44,-0.0035416383813117,0.294295328244087,0.7913434058092434,-0.4672598465041747
2023-06-20,1935.58,-0.007647964977916,0.2842581351530015,-0.1210650720438017,0.8255734798233254
2023-06-21,1932.32,-0.0016856696253449,0.2819199382246794,-0.8134989131425385,0.0215061223073989
2023-06-22,1913.18,-0.0099545744657161,0.2690751727610401,-2.343328760245173,-0.1300383714217799
2023-06-23,1921.33,0.0042508754821339,0.2743245781094856,-2.5709010265098087,0.0552313667323718
2023-06-26,1923.08,0.0009104128440381,0.2753379165696411,-2.37288720073796,-0.0667110543934602
2023-06-27,1913.04,-0.0052344675997436,0.2685293005414999,-2.665506435893789,0.046272442630098
2023-06-28,1906.83,-0.0032514224153588,0.2642690430800927,-2.999808503894372,-0.0266018902589162
2023-06-29,1908.17,0.0007024901992696,0.2650028625580213,-2.854051364976065,0.0976698934669455
2023-06-30,1919.15,0.0057377120925396,0.2721197493575487,-1.793336005949385,0.0199868822236404
2023-07-03,1921.36,0.0011508889412796,0.2734463918607875,-0.7703405482832508,-0.1613413394276974
2023-07-04,1924.81,0.0017939929463819,0.2756505785557522,0.2562753587227977,-0.4101666114058355
2023-07-05,1914.84,-0.0051931933415533,0.2688855444722279,0.3743264391726804,0.9375856374942908
2023-07-06,1910.7,-0.0021644011649063,0.2659662427491889,0.2879220698395137,0.1424310283864767
2023-07-07,1925.13,0.0075238308637729,0.2753567190827735,1.262336229815542,-0.0596703410073883
2023-07-10,1925.09,-2.077803346385572e-05,0.2751747808781837,1.9242517770297896,-0.0837792218752637
2023-07-11,1932.18,0.0036761792587471,0.279710001997027,2.8062347251044315,0.0105192376776617
2023-07-12,1957.53,0.0130345752835333,0.2962955424822525,4.9388312178079,0.2001731917414886
2023-07-13,1960.38,0.0014548575657403,0.2979814926805402,6.296339788512261,-0.0335016898948088
2023-07-14,1955.32,-0.0025844690944219,0.2944007634866078,6.577727070408882,0.1546670438650259
2023-07-17,1954.9,-0.0002148216732639,0.2939142663192062,6.450993579709778,-0.0874394294114444
2023-07-18,1978.9,0.0122020935387841,0.3095120565953526,7.618825705518411,0.3083273671022015
2023-07-19,1976.69,-0.0011174061163821,0.3078016120372604,7.846820976490329,-0.140927202147853
2023-07-20,1969.47,-0.0036592576359879,0.3027502882030607,7.136181837687031,0.1168750165883696
2023-07-21,1961.93,-0.0038357883933648,0.2975230769601089,5.837791258807588,-0.1025950261997837
2023-07-24,1954.53,-0.003778927299744,0.2923925785022034,4.234702209351443,0.0042501638497745
2023-07-25,1964.77,0.0052254347972341,0.2989455350870187,3.6407624852960927,-0.0856587230956854
2023-07-26,1972.1,0.0037237747094098,0.3035509280795145,3.516465873840535,0.0767189854435079
2023-07-27,1944.77,-0.0139552466838076,0.2852279351339028,1.4731133356717043,0.1241311888149347
2023-07-28,1959.04,0.0073108391847774,0.2944002038297832,0.9855069290038436,-0.0032701929949964
2023-07-31,1965.61,0.0033480723821225,0.2985378856795642,1.0049310102837206,-0.2258756596207517
2023-08-01,1944.18,-0.010962335372568,0.2841745734572966,-0.4480512917846617,0.054796001080789
2023-08-02,1934.65,-0.0049138627761351,0.2776803348065084,-1.9872902575142095,-0.0037399456939392
2023-08-03,1934.21,-0.0002274571847506,0.2771852033612074,-2.9152717783152804,0.0432920468403343
2023-08-04,1942.76,0.0044106680531266,0.282624444542065,-2.8311173581197133,-0.0033658416364468
2023-08-07,1936.28,-0.0033410359407277,0.2781968283168068,-3.0697140502489453,-0.2723245511774306
2023-08-08,1924.8,-0.0059465402576462,0.2704465809062205,-3.8101890738199113,0.1854883341586322
2023-08-09,1914.5,-0.0053655743030651,0.2634987388286998,-4.742425753301039,-0.107480118266624
2023-08-10,1912.46,-0.0010661204680603,0.2619465121447668,-5.208042685759463,0.3882944555582066
2023-08-11,1913.85,0.0007265485865729,0.2627090273182051,-5.126018222061815,-0.2425836814552376
2023-08-14,1907.16,-0.0035016955391332,0.2580958109806761,-5.20900608998845,0.3164205675987015
2023-08-15,1901.74,-0.0028459679478531,0.2543239198787989,-5.298149317788045,0.0039709372472587
2023-08-16,1892.46,-0.0048916865240494,0.2480454617650715,-5.620738198938806,-0.1794776981742546
2023-08-17,1889.06,-0.0017982191902645,0.2456342549521196,-5.684676988252029,0.0881027489860297
2023-08-18,1889.57,0.0002699391065527,0.2458360094740769,-5.320663539621643,-0.1999452711297813
2023-08-21,1894.6,0.0026584445003197,0.2489987595060582,-4.406917396619287,0.1353245144531647
2023-08-22,1897.26,0.0014030056153624,0.2506050746393047,-3.337713140659975,-0.0523303152683689
2023-08-23,1915.36,0.009494854446263,0.2623735118029353,-1.2341681523549717,0.0550739331036438
2023-08-24,1916.88,0.0007932697741835,0.2632159644410756,0.3521263170133437,-0.0343080969714737
2023-08-25,1913.79,-0.0016132951521278,0.2610180062230107,1.2360600073044117,0.0277688765958881
2023-08-28,1920.02,0.0032500335091254,0.2650040357649109,2.225393699577646,-0.2771027002190697
2023-08-29,1937.51,0.0090680408702643,0.2763690045156634,3.942442336405346,0.2864958118629832
2023-08-30,1942.38,0.0025103817673018,0.2794131593239308,5.211233534530081,0.0052052087376928
2023-08-31,1939.93,-0.001262135339648,0.2776504972930166,5.653530768587223,-0.0904878091593673
2023-09-01,1939.86,-3.608442725389037e-05,0.2774273696652529,5.693612145617436,0.1901995599644883
2023-09-04,1938.07,-0.0009231729954521,0.2761694706038039,5.356748008118507,-0.5499116249655418
2023-09-05,1925.92,-0.006288856878028,0.2680219745361216,4.12792059006968,0.9175688577450328
2023-09-06,1916.21,-0.0050544987663337,0.2614913162650992,2.55075176546567,-0.0351902301550023
2023-09-07,1919.59,0.0017623446868015,0.2635996765060436,1.6674866317965384,-0.151152827543231
2023-09-08,1919.0,-0.0003074045441925,0.2630978140558191,1.0082924416027397,-0.0324271621931635
2023-09-11,1922.35,0.0017441789210927,0.2651661141063558,0.7732411195310238,0.1999454672625751
2023-09-12,1913.31,-0.0047136694796025,0.2590915623063295,0.0238928812693433,-0.0614212746618717
2023-09-13,1908.24,-0.0026533751878522,0.2556125492786031,-0.755222958937728,0.1627334161386076
2023-09-14,1910.49,0.0011784023800417,0.2569271189426995,-1.0432874105437282,0.1663649037678116
2023-09-15,1923.54,0.0068074847597549,0.2653566771832631,-0.3168609181889352,-0.0946995863053888
2023-09-18,1933.55,0.0051904531515264,0.2718116443306304,0.8140648589141972,-0.1894837017095629
2023-09-19,1931.24,-0.0011954079135385,0.2701846105573055,1.351148916526464,-0.1752647111712874
2023-09-20,1929.35,-0.0009791250306264,0.2687707783130937,1.511593532311811,0.5820977837061359
2023-09-21,1919.94,-0.0048892230749598,0.2623880882669004,0.9442030114638932,0.1837247574035492
2023-09-22,1925.09,0.0026787843422029,0.2655877140661843,0.8773962316850277,-0.0484809883848345
2023-09-25,1915.97,-0.0047486980875565,0.2594220771615154,0.215169938509304,-0.0717231550990736
2023-09-26,1900.65,-0.0080280888751553,0.24918114863181,-1.1816987053888974,0.0500651304159043
2023-09-27,1875.16,-0.0135019438158641,0.2322526906026552,-3.6121330904468327,0.1056346868100628
2023-09-28,1865.33,-0.005256007972205,0.2256015759253742,-5.555361674643246,0.1504190736968644
2023-09-29,1849.08,-0.0087497630431954,0.2147261393757846,-7.488399456906809,0.0765363582533176
2023-10-02,1828.08,-0.0114219823491199,0.2007505769170638,-9.599783133231917,-0.0118042298939829
2023-10-03,1823.28,-0.0026291588695665,0.1974000750608582,-10.65654233816852,0.1430699633839556
2023-10-04,1820.85,-0.0013336518511535,0.1956084766521021,-10.821350013341748,-0.0022771648581426
2023-10-05,1820.14,-0.0003900038225863,0.1949979151145247,-10.284029831586649,-0.2561939577212743
2023-10-06,1831.65,0.0063037787578045,0.2024033711004676,-8.531505487309751,0.0264777968620337
2023-10-09,1861.36,0.016090203371897,0.2217742116704828,-4.928258430184229,-0.2157651644763641
2023-10-10,1860.04,-0.0007094104666839,0.2207371382172321,-2.322932006335691,0.2768223880835558
2023-10-11,1873.74,0.0073384406589515,0.2295683308198242,0.484177323738642,-0.0953817460367132
2023-10-12,1868.85,-0.0026131650983235,0.2262032268090971,2.083133052210435,-0.0313756148859477
2023-10-13,1930.13,0.0322640897304873,0.2661992298243258,7.0590885408009,0.1918873746464386
2023-10-16,1919.8,-0.0053663442140326,0.2592226884377374,9.3047622499141,-0.0718947198101505
2023-10-17,1922.98,0.0016550521892418,0.2611256531341709,10.56239551021625,-0.0927281884394854
2023-10-18,1947.76,0.0128039282082327,0.2771211068055539,12.489204647623252,0.310203471614322
2023-10-19,1974.19,0.0134781933011236,0.2941666771893566,14.811267463425484,0.0457202142337234
2023-10-20,1980.31,0.0030952104619883,0.2978704529258312,15.929446630981264,0.0416331194971819
2023-10-23,1972.66,-0.0038705123237966,0.2925858814003826,15.31936238941444,-0.094504562908293
2023-10-24,1971.03,-0.0008266370291878,0.2912489026531825,14.007284159603298,0.0043011581735772
2023-10-25,1979.54,0.0043082457279963,0.2965581772252489,12.939176683886508,-0.0321177889888133
2023-10-26,1984.61,0.0025579268011617,0.2995939885102409,11.830953544656635,0.0558064168880982
2023-10-27,2005.72,0.0105806772570826,0.3131117009392994,11.7523517642677,0.032449169050136
2023-10-30,1996.29,-0.0047126406243621,0.3066497952141572,10.347439699812549,-0.0527442827442827
2023-10-31,1983.89,-0.0062308941395365,0.2982530254560928,7.971747486444215,-0.0024965432478106
2023-11-01,1981.44,-0.0012357106781824,0.2963983706141055,5.728943324289695,-0.0829551642766381
2023-11-02,1985.28,0.0019361090268664,0.2987000142027364,4.0753580031355945,-0.1691439333957148
2023-11-03,1992.38,0.0035699418957303,0.3030813614726428,3.0765243302063503,0.2244634232621267
2023-11-06,1978.02,-0.0072335596487976,0.2935025313642784,1.163897730573737,-0.2672440731329115
2023-11-07,1968.85,-0.0046467284202143,0.2873026722855206,-0.8926526087336804,0.1309924204631403
2023-11-08,1950.39,-0.0094202633743242,0.275021529829336,-3.522435353734373,0.0800358560635163
2023-11-09,1958.54,0.004169945130584,0.2801207816390061,-4.667435131388785,0.0790253734882617
2023-11-10,1937.77,-0.0106614703338146,0.2663250173091396,-6.656747738586947,0.0046822824142751
2023-11-13,1946.11,0.0042946809987815,0.2715932945729656,-7.198071947882959,-0.1736583706008166
2023-11-14,1963.24,0.0087636612911973,0.2825739752683232,-6.22608484507677,0.1173196270478542
2023-11-15,1959.49,-0.0019119343632325,0.2798982805657624,-5.674859013362108,0.0531223881382814
2023-11-16,1981.29,0.0110639124122635,0.2939159683142578,-3.772778901684308,-0.0539110002937077
2023-11-17,1980.53,-0.0003836620590144,0.2931947233657304,-2.5548472496696317,-0.0032497556078099
2023-11-20,1977.5,-0.0015310649954145,0.2909573028032947,-1.9686156709402312,0.1762444998144516
2023-11-21,1998.6,0.01061351478588,0.3044477799193436,-0.2646455868964672,0.0441295774647887
2023-11-22,1990.02,-0.0043022465083979,0.2985977639404326,0.1570713293191001,-0.1145343786589544
2023-11-23,1992.15,0.0010697685950784,0.2998743644498546,0.4361188858649871,-0.54528780178665
2023-11-24,2002.34,0.0051020391111159,0.3063445597815001,1.124492284928067,0.5503544578603878
2023-11-27,2014.12,0.0058658787975937,0.313759581969512,2.1322446611512067,0.4704682381211698
2023-11-28,2041.31,0.0134093831834353,0.3312228045553193,4.26591993060414,-0.0484196170870636
2023-11-29,2044.11,0.0013707283160159,0.3327288214496038,5.42721535848478,0.1489807264640474
2023-11-30,2036.09,-0.0039311849068987,0.3272254109733034,5.21528807039504,-0.1276525965472561
2023-12-01,2071.45,0.0172175431117998,0.3499208909716496,6.91028452626837,0.2167650720475304
2023-12-04,2029.1,-0.0206565001538526,0.3218645184029387,4.736628735027182,0.3144130682537673
2023-12-05,2019.27,-0.0048562850326491,0.3151219649070438,2.316677984257556,-0.1928839528628352
2023-12-06,2025.49,0.0030755866370489,0.3188643381778096,0.8882054680478895,-0.0950177850987132
2023-12-07,2028.62,0.0015441123313872,0.3205806473732338,-0.0431657902500788,0.0358439201451905
2023-12-08,2004.05,-0.0121856259160584,0.3042517076500957,-2.381790494344461,0.0960639305687132
2023-12-11,1981.56,-0.01128571973041,0.289358898417966,-5.341690500787145,-0.1850426814250996
2023-12-12,1979.11,-0.0012371645769492,0.2875184460345287,-7.244750205229007,-0.0268163623715631
2023-12-13,2026.14,0.0234852564134534,0.3178407492566965,-5.2114310915333455,0.0290669400908158
2023-12-14,2035.66,0.0046875855198533,0.3236123280368026,-3.1993786069788523,0.4507504156323305
2023-12-15,2018.15,-0.0086388404473012,0.3118810992855204,-3.0238301715446347,-0.1509042244234784
2023-12-18,2026.86,0.0043065473072029,0.3172997754511753,-2.3283783682510872,-0.2978789293423248
2023-12-19,2040.26,0.0065894532183115,0.3258012470627329,-1.0389062503046669,-0.1696509683620133
2023-12-20,2030.84,-0.0046277501469431,0.3194023687592435,-0.898661177219326,0.3523684940738099
2023-12-21,2045.51,0.0071976465872277,0.3286489643656431,0.0533345218698606,0.0038222310808355
2023-12-22,2052.76,0.0035380819531028,0.3330280192109387,0.990565973780237,0.1247072702107654
2023-12-26,2067.02,0.0069227274028345,0.342149334089411,2.314516383315913,-0.5867737697767762
2023-12-27,2076.97,0.0048021443686231,0.3483692337704527,3.531121693237328,0.6913121057525571
2023-12-28,2065.39,-0.0055910303138874,0.3405732401915295,3.2346262710441938,0.1670827203970342
2023-12-29,2062.31,-0.0014923567951303,0.3383343250463548,2.5403691784417326,-0.1229127808157263
2024-01-02,2058.69,-0.0017568555841332,0.3357249067465836,1.5929453270671343,0.0899048476182873
2024-01-03,2040.83,-0.0087132703320052,0.3238422591139399,-0.3758871976015108,0.1866267996750263
2024-01-04,2043.23,0.0011753011837565,0.3251784852825726,-1.5879068445283302,-0.2475658142105942
2024-01-05,2044.74,0.0007387530087912,0.3258501490038417,-2.315213328827665,0.3934231822012723
2024-01-08,2027.66,-0.0083882232339032,0.314535531719584,-3.881677916397164,-0.1907015083553681
2024-01-09,2029.82,0.00106470035788,0.315699138384521,-4.6552949027560295,-0.0161840765089484
2024-01-10,2023.88,-0.0029306580415096,0.3116222061173985,-5.397728810090191,-0.0293174499667229
2024-01-11,2028.4,0.002230843808692,0.3142393744581774,-5.40186287603296,0.3788004709467414
2024-01-12,2048.52,0.0098702762597977,0.3269665457348575,-3.935160696334057,-0.0559610216741592
2024-01-15,2053.63,0.0024913777619694,0.3301359660347976,-2.572387911245203,-0.5505469714383008
2024-01-16,2027.91,-0.0126032529145459,0.3131720788517534,-3.307830441628916,1.274019793541055
2024-01-17,2005.95,-0.0108879420411701,0.2986806711962718,-5.072346939225219,-0.056551322029663
2024-01-18,2022.54,0.0082363832532494,0.3091923411091073,-4.917636347589638,-0.1679486613547575
2024-01-19,2029.01,0.0031938421097295,0.3131709930508223,-4.202728052754687,-0.1103978354145804
2024-01-22,2020.93,-0.0039901878647785,0.3077303322208822,-4.0931435057230665,0.0281563096374046
2024-01-23,2028.78,0.0038768256650361,0.312603367671752,-3.34276427315696,-0.0356725951812993
2024-01-24,2014.35,-0.0071380644548579,0.3030339664222722,-3.6443221791752993,0.1574800189472258
2024-01-25,2019.95,0.0027761959183614,0.3064355768188877,-3.302831786830366,-0.0493744559780702
2024-01-26,2018.39,-0.0007725947184225,0.3052575524511368,-3.02559932083817,-0.2365642830298268
2024-01-29,2031.95,0.006695759201187,0.3138376643797028,-1.8313564323821891,0.0898814052360708
2024-01-30,2036.39,0.0021827092931079,0.3165017378708957,-0.7027964244380849,0.0749053520247686
2024-01-31,2038.98,0.0012710504070519,0.3178903135250941,0.2089729831666255,0.3717529490862417
2024-02-01,2054.71,0.0076850359540898,0.3277414823754083,1.7751535943007133,0.0810154500796453
2024-02-02,2039.59,-0.0073859115038299,0.3177221263500253,1.6965838312358714,-0.1913113368917832
2024-02-05,2024.82,-0.0072679995459405,0.3079440824283734,0.609704479144308,-0.0166602956167176
2024-02-06,2036.01,0.005511202548808,0.3149659210544516,0.603129135341097,-0.1368622242379086
2024-02-07,2034.85,-0.0005699041634428,0.3140391746994003,0.484489303906245,-0.1454275226878645
2024-02-08,2034.01,-0.0004128920689989,0.3132962908252456,0.3211463219764603,0.1441056857009846
2024-02-09,2024.01,-0.0049285219106519,0.3066723017494661,-0.4469547776144367,-0.1535857139566843
2024-02-12,2019.91,-0.0020277361593875,0.3038788850224718,-1.176298503503756,-0.1077751977360134
2024-02-13,1992.86,-0.0134821630622988,0.2862393281310853,-3.3050508175029885,0.2754000365980116
2024-02-14,1992.19,-0.0003362567628073,0.2856338121180694,-4.508289758717445,0.0030448922331334
2024-02-15,2004.2,0.0060104425021089,0.29319587644239,-4.248875792986137,0.0593143565536642
2024-02-16,2013.61,0.0046841524141842,0.2990896867285101,-3.242540108756278,-0.0734722659825058
2024-02-19,2017.68,0.0020192054567383,0.3016158975185897,-2.1541980610882705,-0.4517925964310004
2024-02-20,2023.83,0.0030434192898097,0.3054163236088093,-0.9338581082116924,0.6510752052933184
2024-02-21,2025.68,0.0009136908557841,0.3064372843863674,0.0329558346923271,0.0263795833296061
2024-02-22,2024.46,-0.00060244832865,0.305472362474705,0.5941872607551177,0.0345215269304515
2024-02-23,2035.86,0.005615335715106,0.3126416544390575,1.675811388375858,0.0072956419912215
2024-02-26,2031.01,-0.0023851277760228,0.3093561438191309,1.986050505408965,-0.1264228424230765
2024-02-27,2030.18,-0.0004087471955539,0.3086718296229609,2.0485575925648365,-0.0601813290442408
2024-02-28,2034.93,0.0023369611950471,0.3115635520297353,2.3039478049321387,0.1396933734019252
2024-02-29,2043.82,0.004359185572874,0.3170971697314181,2.9257994115871973,0.1296233397093262
2024-03-01,2083.32,0.019142169218312,0.3422985190816746,5.691533632634529,0.1978161101440101
2024-03-04,2114.89,0.0150400266297173,0.3623720879865261,9.136981353946132,-0.0253996564935923
2024-03-05,2127.69,0.006034082486351,0.3702970606607929,11.609161687517023,0.1487036974277289
2024-03-06,2148.4,0.0096864948733784,0.3833033345856934,13.82005919262419,0.000548756741447
2024-03-07,2159.56,0.0051811181927851,0.3901420766419422,15.110333382317837,0.0171849475428591
2024-03-08,2178.6,0.0087779714242554,0.4019881031885555,16.224384092846094,0.1373368660895981
2024-03-11,2182.61,0.001838939711709,0.4042476768434984,16.1734228211395,-0.2255096370986241
2024-03-12,2158.6,-0.0110615449688081,0.3884350737739249,13.569892640745527,0.1849326338930172
2024-03-13,2174.49,0.0073342908775374,0.3983411783121725,12.018339330139264,-0.1507432177216877
2024-03-14,2161.71,-0.005894579126671,0.3898218701249536,9.350435081654172,-0.0261364379619334
2024-03-15,2156.15,-0.0025753512494742,0.3859834368895851,6.56213164163993,-0.1164519725442261
2024-03-18,2160.1,0.0018302930102284,0.3882500947439417,4.436481352185666,0.0405685834821938
2024-03-19,2157.6,-0.0011580240773463,0.3863613513796854,2.415863750387892,0.0393156649037196
2024-03-20,2185.62,0.0129030483143533,0.4040733055052104,2.5092115735391616,-0.0068389164569774
2024-03-21,2181.1,-0.0020702044620665,0.4007524335154787,1.8403127422290169,0.3980509692075782
2024-03-22,2165.52,-0.0071688193234518,0.3904354412598894,0.0186994502947612,-0.2221153554108916
2024-03-25,2171.19,0.0026148869676698,0.3938049332394303,-1.073838218637242,-0.1332352864617226
2024-03-26,2177.85,0.0030627472757815,0.3977747911917466,-1.586505799979875,0.1075724131717645
2024-03-27,2194.78,0.007743662097892,0.4083678217461516,-1.0498237875719028,-0.1220224780032809
2024-03-28,2232.64,0.0171029280551733,0.432296972814715,1.4545329274765066,0.2576802217401039
2024-04-01,2249.67,0.0075987970243202,0.4428978390874297,3.728270396604408,-0.1547920145368824
2024-04-02,2280.08,0.0134269912770332,0.4619509829885742,6.583649974417192,0.3339458603583647
2024-04-03,2300.05,0.0087203317591593,0.4742654151805799,8.972645961629581,0.050071055597602
2024-04-04,2290.43,-0.0041912889644642,0.4676684610467947,9.03527148483633,-0.119561328459205
2024-04-05,2328.16,0.0163386831650482,0.4913439710897856,10.637663307484374,0.1211034352785973
2024-04-08,2338.47,0.0044186133353138,0.4972968460482687,11.347025060885542,0.2582002521538138
2024-04-09,2352.88,0.006143240354569,0.5059350128774561,11.695257208743584,-0.1227960302449574
2024-04-10,2331.82,-0.0089910311745148,0.4918654208864719,9.508617018974943,0.0340932889100429
2024-04-11,2374.69,0.0182178241063145,0.518658139379652,9.905986434900631,0.0290109222463097
2024-04-12,2344.8,-0.0126667922369684,0.498750096622978,7.236181283451927,0.2512278253401681
2024-04-15,2381.19,0.0154002523104886,0.5213106202584982,6.997228168862748,-0.1226888593367937
2024-04-16,2378.78,-0.0010126115105476,0.5191020817106333,5.802338880149442,-0.058464948739263
2024-04-17,2361.6,-0.0072483957904704,0.50755151252007,3.1151137894442087,-0.1151542429802998
2024-04-18,2377.07,0.0065292814055801,0.516884806604845,1.709937058280964,-0.0766277340845952
2024-04-19,2390.59,0.005671560573118,0.524805089856022,1.0536433507819325,0.2753603229001689
2024-04-22,2325.7,-0.0275191284086413,0.4828779357997291,-4.105205471408702,-0.1684857999617899
2024-04-23,2321.59,-0.0017687732297881,0.4796990962048169,-7.927539030142384,0.0845225191926355
2024-04-24,2315.08,-0.0028080515877539,0.4750913548899432,-10.846891601225522,-0.1808464092774341
2024-04-25,2331.32,0.0069903865923134,0.4849551446237126,-11.57066178520894,0.042055076407552
2024-04-26,2337.39,0.0026002914810298,0.4883574138491586,-11.50299599775255,-0.0559991798944653
2024-04-29,2336.38,-0.0004321992805473,0.4872444843639626,-11.3684320335842,0.0206900887616239
2024-04-30,2285.75,-0.0219085249069281,0.4545595003920754,-14.339713176074646,0.0373495797472323
2024-05-01,2318.17,0.0140838832514002,0.4747123197876569,-13.769178306890382,0.0258079491290288
2024-05-02,2303.02,-0.0065567761881658,0.4646456367908175,-14.0130336838007,-0.089462938211057
2024-05-03,2301.88,-0.0004951247685243,0.4634974302335267,-13.828525779396386,-0.0042188484277565
2024-05-06,2324.48,0.0097701777535184,0.4774775016076113,-11.838650931768282,-0.1088489463329135
2024-05-07,2313.83,-0.0045921978978737,0.4703500911659518,-10.916474229272286,-0.0751426264099826
2024-05-08,2308.71,-0.0022152332240557,0.4667581903471868,-10.334059532109624,-0.0431025984085627
2024-05-09,2345.23,0.0156945511233698,0.4895398213088794,-7.314211285018565,0.1890807938832428
2024-05-10,2360.87,0.0066467170607179,0.4989762781093672,-4.240774598424359,0.1349523155282423
2024-05-13,2336.53,-0.010363272379344,0.4831060083017807,-3.836628962154048,-0.1335194586371046
2024-05-14,2357.84,0.0090790229058873,0.4961883360303721,-2.2047084187870816,0.0506535433566388
2024-05-15,2387.22,0.0123835633089658,0.5142816041623139,0.6312432023528984,0.1863769227083234
2024-05-16,2376.17,-0.0046395612458424,0.5067412428456732,1.4916060278214474,-0.0342104731708302
2024-05-17,2414.37,0.0159484357444822,0.5304473676022025,4.208226699846602,-0.0661763168349957
2024-05-20,2424.96,0.0043766459011095,0.5364684031990258,6.174306985881238,0.2988809458498709
2024-05-21,2420.78,-0.0017252271218769,0.5331933811860867,6.6102385318314205,-0.0829141938514715
2024-05-22,2378.04,-0.0178131833011824,0.5055083434722751,3.588375051885013,0.0363089503489437
2024-05-23,2328.62,-0.0210008015494197,0.4736011690657181,-1.8768369115588008,0.0935644933812824
2024-05-24,2333.69,0.0021748884130329,0.4764155246300203,-5.105294734583076,-0.355274671045811
2024-05-27,2353.73,0.0085505980253975,0.4888324670443568,-5.795570874919708,-0.352207164037023
2024-05-28,2360.69,0.0029526453122572,0.4927661404234872,-5.680304257781351,0.7748949986595575
2024-05-29,2337.98,-0.0096666404928961,0.4779715109553173,-6.946705035813732,-0.0506559257083717
2024-05-30,2342.59,0.0019698461899638,0.4804052154940913,-7.2533898269315955,0.1152563347083088
2024-05-31,2327.54,-0.0064452390402129,0.4703712999690145,-8.180589634746458,0.1022197094986236
2024-06-03,2350.83,0.0099565414448899,0.4846419720257599,-6.982696438293026,-0.1656959325040148
2024-06-04,2326.67,-0.0103303965180958,0.4689223913784308,-7.527864827950356,0.0684038152148931
2024-06-05,2354.67,0.0119625294911846,0.4861744444036419,-5.7910849518312855,-0.1045739331522762
2024-06-06,2375.83,0.0089462598580243,0.4990563609041695,-3.138382748898305,0.071981981981982
2024-06-07,2292.94,-0.0355120131796761,0.4462430389974647,-6.683732119856572,0.1963582373868952
2024-06-10,2310.43,0.0075988174571771,0.456937784534808,-7.50679639718054,-0.330264316355394
2024-06-11,2316.5,0.0026237714779544,0.4603646902498429,-7.292126941114466,0.1764491993566883
2024-06-12,2324.19,0.0033141653670961,0.4647445389887139,-6.318274565085078,0.1439338104182022
2024-06-13,2303.99,-0.0087291886952142,0.4515535853506437,-6.685106011491656,0.0176712044061102
2024-06-14,2332.61,0.012345409780823,0.4691216128390971,-4.742207137421657,-0.0249564742342783
2024-06-17,2318.63,-0.0060113183144081,0.4599349221433696,-4.161288044172725,-0.1648871830049274
2024-06-18,2329.22,0.0045569535702893,0.4662291218304376,-2.8869998132054464,-0.0277018384289332
2024-06-19,2330.31,0.0004678583547623,0.4667033149550165,-1.8446092839520336,-0.4377297408845265
2024-06-20,2359.1,0.0122788844327347,0.48441215873685,0.7697419498939255,0.8679076489006641
2024-06-21,2321.44,-0.0160925075854112,0.4602782206092308,-0.0101190705399187,0.1031370309650561
2024-06-24,2333.65,0.0052458826793293,0.4675746909328767,0.3060849862079147,-0.1162653486067973
2024-06-25,2319.23,-0.0061983314279231,0.4581344078561528,-0.407456557195649,-0.017887510234931
2024-06-26,2297.66,-0.009344020299718,0.4441631201514801,-2.184385286891988,0.1439171423074456
2024-06-27,2327.91,0.0130796555911415,0.4627923637458641,-1.222664968521752,-0.0908443637138324
2024-06-28,2326.39,-0.0006531594671757,0.4614348121050725,-0.6195279302330476,0.0363452490334037
2024-07-01,2331.64,0.0022541727825138,0.4643442448777177,0.160696228345671,-0.0363796478659533
2024-07-02,2329.81,-0.0007851634551538,0.4628357900793049,0.5588192044835982,-0.0722952570902826
2024-07-03,2355.87,0.0111233668104603,0.4788059432633926,2.4751792795914307,0.0524630754997037
2024-07-04,2357.2,0.0005643879829088,0.4794203003424432,3.658829932955633,-0.4431100233365587
2024-07-05,2391.06,0.0142623082826006,0.5002193670900359,6.388832983037428,0.969985009539384
2024-07-08,2358.41,-0.0137491190975085,0.4793221516638761,5.685874223347113,-0.0622301391026638
2024-07-09,2363.74,0.0022574472490298,0.482248157862628,5.27888738288674,0.019978607521792
2024-07-10,2371.38,0.0032269537539729,0.4866897236780036,5.214132081425841,-0.1772558520768544
2024-07-11,2414.29,0.0179331838503519,0.513102295771937,7.606240399514055,0.3268992696666251
2024-07-12,2411.48,-0.0011645811207696,0.5108745424697416,8.477785215973032,-0.0471626761768586
2024-07-15,2421.71,0.0042332353071305,0.5167991906676676,9.163442217178684,0.0189923289068112
2024-07-16,2468.73,0.0192299461622279,0.5457033189084666,12.023611577496524,0.065927880186952
2024-07-17,2459.15,-0.0038880865883809,0.5390509083436755,12.457304338135916,0.188745872650945
2024-07-18,2445.36,-0.0056234104282732,0.5298604765891036,11.050328602491462,-0.1259619569850978
2024-07-19,2400.44,-0.0185402974682711,0.501234222438387,6.551583697249647,0.0015607191629616
2024-07-22,2396.0,-0.0018513736305285,0.4980060544544718,2.919216062627431,-0.1172867350809386
2024-07-23,2409.76,0.0057264772281985,0.5061877737851287,1.1751196279000062,-0.0776167939374582
2024-07-24,2398.63,-0.0046294164482107,0.4987530143044875,-0.8851165712903004,0.1341735971644244
2024-07-25,2364.39,-0.0143776804768657,0.476710634236567,-4.508310915379781,0.4428396178761151
2024-07-26,2388.23,0.0100324452439204,0.4911488773069563,-5.204398043555944,-0.3135625497732073
2024-07-29,2384.01,-0.0017685619750669,0.4880921724504535,-5.808202809639937,-0.0733249264396805
2024-07-30,2410.55,0.0110709934077631,0.5042115456575885,-4.346244927279873,0.033294625684944
2024-07-31,2446.31,0.014725829532179,0.5259459166496435,-1.0678404535688433,0.2302176801465638
2024-08-01,2446.36,2.0438737949704693e-05,0.5253116727186445,0.9007232228308268,0.1323062722726817
2024-08-02,2441.34,-0.002054136614419,0.5215179488378572,1.6195002165167305,0.005664174933925
2024-08-05,2409.52,-0.013119511347572,0.5007958061887081,-0.1967489067607708,0.4190151879165187
2024-08-06,2388.14,-0.0089127372635258,0.4868229681735755,-2.839987667468584,-0.2407425946646252
2024-08-07,2382.37,-0.0024190297530848,0.4827251286241302,-4.860337929326233,-0.2193058997359022
2024-08-08,2427.1,0.0186013385026082,0.5100453162959956,-3.150493932185725,-0.0190006408059252
2024-08-09,2430.94,0.001580884801172,0.5119908072090008,-1.7945929476426947,-0.1614662453667132
2024-08-12,2472.2,0.0168304286433368,0.5372530037428292,1.660532063882819,-0.1396945596840522
2024-08-13,2465.44,-0.0027381519201794,0.5326179511689892,3.1819777593769967,0.0682698787061995
2024-08-14,2447.64,-0.007245995539065,0.5210926309603375,2.699874644240211,0.0906235626519482
2024-08-15,2456.25,0.0035115016230931,0.5259504527311067,2.6665295327058285,0.07239339205456
2024-08-16,2506.97,0.0204390559753055,0.5569247175014012,5.597489512961811,0.0227530646411757
2024-08-19,2504.22,-0.0010975438073809,0.5546996190116515,6.807684436086294,-0.0423185094041131
2024-08-20,2514.08,0.0039296226563257,0.5602877211137963,7.665121391395282,0.0115977607488642
2024-08-21,2511.52,-0.0010187839149247,0.5581601560226941,7.446422477729111,0.0199981855913271
2024-08-22,2484.42,-0.0108489156406951,0.5408279299813853,4.981629634874647,-0.0033853457332969
2024-08-23,2511.86,0.0109842826646984,0.5573113337652515,4.707498387971778,0.0036032217041119
2024-08-26,2518.08,0.0024731917957181,0.5606677532319974,4.4558616349209785,-0.0793641971877953
2024-08-27,2524.16,0.002411627747488,0.5639301182624737,4.212424926302333,0.0115725928161787
2024-08-28,2504.45,-0.0078391845604031,0.551221337399677,2.3314306828476177,0.0011816169054765
2024-08-29,2521.67,0.0068522308968351,0.5613372305248198,1.8741244504164167,0.0906029267129615
2024-08-30,2503.35,-0.0072915455730168,0.5494764586000176,0.0607797494428474,-0.0395813406935753
2024-09-02,2499.73,-0.0014471088336494,0.5469239011647612,-1.5694639383708129,-0.3893798762825583
2024-09-03,2492.72,-0.0028082422886034,0.5420168082130995,-3.2122481449833344,0.8497297297297297
2024-09-04,2496.45,0.0014952389655763,0.5438223063636403,-4.0840519704503535,-0.116296176867732
2024-09-05,2516.28,0.0079118976858095,0.5555670431927586,-3.390146064245819,0.0015222869653466
2024-09-06,2496.97,-0.0077036235963559,0.5430180739490347,-4.2413558584825815,0.20143913560779
2024-09-09,2505.84,0.0035460108596658,0.5479523577141836,-4.208343741598192,-0.1024895046577523
2024-09-10,2516.69,0.0043205384051946,0.5541506049732672,-3.4868983697579594,-0.093006926553195
2024-09-11,2512.35,-0.0017259759625704,0.5508539175816015,-3.333218696082664,0.2242096869015535
2024-09-12,2558.86,0.0183432766999626,0.5789737390541708,-0.290734420228361,-0.0875578885307011
2024-09-13,2579.33,0.0079678284753643,0.5910025319946448,2.7417552383607138,-0.0183426001677931
2024-09-16,2583.14,0.0014760379011339,0.5928815218164379,4.5395610516307805,-0.2247867376567949
2024-09-17,2569.97,-0.0051114874996668,0.5842186172235935,4.375276489471496,0.1699911666221574
2024-09-18,2558.32,-0.0045434326220598,0.5763638865028196,3.0768344690716667,0.2566808301436247
2024-09-19,2585.97,0.0107498862891144,0.5927138159581631,3.6366124623108007,0.0027291483287459
2024-09-20,2622.03,0.0138481475693502,0.6142525807143578,5.86016025029409,-0.0679547618494693
2024-09-23,2628.42,0.0024340782808794,0.6176116155359095,7.1031380876921055,-0.1558946350797811
2024-09-24,2656.93,0.0107884157236512,0.6343976987664285,9.061811959828296,0.2816754235787235
2024-09-25,2656.41,-0.0001957337575461,0.6333832451621707,9.493112837169493,-0.0933151545579747
2024-09-26,2672.03,0.005862895985646,0.642195142182143,9.952856776426394,0.1240881103818252
2024-09-27,2658.74,-0.0049861567970059,0.6332830894504996,8.538674504053397,-0.0429972431870565
2024-09-30,2634.52,-0.009151324147534,0.617681093374758,5.30709692584,-0.0001227828255161
2024-10-01,2663.21,0.0108311599412332,0.6346256830289092,4.470312460485253,-0.0922920700892646
2024-10-02,2658.96,-0.0015970932545842,0.6313724743573484,3.0660609553102205,-0.035324602344567
2024-10-03,2656.04,-0.0010987771566431,0.6288910939867243,1.4576346073161943,0.0761218985976268
2024-10-04,2652.78,-0.0012281450151881,0.6262429385807811,-0.219468459489974,-0.0558610215875656
2024-10-07,2643.06,-0.0036708098864853,0.6196239548347308,-2.2634621443633023,0.0283806166652509
2024-10-08,2621.35,-0.008247884596043,0.6054748047469097,-5.190281135384254,0.3210299720206078
2024-10-09,2608.34,-0.0049754485786463,0.5968763916715931,-7.949965861474922,-0.2385249040648372
2024-10-10,2629.46,0.0080644982486799,0.6091768457443778,-8.264010388322944,-0.0158675582332202
2024-10-11,2657.0,0.0104191648636123,0.6254592707916675,-6.600167532156583,-0.124241934390497
2024-10-14,2647.79,-0.0034723369836849,0.6192948159778081,-6.1141006026706535,-0.0710470689809164
2024-10-15,2662.47,0.0055289335724382,0.6276061291880215,-4.853181977714584,0.2479280572772781
2024-10-16,2673.46,0.0041192502675484,0.6336828102227496,-3.3971265553606718,-0.0539875599019995
2024-10-17,2692.65,0.0071523251690737,0.644689232630855,-1.3640444181919094,0.1006287259341303
2024-10-18,2722.08,0.0108704551486386,0.6619532863404093,1.580731170459,-0.0421870991929596
2024-10-21,2719.45,-0.0009666399725033,0.6595212684232796,2.892971441612559,0.1508003543396303
2024-10-22,2748.48,0.0106183776165357,0.6764870848150305,5.1270539691991175,-0.1118624800844954
2024-10-23,2716.2,-0.0118141869078921,0.6560002931329577,3.897468504571236,0.0893882055339154
2024-10-24,2735.82,0.0071973634345668,0.6672381971969974,3.864633579709924,-0.0990480507706256
2024-10-25,2746.16,0.0037723640955068,0.6728911736337844,3.982583767390061,-0.1105840071877807
2024-10-28,2742.47,-0.0013445980348257,0.67001322667907,3.284421061315747,-0.0256066868318363
2024-10-29,2773.97,0.0114205329430789,0.6885310625558195,4.349591176656432,0.0203495260663506
2024-10-30,2786.65,0.0045606504232136,0.6954839241189095,5.2531841342986,0.1302580776264987
2024-10-31,2743.51,-0.0156020350600796,0.6684820015555891,2.4338607602546887,0.0277341141418812
2024-11-01,2735.26,-0.0030116271482664,0.6626697822840549,-0.3500698260306194,0.0706656203609754
2024-11-04,2736.41,0.0004203469934891,0.6626786698956711,-2.365194737229608,-0.1264244399109273
2024-11-05,2743.64,0.0026386635869867,0.6663861246898733,-3.3994088145970096,-0.0077541335784444
2024-11-06,2659.33,-0.0312112945541605,0.6140432940959853,-9.598712779377196,0.8005924330146761
2024-11-07,2707.94,0.0181139868641108,0.6427072432182105,-10.205895980781726,-0.2722680026919913
2024-11-08,2684.57,-0.0086676320716312,0.6278053812831568,-11.846550818559884,-0.1302307037842325
2024-11-11,2619.62,-0.0244912970738058,0.5877506571470629,-16.675497594606263,0.0027786441350761
2024-11-12,2598.2,-0.0082103715065189,0.5740954260777794,-20.43367288251597,0.0473840962856146
2024-11-13,2573.44,-0.0095753722927779,0.5584278292401488,-23.490278110614923,0.0213176637856176
2024-11-14,2565.56,-0.0030667469063659,0.5529413841726577,-24.816139259386297,0.1093724531377342
2024-11-15,2561.73,-0.0014939668762094,0.5499659769457225,-24.67267717739722,-0.0795561944548133
2024-11-18,2612.26,0.0195329355381371,0.5798895409477391,-20.09043005210135,-0.0637522218579046
2024-11-19,2632.48,0.0077106206139237,0.5914242358888949,-14.854770657678692,0.0317034620364866
2024-11-20,2649.29,0.0063653119154374,0.6009682965660774,-9.667788235117012,-0.1258022877203639
2024-11-21,2669.62,0.0076444606143886,0.612621660897473,-4.536552763542325,-0.0061412696385234
2024-11-22,2714.41,0.0166384783504763,0.6388853181057749,1.8620735351457327,0.1939770618384457
2024-11-25,2625.7,-0.0332270913754874,0.5845440528565244,0.1957471251179932,0.0672103196472857
2024-11-26,2632.33,0.0025218583818549,0.5878989775598882,-0.3542538936639481,-0.1486892111060008
2024-11-27,2635.55,0.0012225033224099,0.5892686367345339,-0.3925426391287576,-0.1253489154593836
2024-11-28,2637.96,0.0009140023126062,0.5903682377775702,-0.1588905095002317,-0.3795222175865974
2024-11-29,2649.33,0.0043008866646221,0.5966626435422171,0.8051288729571695,0.5581228823919802
2024-12-02,2638.5,-0.0040962039789256,0.5894113677155424,0.7578056226132279,0.3175811242504063
2024-12-03,2643.83,0.0020180495383209,0.5919833089359866,1.1086394209642272,-0.1242939054684043
2024-12-04,2649.7,0.0022178026405966,0.594914406585388,1.7225737813853057,-0.057151183970856
2024-12-05,2632.19,-0.0066302267350449,0.5838372273019996,0.97324794920912,-0.0931177843376659
2024-12-06,2633.05,0.0003266707719489,0.5837378845430542,0.5788501927633289,0.1571457786563959
2024-12-09,2659.73,0.010081743802947,0.5991150234271713,2.0740422232838025,0.0523669960775072
2024-12-10,2693.54,0.0126316997120066,0.6188249289436162,5.125504869166928,-0.1130973484353715
2024-12-11,2717.56,0.0088781052919619,0.6325326155283855,8.355988081432255,0.1463444140542815
2024-12-12,2681.23,-0.0134587744274118,0.6099933773495738,7.658889649917862,0.006506288341447
2024-12-13,2648.62,-0.0122368948175908,0.589725726767929,4.756547736319005,0.0056117541404352
2024-12-16,2652.43,0.0014374513185273,0.5915426609915956,2.937545671616214,-0.3087827301080728
2024-12-17,2645.32,-0.0026841599806682,0.5867183516881866,1.1893309807325467,0.2024108554077008
2024-12-18,2584.56,-0.0232367602725807,0.5497198091780747,-3.849399642436642,0.0589778553507145
2024-12-19,2593.8,0.0035687012129059,0.5546678546296204,-6.210413291025445,0.0740240943997774
2024-12-20,2622.41,0.0109697603814465,0.5712609799086197,-5.519014642821706,-0.0834624145785877
2024-12-23,2613.02,-0.0035871017542624,0.5652128942862655,-5.363159635979881,-0.2386812542839352
2024-12-24,2616.35,0.0012735761478358,0.5669012530841767,-4.727158775910558,-0.2722536837475258
2024-12-26,2633.74,0.0066246725669453,0.5769689267610126,-2.9155015087020884,0.1116063839833789
2024-12-27,2621.22,-0.0047650310142865,0.5690736749344599,-2.3640769564200426,0.1623763890304821
2024-12-30,2606.06,-0.0058003560183218,0.5595646428602903,-2.794538864196607,0.1125265858311224
2024-12-31,2624.26,0.0069594493102047,0.570102092105403,-1.682536074020467,-0.1958191266415708
2025-01-02,2657.4,0.0125492496360048,0.5893528744902525,1.29523142005813,0.5649048280369251
2025-01-03,2638.96,-0.0069633010252923,0.5778929431690821,1.991657397986808,-0.2465024013363959
2025-01-06,2635.68,-0.001243686933243,0.5753284684592685,2.184611303364792,0.4232506581682138
2025-01-07,2648.17,0.004727622193304,0.5822258665672809,3.053309092324323,-0.0760056855796564
2025-01-08,2661.49,0.0050172809340477,0.5896359403494537,4.3460210345531065,-0.0474612523575214
2025-01-09,2670.48,0.0033721151915309,0.594579937269197,5.5504947920360586,-0.2325879795806624
2025-01-10,2689.11,0.0069520523151457,0.605031844081311,7.239073638934699,0.5479153904363807
2025-01-13,2663.5,-0.0095692364756465,0.5890731850831853,6.302769323375413,0.0256074792463021
2025-01-14,2677.82,0.0053619832960201,0.5969784340145575,6.304195743447881,-0.0554382811045891
2025-01-15,2696.37,0.0069033933186105,0.607396026064409,7.148879027095544,-0.0096602569339978
2025-01-16,2714.43,0.0066755626034855,0.6174697826024675,8.430255286087434,0.0457005032539223
2025-01-17,2702.5,-0.0044047160618068,0.6097288946713579,7.985064386052343,-0.0781386326087359
2025-01-20,2709.31,0.0025167193949804,0.6132401272150926,7.658775725520591,-0.1362119221300952
2025-01-21,2745.12,0.0131307999267718,0.633782798607579,9.257373627564782,0.3789674907624343
2025-01-22,2756.1,0.0039918471104146,0.6396479051385182,10.372959972534858,-0.1609130791273255
2025-01-23,2754.33,-0.000642418127396,0.6378699949590009,10.290005863711189,0.0895720106984732
2025-01-24,2771.51,0.0062180791896447,0.6473578865945803,10.646070134023226,-0.0182973057933764
2025-01-27,2741.09,-0.0110366465121915,0.6284439423163413,8.196651796725444,0.1830305427626932
2025-01-28,2763.49,0.0081387221715809,0.6410888626046801,7.469381044312954,-0.2135049716191795
2025-01-29,2759.05,-0.0016079561059378,0.6377638226827339,6.129753441996023,0.0405743263760958
2025-01-30,2794.08,0.0126164756303043,0.6577965841924236,6.981450164893673,0.0673378565696358
2025-01-31,2800.1,0.0021522376197345,0.6605238289971154,7.294716607773637,0.0910549100022783
2025-02-03,2813.46,0.0047599117937696,0.667407652912422,7.7058789553857885,0.2249406929733703
2025-02-04,2841.98,0.010085949729567,0.6833621551560438,9.10675927644737,-0.1147771829929421
2025-02-05,2866.51,0.0085942695826633,0.6969845696628614,10.779150562836245,-0.0739946153520242
2025-02-06,2856.97,-0.0033336392666537,0.6905142750630604,10.335214476725495,-0.081675096499401
2025-02-07,2861.88,0.0017171288655729,0.6926185845792331,9.486686454582768,-0.0357505208805145
2025-02-10,2907.71,0.0158870782675266,0.7188438687591172,11.018846012260347,0.0606425004814761
2025-02-11,2898.93,-0.0030241264109157,0.7125474352934514,10.452659287571043,0.2488474160418428
2025-02-12,2903.96,0.0017336193723399,0.7145962986716564,9.45844842095478,-0.1543693658550424
2025-02-13,2928.83,0.0085277031114039,0.7284157285873986,9.492663223811412,-0.0890940047639816
2025-02-14,2882.79,-0.0158444506620035,0.7001813242866525,5.62273547490895,0.2744520305141085
2025-02-17,2897.58,0.0051173306468455,0.7082683925055099,3.377847956242107,-0.4014774677142599
2025-02-18,2936.17,0.0132301051241268,0.7303343139426609,3.7803464849556576,0.0411078787586156
2025-02-19,2933.14,-0.001032489430333,0.7277831582615252,3.156368319387454,0.111033815080842
2025-02-20,2939.46,0.0021523694581227,0.7307475109030418,2.5112255693440915,-0.0145108270284372
2025-02-21,2936.21,-0.0011062569311915,0.7280531284086786,1.2701780830060514,0.0370891993921713
2025-02-24,2952.0,0.0053632726582525,0.7365238314306204,0.9328801388265688,0.0422210196350716
2025-02-25,2915.35,-0.0124930255327944,0.7140823491469832,-2.1690078984115857,0.1103338819656714
2025-02-26,2916.44,0.0003738131903559,0.7140402256046451,-4.427659110204715,-0.220044293857095
2025-02-27,2877.06,-0.0135947549864889,0.6900541531637386,-8.611992911219872,0.2773331221611961
2025-02-28,2858.85,-0.006349493342674,0.6785698430700728,-12.413309143463437,-0.0323087755346048
2025-03-03,2893.08,0.0119022325004471,0.6979537733015729,-12.400395372522468,-0.1196110284864432
2025-03-04,2917.04,0.0082477249430407,0.711255628337999,-10.6246174887235,0.0347684614864829
2025-03-05,2919.28,0.0007676070229144,0.7117583721531041,-9.19890374806399,0.0637746388314011
2025-03-06,2911.58,-0.0026411213700756,0.7064764440627318,-8.68072311657967,-0.0464131235479666
2025-03-07,2912.23,0.0002232215689381,0.7060630753123865,-8.205867924253667,0.0351633876886052
2025-03-10,2887.92,-0.0083825909160095,0.6910608371519792,-9.357247027694768,-0.0178814029582289
2025-03-11,2915.43,0.009480801972117,0.7064979389059146,-8.139202689378592,-0.1312138953561999
2025-03-12,2933.24,0.0060902923400267,0.7162318425113148,-6.10038198777762,0.0068174045647457
2025-03-13,2988.09,0.0185267731708622,0.7475477859260564,-1.2762826405827674,0.0678794763424155
2025-03-14,2988.1,3.3466138123406373e-06,0.7468006873962668,1.5438363651727478,-0.044218946358455
2025-03-17,3001.06,0.0043278256812223,0.7538082726072429,3.7829840492336153,-0.2494148712716797
2025-03-18,3034.57,0.0111041744845384,0.7727002137445349,6.843441148113193,0.177427913095939
2025-03-19,3047.18,0.0041468386797909,0.7794050852133826,8.908858098052363,-0.0571527344786927
2025-03-20,3044.55,-0.0008634657686418,0.7770328449599531,9.24944430404863,0.2662166320738039
2025-03-21,3022.96,-0.0071166231686815,0.7636848087321284,7.260021663032937,-0.0860808323163795
2025-03-24,3012.62,-0.0034263517726107,0.7569095740145191,4.615885098717527,0.0056297067460295
2025-03-25,3019.9,0.0024135862074473,0.7605753948877955,2.813943239753563,-0.2227517216545887
2025-03-26,3019.36,-0.0001788298571146,0.7596557839785867,1.1288657989961948,0.0448948568533063
2025-03-27,3056.65,0.0122746566240456,0.7805932234166338,2.017020564153753,0.277671167395235
2025-03-28,3084.31,0.0090084244334567,0.7959239522157686,3.852307583359909,-0.0448088142798274
2025-03-31,3123.97,0.0127766594021955,0.8180872707660416,6.942061749775803,0.1471583297381984
2025-04-01,3113.91,-0.0032254575983069,0.8113216375985932,7.467284994038707,-0.0231433830806381
2025-04-02,3132.46,0.0059394670929667,0.8212262634336119,8.166380778007294,-0.0360010333770661
2025-04-03,3114.12,-0.0058720300382062,0.8090035215483294,6.56496229327999,0.7973085168992768
2025-04-04,3036.94,-0.0250961787848389,0.7628019361756385,-0.1644191795630192,-0.064820851667227
2025-04-07,2983.27,-0.0178304151869253,0.7301090251007114,-8.254415190701138,0.2091388840257109
2025-04-08,2982.55,-0.000241375034277,0.7286047130858143,-13.37516829490869,-0.2887216878684455
2025-04-09,3080.12,0.0321899179567242,0.7835634078672963,-10.063296238780095,0.3612728739994328
2025-04-10,3174.75,0.0302603318215231,0.8369726667587163,-1.8043195489413504,-0.2053899027446205
2025-04-11,3238.26,0.0198072594241562,0.8720659454575522,7.140563989792959,0.1115524727453589
2025-04-14,3210.99,-0.0084568477032468,0.8551510866830164,10.236812766283728,-0.2953337485412295
2025-04-15,3230.29,0.0059926156781061,0.8654686523358656,12.453596940511671,-0.2819962758608854
2025-04-16,3341.54,0.0338598620831725,0.9283831651790106,19.84259217213089,0.4699368979611349
2025-04-17,3327.82,-0.0041143436114227,0.9191015950449926,22.065567023767976,0.0196429950689251
2025-04-21,3426.11,0.0291080718426189,0.974235299289666,28.031973002228582,0.0502625357323689
2025-04-22,3382.16,-0.0129109481586033,0.9468458520745328,26.890605190078148,0.3485138366928595
2025-04-23,3289.3,-0.0278397824598403,0.8916150620375038,18.17144378720737,-0.0513935688367549
2025-04-24,3349.26,0.0180646497316314,0.9247124437229624,14.870940004919206,-0.2465710334676629
2025-04-25,3316.2,-0.0099198768284425,0.904408225106928,9.169550735788988,-0.0305523608463441
2025-04-28,3342.9,0.0080191446538458,0.918464596750472,6.055053531781212,-0.0296422694862575
2025-04-29,3317.02,-0.0077719042474738,0.9025748183288146,1.3559037923191255,-0.1786391669702184
2025-04-30,3289.09,-0.0084558587185655,0.8854480899934339,-4.224054852066217,0.0963333384308748
2025-05-01,3235.31,-0.0164861805178272,0.8535052713739605,-11.703635935610096,0.0621841159431071
2025-05-02,3240.74,0.0016769485326706,0.8554247414102998,-16.17645273405168,0.0688174396463043
2025-05-05,3333.35,0.028176105525651,0.9071921682269596,-12.929722142176756,-0.0118853566835677
2025-05-06,3434.63,0.0299314008576304,0.9635029874138004,-4.431959183656119,0.1972776709330856
2025-05-07,3365.94,-0.0202019348732678,0.92261181012323,-3.925404630911757,0.0240808696254239
2025-05-08,3305.46,-0.018131623623236,0.886573744294898,-7.92124930704685,-0.0328447413256889
2025-05-09,3325.32,0.0059902634039291,0.8966906466993134,-9.384476572546632,-0.175396714435512
2025-05-12,3234.13,-0.0278059518341496,0.8432433948259869,-16.249165965445712,0.2723477125623625
2025-05-13,3251.87,0.0054702572424305,0.8523535861273666,-19.150835558988614,-0.3041732878925679
2025-05-14,3179.28,-0.0225754594247937,0.8099494317831154,-25.137451748466688,0.1132682520455601
2025-05-15,3239.37,0.0187241103910428,0.8431377671502275,-24.219203413216945,-0.0470702075045693
2025-05-16,3200.97,-0.0119249775804416,0.8203170938207933,-25.25145710417216,-0.0356891416192797
2025-05-19,3230.64,0.0092263711492301,0.8362971173268157,-23.050513678797262,-0.1043842899397207
2025-05-20,3290.13,0.0182468176526371,0.8690230396868197,-16.982862511231968,0.1723955938296895
2025-05-21,3314.31,0.0073223795018639,0.8815810394881501,-11.024404472419825,0.0462339375732643
2025-05-22,3295.0,-0.0058432892218406,0.8693089013832738,-8.197042139197464,0.1226462518957789
2025-05-23,3360.01,0.0195377822066897,0.9049566113228232,-2.080616810105109,-0.0919053889443346
2025-05-26,3341.56,-0.0055061863455987,0.8938539675602115,0.4552162867484881,-0.4762392290912738
2025-05-27,3300.4,-0.0123940905675103,0.8694869826969116,-0.8364656964670019,0.6715654595211311
2025-05-28,3287.55,-0.0039010667343503,0.861394512163056,-2.6508633394166985,-0.2044064932771384
2025-05-29,3318.1,0.009249723438126,0.877659592812686,-1.922046845157297,0.2580331645508866
2025-05-30,3290.93,-0.0082221303474957,0.8613439703627646,-3.3165735868872623,-0.0772458916325693
2025-06-02,3382.42,0.0274212300331799,0.9121204914503142,1.611295793888491,-0.0324192748170505
2025-06-03,3354.01,-0.008434784726329,0.8951411970219278,2.5881831624424763,-0.0455873477083478
2025-06-04,3372.61,0.0055302804098277,0.904751862348808,4.031630881992577,-0.0293864165472779
2025-06-05,3354.29,-0.0054468017341089,0.8931991486315913,3.3265046256846453,0.3531426396904928
2025-06-06,3311.96,-0.0126999644315045,0.8682336284514515,-0.2281861755611913,-0.0760125274303854
2025-06-09,3326.13,0.0042693068406787,0.8753949524901171,-1.7763679745361642,-0.2209863220903314
2025-06-10,3322.64,-0.0010498183334761,0.8725305563981014,-3.108721796359106,0.0774658726306192
2025-06-11,3353.31,0.0091882700661791,0.8887902721519386,-2.0488578326203672,0.1216678021229369
2025-06-12,3386.52,0.0098549277290552,0.906329597099982,0.6216087013653819,0.10759856385037
2025-06-13,3432.62,0.013520972532805,0.9308444275775668,4.98277237001783,0.1841555960446481
2025-06-16,3384.41,-0.0141442251933113,0.9026109746387744,4.1450122216542375,-0.203252093245595
2025-06-17,3387.92,0.0010365709628105,0.9035134064226223,3.383786367333933,-0.0264692371872392
2025-06-18,3368.38,-0.0057842471411738,0.8915509513696749,1.2317259583553586,-0.0685957774621439
2025-06-19,3372.78,0.0013054134970356,0.8933308619522535,-0.1542805226063137,-0.2935259087713494
2025-06-20,3368.54,-0.001257914046239,0.8901364010345038,-1.5385154712850664,0.1874570119854244
2025-06-23,3368.71,5.046569447055181e-05,0.8892281403203068,-2.564133689095037,0.2282589271959823
2025-06-24,3322.82,-0.0137160617794616,0.862483739167304,-6.244810701918446,0.0491250602022796
2025-06-25,3332.36,0.0028669417008663,0.8671702657520357,-7.845033667179695,-0.3453615149196634
2025-06-26,3328.5,-0.0011590096270139,0.8642391877843121,-8.894658284980885,0.164136802582945
2025-06-27,3274.24,-0.0164359709704445,0.8329335910299002,-12.740292999544266,0.249761558154711
2025-06-30,3303.03,0.0087544479313632,0.8482587827647157,-12.807723463793875,-0.1423443054244573
2025-07-01,3339.06,0.0108491012324605,0.867522604805318,-10.012282605017663,0.0901762663841097
2025-07-02,3356.94,0.0053405144851886,0.8767743053670795,-6.704461674023552,-0.1767431870049671
2025-07-03,3325.41,-0.0094368699605349,0.8583669138885579,-6.386842224235764,0.0631461538963282
2025-07-04,3334.96,0.0028677105160057,0.863272620637872,-5.323886734453084,-0.4479790419161676
2025-07-07,3337.4,0.0007313754380055,0.8637379700533612,-4.291100312550453,1.0967157543762158
2025-07-08,3300.46,-0.0111302080332693,0.8422690963860846,-5.834722964284048,-0.0431906367279435
2025-07-09,3313.86,0.0040518203935066,0.8489783344961711,-5.686389949455742,-0.0808569339183619
2025-07-10,3323.89,0.0030221106952784,0.8538604843855296,-4.687452857333242,-0.0845885395005695
2025-07-11,3357.46,0.0100489519318967,0.871543609189021,-1.6947880820321992,0.4190748971193416
2025-07-14,3342.63,-0.0044268134363027,0.862342530176916,-0.694286016419638,-0.0976884030400608
2025-07-15,3324.89,-0.0053213314279693,0.8516686660022034,-1.179007897603639,-0.1396168007075714
2025-07-16,3347.04,0.0066397823048675,0.8630755866064238,-0.0208556459197548,0.161818583885678
2025-07-17,3338.04,-0.002692564767341,0.857311934896942,0.118433336010967,-0.1764938886373924
2025-07-18,3350.5,0.0037257800397562,0.863576637457346,0.9810739325231116,-0.1239919291867344
2025-07-21,3397.29,0.0138684665472216,0.888684626531676,4.440500594806936,0.3274598171627423
2025-07-22,3429.52,0.0094422547158244,0.9055751222024352,8.406887608680677,0.0887271359888264
2025-07-23,3387.92,-0.0122041459339972,0.8813562674307872,7.752283871009332,0.0991996921133655
2025-07-24,3367.59,-0.0060188087569833,0.8691246256057025,5.575380749680408,-0.122131099709575
2025-07-25,3336.48,-0.0092809959650053,0.8510584328060441,1.857784888830487,-0.1278270073477903
2025-07-28,3314.85,-0.0065039852928618,0.8382032414272731,-2.0298476294722327,0.0963358152078326
2025-07-29,3325.49,0.0032046579259244,0.8432513038427843,-3.756237265152064,-0.0057004737917241
2025-07-30,3275.55,-0.0151312377528617,0.8146658066417627,-7.8950143843487,0.1019221667670595
2025-07-31,3290.62,0.0045902029525133,0.8221823526384813,-9.162087047342848,-0.0832312445396731
2025-08-01,3363.11,0.0217901442432169,0.8613521979713162,-4.877516442526641,0.1130838932248687
2025-08-04,3373.98,0.0032269153098519,0.8666107666809085,-1.2592152595230228,-0.2371876121009207
2025-08-05,3380.56,0.0019483198208748,0.869520081782171,1.4808960592119274,-0.0386744834937454
2025-08-06,3368.64,-0.0035322741639834,0.8621907883469564,2.3429317789397244,0.0157908124995922
2025-08-07,3395.83,0.0080391062224747,0.875877795683447,4.473205577164215,0.7927609189793114
2025-08-08,3397.51,0.0004946020762242,0.8747830801295673,5.6485300161872205,0.5042460449640223
2025-08-11,3342.32,-0.0163776337428816,0.8430386453736293,2.5215135642841098,-0.3357127720619923
2025-08-12,3348.3,0.0017875777110017,0.845309108230926,0.7597760179638744,-0.1948873085966622
2025-08-13,3356.05,0.0023119328352489,0.8487536213054351,0.0573476148522793,-0.2005832071943727
2025-08-14,3334.81,-0.006348980952485,0.8360662885372147,-1.7945086628141862,0.2118007406788629
2025-08-15,3335.91,0.0003297994849041,0.8359389825253332,-2.8399500400893585,-0.2523196551423043
2025-08-18,3332.96,-0.0008847076618424,0.8335857468101208,-3.5771311340036243,-0.0013891193843619
2025-08-19,3315.69,-0.0051950512783844,0.8233526855844788,-4.98817234365854,0.0191300387155546
2025-08-20,3347.89,0.0096645498763126,0.8403273084166971,-3.5791780243403823,-0.0145009814283557
2025-08-21,3338.46,-0.0028206738361727,0.8344228468057238,-3.125073553119424,-0.0130535501979481
2025-08-22,3371.84,0.0099489666138026,0.8519723528236806,-0.554123583349112,0.0767616303618887
2025-08-25,3365.77,-0.001801826357485,0.8480782646010957,0.692506811218662,-0.2950359272458853
2025-08-26,3392.94,0.0080400391082388,0.8621291594472981,3.1634497093367813,0.527260828663749
2025-08-27,3397.33,0.0012930268197415,0.8637721761482833,4.811260532492378,-0.1222710230316015
2025-08-28,3417.28,0.0058550840015223,0.8738343777818421,6.838804164583139,0.1335493555946103
2025-08-29,3447.84,0.0089030350114208,0.8896364200025509,9.6595881721835,0.0572522166055653
2025-09-01,3476.24,0.0082033018863648,0.9042437622304976,12.66982741150552,-0.0231221231007372
2025-09-02,3534.29,0.0165611806206202,0.93421676250121,17.504328437283707,0.8287108224611808
2025-09-03,3560.54,0.007399788234682,0.9470251460836916,21.159511261911057,-0.1701487857712917
2025-09-04,3545.16,-0.0043289257970112,0.9372078310441826,21.17895341065336,-0.0818870322347971
2025-09-05,3587.41,0.0118472007059185,0.9587853279866496,22.548105397115823,0.0417202885104599
2025-09-08,3636.91,0.0137039263661261,0.9843226449494592,25.10274252155478,-0.047605366736576
2025-09-09,3627.6,-0.0025631474378893,0.9777268251119998,24.45616942732741,0.0105505279034689
2025-09-10,3641.17,0.003733785981706,0.983814319051475,23.24144180684736,-0.1347174232643527
2025-09-11,3633.49,-0.002111439669547,0.9783264339956882,20.325186662138307,0.0036395939524092
2025-09-12,3643.28,0.0026907559004253,0.9824989072860644,17.563891318006597,-0.1175957514458317
2025-09-15,3680.45,0.0101506525097665,1.001486812476183,16.751769413774078,0.0490969912693737
2025-09-16,3690.23,0.0026537594196431,1.005492280122961,15.41777794909936,0.0459174201214191
2025-09-17,3658.74,-0.0085699608869443,0.986827000527612,11.157723570730129,0.2074996117064944
2025-09-18,3644.25,-0.0039682428743401,0.977436513403826,6.346458311143664,-3.3075588745434814e-05
2025-09-19,3685.39,0.0112257715332866,0.9983765711601784,4.977631001014814,-0.1081313511824914
2025-09-22,3746.94,0.0165631523678241,1.0302302693025445,7.129386786573804,0.0510233936202213
2025-09-23,3763.6,0.0044364392773777,1.0373813609458389,8.493953014205516,0.2077002999353081
2025-09-24,3736.69,-0.0071757533293901,1.021266879574362,6.493696211228567,-0.158137194429114
2025-09-25,3751.24,0.0038862591697291,1.027403226894797,5.120370181675582,0.1198408138239002
2025-09-26,3761.24,0.0026622382771761,1.0311862640915688,3.909943505261836,-0.0716022259259769
2025-09-29,3832.9,0.0188730065649495,1.0678211514886535,6.791157152871989,0.22122157394391
2025-09-30,3859.64,0.0069522180457159,1.0802112743595944,9.203725827395758,-0.0321857583258667
2025-10-01,3863.92,0.0011082973235403,1.080553170660421,9.741764193224611,-0.046493309231503
2025-10-02,3855.27,-0.002241168729006,1.074011938782646,8.229312572731828,-0.0291837950453044
2025-10-03,3886.51,0.0080705392207727,1.0890998091154092,8.037869108273924,-0.0988046079887173
2025-10-06,3934.82,0.0123535548000493,1.1135929522142398,9.755491338366255,-0.1707006944496693
2025-10-07,3986.39,0.013020921958902,1.1389105716459975,12.76544921146906,0.5627137711729857
2025-10-08,4041.11,0.0136333472578443,1.165802493851691,16.59956166356838,-0.0003309201321358
2025-10-09,3975.97,-0.0162506632165249,1.127893746258357,13.06222878498386,0.2607962134851036
2025-10-10,4018.81,0.0107170954136609,1.1478249751536116,11.951309493828091,-0.0073815100658002
2025-10-13,4040.82,0.0054618027665116,1.1592573479408228,11.062894067619467,-0.8919505879514047
2025-10-14,4144.6,0.0253586404468458,1.211059400092253,15.553667755019504,9.321980759319704
2025-10-15,4158.68,0.0033914341068763,1.218410923990433,17.420704789831916,-0.9566067646679456
2025-10-16,4329.22,0.0401896709912418,1.3062500587784949,27.490567725380046,16.862498801419118
2025-10-17,4247.54,-0.0190473953954644,1.2584698043885885,26.015176432914785,0.4048301554582152
2025-10-20,4356.35,0.0252945589629918,1.313464888077822,29.47811883980063,-0.3556875542122176
2025-10-21,4125.72,-0.0543940007769916,1.188047025224042,14.125325572893814,0.1494171754582089
2025-10-22,4100.28,-0.0061852859485544,1.1717050583640471,0.8465644638737331,0.0269151192128493
2025-10-23,4121.62,0.0051910258991916,1.180886659513594,-7.452678048080202,-0.2650335754247486
2025-10-24,4112.95,-0.0021057573628543,1.1741618718570763,-14.093976696749564,0.0196780147662019
2025-10-27,3980.13,-0.0328260505181924,1.101686239488356,-27.23880034138685,0.1409440293379191
2025-10-28,3950.13,-0.0075659923156271,1.0839295139954788,-37.14701915348394,-0.1164580168819759
2025-10-29,3929.71,-0.0051828579540137,1.071226405804354,-43.81115276722113,0.0134208994928921
2025-10-30,4024.77,0.0239021345708148,1.11915553585435,-40.62309343410439,0.0876916665846352
2025-10-31,4003.18,-0.0053787211058912,1.105911772783526,-38.77873600604229,-0.1367327730281218
2025-11-03,4001.72,-0.000364776578393,1.1034014065288904,-36.5002350081332,-0.0638836179633143
2025-11-04,3932.96,-0.01733194565185,1.06555452880862,-38.28080137486437,0.0195199342989398
2025-11-05,3979.19,0.0116859579513576,1.0883777549564102,-35.086529445222084,-0.1576769714656053
2025-11-06,3977.16,-0.0005102842494484,1.08584389418593,-31.94144542084192,0.0014953531032924
2025-11-07,4001.47,0.0060937968618616,1.0972184983163633,-27.238303643954104,-0.0737358392291331
2025-11-10,4116.07,0.0282370310216048,1.1556289176309518,-15.98096944606327,0.1305798446125152
2025-11-11,4126.69,0.0025768082235431,1.159563990804381,-7.80505929678624,-0.0357734966924747
2025-11-12,4196.41,0.0167537650138487,1.1939995929692988,1.800292476409858,0.218533595257848
2025-11-13,4171.59,-0.005932139767015,1.1786407570446038,5.760636986513262,0.1638727793534549
2025-11-14,4052.92,-0.0288596491142559,1.115207866723555,-0.0272249035422049,-0.3434637650410693
2025-11-26,4165.83,0.0274779264910953,1.1725418629973796,3.1572922111458013,0.0405104080586857