time,open,high,low,close,tick_volume,spread,real_volume
1996-03-12,395.6,397.5,395.5,396.7,306.0,0,0.0
1996-03-13,396.7,397.9,396.0,396.9,361.0,0,0.0
1996-03-14,396.3,397.1,395.1,395.9,371.0,0,0.0
1996-03-15,395.5,397.1,395.0,396.5,321.0,0,0.0
1996-03-18,396.2,396.7,393.7,396.0,586.0,0,0.0
1996-03-19,394.7,395.1,394.6,395.1,76.0,0,0.0
1996-03-20,394.6,396.4,394.3,396.1,281.0,0,0.0
1996-03-21,395.5,398.7,394.8,396.5,681.0,0,0.0
1996-03-22,397.2,399.3,396.8,398.6,366.0,0,0.0
1996-03-25,397.9,398.7,397.5,398.2,231.0,0,0.0
1996-03-26,398.7,401.6,398.7,400.3,426.0,0,0.0
1996-03-27,399.8,401.1,399.3,400.2,336.0,0,0.0
1996-03-28,399.4,399.9,395.8,396.8,576.0,0,0.0
1996-03-29,396.6,397.7,393.8,395.6,681.0,0,0.0
1996-04-01,394.5,394.7,393.9,394.7,141.0,0,0.0
1996-04-02,394.1,395.2,392.6,394.3,501.0,0,0.0
1996-04-03,393.7,395.9,393.7,394.5,376.0,0,0.0
1996-04-04,393.7,394.8,392.9,394.8,271.0,0,0.0
1996-04-05,393.3,393.8,393.3,393.8,51.0,0,0.0
1996-04-08,394.9,397.7,394.1,397.7,441.0,0,0.0
1996-04-09,398.0,398.5,393.7,394.9,656.0,0,0.0
1996-04-10,394.2,394.7,393.5,394.7,206.0,0,0.0
1996-04-11,395.2,396.9,393.7,395.9,586.0,0,0.0
1996-04-12,394.8,395.9,393.4,394.8,501.0,0,0.0
1996-04-15,393.5,394.3,392.3,393.5,401.0,0,0.0
1996-04-16,393.1,394.2,390.1,391.5,676.0,0,0.0
1996-04-17,391.2,392.0,390.2,391.3,351.0,0,0.0
1996-04-18,391.0,392.3,389.7,391.4,481.0,0,0.0
1996-04-19,389.8,390.6,389.5,390.6,141.0,0,0.0
1996-04-22,390.2,392.5,390.2,391.8,296.0,0,0.0
1996-04-23,391.1,392.7,391.0,392.2,231.0,0,0.0
1996-04-24,391.0,391.9,390.2,391.0,351.0,0,0.0
1996-04-25,390.2,395.2,389.8,393.7,741.0,0,0.0
1996-04-26,393.5,394.1,389.7,390.9,626.0,0,0.0
1996-04-29,390.2,391.5,390.0,390.6,276.0,0,0.0
1996-04-30,390.0,392.5,389.6,391.9,401.0,0,0.0
1996-05-01,390.6,394.5,390.4,393.2,571.0,0,0.0
1996-05-02,392.6,393.6,391.6,393.6,301.0,0,0.0
1996-05-03,393.5,395.0,391.9,392.7,541.0,0,0.0
1996-05-06,392.3,394.5,392.3,393.4,336.0,0,0.0
1996-05-07,393.6,394.3,392.9,393.8,281.0,0,0.0
1996-05-08,393.8,396.2,392.3,393.3,731.0,0,0.0
1996-05-09,392.7,394.0,392.3,393.2,301.0,0,0.0
1996-05-10,392.8,393.7,390.1,390.6,511.0,0,0.0
1996-05-13,390.9,392.0,390.6,391.7,211.0,0,0.0
1996-05-14,391.3,392.8,390.3,392.1,421.0,0,0.0
1996-05-15,391.6,393.1,391.6,392.6,216.0,0,0.0
1996-05-16,391.8,392.4,391.4,392.4,141.0,0,0.0
1996-05-17,392.1,393.1,391.3,392.4,346.0,0,0.0
1996-05-20,391.6,392.0,389.5,391.1,466.0,0,0.0
1996-05-21,390.9,392.1,389.4,391.3,501.0,0,0.0
1996-05-22,390.5,391.5,389.7,391.5,261.0,0,0.0
1996-05-23,391.2,392.2,391.0,392.0,171.0,0,0.0
1996-05-24,390.5,390.7,390.4,390.7,46.0,0,0.0
1996-05-27,390.7,391.2,390.7,391.2,51.0,0,0.0
1996-05-28,390.7,392.8,390.7,391.6,341.0,0,0.0
1996-05-29,391.3,392.5,390.7,391.5,341.0,0,0.0
1996-05-30,390.6,390.9,390.0,390.9,166.0,0,0.0
1996-05-31,390.6,392.6,389.9,391.0,501.0,0,0.0
1996-06-03,390.5,390.7,390.2,390.7,81.0,0,0.0
1996-06-04,390.3,391.1,387.0,388.3,636.0,0,0.0
1996-06-05,388.1,388.8,385.9,386.5,436.0,0,0.0
1996-06-06,386.6,387.5,383.7,386.1,711.0,0,0.0
1996-06-07,386.2,387.7,384.9,385.6,516.0,0,0.0
1996-06-10,385.4,386.6,385.2,386.5,171.0,0,0.0
1996-06-11,385.9,386.9,382.6,384.8,746.0,0,0.0
1996-06-12,384.1,385.7,383.8,384.2,376.0,0,0.0
1996-06-13,384.7,385.4,383.9,384.7,301.0,0,0.0
1996-06-14,383.0,384.9,382.6,384.9,271.0,0,0.0
1996-06-17,384.0,385.9,383.9,385.6,241.0,0,0.0
1996-06-18,384.7,386.3,384.3,385.9,296.0,0,0.0
1996-06-19,385.6,386.9,384.1,384.8,481.0,0,0.0
1996-06-20,384.7,385.2,383.9,384.6,261.0,0,0.0
1996-06-21,383.9,384.7,382.5,384.7,361.0,0,0.0
1996-06-24,384.1,384.8,383.5,384.8,191.0,0,0.0
1996-06-25,385.0,386.3,383.7,384.2,441.0,0,0.0
1996-06-26,383.7,384.5,382.8,383.4,326.0,0,0.0
1996-06-27,383.0,383.8,381.7,382.5,371.0,0,0.0
1996-06-28,382.2,383.0,380.1,380.7,446.0,0,0.0
1996-07-01,381.2,383.1,380.4,382.2,446.0,0,0.0
1996-07-02,381.4,382.8,381.2,382.1,251.0,0,0.0
1996-07-03,382.4,383.2,381.5,382.4,336.0,0,0.0
1996-07-04,381.5,382.0,380.3,381.3,316.0,0,0.0
1996-07-05,380.2,381.9,380.2,381.9,176.0,0,0.0
1996-07-08,382.2,383.6,380.5,382.3,626.0,0,0.0
1996-07-09,380.8,384.0,380.7,383.0,456.0,0,0.0
1996-07-10,382.2,384.6,381.9,382.6,516.0,0,0.0
1996-07-11,382.5,384.7,382.3,383.7,366.0,0,0.0
1996-07-12,383.2,384.7,382.6,383.9,356.0,0,0.0
1996-07-15,383.6,385.2,382.6,383.3,486.0,0,0.0
1996-07-16,384.6,386.4,382.8,385.2,681.0,0,0.0
1996-07-17,382.9,383.5,382.4,383.5,161.0,0,0.0
1996-07-18,383.5,385.4,383.3,384.2,361.0,0,0.0
1996-07-19,384.0,385.7,383.6,385.2,301.0,0,0.0
1996-07-22,384.3,386.2,384.0,385.0,371.0,0,0.0
1996-07-23,385.0,386.5,383.2,384.5,611.0,0,0.0
1996-07-24,384.4,386.2,384.0,385.0,391.0,0,0.0
1996-07-25,385.0,385.8,384.5,385.2,236.0,0,0.0
1996-07-26,384.7,385.9,384.4,385.3,256.0,0,0.0
1996-07-29,384.7,385.6,383.2,384.7,496.0,0,0.0
1996-07-30,384.3,385.8,384.0,385.0,291.0,0,0.0
1996-07-31,384.6,387.8,384.5,385.7,546.0,0,0.0
1996-08-01,386.0,387.5,385.8,386.6,281.0,0,0.0
1996-08-02,386.5,387.9,386.1,387.8,231.0,0,0.0
1996-08-05,387.5,390.5,387.5,389.4,411.0,0,0.0
1996-08-06,389.3,389.8,388.0,388.9,336.0,0,0.0
1996-08-07,387.9,388.9,387.8,388.6,151.0,0,0.0
1996-08-08,388.0,389.0,387.5,388.2,276.0,0,0.0
1996-08-09,387.7,389.1,387.0,387.9,416.0,0,0.0
1996-08-12,387.4,388.7,386.9,388.0,311.0,0,0.0
1996-08-13,387.2,387.5,387.1,387.5,51.0,0,0.0
1996-08-14,387.2,387.8,385.6,386.7,411.0,0,0.0
1996-08-15,386.5,387.6,385.6,386.6,386.0,0,0.0
1996-08-16,385.7,386.0,385.3,386.0,126.0,0,0.0
1996-08-19,386.0,388.0,386.0,387.6,241.0,0,0.0
1996-08-20,387.1,388.2,386.9,387.5,221.0,0,0.0
1996-08-21,387.3,388.0,386.4,387.1,311.0,0,0.0
1996-08-22,386.6,388.7,386.6,387.7,331.0,0,0.0
1996-08-23,387.3,388.8,387.0,388.5,241.0,0,0.0
1996-08-26,388.2,389.9,388.0,389.8,236.0,0,0.0
1996-08-27,388.5,388.9,387.8,388.9,181.0,0,0.0
1996-08-28,388.7,389.2,387.7,388.4,286.0,0,0.0
1996-08-29,387.6,387.9,386.4,387.9,286.0,0,0.0
1996-08-30,387.0,388.4,385.7,386.8,516.0,0,0.0
1996-09-02,386.7,387.8,385.5,387.2,406.0,0,0.0
1996-09-03,386.7,387.8,385.7,386.9,416.0,0,0.0
1996-09-04,386.4,387.2,384.9,385.8,406.0,0,0.0
1996-09-05,385.6,386.6,385.1,385.9,286.0,0,0.0
1996-09-06,385.4,386.4,384.5,385.3,371.0,0,0.0
1996-09-09,383.5,386.3,382.0,383.8,831.0,0,0.0
1996-09-10,381.9,382.9,381.9,382.9,116.0,0,0.0
1996-09-11,382.5,383.5,382.3,383.5,141.0,0,0.0
1996-09-12,381.4,382.2,381.1,382.2,156.0,0,0.0
1996-09-13,382.3,384.5,382.2,382.7,421.0,0,0.0
1996-09-16,382.2,383.9,382.2,383.0,261.0,0,0.0
1996-09-17,383.0,384.8,382.6,383.6,376.0,0,0.0
1996-09-18,382.7,383.8,382.3,383.4,246.0,0,0.0
1996-09-19,383.2,383.8,382.3,383.0,296.0,0,0.0
1996-09-20,382.3,383.0,380.3,382.1,521.0,0,0.0
1996-09-23,381.0,382.2,380.7,381.6,241.0,0,0.0
1996-09-24,381.5,383.7,381.4,382.3,391.0,0,0.0
1996-09-25,382.7,383.6,381.9,382.5,336.0,0,0.0
1996-09-26,382.0,383.2,379.8,381.4,621.0,0,0.0
1996-09-27,380.6,381.7,379.7,381.0,361.0,0,0.0
1996-09-30,380.2,380.8,377.6,379.0,541.0,0,0.0
1996-10-01,377.8,379.8,377.0,378.9,466.0,0,0.0
1996-10-02,378.5,381.2,378.3,380.8,351.0,0,0.0
1996-10-03,379.3,379.9,378.5,379.9,221.0,0,0.0
1996-10-04,380.0,381.5,379.8,380.5,306.0,0,0.0
1996-10-07,379.6,381.6,379.4,381.2,291.0,0,0.0
1996-10-08,380.7,382.2,380.5,381.5,261.0,0,0.0
1996-10-09,380.8,382.6,380.1,381.5,441.0,0,0.0
1996-10-10,381.2,383.2,381.0,382.2,346.0,0,0.0
1996-10-11,381.7,382.5,380.5,381.6,401.0,0,0.0
1996-10-14,381.2,382.3,380.6,381.8,291.0,0,0.0
1996-10-15,380.8,381.0,380.8,381.0,31.0,0,0.0
1996-10-16,380.9,382.5,380.6,382.0,281.0,0,0.0
1996-10-17,380.1,380.3,380.0,380.3,41.0,0,0.0
1996-10-18,380.1,381.3,379.1,380.4,416.0,0,0.0
1996-10-21,379.7,382.5,379.6,382.2,326.0,0,0.0
1996-10-22,381.7,385.3,381.7,384.3,466.0,0,0.0
1996-10-23,383.4,384.7,383.1,384.0,271.0,0,0.0
1996-10-24,384.0,384.5,382.3,383.3,366.0,0,0.0
1996-10-25,382.7,383.6,381.8,383.0,351.0,0,0.0
1996-10-28,382.8,383.6,382.5,383.2,201.0,0,0.0
1996-10-29,382.7,383.2,380.0,380.9,466.0,0,0.0
1996-10-30,380.5,381.1,379.3,380.5,361.0,0,0.0
1996-10-31,379.2,380.5,377.4,378.6,556.0,0,0.0
1996-11-01,377.6,378.8,376.8,378.1,351.0,0,0.0
1996-11-04,377.7,379.9,377.7,379.1,296.0,0,0.0
1996-11-05,378.7,379.8,378.3,379.6,206.0,0,0.0
1996-11-06,378.7,379.3,377.1,378.2,396.0,0,0.0
1996-11-07,377.7,381.2,377.4,379.1,636.0,0,0.0
1996-11-08,379.0,379.9,377.4,379.3,471.0,0,0.0
1996-11-11,379.5,382.1,379.3,381.0,411.0,0,0.0
1996-11-12,381.7,382.9,381.3,382.6,246.0,0,0.0
1996-11-13,382.2,385.1,381.9,383.4,536.0,0,0.0
1996-11-14,383.2,383.8,380.6,382.8,596.0,0,0.0
1996-11-15,381.4,381.9,378.5,380.0,551.0,0,0.0
1996-11-18,380.1,383.0,378.5,379.3,826.0,0,0.0
1996-11-19,378.7,380.6,377.5,378.7,626.0,0,0.0
1996-11-20,378.0,380.0,378.0,378.6,361.0,0,0.0
1996-11-21,378.0,379.0,375.5,378.0,701.0,0,0.0
1996-11-22,376.5,377.8,375.9,376.4,386.0,0,0.0
1996-11-25,375.8,376.3,374.2,375.7,421.0,0,0.0
1996-11-26,373.5,374.8,373.0,374.8,241.0,0,0.0
1996-11-27,374.4,375.0,372.5,373.3,396.0,0,0.0
1996-11-29,372.1,372.6,371.3,371.9,246.0,0,0.0
1996-12-02,370.2,372.1,368.9,369.5,591.0,0,0.0
1996-12-03,368.4,371.2,365.7,368.8,1076.0,0,0.0
1996-12-04,368.7,371.8,368.4,370.9,471.0,0,0.0
1996-12-05,369.2,372.7,367.2,371.2,906.0,0,0.0
1996-12-06,372.8,374.7,367.9,369.2,1016.0,0,0.0
1996-12-09,368.2,369.8,367.6,369.0,376.0,0,0.0
1996-12-10,367.9,369.8,367.7,368.7,341.0,0,0.0
1996-12-11,368.7,370.4,367.6,368.8,566.0,0,0.0
1996-12-12,368.7,369.7,367.8,369.0,351.0,0,0.0
1996-12-13,369.7,370.3,368.3,368.9,343.0,0,0.0
1996-12-16,368.2,369.0,367.1,368.3,366.0,0,0.0
1996-12-17,367.3,370.2,367.2,368.9,446.0,0,0.0
1996-12-18,369.2,370.1,368.5,369.5,296.0,0,0.0
1996-12-19,368.7,370.7,368.6,369.3,371.0,0,0.0
1996-12-20,369.0,369.8,368.2,369.0,321.0,0,0.0
1996-12-23,368.5,369.5,368.4,368.9,186.0,0,0.0
1996-12-24,368.3,368.5,368.3,368.5,36.0,0,0.0
1996-12-26,368.6,369.9,368.6,369.1,211.0,0,0.0
1996-12-27,369.0,370.0,369.0,369.8,141.0,0,0.0
1996-12-30,369.3,370.9,369.0,369.6,351.0,0,0.0
1996-12-31,369.2,370.0,367.0,367.9,491.0,0,0.0
1997-01-02,367.7,368.8,365.0,365.7,581.0,0,0.0
1997-01-03,365.0,365.5,360.6,361.2,621.0,0,0.0
1997-01-06,361.0,361.5,356.6,358.1,691.0,0,0.0
1997-01-07,358.0,360.4,357.6,359.1,451.0,0,0.0
1997-01-08,357.0,358.4,354.0,356.1,791.0,0,0.0
1997-01-09,353.6,357.5,353.1,357.5,491.0,0,0.0
1997-01-10,358.3,359.9,358.0,359.3,281.0,0,0.0
1997-01-13,358.3,360.7,357.7,358.9,556.0,0,0.0
1997-01-14,357.1,358.8,353.1,353.8,811.0,0,0.0
1997-01-15,352.8,355.7,351.5,352.5,811.0,0,0.0
1997-01-16,352.9,356.6,352.7,354.2,656.0,0,0.0
1997-01-17,354.2,356.3,353.5,355.6,436.0,0,0.0
1997-01-20,354.8,355.5,352.4,354.1,551.0,0,0.0
1997-01-21,353.0,355.7,351.9,353.2,741.0,0,0.0
1997-01-22,351.0,352.6,349.6,351.2,576.0,0,0.0
1997-01-23,349.0,351.3,346.2,351.3,791.0,0,0.0
1997-01-24,351.9,354.7,350.8,352.8,701.0,0,0.0
1997-01-27,352.4,357.0,352.1,356.7,571.0,0,0.0
1997-01-28,355.6,357.8,352.2,353.6,926.0,0,0.0
1997-01-29,352.7,353.7,350.0,351.5,616.0,0,0.0
1997-01-30,350.0,351.5,345.1,345.9,871.0,0,0.0
1997-01-31,345.3,346.8,343.2,344.3,641.0,0,0.0
1997-02-03,343.7,346.3,343.0,346.3,416.0,0,0.0
1997-02-04,346.1,347.6,343.8,344.6,626.0,0,0.0
1997-02-05,344.0,346.3,341.9,344.9,801.0,0,0.0
1997-02-06,342.5,345.0,341.8,342.7,621.0,0,0.0
1997-02-07,341.7,343.3,338.8,342.0,871.0,0,0.0
1997-02-10,342.5,343.2,339.6,341.4,611.0,0,0.0
1997-02-11,341.3,341.8,338.0,340.1,652.0,0,0.0
1997-02-12,338.4,346.1,336.1,343.0,1546.0,0,0.0
1997-02-13,343.1,344.3,340.5,341.2,586.0,0,0.0
1997-02-14,340.7,347.0,340.4,345.0,901.0,0,0.0
1997-02-17,344.1,345.4,341.1,344.5,841.0,0,0.0
1997-02-18,343.7,347.5,343.7,346.1,521.0,0,0.0
1997-02-19,345.6,347.5,345.0,345.5,491.0,0,0.0
1997-02-20,345.3,352.4,344.4,350.9,1060.0,0,0.0
1997-02-21,351.1,355.6,350.0,352.5,981.0,0,0.0
1997-02-24,352.2,354.1,351.1,353.0,540.0,0,0.0
1997-02-25,353.0,355.4,351.7,354.5,591.0,0,0.0
1997-02-26,354.1,356.8,352.5,354.5,821.0,0,0.0
1997-02-27,353.6,362.2,353.6,358.9,1201.0,0,0.0
1997-02-28,359.4,363.4,358.0,360.9,946.0,0,0.0
1997-03-03,362.9,364.2,361.5,362.1,461.0,0,0.0
1997-03-04,361.7,363.2,358.2,359.2,762.0,0,0.0
1997-03-05,358.3,359.4,351.5,353.1,1072.0,0,0.0
1997-03-06,352.8,353.8,351.3,352.4,471.0,0,0.0
1997-03-07,351.6,353.3,347.8,349.3,886.0,0,0.0
1997-03-10,348.9,352.2,348.6,352.0,426.0,0,0.0
1997-03-11,350.2,354.6,350.0,354.0,551.0,0,0.0
1997-03-12,353.0,354.5,350.7,352.3,706.0,0,0.0
1997-03-13,351.7,354.5,350.8,353.6,561.0,0,0.0
1997-03-14,353.2,353.9,351.1,352.5,496.0,0,0.0
1997-03-17,352.2,353.3,347.0,348.0,856.0,0,0.0
1997-03-18,346.7,350.5,345.3,349.6,766.0,0,0.0
1997-03-19,349.7,354.2,348.1,352.2,971.0,0,0.0
1997-03-20,351.7,353.9,350.4,351.7,717.0,0,0.0
1997-03-21,351.7,354.2,350.5,353.1,601.0,0,0.0
1997-03-24,352.1,353.4,348.6,350.4,806.0,0,0.0
1997-03-25,350.2,351.9,346.8,347.8,792.0,0,0.0
1997-03-26,347.5,351.7,345.9,350.5,876.0,0,0.0
1997-03-27,350.1,350.8,347.4,348.4,511.0,0,0.0
1997-03-28,348.6,349.1,348.6,349.1,51.0,0,0.0
1997-03-31,348.6,352.2,348.0,351.5,551.0,0,0.0
1997-04-01,349.2,351.6,348.6,351.6,376.0,0,0.0
1997-04-02,351.2,352.2,348.7,349.3,521.0,0,0.0
1997-04-03,349.1,351.0,346.8,349.0,831.0,0,0.0
1997-04-04,348.6,349.6,346.6,349.0,561.0,0,0.0
1997-04-07,347.3,349.7,346.7,348.4,520.0,0,0.0
1997-04-08,347.2,349.8,347.2,348.7,376.0,0,0.0
1997-04-09,347.9,349.3,347.1,348.3,401.0,0,0.0
1997-04-10,347.4,349.6,347.0,348.3,436.0,0,0.0
1997-04-11,348.0,349.8,345.3,347.2,821.0,0,0.0
1997-04-14,346.7,347.9,345.8,346.6,413.0,0,0.0
1997-04-15,345.7,346.9,340.2,342.2,1006.0,0,0.0
1997-04-16,341.4,342.4,337.5,340.2,876.0,0,0.0
1997-04-17,341.3,344.5,339.5,342.8,851.0,0,0.0
1997-04-18,341.7,343.3,340.7,341.7,526.0,0,0.0
1997-04-21,341.3,343.3,341.1,343.0,286.0,0,0.0
1997-04-22,342.4,343.5,340.8,341.6,461.0,0,0.0
1997-04-23,340.5,341.1,340.1,341.1,141.0,0,0.0
1997-04-24,340.9,342.3,340.0,341.0,451.0,0,0.0
1997-04-25,340.3,343.7,340.3,342.2,511.0,0,0.0
1997-04-28,342.1,342.6,338.7,339.8,546.0,0,0.0
1997-04-29,339.3,340.9,338.8,340.1,351.0,0,0.0
1997-04-30,339.7,341.6,339.0,339.6,511.0,0,0.0
1997-05-01,339.1,341.7,338.6,340.5,496.0,0,0.0
1997-05-02,339.7,340.0,339.4,340.0,91.0,0,0.0
1997-05-05,340.0,343.6,339.8,343.2,451.0,0,0.0
1997-05-06,342.5,344.3,339.0,340.4,851.0,0,0.0
1997-05-07,340.2,342.8,340.0,341.2,461.0,0,0.0
1997-05-08,341.2,345.6,340.9,344.0,661.0,0,0.0
1997-05-09,343.6,347.7,343.2,347.7,491.0,0,0.0
1997-05-12,347.7,351.3,345.7,347.7,1130.0,0,0.0
1997-05-13,346.8,349.1,345.7,349.1,465.0,0,0.0
1997-05-14,348.4,349.7,346.4,347.4,576.0,0,0.0
1997-05-15,348.2,349.5,345.7,347.8,721.0,0,0.0
1997-05-16,346.8,347.7,343.2,344.3,662.0,0,0.0
1997-05-19,344.2,344.9,339.7,341.9,822.0,0,0.0
1997-05-20,341.1,343.9,340.0,343.3,561.0,0,0.0
1997-05-21,342.0,342.7,341.4,342.7,191.0,0,0.0
1997-05-22,342.6,343.9,341.9,342.9,371.0,0,0.0
1997-05-23,342.3,343.6,341.1,342.8,471.0,0,0.0
1997-05-27,342.3,345.0,342.3,344.3,346.0,0,0.0
1997-05-28,343.0,344.5,342.2,344.5,326.0,0,0.0
1997-05-29,343.9,345.5,342.8,345.5,381.0,0,0.0
1997-05-30,345.6,347.5,343.5,344.9,741.0,0,0.0
1997-06-02,344.2,344.2,343.2,344.2,201.0,0,0.0
1997-06-03,343.5,345.2,342.2,343.5,611.0,0,0.0
1997-06-04,343.1,344.8,340.7,341.5,666.0,0,0.0
1997-06-05,341.4,343.1,339.2,343.1,611.0,0,0.0
1997-06-06,342.3,345.7,341.0,343.9,781.0,0,0.0
1997-06-09,344.5,345.2,343.0,344.3,431.0,0,0.0
1997-06-10,343.3,343.8,343.1,343.8,106.0,0,0.0
1997-06-11,343.7,345.2,342.9,344.0,426.0,0,0.0
1997-06-12,343.5,344.0,341.1,341.8,411.0,0,0.0
1997-06-13,342.4,342.9,340.6,341.3,366.0,0,0.0
1997-06-16,340.6,342.4,340.5,342.4,201.0,0,0.0
1997-06-17,342.5,343.0,341.3,342.0,301.0,0,0.0
1997-06-18,341.8,342.8,338.9,339.4,552.0,0,0.0
1997-06-19,339.7,340.2,338.3,340.2,350.0,0,0.0
1997-06-20,339.8,340.5,337.1,337.9,507.0,0,0.0
1997-06-23,336.6,339.6,336.6,339.6,306.0,0,0.0
1997-06-24,340.0,340.7,337.1,337.8,506.0,0,0.0
1997-06-25,337.1,339.7,336.8,337.6,531.0,0,0.0
1997-06-26,337.5,339.5,336.6,338.5,481.0,0,0.0
1997-06-27,338.2,338.8,333.7,334.8,681.0,0,0.0
1997-06-30,334.5,337.0,333.1,334.2,751.0,0,0.0
1997-07-01,334.5,335.0,333.2,334.2,341.0,0,0.0
1997-07-02,333.2,334.2,330.7,331.4,536.0,0,0.0
1997-07-03,331.7,333.4,323.4,325.5,1396.0,0,0.0
1997-07-04,324.6,326.1,322.3,324.7,766.0,0,0.0
1997-07-07,324.2,324.7,313.7,316.7,1471.0,0,0.0
1997-07-08,317.6,322.8,316.3,320.5,1021.0,0,0.0
1997-07-09,319.4,320.7,315.3,318.5,991.0,0,0.0
1997-07-10,317.8,321.6,317.0,320.1,720.0,0,0.0
1997-07-11,319.7,322.5,318.7,321.6,571.0,0,0.0
1997-07-14,321.2,322.9,319.2,320.0,623.0,0,0.0
1997-07-15,319.0,321.6,317.8,318.3,691.0,0,0.0
1997-07-16,317.7,321.7,316.6,318.3,971.0,0,0.0
1997-07-17,317.9,324.5,317.8,324.0,741.0,0,0.0
1997-07-18,322.2,330.4,322.2,329.2,941.0,0,0.0
1997-07-21,327.5,328.7,325.2,325.8,536.0,0,0.0
1997-07-22,326.7,329.6,324.6,325.5,881.0,0,0.0
1997-07-23,324.1,325.3,322.8,323.3,421.0,0,0.0
1997-07-24,322.8,329.1,320.3,323.5,1691.0,0,0.0
1997-07-25,323.1,327.4,322.3,326.2,726.0,0,0.0
1997-07-28,325.4,329.7,324.0,328.9,806.0,0,0.0
1997-07-29,327.7,328.7,324.8,326.2,646.0,0,0.0
1997-07-30,325.7,328.5,325.3,326.3,591.0,0,0.0
1997-07-31,325.7,327.8,323.3,324.8,822.0,0,0.0
1997-08-01,324.1,325.8,323.4,324.9,415.0,0,0.0
1997-08-04,324.5,325.4,323.3,324.2,401.0,0,0.0
1997-08-05,323.6,324.2,318.3,320.9,917.0,0,0.0
1997-08-06,318.3,320.6,317.3,318.8,621.0,0,0.0
1997-08-07,318.2,323.2,317.9,322.1,690.0,0,0.0
1997-08-08,321.2,328.8,320.4,327.3,1090.0,0,0.0
1997-08-11,326.2,329.6,326.0,328.6,496.0,0,0.0
1997-08-12,328.0,328.6,324.8,327.3,701.0,0,0.0
1997-08-13,327.1,329.5,325.7,327.1,761.0,0,0.0
1997-08-14,327.3,328.4,322.9,324.7,852.0,0,0.0
1997-08-15,323.1,325.8,323.0,325.8,291.0,0,0.0
1997-08-18,324.5,327.3,320.8,321.7,1021.0,0,0.0
1997-08-19,321.2,323.9,321.1,323.5,331.0,0,0.0
1997-08-20,322.7,323.7,320.5,321.7,551.0,0,0.0
1997-08-21,321.2,323.7,320.7,323.7,351.0,0,0.0
1997-08-22,323.2,328.4,321.3,324.9,1270.0,0,0.0
1997-08-25,325.7,326.4,323.7,324.9,481.0,0,0.0
1997-08-26,324.3,327.5,323.9,326.1,551.0,0,0.0
1997-08-27,325.0,326.6,324.0,325.7,451.0,0,0.0
1997-08-28,325.0,327.3,323.5,324.2,681.0,0,0.0
1997-08-29,324.1,326.8,323.5,325.5,531.0,0,0.0
1997-09-01,324.1,325.5,324.0,324.8,241.0,0,0.0
1997-09-02,324.2,325.6,321.6,322.8,656.0,0,0.0
1997-09-03,322.1,323.0,320.7,322.2,471.0,0,0.0
1997-09-04,321.7,323.6,320.3,321.6,656.0,0,0.0
1997-09-05,321.1,323.0,320.8,322.8,271.0,0,0.0
1997-09-08,321.5,321.7,320.3,321.7,261.0,0,0.0
1997-09-09,321.2,322.4,320.6,321.6,325.0,0,0.0
1997-09-10,320.8,322.0,320.4,321.9,226.0,0,0.0
1997-09-11,321.3,325.9,320.5,324.4,776.0,0,0.0
1997-09-12,323.2,325.2,321.7,323.9,646.0,0,0.0
1997-09-15,323.6,325.0,321.5,323.3,671.0,0,0.0
1997-09-16,322.4,322.9,319.7,321.0,516.0,0,0.0
1997-09-17,320.7,321.2,319.4,320.5,351.0,0,0.0
1997-09-18,320.3,321.8,319.8,320.9,341.0,0,0.0
1997-09-19,320.4,323.2,320.2,321.1,531.0,0,0.0
1997-09-22,320.6,322.3,320.0,321.2,401.0,0,0.0
1997-09-23,320.5,321.7,320.2,321.7,181.0,0,0.0
1997-09-24,321.3,324.3,320.7,323.4,530.0,0,0.0
1997-09-25,323.0,328.2,322.5,327.4,711.0,0,0.0
1997-09-26,326.1,327.7,325.1,327.0,431.0,0,0.0
1997-09-29,325.9,329.8,325.9,328.5,531.0,0,0.0
1997-09-30,328.0,335.7,327.0,334.7,1071.0,0,0.0
1997-10-01,333.6,339.8,332.9,334.0,1341.0,0,0.0
1997-10-02,333.7,334.2,330.5,331.7,556.0,0,0.0
1997-10-03,331.2,335.9,330.0,335.1,791.0,0,0.0
1997-10-06,334.2,335.0,331.7,332.8,532.0,0,0.0
1997-10-07,332.2,334.4,330.7,331.7,692.0,0,0.0
1997-10-08,331.1,334.4,330.6,333.5,531.0,0,0.0
1997-10-09,333.3,334.9,325.3,328.0,1391.0,0,0.0
1997-10-10,327.7,330.4,327.3,329.8,426.0,0,0.0
1997-10-13,329.8,331.1,327.8,328.7,572.0,0,0.0
1997-10-14,328.6,329.3,326.9,328.2,441.0,0,0.0
1997-10-15,327.7,328.4,324.9,325.6,493.0,0,0.0
1997-10-16,326.6,328.1,324.8,326.1,611.0,0,0.0
1997-10-17,325.3,327.0,323.2,325.5,741.0,0,0.0
1997-10-20,324.8,325.4,323.1,323.9,382.0,0,0.0
1997-10-21,323.1,324.8,322.3,323.1,496.0,0,0.0
1997-10-22,322.3,324.2,321.8,322.6,456.0,0,0.0
1997-10-23,322.3,324.9,322.0,323.8,436.0,0,0.0
1997-10-24,323.2,323.9,307.8,308.7,1787.0,0,0.0
1997-10-27,308.7,313.1,307.2,312.0,856.0,0,0.0
1997-10-28,309.5,316.5,309.5,316.0,751.0,0,0.0
1997-10-29,315.4,317.1,312.0,314.1,906.0,0,0.0
1997-10-30,313.3,318.6,312.3,316.6,940.0,0,0.0
1997-10-31,317.7,318.2,310.0,311.7,1041.0,0,0.0
1997-11-03,310.9,315.6,310.8,313.7,681.0,0,0.0
1997-11-04,313.2,316.4,312.0,314.1,791.0,0,0.0
1997-11-05,313.6,315.9,313.0,313.8,571.0,0,0.0
1997-11-06,313.7,314.5,311.0,312.7,601.0,0,0.0
1997-11-07,313.0,313.8,307.7,310.5,981.0,0,0.0
1997-11-10,310.0,311.5,308.3,310.4,611.0,0,0.0
1997-11-11,309.6,314.7,309.3,309.9,1056.0,0,0.0
1997-11-12,308.8,310.7,306.8,307.7,682.0,0,0.0
1997-11-13,307.8,308.8,307.1,308.0,326.0,0,0.0
1997-11-14,308.0,308.8,299.0,303.6,1521.0,0,0.0
1997-11-17,303.3,305.7,302.1,304.1,641.0,0,0.0
1997-11-18,303.2,307.2,302.9,307.0,481.0,0,0.0
1997-11-19,306.2,307.2,303.4,305.8,721.0,0,0.0
1997-11-20,303.0,304.3,302.3,303.0,416.0,0,0.0
1997-11-21,303.1,305.9,302.8,304.0,541.0,0,0.0
1997-11-24,304.6,306.9,302.3,303.2,781.0,0,0.0
1997-11-25,302.5,304.2,299.4,300.6,781.0,0,0.0
1997-11-26,298.0,299.7,294.5,296.8,931.0,0,0.0
1997-11-28,295.2,296.6,295.1,296.6,166.0,0,0.0
1997-12-01,297.2,297.7,292.8,294.1,676.0,0,0.0
1997-12-02,293.1,296.0,292.3,293.9,671.0,0,0.0
1997-12-03,293.2,295.0,289.7,292.6,994.0,0,0.0
1997-12-04,292.1,293.0,286.0,286.5,841.0,0,0.0
1997-12-05,285.7,289.1,285.7,288.4,412.0,0,0.0
1997-12-08,287.9,289.4,287.1,288.1,441.0,0,0.0
1997-12-09,287.1,288.1,281.1,283.0,991.0,0,0.0
1997-12-10,283.7,288.6,282.2,286.8,986.0,0,0.0
1997-12-11,287.3,288.1,283.3,284.3,672.0,0,0.0
1997-12-12,283.6,284.5,281.7,283.1,511.0,0,0.0
1997-12-15,282.7,286.5,282.5,284.6,611.0,0,0.0
1997-12-16,284.2,286.5,282.8,284.0,731.0,0,0.0
1997-12-17,286.7,290.0,283.3,289.4,1073.0,0,0.0
1997-12-18,288.1,291.3,285.7,287.6,1071.0,0,0.0
1997-12-19,286.1,290.1,285.8,289.3,551.0,0,0.0
1997-12-22,288.5,291.0,288.0,291.0,351.0,0,0.0
1997-12-23,291.2,294.9,291.1,294.3,463.0,0,0.0
1997-12-24,294.0,297.1,293.7,296.7,423.0,0,0.0
1997-12-26,296.2,296.7,294.1,294.9,391.0,0,0.0
1997-12-29,294.3,294.9,290.0,291.4,706.0,0,0.0
1997-12-30,290.0,292.6,288.9,290.4,711.0,0,0.0
1997-12-31,290.1,290.6,286.7,289.3,701.0,0,0.0
1998-01-02,288.1,289.7,287.0,288.4,526.0,0,0.0
1998-01-05,288.0,289.8,280.5,282.1,1271.0,0,0.0
1998-01-06,281.5,284.7,280.0,281.7,931.0,0,0.0
1998-01-07,280.5,284.1,280.5,283.9,396.0,0,0.0
1998-01-08,283.0,284.8,278.2,281.2,1146.0,0,0.0
1998-01-09,282.2,282.6,277.9,278.8,606.0,0,0.0
1998-01-12,279.0,279.8,277.5,278.4,401.0,0,0.0
1998-01-13,276.7,282.4,276.7,282.4,576.0,0,0.0
1998-01-14,282.7,286.9,280.8,282.2,1182.0,0,0.0
1998-01-15,281.4,286.5,280.3,285.9,796.0,0,0.0
1998-01-16,286.7,293.5,286.7,290.4,991.0,0,0.0
1998-01-19,290.0,290.5,285.1,287.7,851.0,0,0.0
1998-01-20,286.4,292.7,286.2,290.6,896.0,0,0.0
1998-01-21,290.6,293.6,289.4,292.7,626.0,0,0.0
1998-01-22,292.9,295.7,289.5,290.7,1021.0,0,0.0
1998-01-23,289.7,300.7,289.7,299.9,1186.0,0,0.0
1998-01-26,298.5,305.5,295.8,297.3,1821.0,0,0.0
1998-01-27,298.2,301.1,297.8,300.7,416.0,0,0.0
1998-01-28,299.4,305.7,296.7,305.7,1171.0,0,0.0
1998-01-29,305.2,306.4,301.6,303.1,766.0,0,0.0
1998-01-30,301.4,305.2,299.6,302.6,1016.0,0,0.0
1998-02-02,302.2,304.0,301.0,303.2,501.0,0,0.0
1998-02-03,302.9,303.4,294.0,295.6,1166.0,0,0.0
1998-02-04,295.4,299.1,294.8,299.1,501.0,0,0.0
1998-02-05,298.9,304.2,295.6,298.9,1721.0,0,0.0
1998-02-06,298.0,302.2,297.0,298.4,1011.0,0,0.0
1998-02-09,297.8,302.3,297.8,300.0,681.0,0,0.0
1998-02-10,299.0,301.9,299.0,300.7,411.0,0,0.0
1998-02-11,300.6,301.5,297.9,300.3,691.0,0,0.0
1998-02-12,300.1,301.3,297.3,299.0,701.0,0,0.0
1998-02-13,298.0,299.6,297.8,299.6,211.0,0,0.0
1998-02-16,298.7,300.4,297.1,298.6,666.0,0,0.0
1998-02-17,298.0,300.8,296.8,298.2,801.0,0,0.0
1998-02-18,297.2,299.1,296.6,297.8,441.0,0,0.0
1998-02-19,297.7,300.2,297.4,299.1,426.0,0,0.0
1998-02-20,298.5,299.0,296.0,297.5,501.0,0,0.0
1998-02-23,296.6,297.5,292.0,293.7,811.0,0,0.0
1998-02-24,293.6,294.1,290.5,291.7,531.0,0,0.0
1998-02-25,291.0,293.4,290.8,292.3,401.0,0,0.0
1998-02-26,291.8,295.0,291.5,294.9,391.0,0,0.0
1998-02-27,294.3,300.5,293.8,299.4,841.0,0,0.0
1998-03-02,299.5,300.7,297.7,299.9,561.0,0,0.0
1998-03-03,298.9,299.9,296.0,298.1,716.0,0,0.0
1998-03-04,297.2,298.7,295.0,296.3,656.0,0,0.0
1998-03-05,295.7,297.2,292.8,293.7,696.0,0,0.0
1998-03-06,293.2,295.9,292.7,294.6,506.0,0,0.0
1998-03-09,293.9,295.2,293.3,294.6,331.0,0,0.0
1998-03-10,293.9,296.2,293.8,296.1,266.0,0,0.0
1998-03-11,295.6,296.5,293.7,294.8,501.0,0,0.0
1998-03-12,293.7,294.3,293.3,294.3,141.0,0,0.0
1998-03-13,294.2,295.9,293.9,295.5,286.0,0,0.0
1998-03-16,295.1,295.7,293.6,294.4,351.0,0,0.0
1998-03-17,294.0,295.7,291.2,292.2,721.0,0,0.0
1998-03-18,292.1,292.7,286.2,291.4,1241.0,0,0.0
1998-03-19,291.1,293.8,289.7,291.7,766.0,0,0.0
1998-03-20,290.8,293.3,290.7,291.9,426.0,0,0.0
1998-03-23,292.1,300.0,291.5,299.2,1001.0,0,0.0
1998-03-24,296.9,302.3,296.9,299.9,781.0,0,0.0
1998-03-25,298.2,299.7,297.4,299.7,311.0,0,0.0
1998-03-26,299.2,301.3,298.2,301.3,411.0,0,0.0
1998-03-27,301.3,304.9,300.9,302.5,691.0,0,0.0
1998-03-30,302.0,303.8,301.2,302.1,511.0,0,0.0
1998-03-31,301.1,302.8,299.3,301.1,715.0,0,0.0
1998-04-01,300.4,302.7,298.6,300.0,786.0,0,0.0
1998-04-02,299.1,303.3,298.7,302.4,606.0,0,0.0
1998-04-03,301.7,308.8,301.7,308.4,756.0,0,0.0
1998-04-06,307.5,314.9,306.1,309.3,1581.0,0,0.0
1998-04-07,309.0,310.3,306.0,309.7,786.0,0,0.0
1998-04-08,309.7,310.7,307.0,309.0,686.0,0,0.0
1998-04-09,309.0,310.0,306.8,308.7,627.0,0,0.0
1998-04-10,307.5,308.7,307.5,308.0,191.0,0,0.0
1998-04-13,309.6,311.5,309.4,311.4,241.0,0,0.0
1998-04-14,310.4,311.1,307.8,308.5,471.0,0,0.0
1998-04-15,308.3,309.3,306.2,307.5,541.0,0,0.0
1998-04-16,306.3,309.0,305.7,308.3,466.0,0,0.0
1998-04-17,308.0,309.0,306.6,308.0,496.0,0,0.0
1998-04-20,306.9,308.8,306.4,308.2,351.0,0,0.0
1998-04-21,308.0,312.8,306.9,310.9,901.0,0,0.0
1998-04-22,310.3,314.4,310.0,313.5,561.0,0,0.0
1998-04-23,312.6,315.2,311.9,314.3,491.0,0,0.0
1998-04-24,313.4,314.2,311.8,312.9,431.0,0,0.0
1998-04-27,312.2,313.6,308.9,309.9,716.0,0,0.0
1998-04-28,309.3,310.8,306.3,308.2,802.0,0,0.0
1998-04-29,307.6,311.3,307.0,310.4,596.0,0,0.0
1998-04-30,310.7,312.0,305.5,306.9,932.0,0,0.0
1998-05-01,306.2,307.1,301.1,302.5,846.0,0,0.0
1998-05-04,302.4,305.9,302.0,304.5,586.0,0,0.0
1998-05-05,303.6,305.2,302.5,303.6,546.0,0,0.0
1998-05-06,303.6,304.3,299.4,301.0,721.0,0,0.0
1998-05-07,300.4,301.4,296.6,298.7,811.0,0,0.0
1998-05-08,297.2,301.8,297.2,300.1,631.0,0,0.0
1998-05-11,299.5,301.5,297.7,300.5,676.0,0,0.0
1998-05-12,299.8,300.6,296.9,298.2,581.0,0,0.0
1998-05-13,297.8,300.1,295.2,298.7,891.0,0,0.0
1998-05-14,297.8,298.8,295.1,298.8,641.0,0,0.0
1998-05-15,298.6,303.9,298.6,301.5,771.0,0,0.0
1998-05-18,301.0,302.2,298.5,299.8,621.0,0,0.0
1998-05-19,299.1,300.6,298.1,299.0,506.0,0,0.0
1998-05-20,297.8,301.3,297.0,299.8,676.0,0,0.0
1998-05-21,299.1,300.9,298.7,300.9,261.0,0,0.0
1998-05-22,301.0,301.7,299.2,300.1,411.0,0,0.0
1998-05-25,298.8,299.4,298.8,299.4,76.0,0,0.0
1998-05-26,299.3,300.1,294.7,295.8,731.0,0,0.0
1998-05-27,294.7,296.4,290.4,293.3,1081.0,0,0.0
1998-05-28,294.1,294.9,292.8,293.4,371.0,0,0.0
1998-05-29,292.6,294.7,291.2,293.1,666.0,0,0.0
1998-06-01,292.7,293.3,288.1,288.7,656.0,0,0.0
1998-06-02,288.0,292.3,286.8,291.4,771.0,0,0.0
1998-06-03,290.8,294.6,290.0,293.3,676.0,0,0.0
1998-06-04,291.9,293.4,291.4,293.4,251.0,0,0.0
1998-06-05,292.6,294.2,290.3,291.9,711.0,0,0.0
1998-06-08,290.9,296.6,289.0,296.6,966.0,0,0.0
1998-06-09,294.9,299.3,292.3,293.9,1301.0,0,0.0
1998-06-10,292.8,295.6,288.7,293.5,1321.0,0,0.0
1998-06-11,292.3,294.7,286.5,287.3,1156.0,0,0.0
1998-06-12,286.5,289.4,284.5,286.3,956.0,0,0.0
1998-06-15,285.2,287.0,283.7,285.1,666.0,0,0.0
1998-06-16,284.2,288.9,283.9,288.8,546.0,0,0.0
1998-06-17,288.8,294.3,287.4,293.6,916.0,0,0.0
1998-06-18,295.7,296.0,290.9,293.5,801.0,0,0.0
1998-06-19,293.0,300.5,292.0,299.0,1101.0,0,0.0
1998-06-22,299.2,299.7,293.6,296.0,912.0,0,0.0
1998-06-23,295.8,296.3,293.4,295.3,536.0,0,0.0
1998-06-24,293.7,295.3,291.9,293.1,636.0,0,0.0
1998-06-25,292.4,295.3,292.0,294.0,516.0,0,0.0
1998-06-26,293.2,294.9,292.1,294.0,496.0,0,0.0
1998-06-29,292.9,294.6,291.9,293.9,441.0,0,0.0
1998-06-30,293.3,298.3,293.3,297.2,611.0,0,0.0
1998-07-01,297.6,298.6,295.0,296.7,646.0,0,0.0
1998-07-02,295.7,296.8,293.2,294.1,576.0,0,0.0
1998-07-03,293.5,295.5,293.4,295.1,271.0,0,0.0
1998-07-06,293.8,294.6,292.2,293.5,466.0,0,0.0
1998-07-07,293.4,295.9,292.7,295.2,461.0,0,0.0
1998-07-08,294.9,296.1,290.8,293.5,931.0,0,0.0
1998-07-09,293.0,293.9,290.6,292.4,596.0,0,0.0
1998-07-10,291.0,291.9,289.5,291.1,481.0,0,0.0
1998-07-13,289.6,292.7,288.0,291.9,711.0,0,0.0
1998-07-14,291.2,294.6,291.2,293.3,490.0,0,0.0
1998-07-15,292.9,294.6,292.0,293.9,426.0,0,0.0
1998-07-16,293.2,295.7,292.3,293.5,651.0,0,0.0
1998-07-17,293.1,294.9,292.8,294.7,256.0,0,0.0
1998-07-20,293.4,295.6,293.3,295.6,256.0,0,0.0
1998-07-21,295.3,296.0,294.5,295.1,296.0,0,0.0
1998-07-22,294.6,295.6,293.6,294.5,391.0,0,0.0
1998-07-23,293.8,295.1,292.0,293.4,581.0,0,0.0
1998-07-24,293.8,295.4,290.2,291.7,831.0,0,0.0
1998-07-27,291.1,291.9,289.3,290.6,481.0,0,0.0
1998-07-28,289.7,292.1,289.3,291.9,346.0,0,0.0
1998-07-29,291.5,292.4,289.0,290.3,561.0,0,0.0
1998-07-30,289.5,291.6,288.6,290.2,526.0,0,0.0
1998-07-31,288.8,290.5,285.7,286.7,751.0,0,0.0
1998-08-03,286.2,287.5,282.5,283.2,701.0,0,0.0
1998-08-04,283.5,289.7,283.5,288.5,746.0,0,0.0
1998-08-05,289.5,290.3,286.9,288.2,556.0,0,0.0
1998-08-06,287.5,288.8,286.3,287.7,481.0,0,0.0
1998-08-07,287.0,288.0,285.2,286.9,551.0,0,0.0
1998-08-10,286.1,287.2,285.0,287.2,331.0,0,0.0
1998-08-11,287.2,287.7,282.9,284.2,661.0,0,0.0
1998-08-12,283.8,286.9,282.1,283.0,881.0,0,0.0
1998-08-13,282.3,285.1,282.0,285.1,341.0,0,0.0
1998-08-14,284.9,285.9,283.3,284.3,476.0,0,0.0
1998-08-17,284.2,286.1,282.2,285.3,671.0,0,0.0
1998-08-18,284.4,285.8,283.8,285.1,346.0,0,0.0
1998-08-19,285.3,287.3,282.7,283.6,751.0,0,0.0
1998-08-20,283.3,286.5,282.8,285.4,541.0,0,0.0
1998-08-21,284.6,286.1,283.2,285.0,561.0,0,0.0
1998-08-24,283.9,285.5,283.6,284.9,281.0,0,0.0
1998-08-25,284.6,285.5,281.8,283.4,631.0,0,0.0
1998-08-26,282.7,285.5,280.8,282.5,921.0,0,0.0
1998-08-27,281.2,282.2,276.2,276.8,761.0,0,0.0
1998-08-28,278.4,278.4,270.8,274.6,1151.0,0,0.0
1998-08-31,273.9,277.4,273.8,275.8,531.0,0,0.0
1998-09-01,277.1,280.0,276.9,279.1,431.0,0,0.0
1998-09-02,278.4,281.6,278.4,280.5,431.0,0,0.0
1998-09-03,279.8,286.9,278.1,285.2,1221.0,0,0.0
1998-09-04,285.4,287.7,284.0,287.1,571.0,0,0.0
1998-09-07,286.5,289.6,286.5,288.8,391.0,0,0.0
1998-09-08,288.0,289.0,284.8,286.3,671.0,0,0.0
1998-09-09,286.3,287.3,282.9,284.5,711.0,0,0.0
1998-09-10,283.9,292.4,283.9,290.7,1021.0,0,0.0
1998-09-11,291.2,297.2,289.8,293.9,1226.0,0,0.0
1998-09-14,292.4,293.5,288.8,290.6,776.0,0,0.0
1998-09-15,289.4,292.8,288.8,290.1,746.0,0,0.0
1998-09-16,289.0,290.5,287.2,287.9,566.0,0,0.0
1998-09-17,287.1,291.2,286.4,291.2,561.0,0,0.0
1998-09-18,292.3,292.8,289.0,291.7,701.0,0,0.0
1998-09-21,290.4,294.1,287.7,289.2,1161.0,0,0.0
1998-09-22,288.3,290.1,287.4,287.9,501.0,0,0.0
1998-09-23,287.2,289.4,287.0,289.4,266.0,0,0.0
1998-09-24,289.7,295.0,289.5,294.0,676.0,0,0.0
1998-09-25,294.0,300.2,293.5,294.3,1326.0,0,0.0
1998-09-28,293.1,295.5,291.6,295.5,556.0,0,0.0
1998-09-29,296.3,297.8,293.2,294.9,796.0,0,0.0
1998-09-30,295.1,298.0,293.2,297.2,751.0,0,0.0
1998-10-01,296.2,301.7,294.8,300.5,946.0,0,0.0
1998-10-02,299.8,303.7,299.0,300.7,866.0,0,0.0
1998-10-05,300.1,301.1,295.6,296.9,791.0,0,0.0
1998-10-06,295.4,298.0,293.8,296.4,756.0,0,0.0
1998-10-07,296.8,300.7,296.8,300.7,401.0,0,0.0
1998-10-08,301.8,305.1,299.1,299.9,1026.0,0,0.0
1998-10-09,300.3,302.5,296.0,297.0,971.0,0,0.0
1998-10-12,296.7,299.6,294.5,296.5,1016.0,0,0.0
1998-10-13,295.5,297.6,295.1,296.8,371.0,0,0.0
1998-10-14,296.3,297.4,294.4,296.3,616.0,0,0.0
1998-10-15,295.6,298.6,295.6,298.6,306.0,0,0.0
1998-10-16,299.9,301.3,297.2,300.2,791.0,0,0.0
1998-10-19,299.8,300.3,295.9,296.4,541.0,0,0.0
1998-10-20,295.7,297.2,294.5,296.4,476.0,0,0.0
1998-10-21,295.9,297.6,294.4,295.5,601.0,0,0.0
1998-10-22,294.7,295.5,291.2,292.5,641.0,0,0.0
1998-10-23,292.7,294.0,291.6,293.1,441.0,0,0.0
1998-10-26,291.8,292.1,290.6,292.1,286.0,0,0.0
1998-10-27,291.9,294.0,291.9,294.0,211.0,0,0.0
1998-10-28,292.6,294.9,292.5,293.3,421.0,0,0.0
1998-10-29,292.9,295.0,292.6,293.9,391.0,0,0.0
1998-10-30,293.4,295.0,291.7,292.8,601.0,0,0.0
1998-11-02,292.6,293.8,289.6,290.2,601.0,0,0.0
1998-11-03,289.9,290.8,287.6,289.2,576.0,0,0.0
1998-11-04,289.4,291.9,288.8,291.2,441.0,0,0.0
1998-11-05,290.3,294.8,290.3,294.2,526.0,0,0.0
1998-11-06,293.0,295.1,292.0,293.4,581.0,0,0.0
1998-11-09,292.4,294.1,289.5,292.9,871.0,0,0.0
1998-11-10,292.2,294.4,291.4,293.8,460.0,0,0.0
1998-11-11,293.1,294.9,292.3,293.3,501.0,0,0.0
1998-11-12,293.1,297.9,292.6,297.1,661.0,0,0.0
1998-11-13,296.4,297.9,294.9,296.2,596.0,0,0.0
1998-11-16,295.5,296.2,294.2,295.2,371.0,0,0.0
1998-11-17,294.5,295.5,293.2,294.4,446.0,0,0.0
1998-11-18,294.0,298.5,293.8,297.7,571.0,0,0.0
1998-11-19,297.3,298.6,295.0,295.9,591.0,0,0.0
1998-11-20,296.0,297.4,294.9,296.3,486.0,0,0.0
1998-11-23,295.9,297.0,294.9,296.2,386.0,0,0.0
1998-11-24,296.2,297.3,295.3,296.4,396.0,0,0.0
1998-11-25,296.0,297.7,295.1,296.9,426.0,0,0.0
1998-11-26,295.8,296.4,295.4,296.4,141.0,0,0.0
1998-11-27,295.7,297.3,295.0,296.5,391.0,0,0.0
1998-11-30,295.8,296.8,292.9,293.6,571.0,0,0.0
1998-12-01,292.2,294.8,292.2,293.9,352.0,0,0.0
1998-12-02,293.7,295.1,292.6,293.3,461.0,0,0.0
1998-12-03,292.9,294.5,291.2,292.1,596.0,0,0.0
1998-12-04,291.9,293.7,291.5,292.7,361.0,0,0.0
1998-12-07,291.8,297.6,291.8,295.3,811.0,0,0.0
1998-12-08,294.8,295.8,292.9,293.9,486.0,0,0.0
1998-12-09,293.8,295.3,293.0,293.8,476.0,0,0.0
1998-12-10,293.8,296.0,293.6,294.5,411.0,0,0.0
1998-12-11,294.9,296.1,289.3,291.1,981.0,0,0.0
1998-12-14,291.4,292.5,289.9,291.5,526.0,0,0.0
1998-12-15,291.3,293.7,291.0,293.1,361.0,0,0.0
1998-12-16,292.5,294.8,292.4,294.8,261.0,0,0.0
1998-12-17,295.3,296.6,290.7,291.8,846.0,0,0.0
1998-12-18,291.6,293.0,288.4,289.3,706.0,0,0.0
1998-12-21,289.5,291.1,288.1,289.2,571.0,0,0.0
1998-12-22,288.2,289.7,286.7,287.9,586.0,0,0.0
1998-12-23,287.3,288.3,285.0,287.1,656.0,0,0.0
1998-12-24,286.8,287.9,285.3,286.5,496.0,0,0.0
1998-12-28,285.6,286.4,285.5,286.4,101.0,0,0.0
1998-12-29,286.4,288.2,285.8,286.5,486.0,0,0.0
1998-12-30,286.0,288.4,285.9,287.3,371.0,0,0.0
1998-12-31,287.0,289.0,286.7,288.5,311.0,0,0.0
1999-01-04,288.3,289.1,286.1,287.6,541.0,0,0.0
1999-01-05,287.5,288.1,285.9,287.2,421.0,0,0.0
1999-01-06,286.6,288.3,286.3,287.8,286.0,0,0.0
1999-01-07,287.8,292.2,287.4,291.9,571.0,0,0.0
1999-01-08,291.1,292.6,290.3,291.6,411.0,0,0.0
1999-01-11,290.9,293.7,290.3,293.2,461.0,0,0.0
1999-01-12,292.4,293.1,287.0,288.8,876.0,0,0.0
1999-01-13,288.0,289.0,284.4,286.8,801.0,0,0.0
1999-01-14,285.3,286.6,285.0,286.6,206.0,0,0.0
1999-01-15,285.6,286.6,284.8,286.6,276.0,0,0.0
1999-01-18,285.9,287.1,285.7,287.1,161.0,0,0.0
1999-01-19,286.8,287.9,285.3,286.8,531.0,0,0.0
1999-01-20,286.0,286.7,285.0,286.7,276.0,0,0.0
1999-01-21,287.0,289.0,286.0,287.8,521.0,0,0.0
1999-01-22,287.1,288.4,285.7,286.6,506.0,0,0.0
1999-01-25,286.2,288.7,285.8,288.0,411.0,0,0.0
1999-01-26,287.5,288.4,285.3,286.3,501.0,0,0.0
1999-01-27,285.7,286.6,282.0,283.4,701.0,0,0.0
1999-01-28,283.1,285.6,281.4,284.4,726.0,0,0.0
1999-01-29,284.0,287.1,284.0,286.3,396.0,0,0.0
1999-02-01,286.4,289.5,286.4,289.1,351.0,0,0.0
1999-02-02,288.6,290.5,288.1,288.7,486.0,0,0.0
1999-02-03,288.6,289.2,286.0,287.9,581.0,0,0.0
1999-02-04,286.5,289.8,286.5,289.8,331.0,0,0.0
1999-02-05,289.6,290.6,288.3,288.8,396.0,0,0.0
1999-02-08,288.4,289.3,288.3,289.3,111.0,0,0.0
1999-02-09,288.6,289.1,286.4,288.0,491.0,0,0.0
1999-02-10,287.6,289.0,286.6,287.4,461.0,0,0.0
1999-02-11,286.4,287.7,286.2,287.7,171.0,0,0.0
1999-02-12,287.7,290.8,286.6,289.8,631.0,0,0.0
1999-02-15,289.1,290.9,289.0,289.7,331.0,0,0.0
1999-02-16,287.6,289.8,284.2,285.3,891.0,0,0.0
1999-02-17,285.0,286.7,284.5,285.0,456.0,0,0.0
1999-02-18,285.1,286.6,284.8,286.6,226.0,0,0.0
1999-02-19,285.7,289.1,285.6,288.5,436.0,0,0.0
1999-02-22,287.6,288.4,286.2,287.5,431.0,0,0.0
1999-02-23,286.1,287.1,285.8,287.1,166.0,0,0.0
1999-02-24,287.0,288.7,285.4,288.1,566.0,0,0.0
1999-02-25,287.5,288.9,286.0,288.2,511.0,0,0.0
1999-02-26,286.4,288.2,285.1,287.3,531.0,0,0.0
1999-03-01,286.5,287.6,285.1,286.9,461.0,0,0.0
1999-03-02,286.3,289.6,285.8,287.0,691.0,0,0.0
1999-03-03,286.0,286.9,285.3,286.9,231.0,0,0.0
1999-03-04,286.4,289.1,285.8,288.5,451.0,0,0.0
1999-03-05,287.0,288.1,286.8,288.1,166.0,0,0.0
1999-03-08,287.8,291.9,287.7,291.8,441.0,0,0.0
1999-03-09,291.0,294.4,291.0,292.2,576.0,0,0.0
1999-03-10,291.0,292.7,291.0,292.7,171.0,0,0.0
1999-03-11,292.6,294.1,292.2,294.1,231.0,0,0.0
1999-03-12,294.1,294.6,290.8,292.1,566.0,0,0.0
1999-03-15,291.9,292.4,286.1,286.9,771.0,0,0.0
1999-03-16,286.6,287.4,281.4,284.3,986.0,0,0.0
1999-03-17,283.6,285.8,283.1,284.3,471.0,0,0.0
1999-03-18,283.7,284.7,281.5,283.6,646.0,0,0.0
1999-03-19,283.0,284.6,282.6,284.5,251.0,0,0.0
1999-03-22,283.7,284.6,283.7,284.6,91.0,0,0.0
1999-03-23,284.3,285.7,282.2,284.7,676.0,0,0.0
1999-03-24,284.2,285.3,283.4,284.2,386.0,0,0.0
1999-03-25,283.7,284.4,281.8,283.7,536.0,0,0.0
1999-03-26,283.3,283.9,278.7,280.0,711.0,0,0.0
1999-03-29,279.8,281.3,279.4,280.5,326.0,0,0.0
1999-03-30,279.7,281.2,278.8,279.5,471.0,0,0.0
1999-03-31,279.0,281.2,278.1,280.3,491.0,0,0.0
1999-04-01,279.9,281.4,279.8,280.7,251.0,0,0.0
1999-04-05,279.6,280.1,277.0,278.7,531.0,0,0.0
1999-04-06,278.2,280.9,277.8,280.1,446.0,0,0.0
1999-04-07,279.9,281.1,279.5,280.8,231.0,0,0.0
1999-04-08,279.6,282.1,279.2,281.0,446.0,0,0.0
1999-04-09,280.2,282.4,279.2,281.7,506.0,0,0.0
1999-04-12,281.6,284.7,281.6,283.0,496.0,0,0.0
1999-04-13,282.2,284.5,281.9,284.2,321.0,0,0.0
1999-04-14,283.5,284.9,280.5,281.7,701.0,0,0.0
1999-04-15,281.7,284.6,280.9,283.8,551.0,0,0.0
1999-04-16,283.6,285.3,283.2,284.4,356.0,0,0.0
1999-04-19,283.3,285.4,283.3,285.1,251.0,0,0.0
1999-04-20,284.3,285.6,283.6,284.7,381.0,0,0.0
1999-04-21,284.1,284.8,282.8,284.1,411.0,0,0.0
1999-04-22,282.8,283.3,282.4,283.3,141.0,0,0.0
1999-04-23,283.3,284.8,282.7,283.8,371.0,0,0.0
1999-04-26,283.1,283.8,280.2,281.5,576.0,0,0.0
1999-04-27,280.9,283.1,280.1,282.5,451.0,0,0.0
1999-04-28,281.8,283.9,281.7,283.2,321.0,0,0.0
1999-04-29,282.6,286.8,282.4,286.3,511.0,0,0.0
1999-04-30,285.5,288.1,283.6,286.8,771.0,0,0.0
1999-05-03,286.2,287.2,285.4,286.5,341.0,0,0.0
1999-05-04,286.2,286.7,284.6,285.9,401.0,0,0.0
1999-05-05,285.3,288.4,284.8,287.4,506.0,0,0.0
1999-05-06,286.7,290.2,286.6,289.8,411.0,0,0.0
1999-05-07,288.8,289.6,279.0,283.0,1536.0,0,0.0
1999-05-10,282.1,282.6,276.9,278.1,741.0,0,0.0
1999-05-11,278.1,280.1,277.2,278.3,576.0,0,0.0
1999-05-12,278.2,279.2,276.0,277.6,591.0,0,0.0
1999-05-13,277.3,279.1,276.9,277.9,391.0,0,0.0
1999-05-14,277.6,278.6,275.1,276.2,561.0,0,0.0
1999-05-17,275.5,277.1,274.0,274.7,551.0,0,0.0
1999-05-18,274.8,275.8,273.3,274.1,436.0,0,0.0
1999-05-19,273.5,274.1,271.9,273.4,441.0,0,0.0
1999-05-20,273.1,275.4,272.5,274.7,431.0,0,0.0
1999-05-21,274.3,275.6,272.0,273.2,616.0,0,0.0
1999-05-24,271.7,272.3,271.3,272.3,156.0,0,0.0
1999-05-25,272.6,273.7,269.2,270.9,746.0,0,0.0
1999-05-26,270.5,271.4,268.7,269.6,451.0,0,0.0
1999-05-27,269.0,271.8,267.4,271.1,671.0,0,0.0
1999-05-28,270.5,272.2,268.1,270.5,821.0,0,0.0
1999-05-31,269.9,271.6,269.6,270.8,321.0,0,0.0
1999-06-01,269.8,270.3,264.8,267.9,906.0,0,0.0
1999-06-02,267.5,268.2,265.0,265.7,471.0,0,0.0
1999-06-03,265.0,267.1,263.2,266.1,676.0,0,0.0
1999-06-04,265.9,267.4,264.1,265.5,631.0,0,0.0
1999-06-07,264.4,267.9,264.1,265.9,621.0,0,0.0
1999-06-08,264.7,266.0,261.1,262.5,761.0,0,0.0
1999-06-09,262.5,263.4,257.4,259.8,931.0,0,0.0
1999-06-10,258.6,261.1,256.9,258.7,831.0,0,0.0
1999-06-11,258.5,261.4,258.5,260.9,351.0,0,0.0
1999-06-14,259.0,261.8,258.6,260.8,461.0,0,0.0
1999-06-15,259.9,261.1,258.9,259.7,426.0,0,0.0
1999-06-16,258.4,259.8,257.8,258.5,386.0,0,0.0
1999-06-17,258.1,259.5,257.7,258.6,316.0,0,0.0
1999-06-18,258.7,263.6,257.7,259.7,1076.0,0,0.0
1999-06-21,258.8,260.4,258.1,259.2,431.0,0,0.0
1999-06-22,258.8,260.0,257.7,258.6,456.0,0,0.0
1999-06-23,257.9,261.0,257.9,260.8,346.0,0,0.0
1999-06-24,260.3,261.7,259.9,260.8,331.0,0,0.0
1999-06-25,260.7,261.8,258.6,259.7,556.0,0,0.0
1999-06-28,259.3,261.4,258.8,260.7,386.0,0,0.0
1999-06-29,260.3,262.6,260.1,260.9,436.0,0,0.0
1999-06-30,260.1,261.2,260.0,261.2,131.0,0,0.0
1999-07-01,262.2,263.8,261.9,263.8,236.0,0,0.0
1999-07-02,262.7,263.0,262.4,263.0,91.0,0,0.0
1999-07-05,262.8,263.7,261.5,262.5,421.0,0,0.0
1999-07-06,262.0,263.0,255.5,257.1,1021.0,0,0.0
1999-07-07,256.4,259.1,255.3,257.6,651.0,0,0.0
1999-07-08,255.9,258.1,255.6,257.1,386.0,0,0.0
1999-07-09,256.1,259.3,255.8,257.3,596.0,0,0.0
1999-07-12,256.5,257.5,255.0,255.9,451.0,0,0.0
1999-07-13,254.1,256.7,253.4,256.0,486.0,0,0.0
1999-07-14,255.6,256.4,253.6,254.5,466.0,0,0.0
1999-07-15,253.8,255.0,252.4,254.2,476.0,0,0.0
1999-07-16,254.0,257.0,253.1,254.1,781.0,0,0.0
1999-07-19,253.7,254.7,252.8,253.5,366.0,0,0.0
1999-07-20,252.2,253.2,252.1,253.2,131.0,0,0.0
1999-07-21,253.1,256.3,252.2,255.7,571.0,0,0.0
1999-07-22,255.2,257.4,253.5,256.2,691.0,0,0.0
1999-07-23,255.4,256.3,254.3,255.0,376.0,0,0.0
1999-07-26,255.4,255.9,252.6,254.2,541.0,0,0.0
1999-07-27,253.8,255.2,253.4,254.1,341.0,0,0.0
1999-07-28,253.5,255.3,253.0,254.3,391.0,0,0.0
1999-07-29,253.7,256.6,253.1,256.6,421.0,0,0.0
1999-07-30,256.2,257.5,254.9,256.2,521.0,0,0.0
1999-08-02,255.6,256.2,253.6,255.6,526.0,0,0.0
1999-08-03,254.3,257.3,254.3,256.3,406.0,0,0.0
1999-08-04,256.3,258.8,254.2,256.4,931.0,0,0.0
1999-08-05,256.3,257.7,254.8,255.7,541.0,0,0.0
1999-08-06,254.7,255.7,254.3,255.7,191.0,0,0.0
1999-08-09,255.7,258.1,255.2,257.4,421.0,0,0.0
1999-08-10,257.0,257.3,256.1,257.3,221.0,0,0.0
1999-08-11,257.4,261.1,256.6,259.1,746.0,0,0.0
1999-08-12,259.0,261.9,258.8,261.2,396.0,0,0.0
1999-08-13,260.7,261.8,259.4,260.9,471.0,0,0.0
1999-08-16,260.1,260.9,258.0,260.4,571.0,0,0.0
1999-08-17,258.7,261.1,258.6,261.1,276.0,0,0.0
1999-08-18,261.4,262.5,258.5,259.9,651.0,0,0.0
1999-08-19,259.2,260.2,257.1,259.0,606.0,0,0.0
1999-08-20,258.1,259.6,257.1,257.6,461.0,0,0.0
1999-08-23,256.8,258.1,253.9,254.6,626.0,0,0.0
1999-08-24,254.4,255.2,252.5,253.1,416.0,0,0.0
1999-08-25,253.0,254.1,251.7,252.6,451.0,0,0.0
1999-08-26,252.2,254.2,251.9,253.1,376.0,0,0.0
1999-08-27,253.3,255.6,252.9,254.0,491.0,0,0.0
1999-08-30,253.2,255.0,253.0,254.2,306.0,0,0.0
1999-08-31,254.2,256.5,253.6,255.9,416.0,0,0.0
1999-09-01,255.7,256.4,253.1,254.2,511.0,0,0.0
1999-09-02,253.8,256.4,253.2,255.6,466.0,0,0.0
1999-09-03,255.2,256.6,253.4,254.5,586.0,0,0.0
1999-09-06,254.0,255.7,254.0,255.1,231.0,0,0.0
1999-09-07,254.5,256.9,253.9,256.1,436.0,0,0.0
1999-09-08,255.5,256.2,255.2,256.2,141.0,0,0.0
1999-09-09,256.0,257.8,256.0,257.5,231.0,0,0.0
1999-09-10,256.6,257.3,255.5,256.7,356.0,0,0.0
1999-09-13,256.2,257.5,255.6,256.8,331.0,0,0.0
1999-09-14,255.8,256.9,255.6,256.9,166.0,0,0.0
1999-09-15,256.9,258.1,255.8,256.9,476.0,0,0.0
1999-09-16,256.2,256.9,255.0,256.3,381.0,0,0.0
1999-09-17,256.0,256.6,254.5,255.0,321.0,0,0.0
1999-09-20,254.5,256.1,254.4,255.3,281.0,0,0.0
1999-09-21,254.5,261.2,254.1,261.2,756.0,0,0.0
1999-09-22,260.3,265.4,259.6,264.7,736.0,0,0.0
1999-09-23,263.4,265.9,262.0,265.9,541.0,0,0.0
1999-09-24,266.0,271.7,265.0,269.0,1061.0,0,0.0
1999-09-27,268.5,285.2,268.5,282.7,1931.0,0,0.0
1999-09-28,283.9,327.8,283.3,309.4,6361.0,0,0.0
1999-09-29,306.5,323.0,296.5,305.5,5201.0,0,0.0
1999-09-30,298.0,308.0,296.5,304.5,1651.0,0,0.0
1999-10-01,297.2,313.6,297.2,310.2,1986.0,0,0.0
1999-10-04,307.0,322.7,307.0,320.2,1831.0,0,0.0
1999-10-05,322.5,342.0,320.0,328.0,3851.0,0,0.0
1999-10-06,319.0,328.5,313.0,326.0,2401.0,0,0.0
1999-10-07,328.0,330.0,313.5,324.8,2981.0,0,0.0
1999-10-08,322.0,327.5,315.5,322.2,2381.0,0,0.0
1999-10-11,319.0,322.4,314.0,320.8,1501.0,0,0.0
1999-10-12,318.5,326.5,314.5,319.2,2331.0,0,0.0
1999-10-13,317.2,326.5,316.5,322.2,1516.0,0,0.0
1999-10-14,323.2,326.4,310.5,314.9,2366.0,0,0.0
1999-10-15,313.8,319.4,311.8,316.4,1281.0,0,0.0
1999-10-18,313.3,319.9,308.8,311.7,2063.0,0,0.0
1999-10-19,310.5,312.7,304.5,309.6,1561.0,0,0.0
1999-10-20,307.5,311.7,303.8,307.3,1571.0,0,0.0
1999-10-21,306.0,308.0,300.3,305.7,1511.0,0,0.0
1999-10-22,302.7,306.9,300.1,303.8,1266.0,0,0.0
1999-10-25,301.3,304.0,297.5,300.7,1241.0,0,0.0
1999-10-26,297.5,300.1,288.0,291.1,1781.0,0,0.0
1999-10-27,286.5,295.3,285.8,294.5,1111.0,0,0.0
1999-10-28,296.0,302.5,291.8,300.5,1701.0,0,0.0
1999-10-29,299.0,302.7,296.5,300.2,1121.0,0,0.0
1999-11-01,294.5,299.0,286.0,291.6,2311.0,0,0.0
1999-11-02,288.8,294.2,287.8,292.5,921.0,0,0.0
1999-11-03,290.2,294.3,289.8,293.2,616.0,0,0.0
1999-11-04,292.0,293.3,289.8,293.3,581.0,0,0.0
1999-11-05,291.5,293.8,287.0,291.6,1367.0,0,0.0
1999-11-08,286.7,290.4,286.4,290.3,456.0,0,0.0
1999-11-09,289.5,293.2,289.5,292.6,441.0,0,0.0
1999-11-10,291.7,299.7,290.5,298.7,1146.0,0,0.0
1999-11-11,296.5,299.5,293.0,294.5,1101.0,0,0.0
1999-11-12,293.5,295.2,290.1,291.8,861.0,0,0.0
1999-11-15,290.7,293.9,288.6,291.9,956.0,0,0.0
1999-11-16,291.2,295.8,290.5,295.2,676.0,0,0.0
1999-11-17,293.5,297.3,293.4,295.6,587.0,0,0.0
1999-11-18,294.5,295.5,292.7,294.3,541.0,0,0.0
1999-11-19,293.4,296.2,292.6,295.5,511.0,0,0.0
1999-11-22,293.8,296.4,293.4,295.4,456.0,0,0.0
1999-11-23,294.1,298.3,294.0,298.3,441.0,0,0.0
1999-11-24,297.7,300.4,296.2,299.4,671.0,0,0.0
1999-11-25,298.4,299.4,297.7,298.8,309.0,0,0.0
1999-11-26,298.3,298.9,296.3,297.6,472.0,0,0.0
1999-11-29,296.2,298.6,289.7,291.7,1341.0,0,0.0
1999-11-30,290.6,294.7,290.1,291.1,876.0,0,0.0
1999-12-01,290.7,292.0,287.9,290.2,781.0,0,0.0
1999-12-02,289.1,290.0,283.2,285.5,1020.0,0,0.0
1999-12-03,284.2,285.3,278.9,280.3,900.0,0,0.0
1999-12-06,278.4,283.0,274.0,276.6,1621.0,0,0.0
1999-12-07,277.6,284.4,277.6,284.0,721.0,0,0.0
1999-12-08,282.0,286.5,280.4,282.2,1201.0,0,0.0
1999-12-09,281.3,282.6,277.9,278.5,665.0,0,0.0
1999-12-10,277.4,281.9,277.4,279.2,731.0,0,0.0
1999-12-13,278.4,280.5,278.0,280.5,291.0,0,0.0
1999-12-14,279.9,282.2,278.6,280.2,701.0,0,0.0
1999-12-15,279.6,284.4,279.2,282.9,716.0,0,0.0
1999-12-16,283.0,283.5,279.2,282.2,791.0,0,0.0
1999-12-17,281.2,286.3,281.2,284.2,722.0,0,0.0
1999-12-20,283.3,285.3,282.3,284.4,507.0,0,0.0
1999-12-21,283.6,288.0,281.9,288.0,797.0,0,0.0
1999-12-22,287.3,290.9,285.1,287.1,1169.0,0,0.0
1999-12-23,286.4,288.2,284.9,287.1,596.0,0,0.0
1999-12-24,286.0,287.7,286.0,287.7,176.0,0,0.0
1999-12-27,287.1,287.9,286.5,287.9,213.0,0,0.0
1999-12-28,287.6,291.3,287.1,290.3,581.0,0,0.0
1999-12-29,290.0,292.2,289.4,291.2,441.0,0,0.0
1999-12-30,290.1,291.9,287.7,288.8,711.0,0,0.0
1999-12-31,290.3,291.9,287.2,289.0,813.0,0,0.0
2000-01-03,287.5,289.0,287.5,289.0,151.0,0,0.0
2000-01-04,283.6,291.4,279.5,282.0,2249.0,0,0.0
2000-01-05,282.0,283.9,279.3,281.1,851.0,0,0.0
2000-01-06,280.5,283.5,278.7,281.6,866.0,0,0.0
2000-01-07,280.8,283.7,280.1,281.9,619.0,0,0.0
2000-01-10,281.1,282.9,280.5,281.9,414.0,0,0.0
2000-01-11,281.5,284.5,280.3,283.7,631.0,0,0.0
2000-01-12,282.5,283.5,281.0,282.8,481.0,0,0.0
2000-01-13,281.1,285.2,281.0,284.4,524.0,0,0.0
2000-01-14,284.0,285.6,282.7,284.6,547.0,0,0.0
2000-01-17,283.8,287.4,282.4,285.7,806.0,0,0.0
2000-01-18,285.1,289.2,284.7,289.0,526.0,0,0.0
2000-01-19,286.6,289.6,286.5,289.6,336.0,0,0.0
2000-01-20,289.1,290.2,286.9,289.0,656.0,0,0.0
2000-01-21,288.2,290.1,286.6,289.5,581.0,0,0.0
2000-01-24,287.0,289.7,286.0,288.0,655.0,0,0.0
2000-01-25,287.0,291.5,285.5,286.5,1151.0,0,0.0
2000-01-26,287.5,288.1,284.2,286.6,696.0,0,0.0
2000-01-27,284.9,287.8,284.9,287.6,311.0,0,0.0
2000-01-28,285.5,288.4,280.3,282.8,1356.0,0,0.0
2000-01-31,281.6,287.6,281.6,283.9,981.0,0,0.0
2000-02-01,283.3,284.7,282.0,282.9,501.0,0,0.0
2000-02-02,281.5,287.2,281.5,285.2,771.0,0,0.0
2000-02-03,284.6,288.4,283.4,287.3,746.0,0,0.0
2000-02-04,287.5,315.8,285.5,310.8,3741.0,0,0.0
2000-02-07,313.0,327.0,301.0,304.0,4301.0,0,0.0
2000-02-08,302.0,307.0,294.8,300.1,2251.0,0,0.0
2000-02-09,300.5,312.5,298.2,307.7,2141.0,0,0.0
2000-02-10,307.0,317.6,307.0,317.4,1086.0,0,0.0
2000-02-11,315.3,318.7,307.2,311.1,1891.0,0,0.0
2000-02-14,310.3,316.7,304.7,309.6,2331.0,0,0.0
2000-02-15,306.7,309.7,300.0,302.5,1526.0,0,0.0
2000-02-16,302.0,305.9,297.0,303.4,1656.0,0,0.0
2000-02-17,301.5,310.5,297.3,301.5,2641.0,0,0.0
2000-02-18,300.1,306.3,299.8,305.7,736.0,0,0.0
2000-02-21,303.4,307.5,302.8,306.2,666.0,0,0.0
2000-02-22,305.7,306.7,300.9,305.7,1156.0,0,0.0
2000-02-23,304.3,306.6,299.3,300.8,1115.0,0,0.0
2000-02-24,300.8,302.7,297.5,299.1,881.0,0,0.0
2000-02-25,297.8,299.7,291.1,294.5,1401.0,0,0.0
2000-02-28,291.2,294.4,290.7,293.1,556.0,0,0.0
2000-02-29,292.1,295.3,291.3,292.7,751.0,0,0.0
2000-03-01,291.7,294.8,288.3,289.8,1137.0,0,0.0
2000-03-02,288.7,294.0,287.0,289.2,1346.0,0,0.0
2000-03-03,287.3,291.9,286.8,288.9,863.0,0,0.0
2000-03-06,288.0,290.8,287.2,288.4,697.0,0,0.0
2000-03-07,287.2,294.5,287.0,293.6,866.0,0,0.0
2000-03-08,293.0,294.7,287.5,288.5,991.0,0,0.0
2000-03-09,289.0,294.0,287.5,291.7,1031.0,0,0.0
2000-03-10,290.7,293.7,287.9,289.5,1051.0,0,0.0
2000-03-13,290.0,292.6,288.6,290.9,721.0,0,0.0
2000-03-14,290.0,292.5,287.6,289.4,931.0,0,0.0
2000-03-15,288.5,291.7,287.6,289.5,721.0,0,0.0
2000-03-16,288.6,290.2,284.9,287.0,911.0,0,0.0
2000-03-17,285.9,287.8,282.4,285.1,1011.0,0,0.0
2000-03-20,282.8,287.0,282.8,286.4,491.0,0,0.0
2000-03-21,285.1,292.1,283.3,290.2,1271.0,0,0.0
2000-03-22,289.3,291.4,284.5,288.5,1301.0,0,0.0
2000-03-23,287.0,290.6,282.4,285.7,1521.0,0,0.0
2000-03-24,285.3,288.2,283.5,285.5,931.0,0,0.0
2000-03-27,284.5,285.8,279.8,281.1,871.0,0,0.0
2000-03-28,280.3,283.0,278.7,280.5,841.0,0,0.0
2000-03-29,279.5,281.1,274.6,276.9,1051.0,0,0.0
2000-03-30,274.7,279.8,274.7,277.4,751.0,0,0.0
2000-03-31,276.7,280.8,274.0,279.3,1116.0,0,0.0
2000-04-03,278.5,279.8,276.4,278.7,677.0,0,0.0
2000-04-04,277.4,289.2,275.3,284.4,2091.0,0,0.0
2000-04-05,283.7,286.1,275.7,282.0,1916.0,0,0.0
2000-04-06,281.3,282.7,278.1,281.0,891.0,0,0.0
2000-04-07,279.9,281.9,278.9,280.7,531.0,0,0.0
2000-04-10,280.1,283.3,279.2,282.5,591.0,0,0.0
2000-04-11,281.4,284.7,280.5,282.1,781.0,0,0.0
2000-04-12,281.0,284.3,278.6,282.7,991.0,0,0.0
2000-04-13,281.7,283.5,279.2,282.4,791.0,0,0.0
2000-04-14,281.2,287.0,279.7,283.1,1281.0,0,0.0
2000-04-17,284.2,285.7,280.0,282.0,936.0,0,0.0
2000-04-18,281.0,283.4,279.9,281.8,621.0,0,0.0
2000-04-19,280.8,282.7,279.6,281.2,581.0,0,0.0
2000-04-20,280.2,281.9,278.3,280.3,711.0,0,0.0
2000-04-21,279.3,280.6,279.1,280.5,181.0,0,0.0
2000-04-24,279.5,281.4,279.0,280.3,401.0,0,0.0
2000-04-25,280.4,281.2,277.2,278.9,651.0,0,0.0
2000-04-26,277.4,281.0,274.2,276.7,1283.0,0,0.0
2000-04-27,275.1,278.2,274.7,277.3,491.0,0,0.0
2000-04-28,276.7,277.6,272.6,273.6,691.0,0,0.0
2000-05-01,275.0,275.5,272.1,273.9,571.0,0,0.0
2000-05-02,273.6,277.0,272.8,275.2,681.0,0,0.0
2000-05-03,275.1,277.9,275.0,277.9,316.0,0,0.0
2000-05-04,278.0,283.3,276.2,280.2,1201.0,0,0.0
2000-05-05,280.1,283.2,277.4,279.2,1071.0,0,0.0
2000-05-08,278.7,281.2,276.0,276.8,851.0,0,0.0
2000-05-09,276.3,278.5,275.0,277.5,581.0,0,0.0
2000-05-10,277.0,279.8,276.3,278.0,601.0,0,0.0
2000-05-11,277.4,278.8,275.2,276.4,621.0,0,0.0
2000-05-12,275.6,278.0,275.2,276.4,481.0,0,0.0
2000-05-15,276.2,277.9,273.9,275.7,751.0,0,0.0
2000-05-16,275.2,278.0,274.5,275.9,631.0,0,0.0
2000-05-17,274.9,276.9,271.5,274.3,1021.0,0,0.0
2000-05-18,273.5,275.0,271.6,274.1,631.0,0,0.0
2000-05-19,272.6,275.2,272.1,274.4,446.0,0,0.0
2000-05-22,273.8,277.6,273.0,276.2,686.0,0,0.0
2000-05-23,275.3,277.5,272.9,274.5,841.0,0,0.0
2000-05-24,273.9,275.0,272.2,274.0,561.0,0,0.0
2000-05-25,273.0,275.4,268.7,270.8,1121.0,0,0.0
2000-05-26,269.8,273.9,269.0,272.8,681.0,0,0.0
2000-05-29,272.2,275.0,271.6,272.6,641.0,0,0.0
2000-05-30,271.6,275.3,271.6,273.7,531.0,0,0.0
2000-05-31,272.6,273.9,271.4,272.6,511.0,0,0.0
2000-06-01,271.7,274.4,271.0,273.1,551.0,0,0.0
2000-06-02,272.3,283.2,272.2,281.4,1301.0,0,0.0
2000-06-05,280.8,286.7,277.6,285.7,1341.0,0,0.0
2000-06-06,285.2,291.6,281.3,290.0,1591.0,0,0.0
2000-06-07,289.0,290.0,283.9,287.8,1111.0,0,0.0
2000-06-08,286.9,288.0,283.4,284.7,711.0,0,0.0
2000-06-09,284.2,287.2,283.0,284.3,836.0,0,0.0
2000-06-12,282.7,286.4,282.6,286.4,396.0,0,0.0
2000-06-13,286.0,294.6,284.2,286.0,2095.0,0,0.0
2000-06-14,285.2,291.4,285.0,291.4,676.0,0,0.0
2000-06-15,291.5,293.7,286.3,290.1,1361.0,0,0.0
2000-06-16,289.0,292.4,287.0,289.4,1046.0,0,0.0
2000-06-19,288.9,290.9,285.0,286.5,941.0,0,0.0
2000-06-20,285.2,288.0,284.8,286.7,501.0,0,0.0
2000-06-21,285.7,288.0,285.1,286.3,526.0,0,0.0
2000-06-22,285.6,289.9,284.4,285.8,1086.0,0,0.0
2000-06-23,285.0,287.1,282.2,283.4,826.0,0,0.0
2000-06-26,282.9,285.2,281.6,284.2,601.0,0,0.0
2000-06-27,283.2,286.1,282.6,286.1,416.0,0,0.0
2000-06-28,285.8,293.6,283.9,293.0,1231.0,0,0.0
2000-06-29,292.4,293.1,287.6,289.7,836.0,0,0.0
2000-06-30,288.8,290.7,287.3,289.3,641.0,0,0.0
2000-07-03,288.6,290.6,287.4,288.2,601.0,0,0.0
2000-07-04,287.5,289.6,286.0,288.3,641.0,0,0.0
2000-07-05,286.4,288.4,283.5,284.5,791.0,0,0.0
2000-07-06,283.8,286.9,281.9,283.9,991.0,0,0.0
2000-07-07,283.2,285.2,281.6,284.0,651.0,0,0.0
2000-07-10,283.4,285.9,282.6,284.4,561.0,0,0.0
2000-07-11,283.7,284.9,281.5,282.8,591.0,0,0.0
2000-07-12,283.0,284.0,279.0,280.9,791.0,0,0.0
2000-07-13,280.4,282.4,279.4,280.7,566.0,0,0.0
2000-07-14,279.5,281.2,279.4,281.2,206.0,0,0.0
2000-07-17,280.2,284.6,280.2,283.8,531.0,0,0.0
2000-07-18,283.3,284.6,281.6,282.9,571.0,0,0.0
2000-07-19,282.1,283.1,277.1,279.4,941.0,0,0.0
2000-07-20,278.9,281.7,277.3,280.5,741.0,0,0.0
2000-07-21,280.0,282.0,278.5,280.6,651.0,0,0.0
2000-07-24,280.2,280.9,278.5,279.7,451.0,0,0.0
2000-07-25,279.0,282.1,277.6,279.3,881.0,0,0.0
2000-07-26,278.8,280.9,278.0,280.0,471.0,0,0.0
2000-07-27,279.7,281.9,277.4,279.0,826.0,0,0.0
2000-07-28,278.2,279.9,277.3,278.9,451.0,0,0.0
2000-07-31,278.0,279.0,276.1,277.5,541.0,0,0.0
2000-08-01,276.9,279.0,276.0,277.5,546.0,0,0.0
2000-08-02,277.0,279.6,276.0,277.8,651.0,0,0.0
2000-08-03,276.8,278.8,272.3,274.2,1056.0,0,0.0
2000-08-04,273.6,275.6,271.7,273.5,786.0,0,0.0
2000-08-07,272.5,275.0,272.0,274.0,451.0,0,0.0
2000-08-08,273.6,275.5,271.6,273.7,776.0,0,0.0
2000-08-09,272.7,274.7,270.8,273.0,746.0,0,0.0
2000-08-10,271.7,273.9,271.0,272.9,466.0,0,0.0
2000-08-11,272.7,276.0,272.0,275.3,546.0,0,0.0
2000-08-14,274.5,277.1,272.6,275.0,851.0,0,0.0
2000-08-15,274.7,275.8,273.6,274.8,436.0,0,0.0
2000-08-16,274.4,278.1,274.0,277.7,501.0,0,0.0
2000-08-17,277.5,279.4,275.4,277.9,771.0,0,0.0
2000-08-18,277.4,278.2,275.0,277.2,626.0,0,0.0
2000-08-21,276.4,277.7,273.8,275.7,716.0,0,0.0
2000-08-22,274.9,276.2,272.1,274.0,751.0,0,0.0
2000-08-23,273.5,274.6,270.4,271.5,641.0,0,0.0
2000-08-24,271.0,273.7,270.0,273.2,531.0,0,0.0
2000-08-25,272.7,275.3,272.0,274.5,491.0,0,0.0
2000-08-28,273.4,274.2,272.8,274.2,206.0,0,0.0
2000-08-29,273.5,275.7,272.1,273.7,711.0,0,0.0
2000-08-30,272.5,274.0,272.1,274.0,231.0,0,0.0
2000-08-31,273.8,279.1,272.7,278.2,841.0,0,0.0
2000-09-01,277.5,278.5,275.0,277.0,651.0,0,0.0
2000-09-04,276.7,278.3,276.0,277.2,416.0,0,0.0
2000-09-05,276.8,278.0,274.4,276.1,651.0,0,0.0
2000-09-06,275.4,277.1,273.1,275.0,781.0,0,0.0
2000-09-07,274.2,275.0,272.0,274.1,601.0,0,0.0
2000-09-08,273.0,275.2,271.0,273.4,811.0,0,0.0
2000-09-11,272.7,274.7,271.7,273.4,541.0,0,0.0
2000-09-12,272.9,276.0,272.1,273.3,761.0,0,0.0
2000-09-13,272.8,274.6,271.6,272.9,586.0,0,0.0
2000-09-14,272.6,274.6,271.6,272.8,581.0,0,0.0
2000-09-15,272.3,274.1,270.6,272.7,661.0,0,0.0
2000-09-18,271.8,274.8,271.0,272.0,751.0,0,0.0
2000-09-19,271.5,273.6,270.4,272.6,546.0,0,0.0
2000-09-20,271.8,273.4,268.7,269.6,721.0,0,0.0
2000-09-21,269.1,272.0,268.3,271.1,551.0,0,0.0
2000-09-22,270.4,276.5,269.6,272.4,1181.0,0,0.0
2000-09-25,271.9,275.0,271.6,274.6,431.0,0,0.0
2000-09-26,274.1,276.1,273.3,274.6,521.0,0,0.0
2000-09-27,274.1,279.9,273.6,278.7,811.0,0,0.0
2000-09-28,278.3,279.2,274.6,275.1,611.0,0,0.0
2000-09-29,275.8,277.8,272.3,274.5,991.0,0,0.0
2000-10-02,274.1,275.0,272.4,273.7,501.0,0,0.0
2000-10-03,273.2,274.1,271.4,272.5,481.0,0,0.0
2000-10-04,271.9,274.6,269.8,271.4,916.0,0,0.0
2000-10-05,270.3,272.7,268.4,270.2,861.0,0,0.0
2000-10-06,270.6,272.0,268.9,269.9,561.0,0,0.0
2000-10-09,269.1,270.6,269.1,270.6,161.0,0,0.0
2000-10-10,270.1,273.8,268.3,273.0,831.0,0,0.0
2000-10-11,272.5,275.4,270.2,271.2,931.0,0,0.0
2000-10-12,269.9,276.5,269.9,276.5,661.0,0,0.0
2000-10-13,276.5,278.0,271.2,272.9,1016.0,0,0.0
2000-10-16,272.6,274.2,270.2,272.3,776.0,0,0.0
2000-10-17,271.8,272.6,268.9,271.5,721.0,0,0.0
2000-10-18,271.0,274.3,269.4,271.0,986.0,0,0.0
2000-10-19,271.5,272.3,269.7,271.2,506.0,0,0.0
2000-10-20,270.8,275.7,269.7,271.8,1111.0,0,0.0
2000-10-23,270.9,272.6,269.4,270.6,621.0,0,0.0
2000-10-24,270.0,272.1,269.3,270.4,531.0,0,0.0
2000-10-25,270.0,271.0,265.7,267.0,781.0,0,0.0
2000-10-26,266.5,268.0,264.0,265.5,711.0,0,0.0
2000-10-27,265.2,267.3,261.9,264.8,1043.0,0,0.0
2000-10-30,264.4,266.6,263.8,264.6,543.0,0,0.0
2000-10-31,264.0,266.3,263.1,264.7,576.0,0,0.0
2000-11-01,264.4,267.2,262.8,264.4,886.0,0,0.0
2000-11-02,264.5,267.1,263.2,265.0,741.0,0,0.0
2000-11-03,264.5,267.2,263.6,265.4,651.0,0,0.0
2000-11-06,265.4,267.0,264.1,265.3,576.0,0,0.0
2000-11-07,264.7,267.3,263.0,265.0,831.0,0,0.0
2000-11-08,264.2,266.3,263.4,265.4,461.0,0,0.0
2000-11-09,264.9,267.2,263.4,266.4,616.0,0,0.0
2000-11-10,265.5,266.9,263.7,265.0,586.0,0,0.0
2000-11-13,264.7,266.4,263.6,264.6,546.0,0,0.0
2000-11-14,264.2,265.8,263.6,264.7,401.0,0,0.0
2000-11-15,264.4,267.1,263.9,265.4,551.0,0,0.0
2000-11-16,264.6,268.8,264.3,266.8,686.0,0,0.0
2000-11-17,266.1,267.5,264.6,266.0,566.0,0,0.0
2000-11-20,266.0,267.4,265.3,266.7,371.0,0,0.0
2000-11-21,266.3,268.4,265.2,266.1,641.0,0,0.0
2000-11-22,265.4,268.1,265.2,266.8,451.0,0,0.0
2000-11-23,266.3,268.1,265.0,266.1,601.0,0,0.0
2000-11-24,265.1,266.1,265.0,266.1,121.0,0,0.0
2000-11-27,265.7,271.3,265.3,270.3,761.0,0,0.0
2000-11-28,269.5,271.6,268.2,269.9,651.0,0,0.0
2000-11-29,269.1,270.7,265.7,266.8,771.0,0,0.0
2000-11-30,266.3,271.3,265.3,270.7,781.0,0,0.0
2000-12-01,270.2,273.5,268.6,269.6,921.0,0,0.0
2000-12-04,269.5,272.6,269.1,271.1,536.0,0,0.0
2000-12-05,270.7,272.7,269.8,270.8,576.0,0,0.0
2000-12-06,270.3,276.0,269.9,274.9,756.0,0,0.0
2000-12-07,274.5,276.4,270.9,274.0,1061.0,0,0.0
2000-12-08,273.5,274.7,271.8,273.0,536.0,0,0.0
2000-12-11,272.5,273.7,269.9,270.7,591.0,0,0.0
2000-12-12,270.3,272.7,269.7,271.3,501.0,0,0.0
2000-12-13,270.8,271.5,267.8,269.8,636.0,0,0.0
2000-12-14,269.0,271.5,268.1,269.8,621.0,0,0.0
2000-12-15,268.8,270.7,268.6,270.7,241.0,0,0.0
2000-12-18,270.3,271.4,269.3,270.4,411.0,0,0.0
2000-12-19,269.9,271.0,268.8,270.5,401.0,0,0.0
2000-12-20,270.3,274.5,269.3,273.1,771.0,0,0.0
2000-12-21,272.6,275.4,272.0,274.4,511.0,0,0.0
2000-12-22,273.9,275.9,272.8,274.2,611.0,0,0.0
2000-12-26,273.5,275.4,272.9,274.6,396.0,0,0.0
2000-12-27,274.2,276.4,273.9,275.7,371.0,0,0.0
2000-12-28,275.1,276.6,270.9,272.5,876.0,0,0.0
2000-12-29,272.0,274.8,270.7,272.5,791.0,0,0.0
2001-01-02,272.2,273.9,267.5,269.5,1031.0,0,0.0
2001-01-03,268.4,270.4,266.0,268.3,881.0,0,0.0
2001-01-04,267.9,269.8,266.3,267.8,691.0,0,0.0
2001-01-05,267.2,269.4,266.4,268.3,506.0,0,0.0
2001-01-08,267.8,270.3,267.4,268.5,516.0,0,0.0
2001-01-09,268.1,269.1,266.5,268.0,511.0,0,0.0
2001-01-10,267.5,268.5,264.1,265.2,661.0,0,0.0
2001-01-11,264.7,266.3,263.0,264.9,651.0,0,0.0
2001-01-12,264.1,265.4,263.1,264.5,424.0,0,0.0
2001-01-15,264.1,265.1,262.9,263.9,422.0,0,0.0
2001-01-16,263.4,266.1,262.4,263.9,699.0,0,0.0
2001-01-17,263.7,264.9,262.4,264.3,457.0,0,0.0
2001-01-18,263.5,265.8,262.9,265.3,411.0,0,0.0
2001-01-19,264.8,267.2,264.0,265.0,641.0,0,0.0
2001-01-22,264.5,269.0,264.2,267.1,706.0,0,0.0
2001-01-23,266.8,269.7,265.1,266.8,941.0,0,0.0
2001-01-24,266.5,267.5,263.2,265.4,751.0,0,0.0
2001-01-25,264.5,265.9,262.6,265.2,601.0,0,0.0
2001-01-26,264.7,267.4,261.7,263.6,1026.0,0,0.0
2001-01-29,262.9,265.2,262.1,263.5,581.0,0,0.0
2001-01-30,262.8,267.1,262.5,266.1,591.0,0,0.0
2001-01-31,265.6,267.2,263.8,266.5,586.0,0,0.0
2001-02-01,265.6,269.4,264.6,268.6,681.0,0,0.0
2001-02-02,268.2,269.1,266.2,267.8,551.0,0,0.0
2001-02-05,267.2,268.0,264.8,265.8,516.0,0,0.0
2001-02-06,265.3,267.5,261.9,264.0,1001.0,0,0.0
2001-02-07,263.5,265.8,262.2,263.6,721.0,0,0.0
2001-02-08,263.1,264.4,260.0,260.9,661.0,0,0.0
2001-02-09,260.6,262.1,258.8,260.9,641.0,0,0.0
2001-02-12,260.4,262.6,260.1,261.7,371.0,0,0.0
2001-02-13,261.2,262.4,259.7,261.2,541.0,0,0.0
2001-02-14,260.4,261.9,259.3,260.4,526.0,0,0.0
2001-02-15,259.8,261.0,254.7,256.1,891.0,0,0.0
2001-02-16,255.5,260.0,253.5,259.1,946.0,0,0.0
2001-02-19,258.6,260.5,258.2,259.9,341.0,0,0.0
2001-02-20,259.4,260.2,255.8,256.9,641.0,0,0.0
2001-02-21,255.7,259.9,255.6,258.8,546.0,0,0.0
2001-02-22,258.5,261.4,257.2,259.3,781.0,0,0.0
2001-02-23,258.8,262.4,258.1,261.8,571.0,0,0.0
2001-02-26,261.3,267.5,261.3,266.8,701.0,0,0.0
2001-02-27,266.3,270.1,265.4,268.5,725.0,0,0.0
2001-02-28,267.0,269.0,264.2,267.4,931.0,0,0.0
2001-03-01,266.9,268.5,264.7,265.9,681.0,0,0.0
2001-03-02,265.4,266.3,262.0,263.1,641.0,0,0.0
2001-03-05,262.5,263.9,261.5,263.3,421.0,0,0.0
2001-03-06,262.9,264.0,259.5,261.0,711.0,0,0.0
2001-03-07,260.4,263.5,259.6,262.5,581.0,0,0.0
2001-03-08,262.2,267.8,261.7,266.3,831.0,0,0.0
2001-03-09,267.6,273.0,265.5,272.0,1071.0,0,0.0
2001-03-12,271.9,275.6,269.3,272.8,1181.0,0,0.0
2001-03-13,272.3,273.1,267.2,268.4,811.0,0,0.0
2001-03-14,267.9,270.6,262.4,263.4,1211.0,0,0.0
2001-03-15,262.7,264.4,259.2,260.9,861.0,0,0.0
2001-03-16,260.4,263.0,258.0,259.3,901.0,0,0.0
2001-03-19,259.1,262.5,258.3,260.9,676.0,0,0.0
2001-03-20,260.6,263.7,260.4,261.8,561.0,0,0.0
2001-03-21,261.3,263.0,260.5,263.0,346.0,0,0.0
2001-03-22,262.6,264.0,260.6,262.3,661.0,0,0.0
2001-03-23,261.8,264.6,261.3,262.6,581.0,0,0.0
2001-03-26,261.9,263.7,260.6,262.9,541.0,0,0.0
2001-03-27,262.4,264.0,260.7,261.8,611.0,0,0.0
2001-03-28,260.7,262.7,259.1,260.3,691.0,0,0.0
2001-03-29,260.0,261.4,258.2,259.2,581.0,0,0.0
2001-03-30,258.9,260.6,256.8,258.2,701.0,0,0.0
2001-04-02,257.8,259.0,254.2,255.8,761.0,0,0.0
2001-04-03,255.3,259.0,254.9,257.7,586.0,0,0.0
2001-04-04,256.8,261.2,256.3,258.7,811.0,0,0.0
2001-04-05,258.2,259.8,257.2,258.8,471.0,0,0.0
2001-04-06,258.3,260.8,257.2,260.3,531.0,0,0.0
2001-04-09,259.8,261.7,257.8,258.8,701.0,0,0.0
2001-04-10,258.2,259.7,256.0,257.7,691.0,0,0.0
2001-04-11,257.2,260.2,256.4,259.0,596.0,0,0.0
2001-04-12,258.4,261.3,257.4,260.3,596.0,0,0.0
2001-04-13,259.9,260.7,259.0,259.5,311.0,0,0.0
2001-04-16,259.0,264.6,259.0,263.6,671.0,0,0.0
2001-04-17,263.4,264.7,259.6,261.3,831.0,0,0.0
2001-04-18,260.8,262.8,258.0,261.5,901.0,0,0.0
2001-04-19,260.5,265.2,260.4,265.2,501.0,0,0.0
2001-04-20,265.2,266.1,263.3,264.9,531.0,0,0.0
2001-04-23,264.1,265.5,262.0,263.9,686.0,0,0.0
2001-04-24,263.4,265.4,262.4,264.4,511.0,0,0.0
2001-04-25,263.9,265.1,261.4,262.5,621.0,0,0.0
2001-04-26,262.4,264.9,261.5,264.4,491.0,0,0.0
2001-04-27,263.9,267.4,263.3,263.9,831.0,0,0.0
2001-04-30,263.3,263.8,262.7,263.8,181.0,0,0.0
2001-05-01,263.3,264.4,263.3,264.4,121.0,0,0.0
2001-05-02,263.8,265.2,263.4,265.2,236.0,0,0.0
2001-05-03,265.3,268.0,264.5,266.4,596.0,0,0.0
2001-05-04,266.0,268.0,264.9,266.4,591.0,0,0.0
2001-05-07,266.1,267.1,265.0,266.4,400.0,0,0.0
2001-05-08,266.0,266.6,264.1,265.5,461.0,0,0.0
2001-05-09,265.0,271.2,264.5,270.3,831.0,0,0.0
2001-05-10,269.8,271.1,267.9,269.5,621.0,0,0.0
2001-05-11,269.0,270.2,267.5,268.3,491.0,0,0.0
2001-05-14,267.9,269.6,267.1,268.9,411.0,0,0.0
2001-05-15,267.7,268.2,266.0,268.2,391.0,0,0.0
2001-05-16,268.2,273.0,267.8,272.5,631.0,0,0.0
2001-05-17,272.0,275.1,271.1,274.0,621.0,0,0.0
2001-05-18,272.8,287.3,271.1,287.3,1791.0,0,0.0
2001-05-21,285.7,298.9,282.1,285.8,3356.0,0,0.0
2001-05-22,285.2,286.7,281.1,285.4,1111.0,0,0.0
2001-05-23,284.9,286.5,281.8,284.0,851.0,0,0.0
2001-05-24,283.7,288.4,275.3,279.4,2206.0,0,0.0
2001-05-25,278.9,282.3,274.6,277.9,1447.0,0,0.0
2001-05-28,277.4,280.0,275.8,277.9,801.0,0,0.0
2001-05-29,277.6,279.3,272.6,274.1,1001.0,0,0.0
2001-05-30,273.2,276.1,264.4,266.3,1666.0,0,0.0
2001-05-31,265.8,269.0,264.8,266.1,815.0,0,0.0
2001-06-01,265.6,268.1,264.6,267.3,541.0,0,0.0
2001-06-04,266.5,268.4,264.6,266.0,711.0,0,0.0
2001-06-05,265.5,267.6,264.3,266.5,571.0,0,0.0
2001-06-06,266.0,268.3,264.8,266.5,651.0,0,0.0
2001-06-07,265.5,266.8,265.0,266.8,231.0,0,0.0
2001-06-08,266.3,275.5,265.6,274.0,1211.0,0,0.0
2001-06-11,273.0,274.2,266.1,268.4,1171.0,0,0.0
2001-06-12,267.8,273.2,266.6,272.0,911.0,0,0.0
2001-06-13,271.5,274.1,269.1,272.6,911.0,0,0.0
2001-06-14,272.1,277.3,270.4,276.2,981.0,0,0.0
2001-06-15,275.2,276.8,269.8,271.8,1081.0,0,0.0
2001-06-18,271.0,274.6,270.6,273.0,611.0,0,0.0
2001-06-19,272.1,275.4,271.5,273.8,616.0,0,0.0
2001-06-20,273.4,274.8,270.7,273.0,791.0,0,0.0
2001-06-21,272.5,274.6,270.9,273.2,691.0,0,0.0
2001-06-22,272.7,276.2,271.6,272.9,901.0,0,0.0
2001-06-25,272.3,275.6,272.2,274.2,511.0,0,0.0
2001-06-26,274.0,279.5,272.6,276.4,1151.0,0,0.0
2001-06-27,276.2,277.9,270.9,272.8,1061.0,0,0.0
2001-06-28,272.3,275.9,267.3,269.5,1456.0,0,0.0
2001-06-29,269.2,272.6,268.7,271.0,596.0,0,0.0
2001-07-02,270.6,271.4,267.4,269.8,731.0,0,0.0
2001-07-03,269.3,272.5,267.3,268.0,921.0,0,0.0
2001-07-04,267.5,269.1,267.2,268.2,331.0,0,0.0
2001-07-05,267.7,268.9,264.5,265.6,691.0,0,0.0
2001-07-06,265.1,267.9,264.2,266.5,611.0,0,0.0
2001-07-09,266.5,267.6,265.1,266.9,471.0,0,0.0
2001-07-10,266.4,268.2,265.6,266.6,511.0,0,0.0
2001-07-11,266.1,270.3,265.5,268.7,711.0,0,0.0
2001-07-12,268.7,269.2,265.2,267.1,636.0,0,0.0
2001-07-13,266.6,268.3,265.7,267.6,431.0,0,0.0
2001-07-16,266.9,269.7,266.2,267.7,621.0,0,0.0
2001-07-17,266.7,268.0,266.2,268.0,236.0,0,0.0
2001-07-18,268.1,271.6,266.8,271.0,681.0,0,0.0
2001-07-19,270.7,272.3,267.2,269.8,926.0,0,0.0
2001-07-20,268.7,271.8,268.3,270.2,546.0,0,0.0
2001-07-23,270.1,270.7,268.2,269.1,406.0,0,0.0
2001-07-24,268.6,270.6,268.0,270.0,401.0,0,0.0
2001-07-25,269.5,270.2,266.8,268.2,571.0,0,0.0
2001-07-26,267.5,269.0,265.4,266.7,651.0,0,0.0
2001-07-27,266.2,268.4,265.0,267.8,531.0,0,0.0
2001-07-30,267.6,268.7,264.5,265.5,651.0,0,0.0
2001-07-31,265.0,267.6,264.0,267.1,521.0,0,0.0
2001-08-01,266.6,269.2,265.9,268.2,511.0,0,0.0
2001-08-02,267.7,269.1,266.7,268.3,431.0,0,0.0
2001-08-03,267.8,269.5,266.3,268.8,561.0,0,0.0
2001-08-06,268.5,269.2,266.7,268.0,471.0,0,0.0
2001-08-07,267.1,268.4,265.7,267.8,466.0,0,0.0
2001-08-08,267.4,269.2,265.8,268.6,581.0,0,0.0
2001-08-09,267.6,273.9,266.6,273.9,831.0,0,0.0
2001-08-10,273.9,277.5,272.1,274.8,1001.0,0,0.0
2001-08-13,273.5,277.9,273.5,276.2,611.0,0,0.0
2001-08-14,275.2,276.5,273.0,276.5,571.0,0,0.0
2001-08-15,276.5,278.4,274.3,276.1,801.0,0,0.0
2001-08-16,275.6,277.3,274.2,275.6,641.0,0,0.0
2001-08-17,275.1,281.7,274.4,279.5,1021.0,0,0.0
2001-08-20,279.0,280.0,275.4,276.3,671.0,0,0.0
2001-08-21,275.8,279.0,273.5,275.3,1061.0,0,0.0
2001-08-22,274.8,278.5,274.0,275.0,901.0,0,0.0
2001-08-23,274.5,276.9,273.8,275.6,521.0,0,0.0
2001-08-24,275.1,276.3,271.6,273.1,761.0,0,0.0
2001-08-27,272.2,274.9,270.9,273.0,716.0,0,0.0
2001-08-28,272.5,273.2,270.1,272.5,621.0,0,0.0
2001-08-29,272.0,274.8,271.7,273.9,441.0,0,0.0
2001-08-30,273.0,275.0,271.8,275.0,456.0,0,0.0
2001-08-31,274.9,276.7,271.9,274.7,936.0,0,0.0
2001-09-03,274.4,274.9,272.6,273.7,401.0,0,0.0
2001-09-04,273.2,274.2,270.7,272.4,616.0,0,0.0
2001-09-05,271.5,273.2,270.7,272.2,436.0,0,0.0
2001-09-06,271.8,274.1,270.8,273.4,521.0,0,0.0
2001-09-07,272.9,275.2,271.7,273.4,661.0,0,0.0
2001-09-10,273.0,274.1,270.5,272.0,631.0,0,0.0
2001-09-11,271.5,296.0,270.8,287.0,3491.0,0,0.0
2001-09-12,286.0,293.0,275.5,278.5,2751.0,0,0.0
2001-09-13,278.0,284.0,275.5,281.5,1351.0,0,0.0
2001-09-14,281.0,291.0,278.0,285.8,2121.0,0,0.0
2001-09-17,288.0,296.0,283.8,290.5,2201.0,0,0.0
2001-09-18,289.4,292.0,285.2,288.0,1237.0,0,0.0
2001-09-19,287.5,293.3,286.0,290.4,1171.0,0,0.0
2001-09-20,289.9,291.5,286.9,288.9,821.0,0,0.0
2001-09-21,288.4,296.1,287.5,291.7,1391.0,0,0.0
2001-09-24,290.5,293.5,286.7,289.5,1261.0,0,0.0
2001-09-25,289.0,291.2,286.5,290.0,851.0,0,0.0
2001-09-26,289.5,294.4,286.8,293.3,1151.0,0,0.0
2001-09-27,292.8,293.9,288.5,292.2,1027.0,0,0.0
2001-09-28,291.7,294.6,289.4,293.4,876.0,0,0.0
2001-10-01,292.0,293.7,289.8,292.0,776.0,0,0.0
2001-10-02,291.4,293.4,288.3,289.7,866.0,0,0.0
2001-10-03,289.2,293.5,288.7,289.7,927.0,0,0.0
2001-10-04,289.2,292.7,288.1,290.1,831.0,0,0.0
2001-10-05,289.6,292.8,289.5,291.2,517.0,0,0.0
2001-10-08,290.7,294.5,290.2,292.1,745.0,0,0.0
2001-10-09,291.6,293.4,287.5,288.2,861.0,0,0.0
2001-10-10,287.7,291.2,283.5,285.1,1286.0,0,0.0
2001-10-11,284.6,288.7,279.7,281.5,1491.0,0,0.0
2001-10-12,282.2,286.6,281.0,284.7,871.0,0,0.0
2001-10-15,284.2,286.2,280.9,281.7,821.0,0,0.0
2001-10-16,281.3,284.2,280.3,281.6,761.0,0,0.0
2001-10-17,281.1,285.0,280.6,282.7,731.0,0,0.0
2001-10-18,282.2,284.3,277.3,279.7,1151.0,0,0.0
2001-10-19,279.2,283.6,277.2,279.9,1211.0,0,0.0
2001-10-22,279.4,280.0,274.7,275.8,701.0,0,0.0
2001-10-23,275.3,278.7,274.0,276.2,861.0,0,0.0
2001-10-24,275.7,277.2,274.8,275.6,477.0,0,0.0
2001-10-25,275.2,278.0,274.6,277.5,465.0,0,0.0
2001-10-26,276.5,278.4,276.0,277.6,371.0,0,0.0
2001-10-29,277.1,279.9,276.7,279.4,421.0,0,0.0
2001-10-30,278.9,282.0,278.6,280.7,496.0,0,0.0
2001-10-31,280.2,282.4,277.8,279.7,891.0,0,0.0
2001-11-01,279.2,281.7,278.1,279.8,666.0,0,0.0
2001-11-02,279.0,281.2,278.8,280.1,386.0,0,0.0
2001-11-05,279.7,280.6,277.4,279.3,621.0,0,0.0
2001-11-06,278.3,280.4,277.9,280.4,301.0,0,0.0
2001-11-07,280.2,281.5,278.6,280.9,526.0,0,0.0
2001-11-08,280.3,281.2,276.1,277.3,741.0,0,0.0
2001-11-09,276.8,280.8,276.0,277.9,846.0,0,0.0
2001-11-12,277.2,282.5,277.0,278.6,956.0,0,0.0
2001-11-13,278.1,280.5,275.6,277.8,966.0,0,0.0
2001-11-14,277.3,280.0,276.6,278.0,631.0,0,0.0
2001-11-15,277.6,278.6,274.2,275.6,691.0,0,0.0
2001-11-16,275.1,277.3,273.5,275.1,781.0,0,0.0
2001-11-19,274.6,276.2,271.9,273.0,721.0,0,0.0
2001-11-20,272.6,275.0,272.1,273.7,476.0,0,0.0
2001-11-21,273.0,274.3,271.7,273.4,491.0,0,0.0
2001-11-22,272.8,274.0,271.9,273.1,411.0,0,0.0
2001-11-23,272.6,273.9,272.0,273.1,326.0,0,0.0
2001-11-26,272.8,274.1,272.0,273.2,381.0,0,0.0
2001-11-27,272.8,274.4,272.3,273.7,341.0,0,0.0
2001-11-28,273.3,275.9,273.1,274.8,411.0,0,0.0
2001-11-29,274.2,276.3,273.1,274.5,631.0,0,0.0
2001-11-30,273.4,276.5,273.1,274.6,566.0,0,0.0
2001-12-03,274.1,278.6,274.0,277.5,596.0,0,0.0
2001-12-04,277.1,278.0,275.1,276.0,491.0,0,0.0
2001-12-05,275.5,277.1,273.3,274.7,691.0,0,0.0
2001-12-06,273.8,277.1,273.1,275.0,676.0,0,0.0
2001-12-07,274.0,275.7,273.3,274.8,421.0,0,0.0
2001-12-10,274.3,275.2,271.0,273.0,721.0,0,0.0
2001-12-11,272.6,273.7,271.4,273.1,431.0,0,0.0
2001-12-12,272.0,274.3,271.9,274.3,251.0,0,0.0
2001-12-13,273.8,274.2,273.3,274.2,156.0,0,0.0
2001-12-14,274.2,279.9,273.5,278.6,836.0,0,0.0
2001-12-17,277.3,279.2,276.1,278.5,506.0,0,0.0
2001-12-18,278.0,281.7,277.6,280.7,571.0,0,0.0
2001-12-19,280.2,280.8,274.9,276.4,811.0,0,0.0
2001-12-20,275.9,279.8,274.0,276.6,1101.0,0,0.0
2001-12-21,276.1,280.0,275.6,278.4,651.0,0,0.0
2001-12-24,277.7,279.3,276.9,278.3,437.0,0,0.0
2001-12-25,277.8,280.7,277.5,279.0,531.0,0,0.0
2001-12-26,278.5,280.5,277.7,279.5,461.0,0,0.0
2001-12-27,279.0,281.2,276.4,277.3,811.0,0,0.0
2001-12-28,276.8,278.8,275.6,276.8,651.0,0,0.0
2001-12-31,275.9,279.6,275.7,279.2,461.0,0,0.0
2002-01-01,278.2,278.7,276.7,278.7,351.0,0,0.0
2002-01-02,278.7,279.9,277.4,279.0,491.0,0,0.0
2002-01-03,278.5,280.7,276.6,278.7,821.0,0,0.0
2002-01-04,278.0,280.1,276.8,279.1,556.0,0,0.0
2002-01-07,278.4,281.0,276.9,279.0,763.0,0,0.0
2002-01-08,278.5,280.5,277.8,279.3,471.0,0,0.0
2002-01-09,278.8,285.1,278.2,284.4,826.0,0,0.0
2002-01-10,283.6,290.0,282.3,286.6,1236.0,0,0.0
2002-01-11,286.1,288.6,285.1,287.7,536.0,0,0.0
2002-01-14,286.6,287.8,284.4,285.4,581.0,0,0.0
2002-01-15,285.0,286.0,282.6,284.9,681.0,0,0.0
2002-01-16,284.4,290.0,283.1,287.4,1091.0,0,0.0
2002-01-17,287.1,289.3,283.5,284.3,876.0,0,0.0
2002-01-18,283.8,285.3,282.5,283.8,571.0,0,0.0
2002-01-21,283.3,284.5,281.5,282.8,561.0,0,0.0
2002-01-22,282.3,284.5,280.5,281.9,766.0,0,0.0
2002-01-23,281.4,283.5,278.2,279.5,881.0,0,0.0
2002-01-24,279.0,280.3,277.4,279.5,551.0,0,0.0
2002-01-25,278.2,279.1,277.7,279.1,196.0,0,0.0
2002-01-28,279.2,280.4,278.0,279.0,471.0,0,0.0
2002-01-29,277.9,281.7,276.6,281.7,641.0,0,0.0
2002-01-30,281.7,284.5,279.2,282.2,1011.0,0,0.0
2002-01-31,281.2,282.9,280.8,282.9,266.0,0,0.0
2002-02-01,282.7,287.7,281.5,286.5,871.0,0,0.0
2002-02-04,285.2,291.5,284.9,291.5,706.0,0,0.0
2002-02-05,290.1,299.5,289.1,297.8,1311.0,0,0.0
2002-02-06,297.4,307.4,295.5,297.0,2356.0,0,0.0
2002-02-07,296.3,302.9,296.3,302.9,663.0,0,0.0
2002-02-08,301.5,309.3,299.6,304.0,1691.0,0,0.0
2002-02-11,303.5,305.8,297.1,299.5,1341.0,0,0.0
2002-02-12,299.0,302.7,296.9,300.5,1021.0,0,0.0
2002-02-13,300.0,301.4,295.1,299.8,1236.0,0,0.0
2002-02-14,299.2,301.1,297.4,300.1,666.0,0,0.0
2002-02-15,299.4,302.8,297.4,298.1,951.0,0,0.0
2002-02-18,298.5,299.8,296.4,298.0,651.0,0,0.0
2002-02-19,297.5,299.3,292.0,293.4,1056.0,0,0.0
2002-02-20,292.8,294.8,290.3,291.7,806.0,0,0.0
2002-02-21,291.2,294.5,289.6,293.0,811.0,0,0.0
2002-02-22,292.5,295.1,291.1,293.0,755.0,0,0.0
2002-02-25,292.7,293.7,290.4,292.7,676.0,0,0.0
2002-02-26,292.3,298.5,291.7,298.0,805.0,0,0.0
2002-02-27,297.5,300.1,295.2,296.6,905.0,0,0.0
2002-02-28,296.6,298.5,295.4,296.8,611.0,0,0.0
2002-03-01,296.3,300.0,294.8,298.4,851.0,0,0.0
2002-03-04,297.6,300.6,296.4,297.1,805.0,0,0.0
2002-03-05,296.6,300.0,293.6,294.6,1086.0,0,0.0
2002-03-06,293.8,295.5,292.1,293.8,686.0,0,0.0
2002-03-07,293.1,294.1,289.0,289.8,686.0,0,0.0
2002-03-08,289.3,290.8,287.4,290.0,621.0,0,0.0
2002-03-11,289.3,293.4,288.9,290.9,751.0,0,0.0
2002-03-12,290.4,295.1,290.0,294.0,666.0,0,0.0
2002-03-13,293.6,295.4,292.5,293.6,591.0,0,0.0
2002-03-14,293.1,294.3,290.1,291.5,691.0,0,0.0
2002-03-15,291.0,292.1,288.9,290.3,591.0,0,0.0
2002-03-18,289.8,293.3,289.5,292.8,477.0,0,0.0
2002-03-19,292.3,294.5,291.4,293.4,526.0,0,0.0
2002-03-20,292.9,293.7,291.2,292.6,486.0,0,0.0
2002-03-21,292.1,294.1,291.6,293.4,381.0,0,0.0
2002-03-22,292.9,298.3,292.6,298.0,647.0,0,0.0
2002-03-25,297.4,299.3,296.6,298.6,421.0,0,0.0
2002-03-26,297.7,298.7,295.3,297.0,606.0,0,0.0
2002-03-27,296.7,303.7,295.8,302.4,1016.0,0,0.0
2002-03-28,302.0,305.2,300.0,302.9,965.0,0,0.0
2002-03-29,302.4,304.0,301.8,302.7,416.0,0,0.0
2002-04-01,301.7,303.0,300.4,303.0,396.0,0,0.0
2002-04-02,303.1,307.2,301.9,306.1,765.0,0,0.0
2002-04-03,305.6,307.4,300.8,302.8,1051.0,0,0.0
2002-04-04,302.3,303.5,298.5,301.3,906.0,0,0.0
2002-04-05,300.7,302.7,297.7,300.3,956.0,0,0.0
2002-04-08,299.8,301.7,297.9,300.7,671.0,0,0.0
2002-04-09,300.2,300.7,297.7,298.8,466.0,0,0.0
2002-04-10,298.3,302.6,296.8,301.5,861.0,0,0.0
2002-04-11,301.0,303.7,298.5,302.9,861.0,0,0.0
2002-04-12,301.6,301.8,299.7,301.8,416.0,0,0.0
2002-04-15,301.9,303.2,299.2,300.1,631.0,0,0.0
2002-04-16,299.6,300.5,297.2,299.3,636.0,0,0.0
2002-04-17,298.7,303.1,297.6,302.2,756.0,0,0.0
2002-04-18,301.8,306.6,301.0,303.9,911.0,0,0.0
2002-04-19,303.4,305.8,300.7,302.6,941.0,0,0.0
2002-04-22,302.0,305.0,301.4,303.1,616.0,0,0.0
2002-04-23,302.5,305.0,301.5,303.9,571.0,0,0.0
2002-04-24,303.4,306.0,303.0,304.3,521.0,0,0.0
2002-04-25,304.0,309.5,303.5,307.8,826.0,0,0.0
2002-04-26,307.6,312.4,305.6,311.5,986.0,0,0.0
2002-04-29,310.7,312.9,308.0,311.5,921.0,0,0.0
2002-04-30,311.0,311.8,306.5,308.7,826.0,0,0.0
2002-05-01,308.2,311.3,306.7,309.3,816.0,0,0.0
2002-05-02,308.6,309.7,306.4,308.1,631.0,0,0.0
2002-05-03,307.6,313.8,307.1,312.2,901.0,0,0.0
2002-05-06,311.5,313.7,310.0,311.7,721.0,0,0.0
2002-05-07,311.2,314.4,308.6,311.8,1101.0,0,0.0
2002-05-08,311.3,313.5,307.6,308.5,921.0,0,0.0
2002-05-09,308.0,310.7,307.6,309.8,461.0,0,0.0
2002-05-10,309.3,312.4,308.6,311.3,571.0,0,0.0
2002-05-13,310.6,312.2,308.9,311.2,621.0,0,0.0
2002-05-14,310.5,311.3,306.5,307.9,721.0,0,0.0
2002-05-15,306.9,308.8,306.0,308.8,381.0,0,0.0
2002-05-16,308.8,311.1,308.1,310.1,481.0,0,0.0
2002-05-17,309.9,312.6,308.8,311.3,641.0,0,0.0
2002-05-20,310.6,317.1,309.8,316.2,921.0,0,0.0
2002-05-21,315.7,317.7,311.5,316.4,1181.0,0,0.0
2002-05-22,315.7,320.3,315.1,317.9,831.0,0,0.0
2002-05-23,317.4,324.4,315.0,322.3,1407.0,0,0.0
2002-05-24,321.8,323.2,317.3,320.8,1091.0,0,0.0
2002-05-27,320.3,322.2,319.7,320.5,491.0,0,0.0
2002-05-28,320.0,329.1,319.5,324.6,1461.0,0,0.0
2002-05-29,324.3,328.0,322.6,325.2,996.0,0,0.0
2002-05-30,324.7,327.3,321.0,325.3,1201.0,0,0.0
2002-05-31,324.7,330.2,323.5,326.8,1141.0,0,0.0
2002-06-03,326.3,329.0,324.5,327.4,811.0,0,0.0
2002-06-04,328.1,332.1,323.8,325.2,1391.0,0,0.0
2002-06-05,324.6,327.9,319.8,321.7,1351.0,0,0.0
2002-06-06,320.9,325.4,320.8,325.4,471.0,0,0.0
2002-06-07,325.3,328.2,322.1,324.2,1126.0,0,0.0
2002-06-10,324.6,325.6,317.3,319.3,1141.0,0,0.0
2002-06-11,318.8,321.8,315.5,321.3,1031.0,0,0.0
2002-06-12,320.6,322.6,318.5,319.5,711.0,0,0.0
2002-06-13,319.0,322.0,316.4,318.4,1061.0,0,0.0
2002-06-14,317.7,323.6,317.6,319.5,1026.0,0,0.0
2002-06-17,319.1,321.0,316.6,317.1,681.0,0,0.0
2002-06-18,316.7,319.8,316.3,319.8,401.0,0,0.0
2002-06-19,320.0,322.9,318.6,321.1,761.0,0,0.0
2002-06-20,320.8,324.9,318.9,324.1,886.0,0,0.0
2002-06-21,323.7,325.6,322.0,324.9,611.0,0,0.0
2002-06-24,324.4,327.3,322.0,322.9,911.0,0,0.0
2002-06-25,322.5,326.1,317.5,321.7,1641.0,0,0.0
2002-06-26,321.2,326.1,318.9,319.5,1271.0,0,0.0
2002-06-27,319.0,322.3,316.1,318.5,1191.0,0,0.0
2002-06-28,318.2,321.4,309.9,314.7,1966.0,0,0.0
2002-07-01,313.7,314.9,310.9,314.9,681.0,0,0.0
2002-07-02,314.6,316.3,312.2,313.2,696.0,0,0.0
2002-07-03,312.7,314.8,310.0,311.4,841.0,0,0.0
2002-07-04,310.9,312.1,310.3,311.0,351.0,0,0.0
2002-07-05,310.5,311.9,310.5,311.7,176.0,0,0.0
2002-07-08,311.2,315.0,309.9,313.1,831.0,0,0.0
2002-07-09,312.6,317.6,310.0,316.9,1091.0,0,0.0
2002-07-10,316.4,317.7,313.9,316.3,751.0,0,0.0
2002-07-11,315.7,318.5,313.2,316.8,951.0,0,0.0
2002-07-12,316.3,317.5,314.8,316.3,541.0,0,0.0
2002-07-15,315.7,320.9,315.7,318.4,771.0,0,0.0
2002-07-16,317.8,321.3,316.0,318.5,1001.0,0,0.0
2002-07-17,318.0,319.1,315.5,318.0,721.0,0,0.0
2002-07-18,317.0,317.7,316.3,317.7,221.0,0,0.0
2002-07-19,317.7,326.4,316.5,324.2,1331.0,0,0.0
2002-07-22,323.7,326.2,321.9,323.4,837.0,0,0.0
2002-07-23,322.9,323.8,311.2,313.3,1556.0,0,0.0
2002-07-24,312.9,319.5,306.6,311.5,2441.0,0,0.0
2002-07-25,311.0,312.6,308.0,310.6,881.0,0,0.0
2002-07-26,310.0,312.5,300.5,304.0,1801.0,0,0.0
2002-07-29,304.2,305.0,301.0,302.9,671.0,0,0.0
2002-07-30,302.4,306.4,301.5,305.3,686.0,0,0.0
2002-07-31,304.5,306.5,302.0,303.8,831.0,0,0.0
2002-08-01,303.3,305.7,298.5,304.9,1291.0,0,0.0
2002-08-02,304.4,308.5,303.5,307.4,701.0,0,0.0
2002-08-05,307.1,310.3,305.2,308.4,901.0,0,0.0
2002-08-06,307.9,308.5,304.7,306.6,631.0,0,0.0
2002-08-07,306.1,316.0,303.7,314.3,1651.0,0,0.0
2002-08-08,313.8,315.2,310.1,310.9,731.0,0,0.0
2002-08-09,310.4,315.6,308.1,314.8,1071.0,0,0.0
2002-08-12,314.3,318.5,313.2,314.6,1041.0,0,0.0
2002-08-13,313.5,315.4,313.3,315.4,231.0,0,0.0
2002-08-14,315.4,318.0,310.8,312.0,1101.0,0,0.0
2002-08-15,311.4,316.7,311.2,315.2,721.0,0,0.0
2002-08-16,314.7,315.8,312.1,314.2,701.0,0,0.0
2002-08-19,313.7,316.4,304.3,307.0,1751.0,0,0.0
2002-08-20,306.5,310.7,305.9,309.3,691.0,0,0.0
2002-08-21,309.2,310.2,305.5,308.3,851.0,0,0.0
2002-08-22,307.8,308.4,304.6,307.4,721.0,0,0.0
2002-08-23,306.8,307.8,304.0,307.3,731.0,0,0.0
2002-08-26,306.7,311.1,306.2,309.8,671.0,0,0.0
2002-08-27,309.2,313.6,308.2,313.0,711.0,0,0.0
2002-08-28,312.5,313.1,309.2,310.5,581.0,0,0.0
2002-08-29,309.3,313.7,307.0,313.7,901.0,0,0.0
2002-08-30,313.7,315.3,311.4,313.0,711.0,0,0.0
2002-09-02,312.5,313.1,311.7,312.5,301.0,0,0.0
2002-09-03,312.0,315.2,310.9,314.4,621.0,0,0.0
2002-09-04,313.8,316.5,312.3,315.0,721.0,0,0.0
2002-09-05,314.0,319.0,313.5,319.0,611.0,0,0.0
2002-09-06,319.0,322.1,317.6,320.5,751.0,0,0.0
2002-09-09,319.9,324.6,318.8,321.5,1001.0,0,0.0
2002-09-10,321.0,321.7,317.1,318.0,621.0,0,0.0
2002-09-11,317.5,319.0,314.4,317.6,911.0,0,0.0
2002-09-12,317.1,320.5,316.4,319.3,596.0,0,0.0
2002-09-13,318.8,320.6,315.4,317.1,871.0,0,0.0
2002-09-16,316.5,318.4,314.6,317.4,1556.0,0,0.0
2002-09-17,315.7,317.9,313.5,317.7,1575.0,0,0.0
2002-09-18,318.3,321.5,316.3,320.1,1887.0,0,0.0
2002-09-19,320.3,323.7,319.3,323.2,2015.0,0,0.0
2002-09-20,323.0,324.4,320.5,322.1,1459.0,0,0.0
2002-09-23,322.1,325.0,320.9,322.7,1590.0,0,0.0
2002-09-24,322.2,328.2,322.2,326.1,2115.0,0,0.0
2002-09-25,326.2,326.7,322.0,322.2,1213.0,0,0.0
2002-09-26,322.4,323.6,318.5,320.0,1529.0,0,0.0
2002-09-27,319.9,322.3,318.8,319.9,1386.0,0,0.0
2002-09-30,320.2,325.4,319.4,324.1,1422.0,0,0.0
2002-10-01,323.5,323.5,323.5,323.5,2.0,0,0.0
2002-10-02,320.5,323.2,319.8,322.8,2136.0,0,0.0
2002-10-03,323.0,324.6,321.1,321.6,233.0,0,0.0
2002-10-04,321.3,323.0,319.0,322.1,1092.0,0,0.0
2002-10-07,322.2,323.6,321.2,322.3,209.0,0,0.0
2002-10-08,322.4,322.7,317.9,318.2,711.0,0,0.0
2002-10-09,318.4,320.6,318.2,320.0,559.0,0,0.0
2002-10-10,320.0,321.1,316.0,316.8,831.0,0,0.0
2002-10-11,316.9,318.5,315.9,316.7,1059.0,0,0.0
2002-10-14,318.4,319.0,316.8,317.9,1966.0,0,0.0
2002-10-15,318.4,318.7,312.1,313.4,3316.0,0,0.0
2002-10-16,313.5,315.4,313.2,314.3,1225.0,0,0.0
2002-10-17,313.7,314.2,310.4,311.5,1600.0,0,0.0
2002-10-18,311.4,313.6,310.2,312.8,984.0,0,0.0
2002-10-21,312.5,314.1,310.2,311.2,1168.0,0,0.0
2002-10-22,311.0,313.8,310.2,313.0,1188.0,0,0.0
2002-10-23,313.0,314.1,311.6,311.9,475.0,0,0.0
2002-10-24,311.9,312.8,308.5,311.4,1033.0,0,0.0
2002-10-25,311.7,314.5,308.5,312.9,921.0,0,0.0
2002-10-28,313.2,315.5,312.5,315.3,1034.0,0,0.0
2002-10-29,314.5,318.5,314.3,316.7,1615.0,0,0.0
2002-10-30,316.9,317.6,315.6,316.3,985.0,0,0.0
2002-10-31,316.2,318.4,315.7,317.7,1159.0,0,0.0
2002-11-01,317.7,321.7,317.3,318.7,1801.0,0,0.0
2002-11-04,320.3,320.5,316.5,318.5,1063.0,0,0.0
2002-11-05,318.5,320.1,317.5,317.7,939.0,0,0.0
2002-11-06,317.8,318.7,316.6,318.1,970.0,0,0.0
2002-11-07,318.0,321.4,317.8,320.9,1411.0,0,0.0
2002-11-08,321.0,323.4,320.0,321.5,1377.0,0,0.0
2002-11-11,321.5,322.0,319.5,321.6,650.0,0,0.0
2002-11-12,321.4,325.0,320.4,324.3,1219.0,0,0.0
2002-11-13,323.7,325.3,316.5,318.9,3548.0,0,0.0
2002-11-14,319.0,319.9,316.8,318.1,1509.0,0,0.0
2002-11-15,318.1,321.3,317.2,320.5,1469.0,0,0.0
2002-11-18,320.5,321.2,317.8,319.4,1060.0,0,0.0
2002-11-19,319.3,320.7,318.3,318.7,1078.0,0,0.0
2002-11-20,318.8,320.3,317.2,317.8,1263.0,0,0.0
2002-11-21,317.9,319.0,317.0,317.6,1063.0,0,0.0
2002-11-22,317.7,322.4,316.3,321.0,1689.0,0,0.0
2002-11-25,320.1,321.4,316.7,318.1,1357.0,0,0.0
2002-11-26,318.2,319.3,316.9,318.3,1033.0,0,0.0
2002-11-27,318.4,319.0,315.6,317.2,1036.0,0,0.0
2002-11-28,317.3,318.5,316.0,317.7,469.0,0,0.0
2002-11-29,317.8,320.5,316.8,317.8,332.0,0,0.0
2002-12-02,318.4,319.2,315.7,317.7,1389.0,0,0.0
2002-12-03,317.8,321.2,316.9,320.7,1634.0,0,0.0
2002-12-04,320.6,324.0,319.4,322.1,1468.0,0,0.0
2002-12-05,322.1,325.2,320.7,324.5,1609.0,0,0.0
2002-12-06,324.6,329.5,323.6,326.2,2088.0,0,0.0
2002-12-09,326.5,326.7,324.5,325.9,1138.0,0,0.0
2002-12-10,326.0,326.7,322.3,323.4,742.0,0,0.0
2002-12-11,323.5,325.5,322.4,324.9,1022.0,0,0.0
2002-12-12,324.8,333.0,324.0,331.3,2039.0,0,0.0
2002-12-13,331.2,335.9,329.8,330.5,2070.0,0,0.0
2002-12-16,333.1,337.7,331.9,336.6,1150.0,0,0.0
2002-12-17,336.7,343.1,335.6,336.7,2773.0,0,0.0
2002-12-18,336.8,343.3,335.7,343.3,2288.0,0,0.0
2002-12-19,345.2,354.7,343.2,345.5,2490.0,0,0.0
2002-12-20,345.8,348.9,338.3,340.7,1992.0,0,0.0
2002-12-23,340.7,346.5,340.4,345.2,1548.0,0,0.0
2002-12-24,345.6,349.4,344.4,346.5,1322.0,0,0.0
2002-12-25,346.9,347.4,343.5,344.7,33.0,0,0.0
2002-12-26,345.4,350.4,343.1,349.6,718.0,0,0.0
2002-12-27,349.6,351.4,346.6,349.2,1928.0,0,0.0
2002-12-30,349.1,350.4,341.8,343.6,1769.0,0,0.0
2002-12-31,343.6,348.3,341.1,347.7,1358.0,0,0.0
2003-01-02,348.0,348.2,342.1,345.6,1799.0,0,0.0
2003-01-03,345.3,353.4,343.0,351.1,2209.0,0,0.0
2003-01-06,349.8,357.3,349.6,351.2,2504.0,0,0.0
2003-01-07,350.7,352.0,344.4,347.2,2552.0,0,0.0
2003-01-08,347.1,355.9,344.8,353.5,3281.0,0,0.0
2003-01-09,353.4,357.7,350.9,354.2,2875.0,0,0.0
2003-01-10,353.8,356.5,350.0,354.6,2712.0,0,0.0
2003-01-13,354.7,355.3,351.2,353.0,1990.0,0,0.0
2003-01-14,354.8,355.2,351.0,351.5,2849.0,0,0.0
2003-01-15,351.7,353.8,345.5,350.7,2504.0,0,0.0
2003-01-16,350.5,359.1,350.1,357.4,3013.0,0,0.0
2003-01-17,357.0,358.7,354.9,356.5,2174.0,0,0.0
2003-01-20,356.5,357.3,355.3,355.7,405.0,0,0.0
2003-01-21,355.7,358.2,353.0,357.8,2308.0,0,0.0
2003-01-22,357.7,362.9,357.1,361.5,2419.0,0,0.0
2003-01-23,362.0,368.1,360.6,363.2,2795.0,0,0.0
2003-01-24,363.0,370.4,362.5,368.3,2490.0,0,0.0
2003-01-27,373.9,374.1,367.0,369.6,2254.0,0,0.0
2003-01-28,369.0,370.4,365.4,368.9,2156.0,0,0.0
2003-01-29,369.2,371.5,365.2,365.9,2629.0,0,0.0
2003-01-30,366.2,370.5,362.4,369.9,3316.0,0,0.0
2003-01-31,370.3,372.1,366.9,368.1,2229.0,0,0.0
2003-02-03,368.1,372.1,367.4,371.0,1929.0,0,0.0
2003-02-04,371.3,382.0,371.1,382.0,3328.0,0,0.0
2003-02-05,382.1,388.7,370.0,371.5,3737.0,0,0.0
2003-02-06,370.0,376.8,367.8,370.2,2242.0,0,0.0
2003-02-07,369.3,375.1,366.8,369.7,3463.0,0,0.0
2003-02-10,370.0,373.3,362.4,362.8,2986.0,0,0.0
2003-02-11,362.6,365.9,360.3,363.4,3255.0,0,0.0
2003-02-12,363.8,365.7,351.1,352.8,3130.0,0,0.0
2003-02-13,352.9,358.9,346.8,356.5,2620.0,0,0.0
2003-02-14,356.7,358.3,347.8,351.5,2868.0,0,0.0
2003-02-17,351.0,352.3,341.0,347.2,891.0,0,0.0
2003-02-18,347.0,348.9,342.3,343.6,2843.0,0,0.0
2003-02-19,343.8,349.6,342.0,349.6,2877.0,0,0.0
2003-02-20,349.6,354.7,349.1,352.4,3501.0,0,0.0
2003-02-21,352.6,355.0,350.4,351.9,2193.0,0,0.0
2003-02-24,351.7,357.9,350.0,357.0,2296.0,0,0.0
2003-02-25,357.0,360.5,350.2,351.9,2396.0,0,0.0
2003-02-26,352.0,355.4,350.9,353.9,2470.0,0,0.0
2003-02-27,354.6,357.1,345.0,346.0,2844.0,0,0.0
2003-02-28,345.1,351.4,344.8,349.9,3188.0,0,0.0
2003-03-03,349.5,349.8,344.7,349.8,2149.0,0,0.0
2003-03-04,349.9,354.9,349.0,353.1,2335.0,0,0.0
2003-03-05,354.1,357.8,351.3,353.6,1638.0,0,0.0
2003-03-06,353.8,357.3,352.1,356.1,4246.0,0,0.0
2003-03-07,356.3,358.5,346.5,350.8,2793.0,0,0.0
2003-03-10,352.2,355.4,351.5,354.7,2273.0,0,0.0
2003-03-11,354.8,355.4,348.2,350.6,1950.0,0,0.0
2003-03-12,350.5,350.9,345.3,346.0,2266.0,0,0.0
2003-03-13,346.3,346.8,331.4,334.3,1932.0,0,0.0
2003-03-14,334.4,338.1,331.5,336.3,1577.0,0,0.0
2003-03-17,339.9,345.6,334.4,336.9,1831.0,0,0.0
2003-03-18,337.1,340.9,333.7,338.0,1719.0,0,0.0
2003-03-19,337.9,341.2,333.9,336.4,2024.0,0,0.0
2003-03-20,336.8,338.1,331.6,332.2,2194.0,0,0.0
2003-03-21,331.9,334.9,325.5,326.0,2324.0,0,0.0
2003-03-24,328.1,331.2,325.9,329.6,1909.0,0,0.0
2003-03-25,329.8,334.6,327.1,328.5,2190.0,0,0.0
2003-03-26,328.7,331.2,327.9,330.2,1459.0,0,0.0
2003-03-27,330.3,334.5,328.1,328.4,2255.0,0,0.0
2003-03-28,329.6,332.9,328.9,332.4,1707.0,0,0.0
2003-03-31,332.6,336.9,332.2,336.5,2188.0,0,0.0
2003-04-01,337.1,339.1,333.3,335.0,1952.0,0,0.0
2003-04-02,335.5,335.8,327.4,330.0,1604.0,0,0.0
2003-04-03,329.5,329.8,323.2,325.4,2253.0,0,0.0
2003-04-04,325.4,325.9,321.9,325.4,2314.0,0,0.0
2003-04-07,321.7,323.3,318.9,322.7,2102.0,0,0.0
2003-04-08,322.7,324.6,319.1,323.0,1944.0,0,0.0
2003-04-09,323.0,327.5,320.9,326.8,2430.0,0,0.0
2003-04-10,326.8,327.6,323.9,326.5,2214.0,0,0.0
2003-04-11,326.1,329.5,322.9,328.0,1943.0,0,0.0
2003-04-14,326.1,327.6,323.7,324.9,1598.0,0,0.0
2003-04-15,324.6,326.5,321.9,324.9,1808.0,0,0.0
2003-04-16,324.7,327.1,322.4,326.4,1999.0,0,0.0
2003-04-17,326.8,328.4,325.5,327.1,1149.0,0,0.0
2003-04-18,327.2,327.6,325.3,327.0,145.0,0,0.0
2003-04-21,327.1,334.2,326.3,333.5,1540.0,0,0.0
2003-04-22,333.6,336.6,331.7,333.1,2507.0,0,0.0
2003-04-23,333.1,336.0,330.8,331.2,2206.0,0,0.0
2003-04-24,331.2,335.4,330.9,334.4,2331.0,0,0.0
2003-04-25,334.3,334.9,332.1,333.3,1523.0,0,0.0
2003-04-28,333.3,335.5,328.4,334.0,2056.0,0,0.0
2003-04-29,328.7,334.8,327.2,333.4,1566.0,0,0.0
2003-04-30,329.1,340.3,328.9,338.5,2735.0,0,0.0
2003-05-01,339.4,343.7,337.7,341.7,2319.0,0,0.0
2003-05-02,342.1,343.9,338.7,340.9,2236.0,0,0.0
2003-05-05,341.7,343.6,340.5,342.2,1426.0,0,0.0
2003-05-06,342.3,345.4,341.0,344.5,2044.0,0,0.0
2003-05-07,344.3,345.0,339.2,342.1,2164.0,0,0.0
2003-05-08,341.9,349.9,340.5,348.5,2627.0,0,0.0
2003-05-09,348.6,349.5,346.2,348.5,1959.0,0,0.0
2003-05-12,348.8,352.8,348.5,351.2,2133.0,0,0.0
2003-05-13,351.5,352.2,348.6,349.8,1627.0,0,0.0
2003-05-14,350.0,355.8,348.1,352.4,2536.0,0,0.0
2003-05-15,352.5,356.3,350.7,352.0,2155.0,0,0.0
2003-05-16,351.6,357.4,351.1,354.7,2203.0,0,0.0
2003-05-19,357.0,366.0,356.4,366.0,1572.0,0,0.0
2003-05-20,366.3,370.5,363.8,367.9,2716.0,0,0.0
2003-05-21,368.0,373.6,363.4,372.2,2935.0,0,0.0
2003-05-22,371.8,373.2,366.4,368.3,2422.0,0,0.0
2003-05-23,368.2,371.2,365.0,368.7,2089.0,0,0.0
2003-05-26,368.0,371.3,367.3,370.9,434.0,0,0.0
2003-05-27,370.6,375.0,364.5,365.1,2327.0,0,0.0
2003-05-28,364.9,367.2,358.3,364.5,2150.0,0,0.0
2003-05-29,366.1,370.3,359.4,369.2,2266.0,0,0.0
2003-05-30,368.6,369.4,360.4,364.9,1981.0,0,0.0
2003-06-02,363.2,367.6,359.4,365.9,2560.0,0,0.0
2003-06-03,365.8,367.6,363.2,365.2,1916.0,0,0.0
2003-06-04,365.5,366.3,360.6,362.8,2270.0,0,0.0
2003-06-05,361.8,370.2,360.7,368.2,2525.0,0,0.0
2003-06-06,368.2,369.0,361.4,363.9,2275.0,0,0.0
2003-06-09,362.7,367.4,360.8,361.3,2033.0,0,0.0
2003-06-10,362.0,362.2,351.1,352.3,2722.0,0,0.0
2003-06-11,353.1,357.6,351.0,354.7,2380.0,0,0.0
2003-06-12,355.0,356.2,350.7,353.4,2250.0,0,0.0
2003-06-13,353.2,357.4,351.2,356.7,2220.0,0,0.0
2003-06-16,356.7,361.7,356.5,359.3,1199.0,0,0.0
2003-06-17,359.3,365.2,357.0,362.7,1872.0,0,0.0
2003-06-18,363.1,364.7,356.4,357.2,1416.0,0,0.0
2003-06-19,357.7,363.1,355.2,362.0,1745.0,0,0.0
2003-06-20,361.3,363.4,355.1,356.3,1987.0,0,0.0
2003-06-23,357.2,358.8,350.3,352.7,2265.0,0,0.0
2003-06-24,352.7,355.2,345.7,347.1,2975.0,0,0.0
2003-06-25,347.5,350.3,346.5,347.4,2028.0,0,0.0
2003-06-26,347.3,348.8,343.0,344.1,2077.0,0,0.0
2003-06-27,343.9,347.3,342.4,345.1,2028.0,0,0.0
2003-06-30,345.1,348.6,343.8,345.7,1482.0,0,0.0
2003-07-01,345.8,353.8,344.2,350.7,2259.0,0,0.0
2003-07-02,350.7,353.3,349.7,351.4,1397.0,0,0.0
2003-07-03,351.2,352.4,348.9,350.6,1148.0,0,0.0
2003-07-04,351.0,351.6,350.1,350.6,339.0,0,0.0
2003-07-07,350.6,352.0,346.9,347.9,2982.0,0,0.0
2003-07-08,347.7,348.5,342.2,344.2,3978.0,0,0.0
2003-07-09,344.5,346.5,343.3,344.2,3840.0,0,0.0
2003-07-10,344.4,346.1,342.1,345.0,3281.0,0,0.0
2003-07-11,345.0,345.7,342.5,344.8,3163.0,0,0.0
2003-07-14,345.0,348.5,344.0,347.3,2536.0,0,0.0
2003-07-15,347.3,349.7,341.0,342.5,4360.0,0,0.0
2003-07-16,342.5,344.8,340.1,343.2,3290.0,0,0.0
2003-07-17,343.5,345.7,340.8,344.4,3511.0,0,0.0
2003-07-18,344.6,348.2,342.9,347.0,2828.0,0,0.0
2003-07-21,347.5,352.8,346.7,351.4,2249.0,0,0.0
2003-07-22,352.0,353.6,347.9,350.8,2164.0,0,0.0
2003-07-23,351.1,359.9,349.9,359.9,2525.0,0,0.0
2003-07-24,360.4,364.3,355.9,357.0,2564.0,0,0.0
2003-07-25,360.1,364.9,359.3,362.7,2343.0,0,0.0
2003-07-28,362.7,367.9,359.9,364.4,1870.0,0,0.0
2003-07-29,365.2,365.6,360.3,361.5,2412.0,0,0.0
2003-07-30,361.5,362.0,354.9,356.4,1956.0,0,0.0
2003-07-31,356.3,358.2,353.3,354.2,2865.0,0,0.0
2003-08-01,355.3,357.9,345.0,346.4,2391.0,0,0.0
2003-08-04,347.6,350.8,346.4,349.3,2223.0,0,0.0
2003-08-05,349.4,352.5,348.0,351.8,2081.0,0,0.0
2003-08-06,352.1,353.8,345.5,351.5,2230.0,0,0.0
2003-08-07,351.2,354.6,349.3,352.5,2296.0,0,0.0
2003-08-08,352.7,358.2,352.1,356.7,1879.0,0,0.0
2003-08-11,356.3,362.5,355.9,361.8,2033.0,0,0.0
2003-08-12,361.7,362.6,358.0,358.5,2096.0,0,0.0
2003-08-13,358.5,365.0,355.6,362.4,2263.0,0,0.0
2003-08-14,362.6,367.7,350.8,366.8,2555.0,0,0.0
2003-08-15,366.8,367.1,362.9,363.5,1292.0,0,0.0
2003-08-18,363.6,364.2,357.4,358.4,1924.0,0,0.0
2003-08-19,358.8,362.9,356.0,361.6,2461.0,0,0.0
2003-08-20,361.9,367.1,361.2,366.2,2560.0,0,0.0
2003-08-21,366.3,366.9,358.1,361.1,2434.0,0,0.0
2003-08-22,361.1,364.6,358.0,362.9,2222.0,0,0.0
2003-08-25,362.5,364.0,360.2,361.1,2041.0,0,0.0
2003-08-26,361.3,366.3,358.9,364.5,2217.0,0,0.0
2003-08-27,364.6,374.4,362.8,372.5,3280.0,0,0.0
2003-08-28,372.1,372.7,365.1,369.8,3099.0,0,0.0
2003-08-29,370.0,378.0,366.4,375.5,3264.0,0,0.0
2003-09-01,375.0,379.3,374.4,375.5,903.0,0,0.0
2003-09-02,375.5,379.5,371.1,371.6,1252.0,0,0.0
2003-09-03,371.8,375.7,369.6,373.8,1663.0,0,0.0
2003-09-04,374.3,375.7,370.3,373.3,476.0,0,0.0
2003-09-05,373.6,379.3,370.3,377.3,1120.0,0,0.0
2003-09-08,377.0,377.5,373.3,375.1,1857.0,0,0.0
2003-09-09,375.2,384.0,374.2,382.5,2869.0,0,0.0
2003-09-10,381.8,383.1,378.2,380.5,2286.0,0,0.0
2003-09-11,380.6,381.8,374.7,379.8,2480.0,0,0.0
2003-09-12,380.5,382.4,374.6,375.3,2807.0,0,0.0
2003-09-15,375.5,377.5,372.3,374.1,2177.0,0,0.0
2003-09-16,374.3,376.8,371.4,373.1,2207.0,0,0.0
2003-09-17,373.6,377.5,372.0,376.6,2320.0,0,0.0
2003-09-18,376.6,380.2,375.0,376.6,2398.0,0,0.0
2003-09-19,376.6,383.8,372.0,381.8,2357.0,0,0.0
2003-09-22,381.2,388.8,380.7,386.9,2545.0,0,0.0
2003-09-23,386.8,388.2,382.7,385.1,2325.0,0,0.0
2003-09-24,384.8,389.8,382.8,389.3,2431.0,0,0.0
2003-09-25,389.3,393.9,383.3,385.6,3026.0,0,0.0
2003-09-26,385.5,386.8,378.8,380.9,2625.0,0,0.0
2003-09-29,381.5,385.5,378.8,382.3,2376.0,0,0.0
2003-09-30,382.8,388.8,381.2,385.3,2655.0,0,0.0
2003-10-01,385.5,386.8,382.4,384.8,2204.0,0,0.0
2003-10-02,384.8,387.3,380.8,383.0,2523.0,0,0.0
2003-10-03,382.8,386.4,366.0,369.6,2881.0,0,0.0
2003-10-06,369.8,373.8,368.9,372.8,2343.0,0,0.0
2003-10-07,373.1,377.5,371.8,376.2,2327.0,0,0.0
2003-10-08,376.8,378.7,374.3,375.5,1929.0,0,0.0
2003-10-09,375.3,377.8,367.7,370.3,2748.0,0,0.0
2003-10-10,370.0,374.3,368.3,373.6,2136.0,0,0.0
2003-10-13,373.1,375.8,369.3,374.5,2174.0,0,0.0
2003-10-14,374.7,377.0,372.0,375.4,2577.0,0,0.0
2003-10-15,375.5,376.7,371.1,373.3,2480.0,0,0.0
2003-10-16,372.8,375.5,370.4,372.1,2850.0,0,0.0
2003-10-17,371.6,373.0,366.2,371.6,2606.0,0,0.0
2003-10-20,371.3,374.8,369.3,373.6,2675.0,0,0.0
2003-10-21,373.1,382.1,372.2,381.5,2957.0,0,0.0
2003-10-22,381.0,387.7,379.5,386.1,3130.0,0,0.0
2003-10-23,385.7,388.5,382.5,384.3,2953.0,0,0.0
2003-10-24,384.5,392.7,383.6,388.8,3150.0,0,0.0
2003-10-27,387.6,389.0,385.1,388.1,2499.0,0,0.0
2003-10-28,387.6,389.0,382.1,383.1,2537.0,0,0.0
2003-10-29,382.6,387.8,379.4,386.5,3283.0,0,0.0
2003-10-30,386.3,391.9,381.8,383.8,3166.0,0,0.0
2003-10-31,383.3,389.6,381.2,384.5,2751.0,0,0.0
2003-11-03,384.6,385.6,375.8,376.7,2425.0,0,0.0
2003-11-04,377.3,381.1,376.0,379.7,2657.0,0,0.0
2003-11-05,379.0,384.5,378.4,381.5,3018.0,0,0.0
2003-11-06,381.5,384.5,378.9,380.0,2650.0,0,0.0
2003-11-07,379.6,383.9,375.7,383.3,3139.0,0,0.0
2003-11-10,382.8,387.7,381.9,385.9,2447.0,0,0.0
2003-11-11,385.6,389.7,385.3,387.9,2764.0,0,0.0
2003-11-12,387.6,396.9,386.5,394.4,4792.0,0,0.0
2003-11-13,394.6,398.2,391.9,393.9,5088.0,0,0.0
2003-11-14,394.0,399.3,393.0,397.4,4983.0,0,0.0
2003-11-17,396.7,399.8,385.6,391.3,4172.0,0,0.0
2003-11-18,390.8,399.0,389.8,397.4,4963.0,0,0.0
2003-11-19,397.4,400.9,392.3,395.0,5032.0,0,0.0
2003-11-20,394.7,397.5,391.5,393.5,4496.0,0,0.0
2003-11-21,393.1,398.9,392.3,395.7,4785.0,0,0.0
2003-11-24,395.8,397.2,390.0,391.4,3855.0,0,0.0
2003-11-25,391.3,394.0,389.2,391.2,4165.0,0,0.0
2003-11-26,391.2,401.0,390.3,396.8,4691.0,0,0.0
2003-11-27,396.8,397.7,394.5,395.2,2029.0,0,0.0
2003-11-28,395.5,399.8,393.6,398.0,1172.0,0,0.0
2003-12-01,397.5,403.9,396.6,402.3,4107.0,0,0.0
2003-12-02,403.5,406.2,398.9,403.5,5203.0,0,0.0
2003-12-03,403.0,405.3,400.2,404.8,3987.0,0,0.0
2003-12-04,404.3,405.4,399.3,402.5,4496.0,0,0.0
2003-12-05,403.1,407.1,399.3,406.1,1300.0,0,0.0
2003-12-08,406.3,410.0,404.1,407.3,572.0,0,0.0
2003-12-09,407.3,409.8,405.4,408.0,773.0,0,0.0
2003-12-10,408.0,412.2,405.1,405.8,607.0,0,0.0
2003-12-11,405.3,406.8,402.8,404.5,226.0,0,0.0
2003-12-12,406.7,409.0,405.4,409.0,66.0,0,0.0
2003-12-15,403.2,410.9,401.1,410.2,81.0,0,0.0
2003-12-16,410.3,410.5,406.9,407.1,513.0,0,0.0
2003-12-17,406.8,412.9,406.8,412.4,621.0,0,0.0
2003-12-18,412.5,412.8,407.3,410.6,696.0,0,0.0
2003-12-19,410.6,411.3,407.2,409.1,581.0,0,0.0
2003-12-22,409.3,411.6,407.8,409.8,348.0,0,0.0
2003-12-23,409.7,411.3,408.6,410.7,307.0,0,0.0
2003-12-24,410.7,412.9,410.3,411.7,245.0,0,0.0
2003-12-25,411.7,412.5,411.7,412.5,4.0,0,0.0
2003-12-26,412.6,414.2,410.4,413.2,37.0,0,0.0
2003-12-29,413.5,415.8,411.7,414.8,419.0,0,0.0
2003-12-30,415.1,417.3,414.3,416.2,389.0,0,0.0
2003-12-31,416.3,417.8,413.9,415.7,292.0,0,0.0
2004-01-02,415.3,416.4,414.5,415.3,61.0,0,0.0
2004-01-05,415.5,425.0,415.3,423.6,463.0,0,0.0
2004-01-06,423.5,430.6,420.6,422.3,556.0,0,0.0
2004-01-07,422.2,424.8,419.6,420.4,608.0,0,0.0
2004-01-08,420.4,425.5,417.2,423.7,653.0,0,0.0
2004-01-09,423.8,427.6,420.6,426.5,628.0,0,0.0
2004-01-12,426.7,429.0,423.0,424.8,623.0,0,0.0
2004-01-13,425.3,426.9,422.3,423.9,642.0,0,0.0
2004-01-14,424.0,425.2,417.3,420.4,730.0,0,0.0
2004-01-15,420.5,420.7,407.5,409.1,915.0,0,0.0
2004-01-16,408.6,410.9,405.2,406.6,583.0,0,0.0
2004-01-19,406.6,409.2,406.2,406.9,84.0,0,0.0
2004-01-20,407.2,413.3,405.1,412.7,548.0,0,0.0
2004-01-21,412.7,413.4,407.1,410.7,546.0,0,0.0
2004-01-22,410.8,413.3,407.9,409.3,647.0,0,0.0
2004-01-23,409.4,412.8,406.2,407.7,336.0,0,0.0
2004-01-26,407.7,409.5,404.0,404.3,539.0,0,0.0
2004-01-27,404.0,412.4,403.0,410.0,603.0,0,0.0
2004-01-28,410.1,415.2,407.9,410.4,560.0,0,0.0
2004-01-29,410.0,411.1,396.3,399.3,595.0,0,0.0
2004-01-30,399.2,402.7,398.4,402.3,317.0,0,0.0
2004-02-02,402.3,403.4,394.1,398.3,574.0,0,0.0
2004-02-03,398.1,403.7,398.1,399.5,550.0,0,0.0
2004-02-04,399.4,401.2,398.5,400.7,385.0,0,0.0
2004-02-05,400.8,401.0,396.7,396.9,565.0,0,0.0
2004-02-06,397.3,408.9,394.4,403.3,422.0,0,0.0
2004-02-09,403.4,407.7,402.2,406.6,774.0,0,0.0
2004-02-10,406.6,410.4,405.6,406.3,912.0,0,0.0
2004-02-11,406.0,411.9,404.5,409.9,901.0,0,0.0
2004-02-12,409.6,413.9,409.4,413.3,927.0,0,0.0
2004-02-13,413.4,417.4,406.6,410.0,951.0,0,0.0
2004-02-16,410.0,412.1,409.7,411.7,359.0,0,0.0
2004-02-17,411.8,416.3,410.9,415.7,893.0,0,0.0
2004-02-18,415.8,417.0,409.2,412.1,1217.0,0,0.0
2004-02-19,412.0,413.3,407.7,409.6,954.0,0,0.0
2004-02-20,409.5,411.9,393.7,397.4,1238.0,0,0.0
2004-02-23,399.3,400.1,397.9,398.8,345.0,0,0.0
2004-02-24,398.6,404.7,397.9,404.2,623.0,0,0.0
2004-02-25,404.2,405.2,392.9,395.6,1017.0,0,0.0
2004-02-26,395.6,397.8,390.6,395.1,1013.0,0,0.0
2004-02-27,395.0,398.2,391.9,396.1,1023.0,0,0.0
2004-03-01,396.2,403.2,396.0,399.1,952.0,0,0.0
2004-03-02,399.2,402.1,390.7,393.5,1015.0,0,0.0
2004-03-03,393.4,393.9,387.9,392.4,1021.0,0,0.0
2004-03-04,392.4,395.7,391.1,392.8,1013.0,0,0.0
2004-03-05,392.9,401.7,391.9,401.2,1100.0,0,0.0
2004-03-08,401.3,401.6,397.8,400.7,737.0,0,0.0
2004-03-09,400.6,406.3,400.0,404.1,927.0,0,0.0
2004-03-10,403.9,404.6,397.3,400.0,1043.0,0,0.0
2004-03-11,400.0,401.4,396.9,400.6,971.0,0,0.0
2004-03-12,400.7,402.9,394.7,395.3,937.0,0,0.0
2004-03-15,395.3,400.8,395.0,399.3,4005.0,0,0.0
2004-03-16,399.3,404.0,398.9,402.0,4532.0,0,0.0
2004-03-17,402.4,407.5,401.5,406.8,2276.0,0,0.0
2004-03-18,406.8,412.6,405.7,410.9,3471.0,0,0.0
2004-03-19,411.0,413.4,408.8,412.4,3140.0,0,0.0
2004-03-22,412.3,418.8,411.0,417.1,2924.0,0,0.0
2004-03-23,417.2,420.7,415.0,419.6,2826.0,0,0.0
2004-03-24,419.7,420.0,414.4,417.1,3301.0,0,0.0
2004-03-25,417.0,418.5,414.6,416.6,3137.0,0,0.0
2004-03-26,416.6,423.9,414.8,421.9,2675.0,0,0.0
2004-03-29,422.0,422.5,416.1,416.8,2624.0,0,0.0
2004-03-30,416.8,422.4,416.4,421.6,3371.0,0,0.0
2004-03-31,421.6,427.5,420.1,427.1,3040.0,0,0.0
2004-04-01,427.2,432.5,424.6,427.5,2920.0,0,0.0
2004-04-02,427.6,431.5,417.4,421.4,3029.0,0,0.0
2004-04-05,421.4,421.7,413.2,415.2,3368.0,0,0.0
2004-04-06,415.2,419.7,413.8,418.6,3362.0,0,0.0
2004-04-07,418.7,424.1,417.2,422.6,3350.0,0,0.0
2004-04-08,422.6,423.4,418.3,419.7,3156.0,0,0.0
2004-04-09,419.6,421.4,419.2,421.1,808.0,0,0.0
2004-04-12,421.0,422.2,417.1,419.8,1822.0,0,0.0
2004-04-13,419.9,421.5,405.1,407.0,3396.0,0,0.0
2004-04-14,406.9,408.0,396.5,399.7,3145.0,0,0.0
2004-04-15,399.7,401.7,395.4,399.0,2954.0,0,0.0
2004-04-16,398.9,402.8,396.5,400.7,3177.0,0,0.0
2004-04-19,400.3,405.4,399.9,400.4,2231.0,0,0.0
2004-04-20,400.5,401.2,395.6,397.7,2891.0,0,0.0
2004-04-21,397.7,398.0,389.6,390.8,3317.0,0,0.0
2004-04-22,390.7,394.1,390.1,393.3,3408.0,0,0.0
2004-04-23,393.4,396.9,392.5,395.1,2521.0,0,0.0
2004-04-26,393.9,398.1,393.7,395.7,2077.0,0,0.0
2004-04-27,395.8,399.2,395.8,398.5,1511.0,0,0.0
2004-04-28,398.5,398.8,383.4,385.9,3215.0,0,0.0
2004-04-29,385.9,388.4,377.4,386.8,2074.0,0,0.0
2004-04-30,386.7,391.1,385.6,387.5,1661.0,0,0.0
2004-05-03,387.5,389.7,385.6,387.2,2159.0,0,0.0
2004-05-04,387.3,393.8,387.0,391.5,2598.0,0,0.0
2004-05-05,391.2,395.1,390.1,393.5,2725.0,0,0.0
2004-05-06,393.6,394.0,386.7,388.2,2625.0,0,0.0
2004-05-07,388.2,390.2,377.4,379.0,3172.0,0,0.0
2004-05-10,379.0,379.9,371.5,378.6,2704.0,0,0.0
2004-05-11,378.3,380.2,374.3,377.1,981.0,0,0.0
2004-05-12,377.0,384.6,376.8,377.5,1666.0,0,0.0
2004-05-13,377.6,379.4,372.8,374.9,2725.0,0,0.0
2004-05-14,374.8,377.9,373.2,377.0,2452.0,0,0.0
2004-05-17,376.8,383.9,376.5,379.5,4244.0,0,0.0
2004-05-18,379.6,379.9,375.3,375.8,3365.0,0,0.0
2004-05-19,375.7,383.7,375.1,382.3,3388.0,0,0.0
2004-05-20,382.4,383.2,378.1,378.6,2734.0,0,0.0
2004-05-21,378.5,387.5,378.2,384.9,3307.0,0,0.0
2004-05-24,384.9,387.0,383.2,386.0,3096.0,0,0.0
2004-05-25,386.1,390.2,384.7,388.4,2274.0,0,0.0
2004-05-26,388.5,392.9,387.6,388.2,2599.0,0,0.0
2004-05-27,388.2,396.2,388.0,395.2,2015.0,0,0.0
2004-05-28,395.8,396.9,392.5,394.1,1658.0,0,0.0
2004-05-31,394.0,396.0,393.8,395.3,237.0,0,0.0
2004-06-01,395.4,399.1,393.3,394.7,2379.0,0,0.0
2004-06-02,394.7,397.1,390.1,391.7,2691.0,0,0.0
2004-06-03,391.6,393.0,387.3,388.2,1717.0,0,0.0
2004-06-04,388.1,391.9,384.4,390.9,1294.0,0,0.0
2004-06-07,390.6,394.5,390.6,393.8,1384.0,0,0.0
2004-06-08,394.5,395.3,390.9,390.9,1604.0,0,0.0
2004-06-09,387.1,387.3,383.6,384.5,1573.0,0,0.0
2004-06-10,384.0,388.0,384.0,385.4,1820.0,0,0.0
2004-06-11,385.6,386.2,383.1,384.6,562.0,0,0.0
2004-06-14,384.8,386.5,382.1,383.3,2007.0,0,0.0
2004-06-15,383.3,389.3,381.4,387.8,2093.0,0,0.0
2004-06-16,389.1,390.5,382.9,384.1,2129.0,0,0.0
2004-06-17,384.3,390.0,383.3,388.8,1667.0,0,0.0
2004-06-18,388.6,396.5,386.1,394.8,2418.0,0,0.0
2004-06-21,394.6,397.5,392.4,393.6,1794.0,0,0.0
2004-06-22,393.9,397.0,392.5,394.7,1581.0,0,0.0
2004-06-23,395.1,397.3,392.6,395.5,1982.0,0,0.0
2004-06-24,395.8,403.5,393.4,402.8,2178.0,0,0.0
2004-06-25,402.5,403.5,400.4,401.6,1754.0,0,0.0
2004-06-28,402.5,405.3,399.1,400.3,2251.0,0,0.0
2004-06-29,401.1,401.5,390.6,392.6,2281.0,0,0.0
2004-06-30,391.6,397.0,391.4,392.1,2273.0,0,0.0
2004-07-01,392.8,396.5,391.8,395.5,1893.0,0,0.0
2004-07-02,395.3,400.5,391.6,398.5,1666.0,0,0.0
2004-07-05,398.1,399.4,397.2,398.1,1485.0,0,0.0
2004-07-06,398.2,399.5,388.4,392.5,1780.0,0,0.0
2004-07-07,392.5,403.8,392.1,402.1,898.0,0,0.0
2004-07-08,402.2,409.4,399.7,407.7,1016.0,0,0.0
2004-07-09,407.7,408.4,405.3,407.4,889.0,0,0.0
2004-07-12,407.4,408.8,405.3,407.8,981.0,0,0.0
2004-07-13,407.9,408.2,400.7,401.1,1031.0,0,0.0
2004-07-14,402.1,406.3,402.1,405.1,1097.0,0,0.0
2004-07-15,405.1,405.9,401.1,403.9,1156.0,0,0.0
2004-07-16,403.9,407.8,402.4,406.3,932.0,0,0.0
2004-07-19,406.1,408.3,404.1,405.7,805.0,0,0.0
2004-07-20,405.6,406.8,399.1,401.7,805.0,0,0.0
2004-07-21,401.7,402.4,394.4,397.0,930.0,0,0.0
2004-07-22,397.0,398.6,393.7,395.0,977.0,0,0.0
2004-07-23,395.0,395.9,387.0,390.3,1050.0,0,0.0
2004-07-26,390.4,392.7,389.2,390.8,761.0,0,0.0
2004-07-27,390.8,393.8,385.6,387.0,1079.0,0,0.0
2004-07-28,387.0,391.2,385.2,389.0,814.0,0,0.0
2004-07-29,389.0,391.4,385.2,387.4,830.0,0,0.0
2004-07-30,387.3,392.7,387.0,391.2,1459.0,0,0.0
2004-08-02,391.2,394.6,390.9,391.9,600.0,0,0.0
2004-08-03,392.0,395.0,388.7,394.0,839.0,0,0.0
2004-08-04,394.1,394.5,390.3,392.4,764.0,0,0.0
2004-08-05,392.4,393.7,390.5,392.4,626.0,0,0.0
2004-08-06,392.4,400.3,391.5,399.5,560.0,0,0.0
2004-08-09,394.6,401.0,394.4,400.6,672.0,0,0.0
2004-08-10,400.6,401.2,398.6,400.0,1447.0,0,0.0
2004-08-11,399.9,400.1,392.8,395.5,1729.0,0,0.0
2004-08-12,395.5,398.0,393.6,394.3,2028.0,0,0.0
2004-08-13,394.3,399.1,392.4,398.8,3036.0,0,0.0
2004-08-16,398.9,404.2,398.3,402.9,1696.0,0,0.0
2004-08-17,402.9,405.5,400.2,404.3,1854.0,0,0.0
2004-08-18,404.4,405.5,401.3,404.3,1102.0,0,0.0
2004-08-19,404.3,408.2,403.9,406.8,1647.0,0,0.0
2004-08-20,406.8,414.3,404.9,413.0,1596.0,0,0.0
2004-08-23,413.0,413.3,408.3,410.4,1841.0,0,0.0
2004-08-24,410.3,410.6,401.9,402.7,1984.0,0,0.0
2004-08-25,402.6,408.3,402.4,407.6,2826.0,0,0.0
2004-08-26,407.7,409.7,404.3,407.4,1646.0,0,0.0
2004-08-27,407.3,409.1,400.8,403.2,2426.0,0,0.0
2004-08-30,403.2,409.2,402.9,407.7,2376.0,0,0.0
2004-08-31,407.8,411.3,406.6,410.1,1564.0,0,0.0
2004-09-01,410.2,410.5,406.6,408.7,2009.0,0,0.0
2004-09-02,408.6,408.9,405.5,405.9,1408.0,0,0.0
2004-09-03,405.9,406.7,399.0,400.5,1770.0,0,0.0
2004-09-06,400.5,402.6,400.3,402.2,170.0,0,0.0
2004-09-07,402.3,402.5,396.6,398.2,1596.0,0,0.0
2004-09-08,398.2,400.6,394.9,399.6,2682.0,0,0.0
2004-09-09,399.6,400.9,397.2,398.7,3506.0,0,0.0
2004-09-10,398.6,403.4,398.3,401.9,3368.0,0,0.0
2004-09-13,402.0,405.1,399.0,404.1,3065.0,0,0.0
2004-09-14,404.2,407.3,402.3,405.7,2173.0,0,0.0
2004-09-15,405.7,406.0,402.8,405.0,2614.0,0,0.0
2004-09-16,405.0,406.2,402.1,404.7,3353.0,0,0.0
2004-09-17,404.8,407.4,403.1,405.9,3306.0,0,0.0
2004-09-20,405.9,406.1,403.5,405.3,2460.0,0,0.0
2004-09-21,405.4,410.4,404.1,408.3,2060.0,0,0.0
2004-09-22,408.4,409.0,404.1,407.4,2554.0,0,0.0
2004-09-23,407.4,412.4,406.5,410.9,2477.0,0,0.0
2004-09-24,410.9,412.1,406.7,408.0,2342.0,0,0.0
2004-09-27,408.0,410.5,407.2,408.9,1076.0,0,0.0
2004-09-28,409.0,413.4,408.1,412.4,2562.0,0,0.0
2004-09-29,412.5,414.5,410.9,412.9,3912.0,0,0.0
2004-09-30,413.0,419.2,411.2,418.6,4501.0,0,0.0
2004-10-01,418.7,420.0,416.9,419.4,1799.0,0,0.0
2004-10-04,419.3,419.5,411.6,413.9,967.0,0,0.0
2004-10-05,414.3,420.0,412.6,418.2,879.0,0,0.0
2004-10-06,418.7,420.2,416.0,417.6,1060.0,0,0.0
2004-10-07,417.7,420.3,417.0,417.6,3341.0,0,0.0
2004-10-08,417.8,423.9,417.2,422.8,712.0,0,0.0
2004-10-11,422.6,423.5,421.0,422.1,865.0,0,0.0
2004-10-12,422.1,422.5,412.8,415.1,1056.0,0,0.0
2004-10-13,415.3,417.0,409.6,415.9,1452.0,0,0.0
2004-10-14,416.3,419.0,414.1,417.8,1616.0,0,0.0
2004-10-15,417.5,421.5,417.3,418.7,1157.0,0,0.0
2004-10-18,418.6,420.4,416.1,416.3,1236.0,0,0.0
2004-10-19,415.8,420.9,414.6,419.8,1439.0,0,0.0
2004-10-20,420.2,426.2,419.6,423.8,1113.0,0,0.0
2004-10-21,423.8,426.5,421.9,423.8,1373.0,0,0.0
2004-10-22,423.5,425.4,420.5,424.1,1161.0,0,0.0
2004-10-25,424.3,430.5,424.1,428.2,1331.0,0,0.0
2004-10-26,428.6,429.3,424.6,426.8,1181.0,0,0.0
2004-10-27,427.1,428.8,422.8,424.3,1370.0,0,0.0
2004-10-28,424.1,427.8,420.3,424.3,1484.0,0,0.0
2004-10-29,424.5,429.0,423.3,428.6,1730.0,0,0.0
2004-11-01,429.1,430.8,426.0,427.0,1249.0,0,0.0
2004-11-02,427.6,428.5,417.1,421.3,1252.0,0,0.0
2004-11-03,421.6,427.5,419.1,427.1,1254.0,0,0.0
2004-11-04,427.0,433.3,425.5,429.2,1226.0,0,0.0
2004-11-05,429.3,434.3,424.7,433.5,1934.0,0,0.0
2004-11-08,433.6,435.5,431.0,431.8,1031.0,0,0.0
2004-11-09,432.1,436.9,431.1,434.8,1295.0,0,0.0
2004-11-10,435.3,438.3,432.3,434.6,1332.0,0,0.0
2004-11-11,434.3,435.8,431.9,434.8,1078.0,0,0.0
2004-11-12,434.6,439.2,434.1,437.8,1575.0,0,0.0
2004-11-15,438.3,440.5,435.5,436.5,1366.0,0,0.0
2004-11-16,436.3,441.0,435.1,439.8,2259.0,0,0.0
2004-11-17,439.7,445.3,438.3,444.6,2375.0,0,0.0
2004-11-18,444.8,446.4,439.9,442.8,1284.0,0,0.0
2004-11-19,443.1,448.5,441.6,447.1,1649.0,0,0.0
2004-11-22,446.5,449.2,445.8,448.7,884.0,0,0.0
2004-11-23,448.8,449.9,445.8,447.1,1094.0,0,0.0
2004-11-24,447.3,449.8,447.0,449.0,1449.0,0,0.0
2004-11-25,449.0,452.4,449.0,451.2,36.0,0,0.0
2004-11-26,451.9,455.5,449.3,452.2,368.0,0,0.0
2004-11-29,452.5,455.0,449.3,453.8,1109.0,0,0.0
2004-11-30,453.8,454.0,447.9,450.9,1728.0,0,0.0
2004-12-01,451.1,455.9,450.1,454.8,1368.0,0,0.0
2004-12-02,454.6,457.0,446.9,449.3,1358.0,0,0.0
2004-12-03,449.1,456.5,448.0,455.8,1480.0,0,0.0
2004-12-06,455.3,456.5,450.8,452.3,1027.0,0,0.0
2004-12-07,452.1,455.3,450.2,451.0,1611.0,0,0.0
2004-12-08,450.9,451.1,433.2,440.6,2837.0,0,0.0
2004-12-09,440.5,441.5,432.2,437.2,3976.0,0,0.0
2004-12-10,437.3,437.9,431.5,434.3,1256.0,0,0.0
2004-12-13,434.2,440.3,433.9,439.0,1029.0,0,0.0
2004-12-14,439.0,447.5,434.8,435.6,1255.0,0,0.0
2004-12-15,435.5,441.8,435.0,440.5,1132.0,0,0.0
2004-12-16,440.5,443.1,435.5,437.4,1716.0,0,0.0
2004-12-17,437.3,443.2,436.6,441.4,1350.0,0,0.0
2004-12-20,441.5,444.4,440.8,442.2,750.0,0,0.0
2004-12-21,442.2,443.7,440.2,441.5,823.0,0,0.0
2004-12-22,441.5,442.8,438.6,439.7,875.0,0,0.0
2004-12-23,439.7,442.8,439.3,441.9,1011.0,0,0.0
2004-12-24,441.9,443.3,441.4,442.5,1627.0,0,0.0
2004-12-27,442.5,445.6,441.9,444.8,880.0,0,0.0
2004-12-28,445.0,445.7,442.7,444.3,661.0,0,0.0
2004-12-29,444.2,444.7,433.4,436.4,1919.0,0,0.0
2004-12-30,436.4,439.0,433.6,437.3,1323.0,0,0.0
2004-12-31,437.3,439.2,436.8,438.2,2080.0,0,0.0
2005-01-03,438.4,438.6,426.7,429.5,1372.0,0,0.0
2005-01-04,429.5,430.1,423.7,427.5,1669.0,0,0.0
2005-01-05,427.5,428.7,425.1,426.6,1424.0,0,0.0
2005-01-06,426.3,427.8,420.2,421.4,7895.0,0,0.0
2005-01-07,421.3,425.3,416.5,419.0,8149.0,0,0.0
2005-01-10,419.0,422.0,418.7,419.7,5329.0,0,0.0
2005-01-11,419.7,423.1,419.3,421.6,5870.0,0,0.0
2005-01-12,421.6,428.0,420.4,426.0,6866.0,0,0.0
2005-01-13,426.1,427.3,423.0,425.2,5310.0,0,0.0
2005-01-14,425.1,425.7,420.3,423.1,5681.0,0,0.0
2005-01-17,423.1,423.5,421.1,422.5,2067.0,0,0.0
2005-01-18,422.4,424.2,421.1,422.9,4774.0,0,0.0
2005-01-19,423.0,427.2,421.8,423.0,5664.0,0,0.0
2005-01-20,423.1,423.4,419.9,422.3,5213.0,0,0.0
2005-01-21,422.3,428.6,420.9,427.1,6064.0,0,0.0
2005-01-24,427.2,428.3,426.3,427.3,4243.0,0,0.0
2005-01-25,427.3,461.3,420.9,422.1,6364.0,0,0.0
2005-01-26,422.1,428.1,421.2,426.7,5911.0,0,0.0
2005-01-27,426.8,428.4,423.9,426.3,5258.0,0,0.0
2005-01-28,426.2,427.9,424.0,426.9,5578.0,0,0.0
2005-01-31,426.4,426.6,419.4,422.6,6652.0,0,0.0
2005-02-01,422.5,422.8,419.3,421.2,5342.0,0,0.0
2005-02-02,421.2,423.0,420.0,421.8,4411.0,0,0.0
2005-02-03,421.8,422.1,414.4,417.2,5963.0,0,0.0
2005-02-04,417.1,418.1,413.8,414.7,5439.0,0,0.0
2005-02-07,414.7,416.4,412.4,413.3,5916.0,0,0.0
2005-02-08,413.3,414.6,410.5,412.7,6106.0,0,0.0
2005-02-09,412.6,414.0,410.2,413.6,5223.0,0,0.0
2005-02-10,413.7,419.0,411.7,417.7,3911.0,0,0.0
2005-02-11,417.8,422.3,416.2,420.8,4573.0,0,0.0
2005-02-14,420.9,426.6,420.5,425.7,5524.0,0,0.0
2005-02-15,425.7,427.1,423.4,425.7,5001.0,0,0.0
2005-02-16,425.7,426.1,421.9,425.1,5811.0,0,0.0
2005-02-17,425.1,428.8,424.0,427.0,4506.0,0,0.0
2005-02-18,427.1,428.2,425.6,427.1,2931.0,0,0.0
2005-02-21,427.1,429.3,426.0,427.3,1329.0,0,0.0
2005-02-22,427.1,436.0,422.9,435.7,6038.0,0,0.0
2005-02-23,435.7,436.1,431.5,434.5,6317.0,0,0.0
2005-02-24,434.5,437.0,432.3,434.2,3539.0,0,0.0
2005-02-25,434.0,435.7,431.0,435.1,3659.0,0,0.0
2005-02-28,435.2,438.3,434.5,435.5,5736.0,0,0.0
2005-03-01,435.6,436.1,430.7,432.8,5777.0,0,0.0
2005-03-02,432.7,434.1,428.6,432.8,6816.0,0,0.0
2005-03-03,432.8,433.7,428.9,429.6,5836.0,0,0.0
2005-03-04,429.6,436.9,429.0,434.2,6006.0,0,0.0
2005-03-07,434.0,434.0,434.0,434.0,3.0,0,0.0
2005-03-08,435.0,440.9,434.5,440.5,516.0,0,0.0
2005-03-09,440.8,442.9,438.8,440.6,4729.0,0,0.0
2005-03-10,440.6,443.0,439.7,442.5,5676.0,0,0.0
2005-03-11,442.5,447.4,440.1,445.9,5687.0,0,0.0
2005-03-14,446.0,446.3,439.8,440.9,5582.0,0,0.0
2005-03-15,440.9,444.4,439.4,440.5,5615.0,0,0.0
2005-03-16,440.4,444.1,439.7,443.3,4911.0,0,0.0
2005-03-17,443.3,444.2,437.1,438.7,5414.0,0,0.0
2005-03-18,438.7,440.2,435.6,439.3,5224.0,0,0.0
2005-03-21,439.3,439.6,428.8,431.2,6034.0,0,0.0
2005-03-22,431.1,432.8,426.2,426.8,4850.0,0,0.0
2005-03-23,426.4,428.9,424.1,425.3,6324.0,0,0.0
2005-03-24,425.3,426.8,424.2,425.1,5042.0,0,0.0
2005-03-25,425.0,425.9,424.7,425.1,1020.0,0,0.0
2005-03-28,425.4,426.6,423.2,425.9,2402.0,0,0.0
2005-03-29,426.0,428.2,425.5,426.1,3372.0,0,0.0
2005-03-30,426.1,428.3,425.5,426.1,4367.0,0,0.0
2005-03-31,426.2,429.2,425.9,428.7,4727.0,0,0.0
2005-04-01,428.7,429.1,424.6,426.1,5849.0,0,0.0
2005-04-04,426.2,426.9,422.3,424.3,4835.0,0,0.0
2005-04-05,424.2,425.8,422.5,425.0,4674.0,0,0.0
2005-04-06,425.1,427.7,424.0,426.6,5143.0,0,0.0
2005-04-07,426.6,428.7,425.3,425.8,5160.0,0,0.0
2005-04-08,425.8,427.6,424.4,426.9,4134.0,0,0.0
2005-04-11,427.0,430.0,426.0,428.0,4132.0,0,0.0
2005-04-12,428.0,430.6,426.1,428.1,4915.0,0,0.0
2005-04-13,428.2,429.8,426.8,428.8,4587.0,0,0.0
2005-04-14,428.9,429.6,421.9,423.7,5782.0,0,0.0
2005-04-15,423.6,426.2,422.3,424.7,5199.0,0,0.0
2005-04-18,424.8,428.3,423.0,427.4,5327.0,0,0.0
2005-04-19,427.4,434.1,426.4,433.9,6305.0,0,0.0
2005-04-20,433.9,438.3,431.2,434.4,6222.0,0,0.0
2005-04-21,434.5,435.5,431.8,432.5,6197.0,0,0.0
2005-04-22,432.2,435.6,431.8,434.5,4218.0,0,0.0
2005-04-25,434.6,435.1,432.4,434.6,4541.0,0,0.0
2005-04-26,434.6,437.8,434.0,436.9,4721.0,0,0.0
2005-04-27,437.0,437.4,431.7,432.1,5986.0,0,0.0
2005-04-28,432.1,434.2,430.3,431.3,5808.0,0,0.0
2005-04-29,431.5,437.0,430.9,434.9,5859.0,0,0.0
2005-05-02,434.9,435.8,428.5,429.8,4968.0,0,0.0
2005-05-03,429.8,430.2,424.8,427.8,5654.0,0,0.0
2005-05-04,427.7,430.2,426.6,429.4,5275.0,0,0.0
2005-05-05,429.3,431.8,427.8,430.4,4918.0,0,0.0
2005-05-06,430.4,431.4,423.8,426.2,6071.0,0,0.0
2005-05-09,425.9,426.8,424.5,425.9,4173.0,0,0.0
2005-05-10,426.2,428.4,426.0,426.5,3782.0,0,0.0
2005-05-11,426.6,429.0,425.3,427.5,5581.0,0,0.0
2005-05-12,427.6,427.8,420.3,422.2,6341.0,0,0.0
2005-05-13,422.2,422.6,418.7,420.2,6103.0,0,0.0
2005-05-16,420.2,421.0,417.9,419.5,4408.0,0,0.0
2005-05-17,419.7,421.5,418.3,418.7,4789.0,0,0.0
2005-05-18,418.7,422.0,418.4,421.7,5388.0,0,0.0
2005-05-19,421.7,423.4,419.3,420.8,4892.0,0,0.0
2005-05-20,420.8,421.3,416.4,417.6,4170.0,0,0.0
2005-05-23,417.4,418.7,416.6,417.4,4142.0,0,0.0
2005-05-24,417.4,419.6,416.0,418.0,4009.0,0,0.0
2005-05-25,418.3,419.8,416.8,419.4,4152.0,0,0.0
2005-05-26,419.5,420.3,416.8,417.7,4438.0,0,0.0
2005-05-27,417.9,420.6,417.3,420.3,3464.0,0,0.0
2005-05-30,420.4,420.7,417.9,418.5,1554.0,0,0.0
2005-05-31,418.2,418.2,414.1,417.1,41.0,0,0.0
2005-06-01,416.3,417.8,414.4,415.5,5069.0,0,0.0
2005-06-02,415.4,424.0,414.9,421.9,7775.0,0,0.0
2005-06-03,421.9,425.1,421.5,422.4,6575.0,0,0.0
2005-06-06,422.3,427.6,422.2,425.9,5570.0,0,0.0
2005-06-07,425.9,427.6,424.0,424.7,4967.0,0,0.0
2005-06-08,424.7,426.9,422.8,423.2,4123.0,0,0.0
2005-06-09,422.8,425.3,420.9,423.7,3160.0,0,0.0
2005-06-10,423.5,428.8,422.0,426.9,4269.0,0,0.0
2005-06-13,427.0,430.9,424.0,429.2,3795.0,0,0.0
2005-06-14,429.2,429.5,426.2,426.8,3065.0,0,0.0
2005-06-15,426.8,430.4,425.8,429.0,3154.0,0,0.0
2005-06-16,428.9,436.9,428.0,435.6,4336.0,0,0.0
2005-06-17,435.5,439.6,435.2,437.6,3173.0,0,0.0
2005-06-20,437.7,441.5,437.2,437.9,2633.0,0,0.0
2005-06-21,438.1,439.1,433.8,438.7,3145.0,0,0.0
2005-06-22,438.7,439.4,435.9,438.1,2493.0,0,0.0
2005-06-23,438.3,442.7,435.7,441.3,3077.0,0,0.0
2005-06-24,441.4,443.9,438.1,439.8,3077.0,0,0.0
2005-06-27,439.5,440.6,438.4,439.7,1999.0,0,0.0
2005-06-28,439.8,440.3,435.1,435.5,2439.0,0,0.0
2005-06-29,435.6,438.4,433.8,437.2,3074.0,0,0.0
2005-06-30,437.2,439.5,434.7,435.6,3441.0,0,0.0
2005-07-01,435.5,437.0,426.6,427.6,3805.0,0,0.0
2005-07-04,427.7,428.4,426.1,427.4,1220.0,0,0.0
2005-07-05,427.5,428.0,421.3,422.9,3559.0,0,0.0
2005-07-06,422.8,425.6,422.6,423.5,2526.0,0,0.0
2005-07-07,423.6,429.3,421.1,423.3,3762.0,0,0.0
2005-07-08,423.3,425.3,421.3,423.0,3076.0,0,0.0
2005-07-11,423.1,426.8,422.7,425.8,3058.0,0,0.0
2005-07-12,426.2,428.1,424.6,426.8,3553.0,0,0.0
2005-07-13,426.9,427.8,423.3,423.8,3206.0,0,0.0
2005-07-14,423.6,425.0,418.7,419.5,4115.0,0,0.0
2005-07-15,419.4,421.9,417.8,421.5,3350.0,0,0.0
2005-07-18,421.6,423.0,419.9,420.9,2422.0,0,0.0
2005-07-19,420.8,422.4,418.7,420.1,2873.0,0,0.0
2005-07-20,419.8,423.8,419.7,423.1,3410.0,0,0.0
2005-07-21,422.9,426.2,422.7,425.6,3021.0,0,0.0
2005-07-22,425.8,427.2,424.0,425.0,2737.0,0,0.0
2005-07-25,425.0,427.2,424.2,425.7,2350.0,0,0.0
2005-07-26,426.0,426.4,422.1,423.5,3110.0,0,0.0
2005-07-27,423.4,426.2,421.6,425.4,2906.0,0,0.0
2005-07-28,425.4,429.5,424.1,427.9,3974.0,0,0.0
2005-07-29,428.0,431.2,426.8,429.6,3921.0,0,0.0
2005-08-01,429.5,432.9,428.8,432.2,2803.0,0,0.0
2005-08-02,432.4,433.7,430.9,432.1,3501.0,0,0.0
2005-08-03,432.3,437.8,430.8,436.7,3977.0,0,0.0
2005-08-04,436.8,439.7,435.4,437.7,4148.0,0,0.0
2005-08-05,437.7,439.5,436.8,437.3,3796.0,0,0.0
2005-08-08,437.3,438.2,434.0,434.7,3386.0,0,0.0
2005-08-09,434.9,436.0,432.7,434.7,5300.0,0,0.0
2005-08-10,434.8,437.9,434.1,437.5,5158.0,0,0.0
2005-08-11,437.5,447.6,436.7,445.8,7995.0,0,0.0
2005-08-12,445.8,450.0,443.6,446.1,6807.0,0,0.0
2005-08-15,445.9,446.5,440.7,442.3,4719.0,0,0.0
2005-08-16,442.3,447.3,440.3,446.1,5541.0,0,0.0
2005-08-17,446.2,446.6,438.0,440.0,6805.0,0,0.0
2005-08-18,440.2,443.0,437.7,439.7,6602.0,0,0.0
2005-08-19,439.7,440.9,435.8,436.4,6500.0,0,0.0
2005-08-22,436.0,441.1,435.9,438.2,5505.0,0,0.0
2005-08-23,438.3,440.8,437.7,439.2,6187.0,0,0.0
2005-08-24,439.1,441.2,435.6,437.6,7502.0,0,0.0
2005-08-25,437.6,440.2,437.0,438.6,5929.0,0,0.0
2005-08-26,438.8,440.6,435.9,437.4,5608.0,0,0.0
2005-08-29,437.6,441.4,436.4,436.9,4969.0,0,0.0
2005-08-30,436.8,437.9,429.1,431.6,6406.0,0,0.0
2005-08-31,431.6,435.8,430.9,435.0,6221.0,0,0.0
2005-09-01,434.8,445.7,434.6,442.4,7401.0,0,0.0
2005-09-02,442.5,447.4,441.6,444.4,5805.0,0,0.0
2005-09-05,444.4,447.0,443.6,445.1,3320.0,0,0.0
2005-09-06,445.2,446.5,442.7,444.5,5180.0,0,0.0
2005-09-07,444.4,446.2,443.0,444.9,4574.0,0,0.0
2005-09-08,444.8,449.8,443.7,446.7,4782.0,0,0.0
2005-09-09,446.6,449.5,445.8,449.0,4509.0,0,0.0
2005-09-12,448.9,451.7,447.1,449.5,4798.0,0,0.0
2005-09-13,449.1,449.5,444.4,446.1,4848.0,0,0.0
2005-09-14,446.0,450.5,446.0,449.7,5629.0,0,0.0
2005-09-15,449.8,455.7,448.5,455.4,6523.0,0,0.0
2005-09-16,455.3,460.3,453.9,459.4,6085.0,0,0.0
2005-09-19,459.5,468.6,458.3,464.4,6902.0,0,0.0
2005-09-20,464.3,470.7,463.3,463.6,6699.0,0,0.0
2005-09-21,463.7,472.4,463.7,472.1,7595.0,0,0.0
2005-09-22,472.0,475.1,462.9,465.9,9261.0,0,0.0
2005-09-23,465.7,466.4,460.7,463.6,6641.0,0,0.0
2005-09-26,462.8,467.4,458.8,466.3,7969.0,0,0.0
2005-09-27,466.3,466.5,457.7,463.0,8358.0,0,0.0
2005-09-28,462.9,470.2,461.0,468.7,8132.0,0,0.0
2005-09-29,468.7,473.6,468.1,472.0,7573.0,0,0.0
2005-09-30,472.1,474.4,467.7,468.9,7168.0,0,0.0
2005-10-03,468.7,472.9,463.9,465.6,5781.0,0,0.0
2005-10-04,465.9,469.9,464.2,465.9,6592.0,0,0.0
2005-10-05,466.0,466.9,462.7,464.4,6654.0,0,0.0
2005-10-06,464.5,473.8,464.3,473.1,7569.0,0,0.0
2005-10-07,473.1,475.8,469.6,474.5,7037.0,0,0.0
2005-10-10,474.6,478.8,472.2,474.9,5975.0,0,0.0
2005-10-11,474.9,478.4,474.4,475.3,7201.0,0,0.0
2005-10-12,475.2,480.0,469.9,470.6,7725.0,0,0.0
2005-10-13,470.6,474.2,467.5,471.3,8671.0,0,0.0
2005-10-14,471.3,472.0,465.5,469.3,8525.0,0,0.0
2005-10-17,469.4,475.5,469.1,473.7,6939.0,0,0.0
2005-10-18,473.7,474.4,470.0,472.0,6808.0,0,0.0
2005-10-19,471.7,471.9,461.6,464.3,8331.0,0,0.0
2005-10-20,464.3,465.0,459.8,460.9,7454.0,0,0.0
2005-10-21,460.9,467.4,460.4,466.8,7960.0,0,0.0
2005-10-24,466.6,468.6,463.0,465.0,7219.0,0,0.0
2005-10-25,465.0,473.6,464.1,472.2,8086.0,0,0.0
2005-10-26,472.3,473.8,470.3,470.7,7327.0,0,0.0
2005-10-27,470.5,475.7,470.0,473.2,7876.0,0,0.0
2005-10-28,473.3,474.6,469.3,472.9,7760.0,0,0.0
2005-10-31,472.8,473.0,464.7,465.6,8674.0,0,0.0
2005-11-01,465.9,466.5,457.8,459.1,9116.0,0,0.0
2005-11-02,458.9,463.9,458.8,462.9,7022.0,0,0.0
2005-11-03,462.5,465.0,458.7,460.9,7910.0,0,0.0
2005-11-04,460.8,464.3,454.8,456.7,7097.0,0,0.0
2005-11-07,456.6,459.7,456.0,459.4,5696.0,0,0.0
2005-11-08,459.3,462.5,456.5,460.5,6858.0,0,0.0
2005-11-09,460.5,467.9,459.7,466.8,7470.0,0,0.0
2005-11-10,466.8,470.1,464.9,466.2,6621.0,0,0.0
2005-11-11,466.3,469.0,464.8,468.4,5563.0,0,0.0
2005-11-14,468.3,470.6,466.5,467.5,6144.0,0,0.0
2005-11-15,467.3,469.8,466.4,468.4,5177.0,0,0.0
2005-11-16,468.1,479.3,468.1,479.0,6964.0,0,0.0
2005-11-17,479.0,486.9,477.7,485.7,8308.0,0,0.0
2005-11-18,485.5,488.8,483.5,485.3,6706.0,0,0.0
2005-11-21,485.6,491.5,484.6,491.4,6325.0,0,0.0
2005-11-22,491.4,495.2,489.5,494.3,7397.0,0,0.0
2005-11-23,494.2,494.3,487.1,491.9,6194.0,0,0.0
2005-11-24,492.3,494.5,491.8,493.2,2619.0,0,0.0
2005-11-25,493.3,496.8,493.2,495.7,2541.0,0,0.0
2005-11-28,495.6,499.1,493.1,498.4,5469.0,0,0.0
2005-11-29,498.5,502.4,494.4,499.2,7030.0,0,0.0
2005-11-30,498.8,499.4,491.9,492.8,7484.0,0,0.0
2005-12-01,492.9,504.3,490.7,503.9,7990.0,0,0.0
2005-12-02,503.8,506.4,499.7,503.1,7659.0,0,0.0
2005-12-05,503.0,509.6,503.0,509.0,6466.0,0,0.0
2005-12-06,510.5,511.1,503.9,510.8,1753.0,0,0.0
2005-12-07,510.9,516.6,508.6,514.6,2068.0,0,0.0
2005-12-08,514.6,520.9,512.5,520.8,1887.0,0,0.0
2005-12-09,521.1,530.7,519.6,525.8,2040.0,0,0.0
2005-12-12,527.6,541.0,526.6,527.9,2286.0,0,0.0
2005-12-13,527.5,529.5,518.0,518.4,2265.0,0,0.0
2005-12-14,518.2,518.4,505.0,506.2,2439.0,0,0.0
2005-12-15,506.4,509.3,499.6,502.8,2080.0,0,0.0
2005-12-16,503.8,507.3,492.8,502.3,2047.0,0,0.0
2005-12-19,502.2,509.0,501.5,503.5,1859.0,0,0.0
2005-12-20,503.5,508.1,491.7,492.0,2117.0,0,0.0
2005-12-21,492.4,495.1,489.5,495.1,2337.0,0,0.0
2005-12-22,495.0,504.7,493.5,503.9,1969.0,0,0.0
2005-12-23,504.2,506.1,499.7,503.0,799.0,0,0.0
2005-12-26,503.5,503.5,503.5,503.5,1.0,0,0.0
2005-12-27,503.1,508.5,503.1,507.6,1187.0,0,0.0
2005-12-28,507.3,517.8,507.3,516.4,2075.0,0,0.0
2005-12-29,516.5,517.6,510.6,516.5,1598.0,0,0.0
2005-12-30,517.0,517.3,512.8,517.0,918.0,0,0.0
2006-01-02,516.9,517.3,516.9,517.3,2.0,0,0.0
2006-01-03,518.6,534.6,518.6,534.1,5595.0,0,0.0
2006-01-04,534.2,535.4,525.1,534.0,6913.0,0,0.0
2006-01-05,533.7,534.7,522.3,524.5,6038.0,0,0.0
2006-01-06,524.1,539.9,523.0,539.2,6926.0,0,0.0
2006-01-09,539.9,551.4,534.9,548.8,7799.0,0,0.0
2006-01-10,548.7,548.7,539.2,543.0,6488.0,0,0.0
2006-01-11,542.4,549.6,539.5,547.2,6036.0,0,0.0
2006-01-12,547.2,549.7,541.9,546.2,6237.0,0,0.0
2006-01-13,546.5,557.7,544.3,555.7,4945.0,0,0.0
2006-01-16,555.9,562.1,555.4,561.8,575.0,0,0.0
2006-01-17,561.8,564.1,551.8,554.5,6421.0,0,0.0
2006-01-18,554.3,557.4,542.5,543.0,6298.0,0,0.0
2006-01-19,542.6,559.1,539.9,557.4,5752.0,0,0.0
2006-01-20,558.0,568.0,551.9,553.6,5712.0,0,0.0
2006-01-23,553.5,560.5,551.4,559.0,5750.0,0,0.0
2006-01-24,559.0,559.8,552.9,558.0,4883.0,0,0.0
2006-01-25,558.6,566.6,556.5,563.0,4400.0,0,0.0
2006-01-26,563.0,563.6,554.4,560.4,4313.0,0,0.0
2006-01-27,559.5,564.5,556.2,558.9,3107.0,0,0.0
2006-01-30,558.2,568.9,558.1,567.9,3806.0,0,0.0
2006-01-31,567.8,572.6,565.6,568.1,6306.0,0,0.0
2006-02-01,570.6,571.7,563.2,569.3,5812.0,0,0.0
2006-02-02,569.1,575.1,567.5,572.2,1861.0,0,0.0
2006-02-03,571.6,573.9,564.7,567.4,5569.0,0,0.0
2006-02-06,567.3,573.7,567.3,569.5,5108.0,0,0.0
2006-02-07,569.5,570.8,546.5,548.5,7786.0,0,0.0
2006-02-08,548.0,552.9,544.8,551.2,6263.0,0,0.0
2006-02-09,550.9,566.7,549.4,564.1,5857.0,0,0.0
2006-02-10,564.2,568.7,546.6,550.4,6616.0,0,0.0
2006-02-13,550.7,551.5,538.2,540.7,6658.0,0,0.0
2006-02-14,540.0,547.6,534.6,547.2,7959.0,0,0.0
2006-02-15,547.0,547.7,535.9,539.7,7462.0,0,0.0
2006-02-16,539.4,548.0,535.6,547.5,7166.0,0,0.0
2006-02-17,547.9,554.4,543.9,551.7,6695.0,0,0.0
2006-02-20,551.7,556.4,551.5,555.7,1283.0,0,0.0
2006-02-21,555.7,556.1,551.2,554.1,5856.0,0,0.0
2006-02-22,554.2,555.7,547.1,555.4,6644.0,0,0.0
2006-02-23,555.5,555.5,547.9,549.0,6297.0,0,0.0
2006-02-24,548.7,559.4,547.1,558.7,5799.0,0,0.0
2006-02-27,557.6,558.8,552.4,553.7,4187.0,0,0.0
2006-02-28,553.7,562.5,552.7,561.3,5555.0,0,0.0
2006-03-01,561.3,566.6,560.1,562.6,4979.0,0,0.0
2006-03-02,562.5,570.2,561.5,569.6,6415.0,0,0.0
2006-03-03,569.5,570.5,564.1,565.1,5542.0,0,0.0
2006-03-06,565.7,568.2,551.7,555.0,6253.0,0,0.0
2006-03-07,555.2,558.1,548.1,552.5,7144.0,0,0.0
2006-03-08,552.4,553.9,538.3,543.3,8204.0,0,0.0
2006-03-09,543.1,550.5,539.6,545.0,7460.0,0,0.0
2006-03-10,545.1,546.8,533.5,540.7,6061.0,0,0.0
2006-03-13,541.0,546.6,540.6,545.6,5460.0,0,0.0
2006-03-14,545.6,552.4,542.6,550.7,5624.0,0,0.0
2006-03-15,551.1,557.2,550.1,552.7,4787.0,0,0.0
2006-03-16,552.7,556.6,547.1,555.2,7084.0,0,0.0
2006-03-17,555.1,557.6,551.6,553.6,5538.0,0,0.0
2006-03-20,553.5,556.2,549.9,554.7,5306.0,0,0.0
2006-03-21,554.7,555.1,546.7,551.9,7175.0,0,0.0
2006-03-22,551.7,553.2,546.7,550.6,5434.0,0,0.0
2006-03-23,550.7,551.1,544.1,549.7,5987.0,0,0.0
2006-03-24,550.0,561.1,548.6,559.6,6031.0,0,0.0
2006-03-27,558.8,568.3,558.4,567.1,5485.0,0,0.0
2006-03-28,567.1,569.3,562.4,563.3,5521.0,0,0.0
2006-03-29,563.4,574.0,560.1,573.4,5555.0,0,0.0
2006-03-30,573.4,589.4,571.3,588.9,9312.0,0,0.0
2006-03-31,588.7,589.0,578.7,582.3,7442.0,0,0.0
2006-04-03,582.5,591.9,581.8,587.4,6948.0,0,0.0
2006-04-04,587.5,590.2,584.6,586.5,7261.0,0,0.0
2006-04-05,586.4,589.7,581.7,588.2,7533.0,0,0.0
2006-04-06,588.2,596.7,587.2,595.1,7471.0,0,0.0
2006-04-07,595.2,597.8,584.9,588.8,7274.0,0,0.0
2006-04-10,590.6,599.5,590.6,599.4,7272.0,0,0.0
2006-04-11,599.4,604.0,592.8,593.2,10748.0,0,0.0
2006-04-12,593.2,599.9,592.8,598.1,8776.0,0,0.0
2006-04-13,597.9,598.3,590.3,596.3,7061.0,0,0.0
2006-04-14,596.3,599.4,596.1,598.2,408.0,0,0.0
2006-04-17,598.3,615.7,598.3,613.2,6599.0,0,0.0
2006-04-18,613.2,621.9,612.3,620.6,9101.0,0,0.0
2006-04-19,620.6,642.2,620.6,639.9,9956.0,0,0.0
2006-04-20,639.7,645.6,606.3,611.5,9103.0,0,0.0
2006-04-21,611.7,634.9,609.8,634.8,6314.0,0,0.0
2006-04-24,634.8,639.8,618.7,621.0,6152.0,0,0.0
2006-04-25,620.5,634.8,619.0,630.2,7371.0,0,0.0
2006-04-26,629.7,640.9,628.0,638.4,7585.0,0,0.0
2006-04-27,638.6,643.4,626.9,633.3,7210.0,0,0.0
2006-04-28,633.4,655.8,633.3,654.5,7352.0,0,0.0
2006-05-01,654.3,661.4,650.4,654.7,5935.0,0,0.0
2006-05-02,655.1,669.3,652.6,668.6,8161.0,0,0.0
2006-05-03,668.5,677.0,658.3,667.0,4806.0,0,0.0
2006-05-04,666.9,680.2,660.7,679.3,9408.0,0,0.0
2006-05-05,679.6,684.1,675.0,683.3,5818.0,0,0.0
2006-05-08,683.1,686.1,671.1,678.3,7777.0,0,0.0
2006-05-09,679.0,700.7,677.9,700.6,7698.0,0,0.0
2006-05-10,700.5,708.1,693.6,707.4,7099.0,0,0.0
2006-05-11,707.4,725.8,704.0,713.8,7600.0,0,0.0
2006-05-12,713.6,730.2,708.0,714.9,6915.0,0,0.0
2006-05-15,714.5,720.1,676.2,677.2,6042.0,0,0.0
2006-05-16,677.0,692.8,674.4,690.0,6668.0,0,0.0
2006-05-17,690.3,716.3,685.1,686.8,6355.0,0,0.0
2006-05-18,686.9,694.2,678.3,681.9,5624.0,0,0.0
2006-05-19,682.0,688.2,650.8,659.7,7600.0,0,0.0
2006-05-22,657.2,661.1,636.4,655.6,6727.0,0,0.0
2006-05-23,655.6,674.6,651.2,666.2,7149.0,0,0.0
2006-05-24,666.0,670.1,635.3,640.3,5050.0,0,0.0
2006-05-25,640.5,650.6,638.6,650.5,5620.0,0,0.0
2006-05-26,650.5,655.2,640.2,653.2,4547.0,0,0.0
2006-05-29,653.1,653.5,647.1,650.0,345.0,0,0.0
2006-05-30,650.0,665.1,648.2,652.5,3740.0,0,0.0
2006-05-31,652.3,659.5,638.2,644.7,4852.0,0,0.0
2006-06-01,644.7,645.5,620.3,629.2,4433.0,0,0.0
2006-06-02,629.4,638.5,618.8,638.0,3063.0,0,0.0
2006-06-05,636.8,645.2,634.8,636.6,4678.0,0,0.0
2006-06-06,636.8,638.8,625.3,630.2,5750.0,0,0.0
2006-06-07,630.1,631.0,616.4,626.2,5097.0,0,0.0
2006-06-08,626.3,626.9,607.9,612.7,5419.0,0,0.0
2006-06-09,612.8,617.1,600.7,605.8,5410.0,0,0.0
2006-06-12,607.1,611.4,602.4,604.2,3059.0,0,0.0
2006-06-13,603.8,604.7,560.9,561.7,5595.0,0,0.0
2006-06-14,561.9,571.1,542.6,558.3,5691.0,0,0.0
2006-06-15,558.1,578.2,553.8,575.9,6200.0,0,0.0
2006-06-16,575.8,584.9,566.8,579.5,5714.0,0,0.0
2006-06-19,579.9,580.2,563.7,564.8,4933.0,0,0.0
2006-06-20,564.6,577.0,560.7,575.2,3626.0,0,0.0
2006-06-21,575.1,590.3,570.2,587.0,3434.0,0,0.0
2006-06-22,587.5,594.6,579.2,580.4,4620.0,0,0.0
2006-06-23,580.2,585.7,571.5,582.9,4574.0,0,0.0
2006-06-26,584.2,586.7,577.1,584.7,4097.0,0,0.0
2006-06-27,584.8,595.7,578.7,578.7,5167.0,0,0.0
2006-06-28,578.4,585.9,576.4,579.6,4643.0,0,0.0
2006-06-29,579.2,600.1,578.4,599.0,4735.0,0,0.0
2006-06-30,598.9,616.1,596.9,615.2,4688.0,0,0.0
2006-07-03,613.0,626.5,613.0,623.4,3151.0,0,0.0
2006-07-04,623.5,623.5,616.4,621.6,1142.0,0,0.0
2006-07-05,624.3,630.0,617.5,627.6,5191.0,0,0.0
2006-07-06,627.6,634.7,621.5,632.3,5017.0,0,0.0
2006-07-07,632.6,637.1,627.4,628.8,4720.0,0,0.0
2006-07-10,629.9,631.9,620.2,623.7,4921.0,0,0.0
2006-07-11,623.7,643.3,621.0,640.8,5022.0,0,0.0
2006-07-12,640.8,655.2,639.1,651.1,5318.0,0,0.0
2006-07-13,650.8,659.9,643.8,659.5,5618.0,0,0.0
2006-07-14,659.8,667.5,658.6,664.4,5153.0,0,0.0
2006-07-17,669.2,675.9,640.4,642.8,5792.0,0,0.0
2006-07-18,642.3,654.1,627.2,632.5,5979.0,0,0.0
2006-07-19,631.7,646.3,617.8,642.2,5451.0,0,0.0
2006-07-20,642.3,644.6,627.4,628.8,5150.0,0,0.0
2006-07-21,628.7,636.9,615.6,621.0,5978.0,0,0.0
2006-07-24,620.2,620.8,601.9,614.8,4927.0,0,0.0
2006-07-25,614.8,623.5,609.8,618.3,5530.0,0,0.0
2006-07-26,618.7,626.8,613.0,624.0,4359.0,0,0.0
2006-07-27,624.0,640.5,622.0,633.6,4513.0,0,0.0
2006-07-28,633.8,638.0,626.0,634.4,3803.0,0,0.0
2006-07-31,635.0,639.2,628.5,636.0,5264.0,0,0.0
2006-08-01,636.1,648.0,630.4,646.7,5045.0,0,0.0
2006-08-02,646.9,655.9,645.1,650.8,5426.0,0,0.0
2006-08-03,650.7,652.6,639.0,644.5,5236.0,0,0.0
2006-08-04,644.4,654.0,643.1,646.1,4519.0,0,0.0
2006-08-07,645.9,651.6,644.3,648.1,4293.0,0,0.0
2006-08-08,647.7,648.7,640.8,642.0,4523.0,0,0.0
2006-08-09,642.4,654.6,634.9,649.6,5493.0,0,0.0
2006-08-10,649.5,653.7,633.3,635.8,5558.0,0,0.0
2006-08-11,635.6,644.5,626.0,631.4,5030.0,0,0.0
2006-08-14,628.1,632.6,623.4,626.3,5703.0,0,0.0
2006-08-15,626.1,628.1,620.3,624.3,4888.0,0,0.0
2006-08-16,624.4,632.5,623.5,628.5,4785.0,0,0.0
2006-08-17,628.4,631.6,613.2,613.4,4880.0,0,0.0
2006-08-18,613.5,618.8,607.2,614.4,5267.0,0,0.0
2006-08-21,614.7,628.1,613.5,627.5,4845.0,0,0.0
2006-08-22,628.6,629.1,620.1,624.6,4558.0,0,0.0
2006-08-23,624.2,629.9,621.0,621.5,4589.0,0,0.0
2006-08-24,621.8,626.0,618.6,621.2,4691.0,0,0.0
2006-08-25,621.3,624.1,617.6,622.4,4117.0,0,0.0
2006-08-28,622.2,623.8,612.3,614.4,3944.0,0,0.0
2006-08-29,614.2,617.4,607.1,614.2,4495.0,0,0.0
2006-08-30,614.4,620.5,612.5,618.5,4309.0,0,0.0
2006-08-31,618.6,627.0,617.6,626.7,4458.0,0,0.0
2006-09-01,626.4,627.4,619.2,625.6,4577.0,0,0.0
2006-09-04,624.7,627.4,624.5,625.9,1224.0,0,0.0
2006-09-05,626.8,640.1,625.8,637.7,4534.0,0,0.0
2006-09-06,637.8,640.0,632.0,633.4,4656.0,0,0.0
2006-09-07,633.2,635.6,613.7,616.3,4914.0,0,0.0
2006-09-08,616.3,618.9,606.1,610.3,4716.0,0,0.0
2006-09-11,610.2,610.2,582.8,588.8,5918.0,0,0.0
2006-09-12,588.3,599.6,584.1,587.1,4937.0,0,0.0
2006-09-13,586.5,593.3,578.8,589.3,5192.0,0,0.0
2006-09-14,589.4,594.8,574.4,574.8,5406.0,0,0.0
2006-09-15,574.7,581.8,570.3,577.7,5663.0,0,0.0
2006-09-18,579.0,587.9,577.9,586.6,4621.0,0,0.0
2006-09-19,586.7,588.7,572.2,573.1,4654.0,0,0.0
2006-09-20,572.3,586.1,571.8,576.2,4993.0,0,0.0
2006-09-21,576.2,584.9,574.2,583.7,4605.0,0,0.0
2006-09-22,584.0,592.2,583.5,588.9,4202.0,0,0.0
2006-09-25,589.5,591.7,581.8,589.9,4296.0,0,0.0
2006-09-26,590.2,593.6,585.9,591.4,4317.0,0,0.0
2006-09-27,591.2,603.6,589.5,602.7,4061.0,0,0.0
2006-09-28,603.0,606.6,600.2,601.1,5233.0,0,0.0
2006-09-29,600.7,603.8,594.0,598.4,4830.0,0,0.0
2006-10-02,598.3,603.5,594.5,596.2,4203.0,0,0.0
2006-10-03,595.9,597.8,573.5,573.8,4995.0,0,0.0
2006-10-04,574.0,580.6,558.5,566.5,9079.0,0,0.0
2006-10-05,566.7,574.2,562.2,573.8,8460.0,0,0.0
2006-10-06,573.7,573.8,560.4,573.2,6406.0,0,0.0
2006-10-09,573.1,580.6,571.3,576.6,6133.0,0,0.0
2006-10-10,576.4,581.1,568.8,572.6,8473.0,0,0.0
2006-10-11,572.6,578.7,570.1,572.6,10889.0,0,0.0
2006-10-12,572.6,579.1,570.7,578.9,9337.0,0,0.0
2006-10-13,579.0,590.1,576.8,589.6,9753.0,0,0.0
2006-10-16,585.7,596.1,585.7,595.8,8529.0,0,0.0
2006-10-17,595.9,600.2,585.8,589.8,9238.0,0,0.0
2006-10-18,589.7,594.8,587.1,589.8,8713.0,0,0.0
2006-10-19,589.9,600.5,585.8,599.1,9499.0,0,0.0
2006-10-20,599.2,602.4,591.0,591.7,8307.0,0,0.0
2006-10-23,591.0,592.6,579.5,581.6,8757.0,0,0.0
2006-10-24,581.6,586.4,572.6,585.8,9407.0,0,0.0
2006-10-25,585.8,591.7,579.6,590.7,8534.0,0,0.0
2006-10-26,590.8,598.5,590.0,596.7,8333.0,0,0.0
2006-10-27,596.6,599.8,591.7,599.6,5614.0,0,0.0
2006-10-30,599.4,610.4,597.7,603.6,4358.0,0,0.0
2006-10-31,603.6,607.3,597.9,606.2,8322.0,0,0.0
2006-11-01,606.1,619.4,605.3,617.3,10666.0,0,0.0
2006-11-02,617.3,625.7,613.8,623.9,9827.0,0,0.0
2006-11-03,623.8,629.1,617.0,627.7,8132.0,0,0.0
2006-11-06,624.8,629.6,622.3,622.7,7831.0,0,0.0
2006-11-07,622.8,628.8,621.6,624.3,8775.0,0,0.0
2006-11-08,624.4,626.5,612.9,615.3,9960.0,0,0.0
2006-11-09,615.3,635.4,614.9,633.0,10279.0,0,0.0
2006-11-10,633.1,636.3,625.0,627.6,9443.0,0,0.0
2006-11-13,628.4,632.4,606.2,625.5,8236.0,0,0.0
2006-11-14,625.4,629.1,618.7,620.6,8921.0,0,0.0
2006-11-15,620.5,624.8,615.4,622.7,9178.0,0,0.0
2006-11-16,622.7,628.0,617.9,618.0,8537.0,0,0.0
2006-11-17,618.1,622.3,614.2,621.3,7584.0,0,0.0
2006-11-20,621.1,626.5,619.8,622.2,7507.0,0,0.0
2006-11-21,622.3,628.7,622.0,626.8,6774.0,0,0.0
2006-11-22,626.9,634.5,625.9,629.6,6255.0,0,0.0
2006-11-23,629.7,631.4,628.6,631.4,539.0,0,0.0
2006-11-24,630.6,639.8,629.4,637.9,4468.0,0,0.0
2006-11-27,638.2,641.6,636.6,640.2,7252.0,0,0.0
2006-11-28,640.5,641.8,632.5,639.8,7485.0,0,0.0
2006-11-29,639.7,642.7,634.6,635.9,6731.0,0,0.0
2006-11-30,635.9,648.5,635.9,647.4,7873.0,0,0.0
2006-12-01,647.5,649.8,643.3,645.6,7263.0,0,0.0
2006-12-04,645.3,647.9,640.4,645.7,6670.0,0,0.0
2006-12-05,645.8,648.4,638.3,642.5,9380.0,0,0.0
2006-12-06,642.3,642.4,627.7,630.3,10065.0,0,0.0
2006-12-07,630.5,633.7,624.6,633.4,9160.0,0,0.0
2006-12-08,633.3,637.7,622.7,624.6,8129.0,0,0.0
2006-12-11,624.4,631.5,622.9,630.1,6961.0,0,0.0
2006-12-12,630.1,630.9,626.6,629.7,6780.0,0,0.0
2006-12-13,629.7,630.1,622.5,627.8,6271.0,0,0.0
2006-12-14,628.0,629.2,625.0,625.5,5922.0,0,0.0
2006-12-15,625.3,628.8,614.2,615.5,7200.0,0,0.0
2006-12-18,615.3,618.0,611.4,615.7,6333.0,0,0.0
2006-12-19,615.8,622.5,614.3,622.4,6145.0,0,0.0
2006-12-20,622.5,624.1,618.8,619.8,5659.0,0,0.0
2006-12-21,620.1,622.1,617.7,618.2,6048.0,0,0.0
2006-12-22,618.2,621.3,618.1,620.1,3369.0,0,0.0
2006-12-25,619.8,619.9,617.8,619.8,16.0,0,0.0
2006-12-26,619.5,629.3,619.5,623.3,2582.0,0,0.0
2006-12-27,623.4,628.0,622.9,625.7,4153.0,0,0.0
2006-12-28,625.8,634.4,625.6,633.4,4501.0,0,0.0
2006-12-29,633.5,635.3,630.9,635.3,3011.0,0,0.0
2007-01-02,636.2,640.7,634.8,639.7,2959.0,0,0.0
2007-01-03,639.7,644.8,625.1,627.0,8345.0,0,0.0
2007-01-04,626.9,630.4,620.5,621.3,9170.0,0,0.0
2007-01-05,621.2,625.7,601.7,606.4,10356.0,0,0.0
2007-01-08,607.9,610.3,601.1,609.6,6236.0,0,0.0
2007-01-09,609.5,615.3,605.5,613.1,7756.0,0,0.0
2007-01-10,613.0,613.8,605.8,610.8,8212.0,0,0.0
2007-01-11,610.9,615.9,608.7,611.0,7989.0,0,0.0
2007-01-12,611.0,627.3,609.7,625.8,6873.0,0,0.0
2007-01-15,626.5,627.9,624.5,627.0,2427.0,0,0.0
2007-01-16,626.0,627.7,622.5,624.3,7488.0,0,0.0
2007-01-17,624.3,633.3,619.9,631.4,8090.0,0,0.0
2007-01-18,631.7,636.2,626.5,626.8,8086.0,0,0.0
2007-01-19,626.8,636.2,625.1,635.0,5713.0,0,0.0
2007-01-22,634.8,639.6,631.1,632.9,6405.0,0,0.0
2007-01-23,632.8,647.7,631.7,646.3,6974.0,0,0.0
2007-01-24,646.2,648.5,638.6,648.3,7238.0,0,0.0
2007-01-25,648.4,654.3,645.0,645.7,8846.0,0,0.0
2007-01-26,645.6,647.8,640.7,645.9,9471.0,0,0.0
2007-01-29,645.6,647.8,640.6,643.1,7223.0,0,0.0
2007-01-30,643.1,647.0,640.6,646.7,6226.0,0,0.0
2007-01-31,646.7,654.4,641.8,652.5,9844.0,0,0.0
2007-02-01,652.6,661.0,642.6,656.9,9560.0,0,0.0
2007-02-02,656.8,659.5,642.9,647.5,7850.0,0,0.0
2007-02-05,647.6,651.9,646.0,648.0,6237.0,0,0.0
2007-02-06,648.0,658.2,647.3,652.9,8934.0,0,0.0
2007-02-07,653.1,656.6,649.9,650.9,9022.0,0,0.0
2007-02-08,651.2,661.1,647.8,660.0,9664.0,0,0.0
2007-02-09,660.0,668.6,656.8,666.4,9214.0,0,0.0
2007-02-12,666.2,668.1,659.5,660.8,10066.0,0,0.0
2007-02-13,660.9,668.9,660.5,663.8,8912.0,0,0.0
2007-02-14,663.8,671.6,663.6,668.5,9529.0,0,0.0
2007-02-15,668.6,670.2,662.2,669.2,9081.0,0,0.0
2007-02-16,669.3,669.6,662.6,669.0,7845.0,0,0.0
2007-02-19,668.8,673.1,667.5,670.3,2464.0,0,0.0
2007-02-20,670.0,671.6,655.6,656.9,8601.0,0,0.0
2007-02-21,657.4,682.1,657.0,678.4,12042.0,0,0.0
2007-02-22,678.6,680.8,675.0,677.1,9174.0,0,0.0
2007-02-23,677.1,687.8,672.6,682.8,9926.0,0,0.0
2007-02-26,682.8,687.9,680.0,686.1,9369.0,0,0.0
2007-02-27,686.1,688.6,657.8,662.9,16837.0,0,0.0
2007-02-28,663.0,677.2,661.0,669.0,16809.0,0,0.0
2007-03-01,669.1,677.1,661.4,664.0,16149.0,0,0.0
2007-03-02,664.1,665.4,639.3,642.5,15314.0,0,0.0
2007-03-05,642.4,644.7,632.9,636.2,14993.0,0,0.0
2007-03-06,636.1,647.6,632.3,646.2,12342.0,0,0.0
2007-03-07,646.2,651.4,642.6,648.5,12397.0,0,0.0
2007-03-08,648.6,655.5,647.0,651.3,11321.0,0,0.0
2007-03-09,651.4,657.8,647.4,647.9,10207.0,0,0.0
2007-03-12,647.9,653.7,645.4,650.8,8580.0,0,0.0
2007-03-13,650.6,652.1,641.5,643.0,8393.0,0,0.0
2007-03-14,642.6,645.7,636.5,643.9,11090.0,0,0.0
2007-03-15,644.4,650.1,642.9,645.0,9082.0,0,0.0
2007-03-16,644.8,655.0,644.8,652.8,9448.0,0,0.0
2007-03-19,652.7,655.9,650.3,652.7,6676.0,0,0.0
2007-03-20,653.4,660.7,652.5,658.1,7770.0,0,0.0
2007-03-21,657.5,664.7,656.8,664.0,7359.0,0,0.0
2007-03-22,664.3,666.5,661.6,663.4,7385.0,0,0.0
2007-03-23,663.4,664.4,655.0,657.1,7456.0,0,0.0
2007-03-26,656.5,664.7,655.7,663.6,6405.0,0,0.0
2007-03-27,663.7,665.2,661.3,664.1,6461.0,0,0.0
2007-03-28,664.1,669.2,663.1,665.0,8366.0,0,0.0
2007-03-29,665.2,665.6,655.2,661.2,7338.0,0,0.0
2007-03-30,661.2,667.4,660.6,663.4,8137.0,0,0.0
2007-04-02,663.2,666.0,656.4,663.6,7849.0,0,0.0
2007-04-03,663.5,667.3,661.6,663.7,8956.0,0,0.0
2007-04-04,663.8,675.4,661.6,673.7,8689.0,0,0.0
2007-04-05,673.7,675.2,671.3,674.2,6483.0,0,0.0
2007-04-06,674.4,674.5,672.6,673.9,148.0,0,0.0
2007-04-09,674.3,677.5,670.1,670.8,6356.0,0,0.0
2007-04-10,670.9,681.0,670.3,677.2,7232.0,0,0.0
2007-04-11,677.2,680.3,674.0,676.9,7993.0,0,0.0
2007-04-12,676.9,679.5,671.2,675.7,8401.0,0,0.0
2007-04-13,675.5,685.3,675.4,683.9,7695.0,0,0.0
2007-04-16,684.6,690.8,682.7,689.7,8185.0,0,0.0
2007-04-17,689.7,690.7,685.8,686.1,8084.0,0,0.0
2007-04-18,686.1,690.5,685.2,689.4,8376.0,0,0.0
2007-04-19,689.5,691.4,679.0,682.5,10078.0,0,0.0
2007-04-20,682.4,693.3,680.8,691.3,6996.0,0,0.0
2007-04-23,691.3,693.9,686.8,688.8,8611.0,0,0.0
2007-04-24,688.7,691.6,680.5,683.5,9760.0,0,0.0
2007-04-25,683.5,686.3,682.0,685.4,8358.0,0,0.0
2007-04-26,685.4,686.4,671.2,674.5,9636.0,0,0.0
2007-04-27,674.4,681.2,670.7,681.1,8229.0,0,0.0
2007-04-30,681.0,682.0,675.6,678.0,4912.0,0,0.0
2007-05-01,677.9,678.8,671.5,673.1,4992.0,0,0.0
2007-05-02,673.2,674.7,667.2,672.6,5546.0,0,0.0
2007-05-03,672.5,682.1,671.6,681.4,4552.0,0,0.0
2007-05-04,681.4,690.0,679.8,687.9,6953.0,0,0.0
2007-05-07,688.3,690.7,686.4,688.4,4972.0,0,0.0
2007-05-08,688.4,688.7,681.7,685.1,7296.0,0,0.0
2007-05-09,685.0,686.2,675.4,680.1,7424.0,0,0.0
2007-05-10,680.2,680.8,664.2,665.7,9445.0,0,0.0
2007-05-11,665.7,672.5,664.4,670.8,7529.0,0,0.0
2007-05-14,670.5,674.9,666.1,669.4,7110.0,0,0.0
2007-05-15,669.5,673.2,664.7,671.8,7062.0,0,0.0
2007-05-16,671.9,673.2,659.6,661.7,7974.0,0,0.0
2007-05-17,661.7,664.3,653.7,657.3,8055.0,0,0.0
2007-05-18,657.3,662.7,655.6,660.8,7255.0,0,0.0
2007-05-21,661.0,663.7,656.9,662.8,7147.0,0,0.0
2007-05-22,662.8,665.1,658.1,659.1,6122.0,0,0.0
2007-05-23,659.0,664.4,657.3,661.4,6632.0,0,0.0
2007-05-24,661.6,662.6,651.9,654.3,7349.0,0,0.0
2007-05-25,654.2,656.7,652.1,655.5,5265.0,0,0.0
2007-05-28,655.7,656.2,654.8,655.1,1028.0,0,0.0
2007-05-29,655.2,662.4,654.7,656.6,6091.0,0,0.0
2007-05-30,656.7,658.6,652.0,653.2,5885.0,0,0.0
2007-05-31,653.3,661.6,652.1,660.3,6242.0,0,0.0
2007-06-01,660.4,671.4,660.2,670.6,6530.0,0,0.0
2007-06-04,671.1,673.5,668.3,670.6,5999.0,0,0.0
2007-06-05,670.6,673.1,668.8,669.7,5592.0,0,0.0
2007-06-06,669.7,671.9,665.1,670.4,7159.0,0,0.0
2007-06-07,670.5,672.8,658.2,658.8,7997.0,0,0.0
2007-06-08,658.8,661.2,643.9,648.9,9636.0,0,0.0
2007-06-11,648.2,654.9,648.2,653.3,6236.0,0,0.0
2007-06-12,653.4,654.4,645.5,646.9,6889.0,0,0.0
2007-06-13,646.9,652.3,642.9,651.3,7602.0,0,0.0
2007-06-14,651.3,654.0,645.9,651.6,7059.0,0,0.0
2007-06-15,651.6,655.6,649.9,654.6,6056.0,0,0.0
2007-06-18,654.8,659.0,654.6,655.9,5258.0,0,0.0
2007-06-19,655.9,661.8,653.7,661.2,6245.0,0,0.0
2007-06-20,661.2,661.7,652.2,654.3,6545.0,0,0.0
2007-06-21,654.2,656.4,647.8,651.9,7442.0,0,0.0
2007-06-22,651.8,655.9,650.5,653.4,6414.0,0,0.0
2007-06-25,653.6,654.3,648.6,650.8,6135.0,0,0.0
2007-06-26,650.9,651.7,640.5,641.1,7669.0,0,0.0
2007-06-27,641.1,644.7,638.9,643.3,7584.0,0,0.0
2007-06-28,643.4,649.6,639.9,648.6,6084.0,0,0.0
2007-06-29,648.5,652.4,644.9,649.0,5462.0,0,0.0
2007-07-02,649.1,658.4,648.6,656.8,6638.0,0,0.0
2007-07-03,656.8,657.9,651.9,652.9,4863.0,0,0.0
2007-07-04,652.9,654.7,652.0,653.9,1623.0,0,0.0
2007-07-05,654.1,656.3,645.5,649.2,5808.0,0,0.0
2007-07-06,649.3,655.3,645.0,655.2,6635.0,0,0.0
2007-07-09,655.3,663.8,653.8,660.1,6565.0,0,0.0
2007-07-10,660.1,664.6,658.5,663.0,6418.0,0,0.0
2007-07-11,663.1,665.8,659.8,660.8,6009.0,0,0.0
2007-07-12,660.8,669.0,660.1,666.6,6127.0,0,0.0
2007-07-13,666.6,668.4,663.3,666.7,6064.0,0,0.0
2007-07-16,666.3,668.6,663.4,664.5,5292.0,0,0.0
2007-07-17,664.3,667.2,662.4,664.5,5692.0,0,0.0
2007-07-18,664.5,674.0,664.2,672.6,7273.0,0,0.0
2007-07-19,672.7,677.6,671.5,677.1,6485.0,0,0.0
2007-07-20,677.2,686.6,675.3,682.9,6696.0,0,0.0
2007-07-23,682.8,684.8,680.0,681.3,5382.0,0,0.0
2007-07-24,681.3,687.7,680.5,680.6,6601.0,0,0.0
2007-07-25,680.4,681.7,670.3,674.8,8424.0,0,0.0
2007-07-26,674.7,676.6,654.3,662.6,10661.0,0,0.0
2007-07-27,662.7,666.8,656.5,660.6,9519.0,0,0.0
2007-07-30,660.5,665.5,659.8,664.5,5469.0,0,0.0
2007-07-31,664.5,668.6,663.2,664.0,6949.0,0,0.0
2007-08-01,664.0,666.8,659.1,666.6,8732.0,0,0.0
2007-08-02,666.5,667.3,662.4,665.3,6736.0,0,0.0
2007-08-03,665.4,675.1,664.4,674.4,7261.0,0,0.0
2007-08-06,672.5,675.3,669.0,671.7,6959.0,0,0.0
2007-08-07,671.7,672.4,665.9,672.0,7399.0,0,0.0
2007-08-08,672.0,676.7,669.6,674.4,5963.0,0,0.0
2007-08-09,674.4,674.6,659.2,661.7,10543.0,0,0.0
2007-08-10,661.6,676.1,657.9,672.6,10420.0,0,0.0
2007-08-13,672.3,672.8,668.3,669.1,6108.0,0,0.0
2007-08-14,669.1,671.3,665.7,668.8,7082.0,0,0.0
2007-08-15,668.8,670.6,662.0,667.4,9534.0,0,0.0
2007-08-16,667.2,667.7,641.8,652.3,14731.0,0,0.0
2007-08-17,652.3,663.9,645.5,657.1,12394.0,0,0.0
2007-08-20,657.2,660.4,653.1,657.3,9250.0,0,0.0
2007-08-21,657.4,659.8,654.2,657.1,9492.0,0,0.0
2007-08-22,657.1,661.6,654.5,660.5,7175.0,0,0.0
2007-08-23,660.5,664.8,658.5,659.9,8389.0,0,0.0
2007-08-24,659.9,668.8,657.4,668.2,7158.0,0,0.0
2007-08-27,667.7,668.2,665.4,667.3,5014.0,0,0.0
2007-08-28,667.3,668.1,661.9,662.5,8032.0,0,0.0
2007-08-29,662.5,668.9,661.1,667.2,7049.0,0,0.0
2007-08-30,667.3,667.8,663.4,664.9,7417.0,0,0.0
2007-08-31,665.0,674.8,664.2,672.6,7776.0,0,0.0
2007-09-02,672.7,672.7,672.7,672.7,4.0,0,0.0
2007-09-03,672.9,673.5,671.3,671.9,1613.0,0,0.0
2007-09-04,672.0,683.2,671.3,681.5,7518.0,0,0.0
2007-09-05,681.5,682.8,678.3,681.5,8487.0,0,0.0
2007-09-06,681.6,697.5,680.9,695.1,10608.0,0,0.0
2007-09-07,695.1,706.7,692.0,700.1,10882.0,0,0.0
2007-09-10,700.1,706.6,699.0,702.7,9204.0,0,0.0
2007-09-11,702.7,714.1,701.0,712.1,9159.0,0,0.0
2007-09-12,712.3,714.1,705.5,711.3,10291.0,0,0.0
2007-09-13,711.2,712.1,703.2,708.0,9100.0,0,0.0
2007-09-14,707.9,717.2,703.9,707.5,9567.0,0,0.0
2007-09-17,706.9,719.9,706.1,717.4,9167.0,0,0.0
2007-09-18,717.4,726.9,711.6,723.1,11355.0,0,0.0
2007-09-19,723.3,726.3,719.6,721.0,11419.0,0,0.0
2007-09-20,720.9,738.3,720.8,733.4,12568.0,0,0.0
2007-09-21,733.5,739.5,726.4,730.6,12228.0,0,0.0
2007-09-24,730.7,736.3,725.9,730.1,10719.0,0,0.0
2007-09-25,730.0,733.5,722.0,731.4,12025.0,0,0.0
2007-09-26,731.3,736.6,726.3,728.7,9725.0,0,0.0
2007-09-27,728.6,735.8,726.9,734.2,10039.0,0,0.0
2007-09-28,734.1,745.8,733.3,742.7,12096.0,0,0.0
2007-10-01,743.5,747.7,740.9,746.8,9477.0,0,0.0
2007-10-02,746.8,747.0,724.3,731.3,14325.0,0,0.0
2007-10-03,731.2,735.9,726.2,727.7,11318.0,0,0.0
2007-10-04,727.5,738.3,720.7,737.6,12593.0,0,0.0
2007-10-05,737.5,744.2,726.7,741.7,10380.0,0,0.0
2007-10-08,742.1,742.3,731.2,733.0,7685.0,0,0.0
2007-10-09,733.0,740.4,726.5,737.7,11222.0,0,0.0
2007-10-10,737.9,745.9,737.2,740.7,9998.0,0,0.0
2007-10-11,740.8,753.6,740.4,747.5,12081.0,0,0.0
2007-10-12,747.6,752.4,744.8,749.3,11466.0,0,0.0
2007-10-15,748.9,760.0,747.5,759.2,10617.0,0,0.0
2007-10-16,759.3,767.0,753.5,760.1,15392.0,0,0.0
2007-10-17,760.2,764.6,751.5,754.8,16534.0,0,0.0
2007-10-18,754.7,768.7,754.1,767.6,13890.0,0,0.0
2007-10-19,767.8,770.9,758.1,765.9,13541.0,0,0.0
2007-10-22,765.8,768.2,745.0,753.9,19943.0,0,0.0
2007-10-23,753.9,760.9,752.5,759.2,11625.0,0,0.0
2007-10-24,759.4,764.1,753.7,763.5,12043.0,0,0.0
2007-10-25,763.5,769.3,761.6,768.9,11098.0,0,0.0
2007-10-26,768.9,785.6,768.2,784.8,13251.0,0,0.0
2007-10-29,784.5,794.5,783.9,791.4,14487.0,0,0.0
2007-10-30,791.2,792.1,779.0,781.1,13211.0,0,0.0
2007-10-31,781.1,797.0,776.6,795.5,17076.0,0,0.0
2007-11-01,795.4,799.0,783.6,787.3,17722.0,0,0.0
2007-11-02,787.2,807.7,787.0,806.4,17090.0,0,0.0
2007-11-05,807.1,811.4,800.8,805.9,14126.0,0,0.0
2007-11-06,806.2,824.8,805.8,824.6,15624.0,0,0.0
2007-11-07,824.5,845.5,822.2,830.5,25953.0,0,0.0
2007-11-08,830.4,845.4,822.8,832.8,25037.0,0,0.0
2007-11-09,832.8,838.7,826.6,830.9,19855.0,0,0.0
2007-11-12,831.5,831.5,791.3,792.8,22952.0,0,0.0
2007-11-13,792.7,809.0,790.2,801.5,22459.0,0,0.0
2007-11-14,801.5,815.8,798.8,811.5,16773.0,0,0.0
2007-11-15,811.6,818.2,782.5,788.0,21467.0,0,0.0
2007-11-16,787.7,797.3,783.8,786.2,19532.0,0,0.0
2007-11-19,785.8,794.0,775.0,781.5,16483.0,0,0.0
2007-11-20,781.4,805.7,772.7,802.6,18932.0,0,0.0
2007-11-21,802.6,807.0,794.4,800.0,18213.0,0,0.0
2007-11-22,799.8,805.4,797.9,803.8,4773.0,0,0.0
2007-11-23,803.8,825.5,802.7,824.0,13333.0,0,0.0
2007-11-26,823.9,836.7,820.8,824.3,19498.0,0,0.0
2007-11-27,824.0,829.0,807.4,812.3,17308.0,0,0.0
2007-11-28,812.5,815.6,790.9,804.3,19299.0,0,0.0
2007-11-29,804.2,807.8,792.2,792.9,16675.0,0,0.0
2007-11-30,793.1,799.3,778.9,782.0,16248.0,0,0.0
2007-12-03,783.8,794.1,776.9,794.0,15048.0,0,0.0
2007-12-04,794.1,805.2,786.5,801.2,15180.0,0,0.0
2007-12-05,801.1,806.6,791.1,795.1,16161.0,0,0.0
2007-12-06,795.2,805.4,784.9,802.0,16867.0,0,0.0
2007-12-07,802.2,805.2,791.2,795.9,14468.0,0,0.0
2007-12-10,794.2,811.8,794.0,807.7,11949.0,0,0.0
2007-12-11,807.9,813.4,795.8,796.4,14102.0,0,0.0
2007-12-12,796.3,817.0,795.6,813.3,16336.0,0,0.0
2007-12-13,813.2,813.6,792.1,797.1,15663.0,0,0.0
2007-12-14,797.4,803.3,787.7,794.2,15364.0,0,0.0
2007-12-17,793.7,798.7,785.1,793.0,12756.0,0,0.0
2007-12-18,792.9,806.3,790.2,802.4,13427.0,0,0.0
2007-12-19,802.2,804.5,797.7,802.1,11387.0,0,0.0
2007-12-20,802.3,802.9,793.1,796.2,11317.0,0,0.0
2007-12-21,796.0,812.2,795.3,809.7,10376.0,0,0.0
2007-12-24,810.7,815.4,808.0,812.6,6067.0,0,0.0
2007-12-26,812.6,824.9,812.0,823.3,5028.0,0,0.0
2007-12-27,823.5,830.1,820.3,824.1,10714.0,0,0.0
2007-12-28,824.1,838.9,823.5,838.2,9212.0,0,0.0
2007-12-31,838.3,842.0,828.8,832.0,6632.0,0,0.0
2008-01-02,840.9,861.1,838.2,857.0,10680.0,0,0.0
2008-01-03,857.6,869.3,853.2,864.5,17575.0,0,0.0
2008-01-04,864.8,868.8,854.3,860.8,15261.0,0,0.0
2008-01-07,859.7,864.8,855.1,857.7,14578.0,0,0.0
2008-01-08,857.6,880.9,856.6,877.5,15865.0,0,0.0
2008-01-09,877.5,891.1,871.7,878.7,21403.0,0,0.0
2008-01-10,878.8,895.0,866.1,892.8,21363.0,0,0.0
2008-01-11,892.9,897.9,887.1,895.8,20117.0,0,0.0
2008-01-14,895.1,914.1,891.3,903.7,20075.0,0,0.0
2008-01-15,903.7,914.1,887.2,888.1,20173.0,0,0.0
2008-01-16,888.1,899.6,874.5,877.2,25602.0,0,0.0
2008-01-17,877.2,890.1,874.9,877.3,20716.0,0,0.0
2008-01-18,877.4,888.4,869.8,884.5,20687.0,0,0.0
2008-01-21,882.7,883.2,860.7,864.8,10350.0,0,0.0
2008-01-22,864.8,894.5,849.3,891.8,26067.0,0,0.0
2008-01-23,892.0,895.9,876.6,890.3,24253.0,0,0.0
2008-01-24,890.4,913.0,888.9,912.4,19612.0,0,0.0
2008-01-25,912.5,923.4,905.8,913.5,20604.0,0,0.0
2008-01-28,913.5,929.5,910.3,928.7,18180.0,0,0.0
2008-01-29,928.6,932.9,919.6,923.5,16619.0,0,0.0
2008-01-30,923.5,936.7,915.9,929.2,15463.0,0,0.0
2008-01-31,929.1,929.7,918.1,925.9,18146.0,0,0.0
2008-02-01,925.8,936.7,903.0,904.1,17385.0,0,0.0
2008-02-04,905.7,912.6,891.9,903.3,17774.0,0,0.0
2008-02-05,903.4,906.8,884.2,888.2,19412.0,0,0.0
2008-02-06,888.1,907.4,885.9,900.3,18595.0,0,0.0
2008-02-07,900.3,911.1,895.9,910.2,19663.0,0,0.0
2008-02-08,910.2,920.7,907.3,920.5,16477.0,0,0.0
2008-02-11,919.8,927.0,915.8,923.0,17157.0,0,0.0
2008-02-12,922.9,924.7,902.6,906.4,18113.0,0,0.0
2008-02-13,906.2,910.7,896.2,906.1,18845.0,0,0.0
2008-02-14,906.0,913.8,901.6,907.8,15605.0,0,0.0
2008-02-15,907.9,915.4,897.6,902.3,14248.0,0,0.0
2008-02-18,901.2,907.5,900.1,904.7,6534.0,0,0.0
2008-02-19,905.0,930.4,904.7,927.4,15371.0,0,0.0
2008-02-20,927.4,945.6,913.1,944.0,18572.0,0,0.0
2008-02-21,944.1,953.8,937.7,945.4,19773.0,0,0.0
2008-02-22,945.5,949.8,935.5,945.3,17832.0,0,0.0
2008-02-25,944.3,951.9,932.9,939.2,16172.0,0,0.0
2008-02-26,939.1,950.1,926.4,947.8,18588.0,0,0.0
2008-02-27,947.8,964.9,947.7,957.7,18691.0,0,0.0
2008-02-28,957.9,972.4,953.1,970.6,18245.0,0,0.0
2008-02-29,970.6,976.1,964.3,973.6,17671.0,0,0.0
2008-03-03,973.8,989.3,973.0,983.6,16063.0,0,0.0
2008-03-04,983.5,987.9,956.4,963.7,19903.0,0,0.0
2008-03-05,963.8,992.9,959.2,989.3,20475.0,0,0.0
2008-03-06,989.3,992.2,964.9,978.5,22701.0,0,0.0
2008-03-07,978.5,988.5,969.6,972.8,19160.0,0,0.0
2008-03-10,972.6,980.6,960.9,973.0,20078.0,0,0.0
2008-03-11,973.2,985.6,964.7,972.9,20657.0,0,0.0
2008-03-12,972.5,983.1,968.1,983.1,17734.0,0,0.0
2008-03-13,983.2,999.6,981.4,995.1,19180.0,0,0.0
2008-03-14,995.2,1007.0,990.5,1002.5,11452.0,0,0.0
2008-03-17,1000.8,1032.3,993.8,1002.1,18430.0,0,0.0
2008-03-18,1003.9,1011.8,976.2,981.9,16755.0,0,0.0
2008-03-19,982.4,997.1,937.5,943.2,17744.0,0,0.0
2008-03-20,938.7,943.4,904.5,909.1,19055.0,0,0.0
2008-03-21,909.1,917.7,907.3,917.4,189.0,0,0.0
2008-03-24,915.4,926.7,906.2,911.8,16377.0,0,0.0
2008-03-25,912.1,938.7,911.7,938.3,15936.0,0,0.0
2008-03-26,938.3,954.8,934.4,953.7,14521.0,0,0.0
2008-03-27,953.8,954.9,940.3,947.4,13714.0,0,0.0
2008-03-28,947.3,950.8,923.1,931.3,14160.0,0,0.0
2008-03-31,930.1,940.7,912.3,915.9,15189.0,0,0.0
2008-04-01,915.9,920.8,872.0,882.1,18975.0,0,0.0
2008-04-02,882.0,905.9,880.9,904.1,18712.0,0,0.0
2008-04-03,904.2,908.7,887.9,902.8,16090.0,0,0.0
2008-04-04,902.8,914.5,899.1,913.4,13310.0,0,0.0
2008-04-07,912.4,929.2,910.6,919.5,13866.0,0,0.0
2008-04-08,919.4,925.5,907.7,914.6,14250.0,0,0.0
2008-04-09,914.5,935.4,902.9,933.6,14463.0,0,0.0
2008-04-10,933.7,939.3,921.8,928.6,15925.0,0,0.0
2008-04-11,928.6,932.0,917.3,924.8,21403.0,0,0.0
2008-04-14,925.2,931.8,914.2,923.6,14719.0,0,0.0
2008-04-15,923.4,936.0,922.7,927.5,12641.0,0,0.0
2008-04-16,927.5,948.7,924.2,944.1,12784.0,0,0.0
2008-04-17,944.4,952.5,937.0,938.3,12985.0,0,0.0
2008-04-18,938.2,946.3,904.4,917.6,13160.0,0,0.0
2008-04-21,915.9,928.4,910.8,916.5,14056.0,0,0.0
2008-04-22,916.5,925.1,911.3,915.5,13928.0,0,0.0
2008-04-23,915.6,922.4,896.8,904.0,13728.0,0,0.0
2008-04-24,904.0,906.7,882.9,885.7,14609.0,0,0.0
2008-04-25,886.1,896.1,877.5,884.1,14486.0,0,0.0
2008-04-28,887.6,895.4,886.5,892.9,12916.0,0,0.0
2008-04-29,892.5,893.2,868.3,870.0,13549.0,0,0.0
2008-04-30,870.1,878.3,862.1,877.1,16291.0,0,0.0
2008-05-01,876.7,881.3,847.1,852.3,16531.0,0,0.0
2008-05-02,852.3,858.9,844.9,856.6,14419.0,0,0.0
2008-05-05,855.5,874.0,855.5,873.8,11131.0,0,0.0
2008-05-06,873.7,882.5,871.3,875.8,12276.0,0,0.0
2008-05-07,875.7,880.7,863.3,868.4,14343.0,0,0.0
2008-05-08,868.0,885.2,865.1,881.4,15238.0,0,0.0
2008-05-09,881.5,889.3,870.1,885.3,13411.0,0,0.0
2008-05-12,883.0,889.5,877.6,882.2,15340.0,0,0.0
2008-05-13,882.3,885.2,860.5,866.7,14886.0,0,0.0
2008-05-14,866.6,870.6,859.3,863.8,14478.0,0,0.0
2008-05-15,863.9,887.3,861.8,881.6,14303.0,0,0.0
2008-05-16,881.6,904.5,879.9,902.8,14836.0,0,0.0
2008-05-19,903.0,913.5,900.4,904.8,12913.0,0,0.0
2008-05-20,904.8,923.1,902.5,918.8,12788.0,0,0.0
2008-05-21,920.1,932.4,916.0,932.2,13449.0,0,0.0
2008-05-22,932.1,934.9,917.0,921.2,16766.0,0,0.0
2008-05-23,921.0,928.8,914.7,924.6,12543.0,0,0.0
2008-05-26,924.8,928.8,923.2,928.6,3188.0,0,0.0
2008-05-27,928.5,930.4,903.9,905.6,12355.0,0,0.0
2008-05-28,905.7,909.5,889.0,900.6,14172.0,0,0.0
2008-05-29,901.1,903.1,873.2,877.4,15537.0,0,0.0
2008-05-30,877.4,888.8,870.3,886.6,13593.0,0,0.0
2008-06-02,887.6,897.1,880.8,890.8,14073.0,0,0.0
2008-06-03,890.8,896.5,875.1,879.9,13391.0,0,0.0
2008-06-04,880.1,886.3,875.7,878.6,14144.0,0,0.0
2008-06-05,878.2,879.7,864.6,876.9,13233.0,0,0.0
2008-06-06,877.1,901.3,877.0,900.9,14495.0,0,0.0
2008-06-09,902.4,908.8,890.6,892.3,17107.0,0,0.0
2008-06-10,892.3,894.6,863.9,866.4,17664.0,0,0.0
2008-06-11,866.3,882.6,866.3,880.0,15241.0,0,0.0
2008-06-12,880.0,881.9,857.1,867.8,15859.0,0,0.0
2008-06-13,868.1,874.0,859.2,869.0,14767.0,0,0.0
2008-06-16,869.9,894.3,866.3,881.9,12689.0,0,0.0
2008-06-17,881.9,888.4,874.1,882.2,15237.0,0,0.0
2008-06-18,882.1,895.5,880.2,894.3,13783.0,0,0.0
2008-06-19,894.2,908.5,886.7,897.9,15105.0,0,0.0
2008-06-20,897.9,907.6,895.7,901.4,13850.0,0,0.0
2008-06-23,901.3,907.3,875.2,883.3,13945.0,0,0.0
2008-06-24,883.3,894.0,881.6,889.3,13013.0,0,0.0
2008-06-25,889.5,890.4,873.3,885.7,14768.0,0,0.0
2008-06-26,885.7,917.7,884.5,916.4,14173.0,0,0.0
2008-06-27,916.4,930.4,910.0,926.5,15272.0,0,0.0
2008-06-30,928.5,935.0,918.2,925.1,14860.0,0,0.0
2008-07-01,925.0,945.6,921.6,939.3,15259.0,0,0.0
2008-07-02,939.4,945.2,931.4,944.9,16260.0,0,0.0
2008-07-03,944.9,946.4,926.6,933.9,14148.0,0,0.0
2008-07-04,933.8,936.0,928.8,933.2,3495.0,0,0.0
2008-07-07,932.1,933.2,914.8,925.5,16663.0,0,0.0
2008-07-08,925.4,932.8,912.3,919.4,17274.0,0,0.0
2008-07-09,919.4,928.6,915.6,928.2,14135.0,0,0.0
2008-07-10,928.1,947.4,925.2,946.9,15147.0,0,0.0
2008-07-11,947.1,967.5,941.3,963.9,17543.0,0,0.0
2008-07-14,963.7,974.9,953.5,972.0,16170.0,0,0.0
2008-07-15,972.1,987.9,967.6,976.9,17506.0,0,0.0
2008-07-16,977.1,980.9,957.4,959.7,16952.0,0,0.0
2008-07-17,959.7,978.5,952.3,957.3,19163.0,0,0.0
2008-07-18,957.4,964.2,949.5,954.6,15774.0,0,0.0
2008-07-21,956.3,968.0,955.0,965.2,12418.0,0,0.0
2008-07-22,965.6,975.8,943.3,945.8,12990.0,0,0.0
2008-07-23,945.7,948.7,917.5,920.3,17199.0,0,0.0
2008-07-24,920.3,930.8,916.0,927.6,17530.0,0,0.0
2008-07-25,927.4,934.7,918.4,929.4,16070.0,0,0.0
2008-07-28,928.5,932.5,922.5,930.2,13376.0,0,0.0
2008-07-29,930.3,932.7,913.8,918.3,13371.0,0,0.0
2008-07-30,918.2,919.0,893.5,905.7,13148.0,0,0.0
2008-07-31,905.8,925.1,905.5,913.4,12587.0,0,0.0
2008-08-01,913.3,916.7,901.5,908.7,13806.0,0,0.0
2008-08-04,909.5,915.1,893.6,894.3,8344.0,0,0.0
2008-08-05,894.4,895.2,872.3,873.7,8558.0,0,0.0
2008-08-06,873.8,886.0,872.6,879.6,7239.0,0,0.0
2008-08-07,879.3,884.5,867.6,872.3,8770.0,0,0.0
2008-08-08,872.2,873.6,850.6,856.8,9264.0,0,0.0
2008-08-11,856.1,865.6,818.2,823.1,9348.0,0,0.0
2008-08-12,823.2,826.5,801.9,811.7,13270.0,0,0.0
2008-08-13,811.6,829.3,805.0,826.5,10092.0,0,0.0
2008-08-14,826.4,836.2,804.4,806.4,9197.0,0,0.0
2008-08-15,806.2,807.2,772.7,787.1,11443.0,0,0.0
2008-08-18,789.9,803.6,789.4,799.6,9456.0,0,0.0
2008-08-19,799.5,816.4,782.2,813.6,8993.0,0,0.0
2008-08-20,813.7,817.9,799.8,813.3,10276.0,0,0.0
2008-08-21,813.2,838.8,811.4,836.2,8691.0,0,0.0
2008-08-22,836.1,837.6,821.0,822.5,6108.0,0,0.0
2008-08-25,824.6,825.7,815.8,821.4,8856.0,0,0.0
2008-08-26,821.7,830.2,806.6,824.6,7658.0,0,0.0
2008-08-27,824.5,834.6,821.6,826.7,8730.0,0,0.0
2008-08-28,826.8,843.7,825.1,833.5,8149.0,0,0.0
2008-08-29,833.4,838.3,829.1,830.0,7283.0,0,0.0
2008-09-01,834.7,836.0,815.7,817.1,3814.0,0,0.0
2008-09-02,818.1,819.5,790.6,804.7,9712.0,0,0.0
2008-09-03,804.8,808.0,789.1,800.9,9680.0,0,0.0
2008-09-04,801.0,814.4,793.9,795.9,8881.0,0,0.0
2008-09-05,796.0,818.6,790.2,801.7,9270.0,0,0.0
2008-09-08,813.7,817.8,797.1,801.7,7846.0,0,0.0
2008-09-09,801.8,804.5,775.6,776.7,9925.0,0,0.0
2008-09-10,776.8,783.3,751.3,752.1,11790.0,0,0.0
2008-09-11,752.0,757.4,735.9,746.4,10520.0,0,0.0
2008-09-12,746.3,766.1,745.9,766.1,8480.0,0,0.0
2008-09-15,775.1,787.2,764.2,785.8,9497.0,0,0.0
2008-09-16,785.7,789.5,771.9,779.3,9428.0,0,0.0
2008-09-17,779.2,868.0,773.9,863.6,10580.0,0,0.0
2008-09-18,863.2,918.7,833.2,853.3,32374.0,0,0.0
2008-09-19,852.2,877.0,823.9,872.6,31771.0,0,0.0
2008-09-22,871.8,908.5,861.8,897.0,29683.0,0,0.0
2008-09-23,898.4,909.3,880.3,891.4,29632.0,0,0.0
2008-09-24,891.4,900.6,876.4,882.5,22086.0,0,0.0
2008-09-25,882.4,896.7,863.4,877.1,23641.0,0,0.0
2008-09-26,877.2,911.5,865.7,878.7,24916.0,0,0.0
2008-09-29,872.1,926.4,866.8,909.0,31026.0,0,0.0
2008-09-30,909.0,914.5,856.6,871.3,28618.0,0,0.0
2008-10-01,870.8,893.1,864.5,870.1,27392.0,0,0.0
2008-10-02,870.3,876.0,829.3,835.6,24800.0,0,0.0
2008-10-03,834.9,847.2,818.6,836.5,28268.0,0,0.0
2008-10-06,832.6,875.9,824.2,859.0,27665.0,0,0.0
2008-10-07,858.9,891.3,855.2,887.2,28150.0,0,0.0
2008-10-08,887.3,921.4,877.7,907.7,29385.0,0,0.0
2008-10-09,907.8,924.2,880.5,912.0,24530.0,0,0.0
2008-10-10,911.9,930.2,826.6,844.4,34704.0,0,0.0
2008-10-13,848.8,871.8,822.2,832.1,25592.0,0,0.0
2008-10-14,832.6,853.8,828.9,836.3,26326.0,0,0.0
2008-10-15,836.3,856.5,831.2,846.4,23908.0,0,0.0
2008-10-16,846.4,849.9,785.2,804.3,28783.0,0,0.0
2008-10-17,804.2,814.8,772.3,784.3,27941.0,0,0.0
2008-10-20,782.7,809.6,781.3,796.9,25208.0,0,0.0
2008-10-21,797.0,803.3,765.3,771.4,24656.0,0,0.0
2008-10-22,771.4,776.6,720.2,729.2,28880.0,0,0.0
2008-10-23,729.3,735.0,697.9,721.0,28441.0,0,0.0
2008-10-24,721.3,749.6,681.4,734.2,48615.0,0,0.0
2008-10-26,734.6,734.6,734.6,734.6,1.0,0,0.0
2008-10-27,733.7,746.9,706.8,730.2,31172.0,0,0.0
2008-10-28,731.4,755.3,723.9,745.2,28792.0,0,0.0
2008-10-29,746.4,774.2,736.9,756.0,27538.0,0,0.0
2008-10-30,756.8,777.5,732.9,737.4,28513.0,0,0.0
2008-10-31,737.8,741.6,717.0,724.1,25448.0,0,0.0
2008-11-03,726.9,739.2,722.0,723.6,21651.0,0,0.0
2008-11-04,723.6,767.8,721.6,762.0,23984.0,0,0.0
2008-11-05,762.1,769.0,736.3,740.0,27843.0,0,0.0
2008-11-06,739.8,760.1,728.8,732.2,26794.0,0,0.0
2008-11-07,732.3,744.6,725.7,736.4,22748.0,0,0.0
2008-11-10,735.6,768.4,731.9,746.0,23890.0,0,0.0
2008-11-11,746.1,750.2,726.6,731.2,20855.0,0,0.0
2008-11-12,731.2,738.7,708.9,711.4,23180.0,0,0.0
2008-11-13,711.3,739.4,699.7,735.9,27814.0,0,0.0
2008-11-14,735.9,754.0,724.9,744.8,17036.0,0,0.0
2008-11-17,735.1,749.0,730.7,737.2,12188.0,0,0.0
2008-11-18,737.5,745.8,731.2,737.9,12284.0,0,0.0
2008-11-19,738.0,762.8,731.7,734.7,12134.0,0,0.0
2008-11-20,734.8,752.8,732.8,745.3,14878.0,0,0.0
2008-11-21,745.5,802.1,742.5,800.3,16062.0,0,0.0
2008-11-24,799.1,829.5,786.1,821.2,21299.0,0,0.0
2008-11-25,821.3,831.1,802.9,819.9,14291.0,0,0.0
2008-11-26,820.0,823.2,808.4,812.3,16038.0,0,0.0
2008-11-27,812.6,817.2,809.6,815.3,4932.0,0,0.0
2008-11-28,815.3,820.4,809.2,817.3,10766.0,0,0.0
2008-12-01,818.4,818.7,768.1,768.6,23518.0,0,0.0
2008-12-02,768.6,786.7,761.4,781.5,27475.0,0,0.0
2008-12-03,781.6,782.7,763.8,774.0,23835.0,0,0.0
2008-12-04,774.2,787.6,762.5,766.5,24432.0,0,0.0
2008-12-05,766.5,772.6,740.8,757.2,24079.0,0,0.0
2008-12-08,755.1,781.9,753.8,772.4,22955.0,0,0.0
2008-12-09,772.6,780.0,762.4,776.3,24002.0,0,0.0
2008-12-10,776.3,812.8,774.0,809.5,24964.0,0,0.0
2008-12-11,809.1,834.4,801.9,820.8,27635.0,0,0.0
2008-12-12,820.9,828.5,807.5,820.3,28134.0,0,0.0
2008-12-15,823.6,842.7,821.1,837.7,24471.0,0,0.0
2008-12-16,837.7,859.3,829.9,857.2,15277.0,0,0.0
2008-12-17,857.0,882.1,846.0,867.2,19727.0,0,0.0
2008-12-18,867.1,878.4,848.3,852.2,25292.0,0,0.0
2008-12-19,852.2,853.1,829.6,838.6,25197.0,0,0.0
2008-12-22,837.9,851.4,836.2,847.1,20389.0,0,0.0
2008-12-23,847.2,848.3,829.1,839.7,17656.0,0,0.0
2008-12-24,839.8,848.3,834.4,847.3,11377.0,0,0.0
2008-12-29,869.6,889.2,869.6,878.5,24995.0,0,0.0
2008-12-30,878.6,882.7,862.6,872.0,19262.0,0,0.0
2008-12-31,872.2,873.3,855.3,865.8,11831.0,0,0.0
2009-01-05,874.9,884.6,844.3,858.9,25724.0,0,0.0
2009-01-06,858.8,869.9,839.1,863.2,25445.0,0,0.0
2009-01-07,863.0,866.6,835.8,842.6,25387.0,0,0.0
2009-01-08,842.5,864.0,836.4,856.3,24499.0,0,0.0
2009-01-09,856.4,868.0,844.3,852.0,22863.0,0,0.0
2009-01-12,855.4,856.5,814.8,820.5,25625.0,0,0.0
2009-01-13,820.3,830.5,813.6,821.2,23232.0,0,0.0
2009-01-14,821.0,828.8,806.8,811.1,21576.0,0,0.0
2009-01-15,811.0,821.0,801.4,817.6,23854.0,0,0.0
2009-01-16,817.4,843.0,815.3,840.2,22229.0,0,0.0
2009-01-19,843.2,845.9,831.7,835.7,11243.0,0,0.0
2009-01-20,835.6,865.8,823.1,856.4,25478.0,0,0.0
2009-01-21,856.5,864.1,843.3,853.8,23172.0,0,0.0
2009-01-22,853.8,862.7,843.6,856.7,22230.0,0,0.0
2009-01-23,856.7,903.0,852.4,899.1,26147.0,0,0.0
2009-01-26,899.3,915.9,888.5,902.9,25446.0,0,0.0
2009-01-27,902.7,907.1,892.4,898.5,21730.0,0,0.0
2009-01-28,898.6,903.1,882.5,887.3,24388.0,0,0.0
2009-01-29,887.3,909.2,874.2,908.0,22791.0,0,0.0
2009-01-30,908.1,929.4,901.0,926.9,24504.0,0,0.0
2009-02-02,924.8,925.4,901.2,904.9,24949.0,0,0.0
2009-02-03,904.9,912.7,889.0,899.9,24258.0,0,0.0
2009-02-04,899.9,909.0,895.3,905.7,20550.0,0,0.0
2009-02-05,905.7,924.1,902.0,914.4,21247.0,0,0.0
2009-02-06,914.2,920.2,904.1,910.6,18669.0,0,0.0
2009-02-09,911.0,911.6,890.6,894.2,19386.0,0,0.0
2009-02-10,894.1,917.8,890.9,914.9,22752.0,0,0.0
2009-02-11,915.0,947.3,910.7,938.5,22153.0,0,0.0
2009-02-12,938.5,952.1,934.9,946.1,22301.0,0,0.0
2009-02-13,946.0,946.9,932.0,941.3,18954.0,0,0.0
2009-02-16,939.4,944.1,936.2,941.4,9133.0,0,0.0
2009-02-17,941.5,974.1,939.9,969.8,23143.0,0,0.0
2009-02-18,969.9,987.3,960.7,983.7,24645.0,0,0.0
2009-02-19,984.4,986.2,968.2,974.2,24478.0,0,0.0
2009-02-20,973.9,1005.9,970.2,993.5,24590.0,0,0.0
2009-02-23,992.8,997.9,975.5,991.1,23958.0,0,0.0
2009-02-24,991.1,995.4,959.5,962.0,23996.0,0,0.0
2009-02-25,961.9,978.3,944.3,953.1,27867.0,0,0.0
2009-02-26,953.1,956.6,932.3,945.6,26118.0,0,0.0
2009-02-27,945.5,962.8,927.0,941.1,28343.0,0,0.0
2009-03-02,939.3,958.1,921.5,925.5,27460.0,0,0.0
2009-03-03,925.5,932.6,905.0,915.4,25335.0,0,0.0
2009-03-04,915.5,922.7,900.0,906.1,22314.0,0,0.0
2009-03-05,906.0,936.4,905.0,931.7,21484.0,0,0.0
2009-03-06,931.8,944.6,930.1,938.6,20725.0,0,0.0
2009-03-09,940.3,941.9,911.2,921.5,19411.0,0,0.0
2009-03-10,921.7,922.4,891.3,896.5,22279.0,0,0.0
2009-03-11,896.4,913.2,892.3,905.1,19738.0,0,0.0
2009-03-12,905.6,930.5,905.6,926.9,20813.0,0,0.0
2009-03-13,912.6,938.3,912.6,928.9,18679.0,0,0.0
2009-03-16,926.4,929.5,915.5,921.9,17969.0,0,0.0
2009-03-17,920.3,924.3,912.1,914.5,14802.0,0,0.0
2009-03-18,914.5,948.4,883.4,938.4,26125.0,0,0.0
2009-03-19,938.8,962.2,925.7,958.4,28020.0,0,0.0
2009-03-20,957.7,966.7,946.5,951.7,22554.0,0,0.0
2009-03-23,951.0,956.9,935.9,937.8,20863.0,0,0.0
2009-03-24,938.0,943.9,916.8,926.0,22709.0,0,0.0
2009-03-25,926.3,940.5,916.4,933.7,21392.0,0,0.0
2009-03-26,933.9,945.5,930.9,932.6,17124.0,0,0.0
2009-03-27,934.1,935.8,918.4,923.0,17985.0,0,0.0
2009-03-30,921.6,932.0,908.4,917.2,20115.0,0,0.0
2009-03-31,917.1,924.5,911.6,918.8,19105.0,0,0.0
2009-04-01,918.9,932.8,916.4,926.4,16321.0,0,0.0
2009-04-02,926.5,929.1,894.4,903.7,22283.0,0,0.0
2009-04-03,903.8,909.2,890.4,891.7,21088.0,0,0.0
2009-04-06,894.0,896.4,865.2,868.6,22775.0,0,0.0
2009-04-07,868.6,884.9,868.4,880.5,30292.0,0,0.0
2009-04-08,880.6,890.1,878.4,880.4,27759.0,0,0.0
2009-04-09,880.4,886.2,874.7,878.7,15309.0,0,0.0
2009-04-10,878.6,884.9,877.3,880.8,471.0,0,0.0
2009-04-13,881.0,899.6,881.0,893.6,11774.0,0,0.0
2009-04-14,893.5,898.2,885.7,890.2,14868.0,0,0.0
2009-04-15,890.2,899.2,885.3,890.7,16190.0,0,0.0
2009-04-16,890.8,893.4,871.8,875.2,17755.0,0,0.0
2009-04-17,875.2,876.7,865.0,866.7,14037.0,0,0.0
2009-04-20,868.4,888.2,864.6,884.0,15896.0,0,0.0
2009-04-21,884.0,895.0,878.8,883.4,16226.0,0,0.0
2009-04-22,883.3,892.9,880.5,889.5,14337.0,0,0.0
2009-04-23,889.6,908.7,889.6,904.1,16011.0,0,0.0
2009-04-24,904.2,913.7,902.9,912.0,15151.0,0,0.0
2009-04-27,912.2,918.3,905.1,906.3,13964.0,0,0.0
2009-04-28,906.2,906.5,884.2,893.0,15523.0,0,0.0
2009-04-29,893.1,902.8,887.6,897.7,13372.0,0,0.0
2009-04-30,897.8,899.8,880.5,887.9,15231.0,0,0.0
2009-05-01,887.5,889.5,880.1,885.1,12243.0,0,0.0
2009-05-04,885.6,906.9,884.3,901.7,12924.0,0,0.0
2009-05-05,901.8,915.9,894.7,896.9,14527.0,0,0.0
2009-05-06,896.8,912.1,895.2,910.8,15117.0,0,0.0
2009-05-07,910.9,925.3,908.7,910.4,15354.0,0,0.0
2009-05-08,910.5,919.7,905.0,914.9,13668.0,0,0.0
2009-05-11,915.7,917.5,908.3,913.0,12351.0,0,0.0
2009-05-12,913.0,923.9,911.9,922.7,15061.0,0,0.0
2009-05-13,922.5,930.4,917.2,925.7,16693.0,0,0.0
2009-05-14,925.8,928.2,920.1,925.6,12909.0,0,0.0
2009-05-15,925.5,934.1,923.8,931.2,12198.0,0,0.0
2009-05-18,931.0,933.4,914.9,917.9,15434.0,0,0.0
2009-05-19,918.0,928.9,916.4,924.2,13951.0,0,0.0
2009-05-20,924.2,940.4,924.2,938.4,14349.0,0,0.0
2009-05-21,938.5,955.8,936.0,952.6,16179.0,0,0.0
2009-05-22,953.0,961.4,949.9,957.4,14314.0,0,0.0
2009-05-25,953.9,959.6,952.5,958.4,5442.0,0,0.0
2009-05-26,958.5,958.6,939.2,951.4,14468.0,0,0.0
2009-05-27,951.5,959.4,946.5,949.3,16136.0,0,0.0
2009-05-28,949.2,964.9,943.4,959.0,16526.0,0,0.0
2009-05-29,959.0,980.1,955.9,978.4,18268.0,0,0.0
2009-06-01,979.3,988.5,973.3,974.9,26087.0,0,0.0
2009-06-02,974.3,986.4,969.5,981.5,25207.0,0,0.0
2009-06-03,981.6,989.9,960.5,962.9,32799.0,0,0.0
2009-06-04,963.0,981.6,960.7,979.8,28282.0,0,0.0
2009-06-05,979.6,983.8,952.5,954.9,34081.0,0,0.0
2009-06-08,955.8,959.5,943.2,951.9,23077.0,0,0.0
2009-06-09,951.9,962.1,947.3,954.4,27392.0,0,0.0
2009-06-10,954.5,965.2,946.9,953.9,27715.0,0,0.0
2009-06-11,953.9,961.6,942.6,954.5,28478.0,0,0.0
2009-06-12,954.5,958.3,935.8,938.7,25269.0,0,0.0
2009-06-15,939.7,939.7,926.0,928.1,24947.0,0,0.0
2009-06-16,928.0,939.4,925.8,934.5,25999.0,0,0.0
2009-06-17,934.5,940.0,927.8,937.9,25685.0,0,0.0
2009-06-18,938.0,942.6,929.9,933.1,24088.0,0,0.0
2009-06-19,933.1,938.7,930.7,933.3,20872.0,0,0.0
2009-06-22,933.5,934.7,917.9,922.1,22387.0,0,0.0
2009-06-23,922.2,926.9,912.9,925.5,24311.0,0,0.0
2009-06-24,925.4,941.4,922.3,931.3,26069.0,0,0.0
2009-06-25,931.3,940.0,929.9,938.8,24220.0,0,0.0
2009-06-26,938.9,948.1,936.3,939.0,22118.0,0,0.0
2009-06-29,938.5,942.6,933.5,937.7,20994.0,0,0.0
2009-06-30,937.7,944.8,923.1,926.3,22128.0,0,0.0
2009-07-01,926.2,946.2,925.8,940.1,14690.0,0,0.0
2009-07-02,940.4,941.4,926.6,929.3,13071.0,0,0.0
2009-07-03,929.3,934.1,926.3,932.1,5636.0,0,0.0
2009-07-06,931.9,932.0,920.3,924.9,12763.0,0,0.0
2009-07-07,924.9,931.6,921.0,924.2,13356.0,0,0.0
2009-07-08,924.3,925.6,904.9,909.3,15894.0,0,0.0
2009-07-09,909.3,918.5,906.3,911.8,13838.0,0,0.0
2009-07-10,912.0,915.3,906.9,912.2,13438.0,0,0.0
2009-07-13,912.3,923.1,907.7,919.9,14048.0,0,0.0
2009-07-14,920.0,927.5,917.8,925.2,12685.0,0,0.0
2009-07-15,925.2,942.0,924.2,938.7,12807.0,0,0.0
2009-07-16,938.7,940.2,932.5,936.9,12105.0,0,0.0
2009-07-17,936.9,939.9,931.8,935.6,10889.0,0,0.0
2009-07-20,936.9,954.9,934.4,948.7,13198.0,0,0.0
2009-07-21,948.7,953.6,944.6,948.0,12695.0,0,0.0
2009-07-22,947.9,954.6,944.7,951.1,13127.0,0,0.0
2009-07-23,951.2,957.2,947.3,948.8,13896.0,0,0.0
2009-07-24,948.7,953.9,946.2,951.5,11705.0,0,0.0
2009-07-27,950.7,958.7,947.5,953.5,12867.0,0,0.0
2009-07-28,953.6,956.5,933.9,937.1,12955.0,0,0.0
2009-07-29,937.3,940.7,924.9,929.5,14240.0,0,0.0
2009-07-30,929.4,936.9,927.1,934.3,10557.0,0,0.0
2009-07-31,934.4,956.5,932.4,950.8,13152.0,0,0.0
2009-08-03,951.7,962.3,951.3,955.8,16513.0,0,0.0
2009-08-04,957.6,970.0,951.1,966.9,15511.0,0,0.0
2009-08-05,967.5,967.8,958.7,962.2,15521.0,0,0.0
2009-08-06,962.9,971.5,955.9,962.4,16983.0,0,0.0
2009-08-07,962.9,965.1,953.1,955.1,16909.0,0,0.0
2009-08-10,953.5,956.6,942.2,945.0,15536.0,0,0.0
2009-08-11,945.8,949.6,941.9,945.7,12340.0,0,0.0
2009-08-12,946.0,952.0,940.0,946.3,13967.0,0,0.0
2009-08-13,946.9,960.5,946.9,955.0,13016.0,0,0.0
2009-08-14,954.8,959.1,942.1,947.3,13463.0,0,0.0
2009-08-17,946.9,947.9,930.3,934.3,15066.0,0,0.0
2009-08-18,933.8,939.9,933.8,938.4,11539.0,0,0.0
2009-08-19,938.4,944.9,932.2,941.7,13757.0,0,0.0
2009-08-20,941.9,945.6,937.2,940.6,12132.0,0,0.0
2009-08-21,940.6,957.7,937.9,953.6,13029.0,0,0.0
2009-08-24,952.6,956.6,934.6,942.4,12715.0,0,0.0
2009-08-25,942.1,954.3,941.6,944.7,15021.0,0,0.0
2009-08-26,944.6,949.8,940.1,945.3,12677.0,0,0.0
2009-08-27,945.4,950.2,941.2,947.7,12658.0,0,0.0
2009-08-28,948.1,961.2,947.8,955.4,13297.0,0,0.0
2009-08-31,955.2,960.1,943.1,950.9,12824.0,0,0.0
2009-09-01,950.8,956.7,946.1,956.5,16297.0,0,0.0
2009-09-02,956.3,980.0,951.4,977.4,16692.0,0,0.0
2009-09-03,977.5,997.1,974.0,990.9,19875.0,0,0.0
2009-09-04,991.8,996.0,985.0,993.4,16941.0,0,0.0
2009-09-07,992.5,996.2,990.5,994.5,7119.0,0,0.0
2009-09-08,994.8,1007.2,992.0,996.2,18449.0,0,0.0
2009-09-09,997.0,1002.9,987.2,992.6,19270.0,0,0.0
2009-09-10,992.1,998.1,982.6,995.9,17626.0,0,0.0
2009-09-11,996.3,1011.4,994.3,1005.9,17580.0,0,0.0
2009-09-14,1005.7,1008.6,993.1,999.6,16341.0,0,0.0
2009-09-15,999.3,1009.1,991.9,1006.2,17129.0,0,0.0
2009-09-16,1007.0,1020.2,1005.9,1017.2,22402.0,0,0.0
2009-09-17,1017.0,1023.7,1009.9,1011.2,20181.0,0,0.0
2009-09-18,1012.9,1017.4,1005.8,1006.0,16499.0,0,0.0
2009-09-21,1004.5,1006.4,995.6,1003.0,16890.0,0,0.0
2009-09-22,1003.1,1019.4,1002.4,1014.2,15551.0,0,0.0
2009-09-23,1013.8,1018.3,1005.7,1007.5,19531.0,0,0.0
2009-09-24,1007.2,1018.7,990.6,994.5,18639.0,0,0.0
2009-09-25,992.3,999.0,984.6,988.9,19348.0,0,0.0
2009-09-28,991.7,996.1,985.6,990.3,17020.0,0,0.0
2009-09-29,990.7,995.5,984.9,991.6,18793.0,0,0.0
2009-09-30,992.4,1008.8,991.3,1007.2,18562.0,0,0.0
2009-10-01,1007.0,1009.3,997.4,998.4,18445.0,0,0.0
2009-10-02,998.2,1006.8,986.4,1001.6,18720.0,0,0.0
2009-10-05,1002.4,1017.2,1000.6,1017.1,15413.0,0,0.0
2009-10-06,1016.3,1043.0,1015.0,1041.3,19172.0,0,0.0
2009-10-07,1040.8,1048.2,1036.1,1044.2,21080.0,0,0.0
2009-10-08,1044.4,1061.0,1042.5,1054.4,22633.0,0,0.0
2009-10-09,1054.4,1054.8,1043.3,1047.8,18528.0,0,0.0
2009-10-12,1048.3,1058.6,1047.2,1055.2,46552.0,0,0.0
2009-10-13,1056.6,1068.4,1050.5,1063.3,18413.0,0,0.0
2009-10-14,1064.8,1070.5,1055.9,1062.4,21444.0,0,0.0
2009-10-15,1062.2,1065.3,1046.1,1050.4,21446.0,0,0.0
2009-10-16,1049.8,1056.5,1042.6,1051.9,19552.0,0,0.0
2009-10-19,1052.1,1064.2,1047.5,1063.1,17500.0,0,0.0
2009-10-20,1063.9,1067.4,1051.6,1054.5,18534.0,0,0.0
2009-10-21,1054.7,1064.4,1047.4,1052.6,20875.0,0,0.0
2009-10-22,1057.9,1061.1,1051.1,1059.3,20324.0,0,0.0
2009-10-23,1059.9,1067.1,1049.7,1054.5,20089.0,0,0.0
2009-10-26,1052.8,1059.3,1036.8,1037.6,19774.0,0,0.0
2009-10-27,1037.7,1043.0,1032.2,1039.9,20183.0,0,0.0
2009-10-28,1039.9,1041.5,1026.2,1027.5,21032.0,0,0.0
2009-10-29,1027.6,1047.3,1027.5,1046.3,19060.0,0,0.0
2009-10-30,1046.1,1048.4,1034.8,1044.7,17689.0,0,0.0
2009-11-02,1042.5,1062.1,1041.1,1058.3,19467.0,0,0.0
2009-11-03,1059.5,1087.6,1055.0,1083.8,20997.0,0,0.0
2009-11-04,1084.5,1097.3,1079.7,1092.3,22155.0,0,0.0
2009-11-05,1093.2,1094.2,1083.7,1089.4,19814.0,0,0.0
2009-11-06,1089.5,1100.7,1086.2,1095.2,18866.0,0,0.0
2009-11-09,1097.5,1110.9,1095.3,1103.0,17577.0,0,0.0
2009-11-10,1103.0,1108.7,1096.6,1105.6,18817.0,0,0.0
2009-11-11,1105.4,1118.3,1104.8,1116.7,17652.0,0,0.0
2009-11-12,1116.6,1122.5,1102.0,1102.5,19708.0,0,0.0
2009-11-13,1102.8,1118.7,1100.8,1118.5,17000.0,0,0.0
2009-11-16,1118.9,1143.1,1118.9,1140.1,23216.0,0,0.0
2009-11-17,1139.4,1141.5,1127.6,1140.2,23998.0,0,0.0
2009-11-18,1140.5,1152.6,1135.7,1143.2,20076.0,0,0.0
2009-11-19,1143.6,1145.8,1129.9,1144.0,19575.0,0,0.0
2009-11-20,1144.1,1150.6,1132.4,1150.2,19661.0,0,0.0
2009-11-23,1152.6,1173.3,1151.8,1162.7,18969.0,0,0.0
2009-11-24,1163.9,1170.9,1157.5,1168.5,21464.0,0,0.0
2009-11-25,1169.0,1192.4,1166.4,1191.7,18998.0,0,0.0
2009-11-26,1192.1,1194.9,1180.1,1191.8,14042.0,0,0.0
2009-11-27,1190.5,1191.2,1137.2,1177.2,30841.0,0,0.0
2009-11-30,1180.1,1182.4,1163.6,1179.1,30843.0,0,0.0
2009-12-01,1179.9,1201.2,1175.1,1195.1,23212.0,0,0.0
2009-12-02,1195.9,1216.7,1195.1,1214.9,27995.0,0,0.0
2009-12-03,1214.9,1226.1,1204.1,1207.4,29989.0,0,0.0
2009-12-04,1207.1,1212.2,1147.2,1160.0,33545.0,0,0.0
2009-12-07,1159.5,1164.8,1134.7,1157.5,35819.0,0,0.0
2009-12-08,1158.1,1168.4,1124.2,1127.8,35573.0,0,0.0
2009-12-09,1128.1,1146.7,1116.1,1128.0,33832.0,0,0.0
2009-12-10,1129.7,1136.4,1120.7,1130.0,30215.0,0,0.0
2009-12-11,1131.7,1141.8,1109.0,1114.9,28325.0,0,0.0
2009-12-14,1114.1,1127.1,1110.5,1126.4,26586.0,0,0.0
2009-12-15,1126.7,1128.5,1111.2,1123.0,22802.0,0,0.0
2009-12-16,1124.3,1140.9,1121.1,1137.3,25214.0,0,0.0
2009-12-17,1137.4,1141.3,1094.3,1096.8,29506.0,0,0.0
2009-12-18,1098.1,1116.5,1096.4,1111.4,27569.0,0,0.0
2009-12-21,1109.8,1119.2,1089.8,1092.1,25127.0,0,0.0
2009-12-22,1091.7,1097.0,1074.3,1083.3,24590.0,0,0.0
2009-12-23,1083.7,1095.2,1079.2,1087.3,20222.0,0,0.0
2009-12-24,1087.7,1105.6,1087.4,1104.9,13980.0,0,0.0
2009-12-28,1107.1,1112.4,1100.3,1106.8,16521.0,0,0.0
2009-12-29,1105.9,1106.9,1095.2,1095.7,18414.0,0,0.0
2009-12-30,1096.4,1096.7,1084.7,1090.7,18106.0,0,0.0
2010-01-04,1098.4,1123.4,1092.9,1120.9,23052.0,0,0.0
2010-01-05,1121.2,1128.0,1114.9,1117.5,21749.0,0,0.0
2010-01-06,1117.2,1140.0,1116.2,1137.8,24026.0,0,0.0
2010-01-07,1138.0,1138.6,1128.1,1131.0,23159.0,0,0.0
2010-01-08,1130.9,1139.1,1119.3,1135.9,23407.0,0,0.0
2010-01-11,1152.5,1161.6,1148.3,1151.2,21874.0,0,0.0
2010-01-12,1151.1,1157.7,1124.7,1128.0,22923.0,0,0.0
2010-01-13,1128.1,1138.2,1118.4,1136.9,23693.0,0,0.0
2010-01-14,1137.0,1146.0,1130.7,1141.4,23967.0,0,0.0
2010-01-15,1141.7,1145.4,1126.3,1130.9,21732.0,0,0.0
2010-01-18,1129.2,1136.9,1127.2,1133.5,10759.0,0,0.0
2010-01-19,1134.0,1140.3,1128.7,1138.0,19763.0,0,0.0
2010-01-20,1138.1,1141.1,1106.8,1111.6,24405.0,0,0.0
2010-01-21,1112.6,1117.2,1088.2,1093.9,25866.0,0,0.0
2010-01-22,1094.9,1098.2,1082.1,1093.3,27265.0,0,0.0
2010-01-25,1094.0,1103.6,1092.3,1098.0,22958.0,0,0.0
2010-01-26,1098.3,1103.1,1085.2,1097.8,21423.0,0,0.0
2010-01-27,1097.5,1102.2,1083.3,1087.7,37271.0,0,0.0
2010-01-28,1087.8,1095.6,1073.9,1086.1,36658.0,0,0.0
2010-01-29,1085.7,1089.7,1074.5,1081.4,32205.0,0,0.0
2010-02-01,1082.1,1107.2,1076.4,1106.3,27186.0,0,0.0
2010-02-02,1106.2,1117.6,1098.7,1114.4,28598.0,0,0.0
2010-02-03,1114.7,1124.5,1107.0,1109.7,32431.0,0,0.0
2010-02-04,1110.1,1110.8,1059.4,1064.2,30883.0,0,0.0
2010-02-05,1064.1,1068.4,1044.6,1067.0,41655.0,0,0.0
2010-02-08,1070.6,1073.4,1061.5,1062.5,31652.0,0,0.0
2010-02-09,1061.9,1082.7,1061.9,1077.7,31422.0,0,0.0
2010-02-10,1078.2,1081.8,1063.1,1071.6,31845.0,0,0.0
2010-02-11,1073.4,1097.4,1072.2,1094.8,34258.0,0,0.0
2010-02-12,1093.8,1096.7,1077.6,1091.9,34383.0,0,0.0
2010-02-15,1093.5,1101.8,1091.2,1100.3,16238.0,0,0.0
2010-02-16,1099.8,1120.6,1097.9,1118.7,28090.0,0,0.0
2010-02-17,1119.0,1126.5,1104.9,1106.4,32404.0,0,0.0
2010-02-18,1107.9,1123.6,1097.7,1108.3,38341.0,0,0.0
2010-02-19,1106.8,1126.4,1099.2,1117.3,50646.0,0,0.0
2010-02-22,1123.6,1130.5,1109.6,1113.2,46867.0,0,0.0
2010-02-23,1113.1,1120.6,1098.9,1102.8,45488.0,0,0.0
2010-02-24,1103.0,1107.8,1089.8,1096.0,47399.0,0,0.0
2010-02-25,1096.0,1108.7,1087.9,1106.6,49624.0,0,0.0
2010-02-26,1107.2,1118.5,1103.9,1116.4,48723.0,0,0.0
2010-03-01,1118.4,1123.1,1111.8,1116.7,51145.0,0,0.0
2010-03-02,1117.0,1137.1,1114.5,1133.9,44580.0,0,0.0
2010-03-03,1133.3,1144.4,1132.0,1139.6,40429.0,0,0.0
2010-03-04,1138.7,1141.1,1125.5,1131.7,39389.0,0,0.0
2010-03-05,1132.0,1140.1,1127.2,1131.2,39774.0,0,0.0
2010-03-08,1135.9,1137.3,1118.3,1123.6,32812.0,0,0.0
2010-03-09,1123.2,1124.5,1108.4,1121.1,34733.0,0,0.0
2010-03-10,1121.1,1127.6,1103.2,1108.0,40629.0,0,0.0
2010-03-11,1108.6,1111.2,1100.2,1109.0,44139.0,0,0.0
2010-03-12,1109.5,1118.8,1098.1,1102.2,44358.0,0,0.0
2010-03-15,1103.3,1109.6,1101.0,1108.7,37123.0,0,0.0
2010-03-16,1108.8,1128.3,1108.0,1127.2,41130.0,0,0.0
2010-03-17,1127.1,1132.6,1118.0,1122.5,36130.0,0,0.0
2010-03-18,1122.5,1128.7,1117.9,1125.8,38372.0,0,0.0
2010-03-19,1125.9,1126.5,1101.2,1106.5,35727.0,0,0.0
2010-03-22,1103.5,1108.3,1092.2,1101.6,37825.0,0,0.0
2010-03-23,1101.7,1107.6,1094.1,1104.4,45824.0,0,0.0
2010-03-24,1104.5,1104.7,1084.8,1086.3,57905.0,0,0.0
2010-03-25,1086.3,1095.4,1086.0,1088.8,54905.0,0,0.0
2010-03-26,1088.9,1109.2,1088.7,1106.9,45794.0,0,0.0
2010-03-29,1108.8,1114.3,1103.2,1108.7,38114.0,0,0.0
2010-03-30,1109.8,1113.0,1101.3,1103.1,33899.0,0,0.0
2010-03-31,1103.5,1117.5,1102.1,1112.6,29476.0,0,0.0
2010-04-01,1113.2,1127.4,1111.2,1126.2,28234.0,0,0.0
2010-04-02,1125.8,1126.4,1118.7,1125.3,21022.0,0,0.0
2010-04-05,1120.4,1132.9,1120.3,1131.4,23532.0,0,0.0
2010-04-06,1130.6,1138.1,1122.5,1133.7,25828.0,0,0.0
2010-04-07,1134.3,1152.6,1132.1,1148.8,27794.0,0,0.0
2010-04-08,1149.1,1153.2,1143.3,1150.0,24376.0,0,0.0
2010-04-09,1150.4,1163.9,1149.1,1160.1,21767.0,0,0.0
2010-04-12,1165.7,1169.2,1154.0,1155.9,27004.0,0,0.0
2010-04-13,1155.4,1156.7,1144.9,1150.1,30760.0,0,0.0
2010-04-14,1151.0,1161.3,1150.0,1154.8,29969.0,0,0.0
2010-04-15,1154.6,1160.9,1150.1,1158.6,24330.0,0,0.0
2010-04-16,1158.2,1159.8,1129.7,1136.0,29632.0,0,0.0
2010-04-19,1134.3,1137.5,1123.6,1135.2,25383.0,0,0.0
2010-04-20,1135.6,1145.5,1133.2,1140.2,18652.0,0,0.0
2010-04-21,1140.0,1149.9,1137.4,1146.1,22451.0,0,0.0
2010-04-22,1145.7,1148.9,1131.5,1141.1,24425.0,0,0.0
2010-04-23,1141.3,1156.4,1134.7,1155.6,30210.0,0,0.0
2010-04-26,1156.4,1159.4,1150.5,1153.1,19869.0,0,0.0
2010-04-27,1153.1,1172.0,1146.2,1167.2,29446.0,0,0.0
2010-04-28,1167.6,1173.7,1160.3,1165.3,29180.0,0,0.0
2010-04-29,1164.8,1170.7,1161.9,1166.4,24253.0,0,0.0
2010-04-30,1168.1,1181.1,1167.2,1178.0,22198.0,0,0.0
2010-05-03,1179.8,1187.2,1176.2,1181.8,18698.0,0,0.0
2010-05-04,1181.7,1191.6,1166.9,1170.6,30014.0,0,0.0
2010-05-05,1170.7,1176.1,1157.5,1174.5,36818.0,0,0.0
2010-05-06,1174.6,1210.7,1172.3,1207.9,40817.0,0,0.0
2010-05-07,1206.9,1212.8,1192.7,1207.4,43736.0,0,0.0
2010-05-10,1201.9,1205.3,1184.0,1202.4,26776.0,0,0.0
2010-05-11,1202.7,1233.8,1200.5,1232.1,26582.0,0,0.0
2010-05-12,1230.9,1247.9,1226.4,1238.4,36390.0,0,0.0
2010-05-13,1237.2,1242.5,1227.3,1232.2,31937.0,0,0.0
2010-05-14,1232.1,1248.8,1218.0,1229.5,37447.0,0,0.0
2010-05-17,1230.5,1241.7,1218.9,1222.0,35295.0,0,0.0
2010-05-18,1223.8,1228.3,1206.6,1224.6,34676.0,0,0.0
2010-05-19,1223.9,1227.2,1186.8,1193.3,46987.0,0,0.0
2010-05-20,1191.8,1197.5,1174.8,1181.9,41949.0,0,0.0
2010-05-21,1182.5,1187.1,1166.3,1177.0,45442.0,0,0.0
2010-05-24,1177.4,1196.2,1177.2,1191.1,34565.0,0,0.0
2010-05-25,1191.9,1203.8,1185.1,1203.8,46346.0,0,0.0
2010-05-26,1202.0,1216.0,1200.5,1211.1,32481.0,0,0.0
2010-05-27,1211.3,1217.9,1205.6,1212.1,19607.0,0,0.0
2010-05-28,1210.7,1214.8,1201.8,1213.9,26925.0,0,0.0
2010-05-31,1213.4,1217.4,1209.6,1215.7,14240.0,0,0.0
2010-06-01,1215.5,1228.2,1214.2,1225.0,32760.0,0,0.0
2010-06-02,1225.0,1226.6,1213.5,1222.9,37119.0,0,0.0
2010-06-03,1223.2,1224.2,1201.0,1206.1,36572.0,0,0.0
2010-06-04,1206.2,1219.4,1196.6,1217.4,44790.0,0,0.0
2010-06-07,1219.2,1244.1,1210.4,1239.8,43317.0,0,0.0
2010-06-08,1241.4,1251.4,1233.2,1236.2,46862.0,0,0.0
2010-06-09,1234.6,1240.3,1221.6,1232.8,35191.0,0,0.0
2010-06-10,1232.4,1233.6,1215.0,1216.0,40516.0,0,0.0
2010-06-11,1216.7,1230.1,1216.2,1226.2,36306.0,0,0.0
2010-06-14,1227.2,1233.6,1216.4,1220.7,18833.0,0,0.0
2010-06-15,1222.3,1236.4,1219.5,1233.7,17141.0,0,0.0
2010-06-16,1233.9,1237.3,1226.7,1228.7,15799.0,0,0.0
2010-06-17,1230.2,1250.6,1229.4,1244.6,16149.0,0,0.0
2010-06-18,1244.9,1261.8,1241.5,1255.3,14214.0,0,0.0
2010-06-21,1257.9,1264.7,1230.4,1233.2,18634.0,0,0.0
2010-06-22,1231.8,1242.3,1231.8,1239.4,17586.0,0,0.0
2010-06-23,1238.6,1245.8,1224.4,1236.8,14251.0,0,0.0
2010-06-24,1236.4,1247.8,1227.8,1242.9,17515.0,0,0.0
2010-06-25,1243.8,1257.8,1240.6,1254.2,14600.0,0,0.0
2010-06-28,1253.5,1262.2,1235.3,1238.4,17615.0,0,0.0
2010-06-29,1238.7,1244.6,1227.1,1240.1,19369.0,0,0.0
2010-06-30,1240.7,1246.9,1234.5,1241.9,16908.0,0,0.0
2010-07-01,1241.9,1243.4,1196.1,1198.2,23878.0,0,0.0
2010-07-02,1199.3,1212.7,1199.3,1210.8,22101.0,0,0.0
2010-07-05,1211.5,1213.9,1205.6,1208.5,10026.0,0,0.0
2010-07-06,1208.3,1213.0,1189.0,1192.1,19574.0,0,0.0
2010-07-07,1193.5,1203.5,1184.7,1202.2,18056.0,0,0.0
2010-07-08,1202.1,1207.3,1187.2,1197.7,16930.0,0,0.0
2010-07-09,1198.3,1213.2,1194.2,1209.3,14775.0,0,0.0
2010-07-12,1212.5,1212.5,1196.2,1196.3,15805.0,0,0.0
2010-07-13,1196.9,1217.4,1196.2,1211.8,13719.0,0,0.0
2010-07-14,1211.2,1217.4,1202.3,1208.0,15644.0,0,0.0
2010-07-15,1208.2,1216.8,1203.9,1207.8,18231.0,0,0.0
2010-07-16,1207.8,1210.3,1185.8,1192.4,17461.0,0,0.0
2010-07-19,1191.5,1194.5,1177.4,1182.4,17784.0,0,0.0
2010-07-20,1183.8,1193.2,1175.5,1191.6,18662.0,0,0.0
2010-07-21,1191.3,1197.5,1183.1,1184.6,18378.0,0,0.0
2010-07-22,1185.4,1200.2,1180.7,1194.3,16687.0,0,0.0
2010-07-23,1194.9,1203.3,1183.6,1186.7,18345.0,0,0.0
2010-07-26,1188.3,1194.2,1179.5,1183.0,16208.0,0,0.0
2010-07-27,1182.5,1186.7,1157.7,1161.1,14730.0,0,0.0
2010-07-28,1162.7,1165.6,1156.8,1162.8,13991.0,0,0.0
2010-07-29,1162.3,1168.9,1159.2,1167.6,13915.0,0,0.0
2010-07-30,1167.3,1182.8,1165.3,1180.3,15685.0,0,0.0
2010-08-02,1181.6,1189.5,1174.3,1182.2,15477.0,0,0.0
2010-08-03,1181.2,1190.1,1179.1,1185.6,14669.0,0,0.0
2010-08-04,1184.6,1202.4,1184.6,1194.3,15813.0,0,0.0
2010-08-05,1194.9,1199.2,1189.6,1194.5,12007.0,0,0.0
2010-08-06,1194.8,1210.4,1192.1,1204.7,13058.0,0,0.0
2010-08-09,1204.9,1209.2,1198.7,1200.8,11612.0,0,0.0
2010-08-10,1201.1,1206.9,1190.4,1203.7,15603.0,0,0.0
2010-08-11,1203.7,1207.4,1192.1,1197.7,17512.0,0,0.0
2010-08-12,1197.6,1214.9,1197.5,1213.4,15497.0,0,0.0
2010-08-13,1213.3,1216.9,1210.5,1214.3,14599.0,0,0.0
2010-08-16,1214.0,1226.7,1213.9,1224.6,12218.0,0,0.0
2010-08-17,1225.1,1228.4,1222.2,1224.3,11884.0,0,0.0
2010-08-18,1224.0,1232.0,1217.6,1228.8,13111.0,0,0.0
2010-08-19,1229.0,1236.9,1227.6,1231.5,13600.0,0,0.0
2010-08-20,1232.2,1233.0,1221.8,1226.9,13862.0,0,0.0
2010-08-23,1229.0,1231.3,1221.5,1225.6,10379.0,0,0.0
2010-08-24,1224.7,1234.8,1210.6,1229.9,15988.0,0,0.0
2010-08-25,1230.2,1240.9,1228.8,1239.6,16742.0,0,0.0
2010-08-26,1239.1,1243.6,1233.8,1237.0,14974.0,0,0.0
2010-08-27,1236.2,1241.7,1231.7,1237.4,15672.0,0,0.0
2010-08-30,1238.0,1238.1,1233.1,1236.5,10788.0,0,0.0
2010-08-31,1236.1,1249.4,1231.6,1246.9,15431.0,0,0.0
2010-09-01,1248.5,1254.1,1242.3,1243.7,15101.0,0,0.0
2010-09-02,1244.0,1252.6,1243.1,1250.4,14937.0,0,0.0
2010-09-03,1250.5,1253.3,1237.6,1246.3,14238.0,0,0.0
2010-09-06,1248.0,1250.5,1246.6,1249.4,6205.0,0,0.0
2010-09-07,1249.7,1259.0,1244.4,1255.2,13749.0,0,0.0
2010-09-08,1255.1,1261.8,1253.3,1254.6,13870.0,0,0.0
2010-09-09,1254.4,1258.3,1242.1,1243.1,15365.0,0,0.0
2010-09-10,1243.6,1250.0,1236.4,1245.2,12566.0,0,0.0
2010-09-13,1246.0,1248.5,1240.9,1245.1,13984.0,0,0.0
2010-09-14,1244.4,1274.2,1244.4,1267.7,15148.0,0,0.0
2010-09-15,1268.0,1271.3,1263.0,1267.7,16043.0,0,0.0
2010-09-16,1267.5,1277.2,1264.4,1274.7,16191.0,0,0.0
2010-09-17,1274.5,1282.2,1271.6,1274.3,15184.0,0,0.0
2010-09-20,1278.3,1283.1,1274.0,1277.7,15266.0,0,0.0
2010-09-21,1278.7,1290.3,1270.8,1286.7,19822.0,0,0.0
2010-09-22,1286.6,1295.5,1286.2,1290.8,27038.0,0,0.0
2010-09-23,1290.9,1295.5,1286.6,1291.8,32639.0,0,0.0
2010-09-24,1292.5,1299.2,1291.3,1295.7,38829.0,0,0.0
2010-09-27,1297.1,1299.5,1294.3,1296.4,26776.0,0,0.0
2010-09-28,1294.6,1309.5,1283.0,1308.4,40662.0,0,0.0
2010-09-29,1308.8,1312.9,1305.4,1309.2,39944.0,0,0.0
2010-09-30,1308.9,1315.3,1295.9,1307.7,20127.0,0,0.0
2010-10-01,1307.2,1320.0,1305.9,1318.7,30210.0,0,0.0
2010-10-04,1317.6,1319.6,1312.0,1314.7,28187.0,0,0.0
2010-10-05,1314.8,1341.1,1312.1,1340.1,35478.0,0,0.0
2010-10-06,1339.7,1349.2,1338.6,1348.4,37933.0,0,0.0
2010-10-07,1348.5,1364.0,1325.4,1333.0,45854.0,0,0.0
2010-10-08,1332.1,1349.2,1324.8,1346.9,36975.0,0,0.0
2010-10-11,1348.1,1354.9,1339.9,1353.6,31540.0,0,0.0
2010-10-12,1353.3,1354.8,1340.3,1349.9,40023.0,0,0.0
2010-10-13,1350.0,1373.6,1348.9,1371.7,39551.0,0,0.0
2010-10-14,1371.0,1386.7,1370.6,1380.6,47157.0,0,0.0
2010-10-15,1380.2,1384.9,1362.2,1368.4,43242.0,0,0.0
2010-10-18,1368.4,1368.9,1352.4,1360.6,10561.0,0,0.0
2010-10-19,1367.8,1370.6,1364.3,1368.3,5479.0,0,0.0
2010-10-27,1334.5,1334.9,1334.2,1334.3,58.0,0,0.0
2010-10-29,1340.0,1340.0,1340.0,1340.0,1.0,0,0.0
2010-11-01,1358.9,1365.3,1356.3,1362.4,6621.0,0,0.0
2010-11-11,1403.0,1417.4,1399.9,1409.1,21893.0,0,0.0
2010-11-12,1406.8,1406.8,1359.7,1368.2,24827.0,0,0.0
2010-11-15,1370.0,1376.3,1355.4,1360.1,31948.0,0,0.0
2010-11-16,1359.4,1364.1,1329.2,1339.3,32332.0,0,0.0
2010-11-17,1339.2,1344.4,1330.5,1335.6,26925.0,0,0.0
2010-11-18,1336.1,1358.8,1335.0,1352.8,26910.0,0,0.0
2010-11-19,1353.0,1362.8,1341.3,1353.2,25781.0,0,0.0
2010-11-22,1357.3,1367.3,1348.0,1366.4,24135.0,0,0.0
2010-11-23,1366.0,1382.0,1355.7,1375.9,29985.0,0,0.0
2010-11-24,1375.6,1381.0,1368.9,1372.9,21760.0,0,0.0
2010-11-25,1371.9,1374.8,1367.7,1374.3,11155.0,0,0.0
2010-11-26,1374.4,1374.6,1350.6,1362.7,18599.0,0,0.0
2010-11-29,1363.8,1368.8,1352.8,1365.8,25918.0,0,0.0
2010-11-30,1366.4,1389.4,1362.4,1385.7,23490.0,0,0.0
2010-12-01,1386.4,1396.5,1381.5,1387.4,26087.0,0,0.0
2010-12-02,1387.1,1398.0,1382.4,1384.7,27897.0,0,0.0
2010-12-03,1385.8,1413.5,1384.3,1413.1,24333.0,0,0.0
2010-12-06,1413.8,1426.8,1408.6,1423.2,24845.0,0,0.0
2010-12-07,1423.4,1430.7,1396.4,1401.7,29423.0,0,0.0
2010-12-08,1400.1,1403.9,1371.0,1381.5,32149.0,0,0.0
2010-12-09,1381.9,1394.2,1379.9,1386.5,26001.0,0,0.0
2010-12-10,1387.2,1392.0,1371.8,1386.2,22613.0,0,0.0
2010-12-13,1383.4,1398.9,1379.9,1393.6,22173.0,0,0.0
2010-12-14,1394.0,1407.6,1391.4,1395.6,23660.0,0,0.0
2010-12-15,1395.5,1396.8,1377.9,1380.4,24560.0,0,0.0
2010-12-16,1378.5,1385.9,1361.0,1369.6,24726.0,0,0.0
2010-12-17,1369.4,1378.4,1364.4,1374.1,23919.0,0,0.0
2010-12-20,1375.8,1387.5,1375.6,1384.5,19627.0,0,0.0
2010-12-21,1384.7,1391.7,1380.6,1385.2,16843.0,0,0.0
2010-12-22,1385.0,1390.6,1382.9,1384.9,14599.0,0,0.0
2010-12-23,1385.8,1388.2,1371.9,1379.4,13489.0,0,0.0
2010-12-24,1378.5,1385.2,1378.5,1384.6,609.0,0,0.0
2010-12-27,1383.4,1385.8,1372.5,1383.2,15149.0,0,0.0
2010-12-28,1382.9,1406.3,1382.3,1405.3,26907.0,0,0.0
2010-12-29,1405.2,1413.6,1400.8,1411.2,30703.0,0,0.0
2010-12-30,1411.4,1414.4,1402.7,1402.9,23419.0,0,0.0
2011-01-03,1418.9,1423.4,1412.6,1414.3,24189.0,0,0.0
2011-01-04,1414.2,1416.9,1374.4,1380.1,23364.0,0,0.0
2011-01-05,1380.6,1384.5,1363.6,1377.8,23358.0,0,0.0
2011-01-06,1376.1,1379.4,1364.2,1371.2,23785.0,0,0.0
2011-01-07,1371.0,1378.4,1352.4,1368.6,23424.0,0,0.0
2011-01-10,1369.4,1375.8,1365.0,1375.1,20138.0,0,0.0
2011-01-11,1375.0,1386.3,1373.0,1381.0,20465.0,0,0.0
2011-01-12,1380.0,1388.4,1376.3,1387.3,20199.0,0,0.0
2011-01-13,1386.5,1392.7,1369.2,1372.8,21503.0,0,0.0
2011-01-14,1373.4,1377.6,1354.7,1359.4,24187.0,0,0.0
2011-01-17,1361.3,1365.3,1356.9,1361.1,12171.0,0,0.0
2011-01-18,1360.7,1375.9,1360.2,1367.7,20762.0,0,0.0
2011-01-19,1367.9,1378.8,1365.4,1369.5,19720.0,0,0.0
2011-01-20,1369.3,1370.7,1342.9,1345.4,22407.0,0,0.0
2011-01-21,1345.7,1349.8,1337.4,1342.6,23216.0,0,0.0
2011-01-24,1343.6,1353.0,1332.3,1333.9,20099.0,0,0.0
2011-01-25,1333.9,1338.1,1322.3,1326.8,12232.0,0,0.0
2011-01-26,1334.1,1346.1,1324.6,1345.1,18512.0,0,0.0
2011-01-27,1345.4,1347.7,1310.1,1313.4,21775.0,0,0.0
2011-01-28,1313.2,1346.4,1307.8,1334.6,26137.0,0,0.0
2011-01-31,1338.4,1345.8,1322.8,1332.5,24352.0,0,0.0
2011-02-01,1332.6,1342.6,1325.0,1341.0,21773.0,0,0.0
2011-02-02,1342.4,1344.4,1326.4,1334.5,19444.0,0,0.0
2011-02-03,1334.6,1355.5,1324.7,1354.0,20743.0,0,0.0
2011-02-04,1354.6,1357.7,1344.8,1348.9,17511.0,0,0.0
2011-02-07,1346.8,1352.7,1343.3,1350.7,15254.0,0,0.0
2011-02-08,1351.7,1367.6,1348.1,1363.2,16429.0,0,0.0
2011-02-09,1362.5,1366.4,1357.8,1363.2,16299.0,0,0.0
2011-02-10,1363.1,1365.7,1350.6,1363.2,17491.0,0,0.0
2011-02-11,1362.8,1368.1,1353.7,1356.1,18549.0,0,0.0
2011-02-14,1357.3,1366.4,1353.7,1361.3,15755.0,0,0.0
2011-02-15,1360.7,1376.2,1360.5,1373.3,15800.0,0,0.0
2011-02-16,1373.4,1381.6,1367.8,1373.9,17960.0,0,0.0
2011-02-17,1375.8,1384.5,1373.9,1383.7,14562.0,0,0.0
2011-02-18,1385.0,1391.5,1381.4,1387.2,16698.0,0,0.0
2011-02-21,1389.9,1408.0,1389.8,1406.0,12760.0,0,0.0
2011-02-22,1406.7,1410.5,1392.4,1398.6,22366.0,0,0.0
2011-02-23,1398.9,1416.2,1395.2,1411.1,19346.0,0,0.0
2011-02-24,1411.6,1417.7,1391.5,1402.0,22956.0,0,0.0
2011-02-25,1401.9,1411.2,1399.6,1408.1,19171.0,0,0.0
2011-02-28,1409.9,1416.1,1404.5,1410.7,18058.0,0,0.0
2011-03-01,1410.4,1434.4,1408.9,1433.0,17922.0,0,0.0
2011-03-02,1433.6,1439.7,1427.3,1433.5,17926.0,0,0.0
2011-03-03,1435.6,1436.0,1410.0,1415.5,21739.0,0,0.0
2011-03-04,1415.3,1431.7,1413.0,1427.9,17536.0,0,0.0
2011-03-07,1434.5,1444.3,1427.6,1431.7,22520.0,0,0.0
2011-03-08,1431.1,1436.3,1422.9,1428.4,20539.0,0,0.0
2011-03-09,1429.1,1435.8,1422.9,1430.3,17628.0,0,0.0
2011-03-10,1430.9,1431.0,1402.7,1411.4,22135.0,0,0.0
2011-03-11,1411.1,1423.9,1404.4,1416.7,22332.0,0,0.0
2011-03-14,1420.7,1432.5,1417.9,1425.9,20940.0,0,0.0
2011-03-15,1427.9,1427.9,1380.5,1395.4,29146.0,0,0.0
2011-03-16,1394.3,1405.9,1392.0,1398.4,24496.0,0,0.0
2011-03-17,1400.3,1404.7,1386.2,1403.3,24358.0,0,0.0
2011-03-18,1403.9,1423.5,1401.7,1418.3,20983.0,0,0.0
2011-03-21,1424.3,1434.4,1423.5,1427.2,16434.0,0,0.0
2011-03-22,1426.4,1431.7,1419.2,1427.2,16267.0,0,0.0
2011-03-23,1428.1,1440.6,1425.3,1436.9,14470.0,0,0.0
2011-03-24,1437.4,1447.3,1423.4,1429.9,18606.0,0,0.0
2011-03-25,1431.3,1437.5,1422.0,1429.5,18426.0,0,0.0
2011-03-28,1427.7,1429.6,1409.9,1419.8,16536.0,0,0.0
2011-03-29,1420.1,1423.5,1410.7,1418.0,14281.0,0,0.0
2011-03-30,1418.1,1429.7,1411.6,1422.4,17151.0,0,0.0
2011-03-31,1423.0,1439.1,1420.1,1431.6,17853.0,0,0.0
2011-04-01,1432.7,1436.0,1412.3,1427.1,17489.0,0,0.0
2011-04-04,1428.5,1438.3,1427.5,1433.4,13413.0,0,0.0
2011-04-05,1433.9,1456.8,1429.6,1455.4,18161.0,0,0.0
2011-04-06,1456.0,1461.7,1451.0,1459.2,17776.0,0,0.0
2011-04-07,1459.3,1464.6,1452.3,1457.6,17482.0,0,0.0
2011-04-08,1458.4,1474.6,1456.1,1473.1,17882.0,0,0.0
2011-04-11,1474.9,1476.0,1458.9,1462.7,19715.0,0,0.0
2011-04-12,1463.2,1466.9,1443.7,1452.5,24094.0,0,0.0
2011-04-13,1452.6,1461.9,1450.8,1456.7,20641.0,0,0.0
2011-04-14,1457.3,1474.4,1452.0,1473.8,23431.0,0,0.0
2011-04-15,1474.9,1487.8,1471.1,1487.1,21207.0,0,0.0
2011-04-18,1486.2,1497.3,1477.0,1494.7,24767.0,0,0.0
2011-04-19,1495.4,1499.2,1487.2,1495.8,22705.0,0,0.0
2011-04-20,1495.1,1505.4,1492.9,1501.8,22187.0,0,0.0
2011-04-21,1501.2,1508.6,1500.2,1504.4,20330.0,0,0.0
2011-04-22,1505.8,1509.0,1504.0,1504.5,25.0,0,0.0
2011-04-25,1511.5,1518.0,1501.6,1506.6,24517.0,0,0.0
2011-04-26,1506.7,1507.9,1492.5,1505.8,22624.0,0,0.0
2011-04-27,1506.1,1529.8,1502.7,1526.4,25641.0,0,0.0
2011-04-28,1526.7,1538.0,1523.7,1535.7,28017.0,0,0.0
2011-04-29,1534.9,1568.9,1531.5,1561.6,23861.0,0,0.0
2011-05-02,1567.0,1576.4,1540.1,1544.8,37354.0,0,0.0
2011-05-03,1544.9,1550.8,1526.7,1535.5,37552.0,0,0.0
2011-05-04,1537.3,1542.8,1505.7,1515.8,35476.0,0,0.0
2011-05-05,1516.0,1521.5,1462.2,1473.8,45045.0,0,0.0
2011-05-06,1475.4,1497.9,1470.6,1490.4,42662.0,0,0.0
2011-05-09,1490.2,1509.1,1484.5,1508.8,22626.0,0,0.0
2011-05-10,1508.7,1514.6,1501.0,1511.3,17396.0,0,0.0
2011-05-11,1511.2,1521.8,1490.8,1496.2,20717.0,0,0.0
2011-05-12,1496.4,1503.2,1473.2,1500.9,25134.0,0,0.0
2011-05-13,1500.8,1511.6,1477.9,1488.7,22379.0,0,0.0
2011-05-16,1489.2,1499.7,1482.5,1484.3,17828.0,0,0.0
2011-05-17,1484.4,1492.9,1466.8,1481.8,18714.0,0,0.0
2011-05-18,1481.6,1495.1,1480.0,1492.2,16194.0,0,0.0
2011-05-19,1492.3,1494.9,1481.3,1488.3,14806.0,0,0.0
2011-05-20,1488.4,1510.9,1481.9,1508.2,16251.0,0,0.0
2011-05-23,1507.9,1514.3,1499.2,1512.1,18085.0,0,0.0
2011-05-24,1512.0,1523.3,1508.4,1521.7,13846.0,0,0.0
2011-05-25,1521.8,1527.4,1516.3,1520.4,13334.0,0,0.0
2011-05-26,1520.5,1526.2,1509.9,1514.2,14399.0,0,0.0
2011-05-27,1514.1,1533.4,1513.5,1531.5,10947.0,0,0.0
2011-05-30,1532.1,1534.3,1529.3,1533.7,4437.0,0,0.0
2011-05-31,1533.4,1535.9,1527.3,1530.8,12672.0,0,0.0
2011-06-01,1530.9,1545.3,1524.6,1534.9,14790.0,0,0.0
2011-06-02,1534.8,1539.4,1514.7,1528.6,14704.0,0,0.0
2011-06-03,1528.5,1542.1,1519.1,1536.3,15641.0,0,0.0
2011-06-06,1537.6,1548.7,1535.8,1539.6,11566.0,0,0.0
2011-06-07,1539.7,1545.4,1531.3,1539.2,12070.0,0,0.0
2011-06-08,1539.1,1541.5,1526.0,1532.6,12760.0,0,0.0
2011-06-09,1532.4,1544.7,1528.3,1539.1,11715.0,0,0.0
2011-06-10,1539.0,1540.5,1521.1,1526.5,11429.0,0,0.0
2011-06-13,1527.1,1527.9,1506.0,1510.9,13734.0,0,0.0
2011-06-14,1511.0,1521.3,1507.4,1518.9,12600.0,0,0.0
2011-06-15,1518.8,1529.6,1509.1,1525.8,15372.0,0,0.0
2011-06-16,1525.9,1528.2,1516.6,1524.7,14313.0,0,0.0
2011-06-17,1524.6,1537.1,1517.6,1533.9,11895.0,0,0.0
2011-06-20,1535.7,1542.1,1528.0,1535.7,10349.0,0,0.0
2011-06-21,1535.8,1543.1,1533.7,1541.3,9836.0,0,0.0
2011-06-22,1541.4,1553.3,1536.3,1544.0,11787.0,0,0.0
2011-06-23,1543.9,1544.3,1507.8,1516.3,16573.0,0,0.0
2011-06-24,1516.4,1520.8,1493.7,1495.8,15882.0,0,0.0
2011-06-27,1497.1,1500.6,1486.0,1493.0,13734.0,0,0.0
2011-06-28,1492.9,1501.6,1490.8,1496.4,11289.0,0,0.0
2011-06-29,1496.5,1508.2,1495.4,1507.4,16122.0,0,0.0
2011-06-30,1507.5,1509.1,1493.9,1495.0,16967.0,0,0.0
2011-07-01,1495.3,1497.8,1473.3,1482.8,19352.0,0,0.0
2011-07-04,1481.9,1491.7,1481.0,1491.4,6955.0,0,0.0
2011-07-05,1490.8,1512.2,1488.3,1510.7,15092.0,0,0.0
2011-07-06,1510.6,1528.9,1505.2,1523.9,18460.0,0,0.0
2011-07-07,1524.0,1529.6,1517.7,1527.4,18354.0,0,0.0
2011-07-08,1527.3,1540.7,1520.0,1538.0,17723.0,0,0.0
2011-07-11,1541.7,1552.1,1536.9,1548.7,15836.0,0,0.0
2011-07-12,1548.6,1568.8,1535.8,1562.8,23292.0,0,0.0
2011-07-13,1562.9,1583.0,1559.4,1577.4,22539.0,0,0.0
2011-07-14,1577.5,1589.5,1574.1,1582.4,25721.0,0,0.0
2011-07-15,1582.3,1588.9,1571.0,1588.6,20354.0,0,0.0
2011-07-18,1588.7,1602.5,1586.2,1599.9,19529.0,0,0.0
2011-07-19,1599.8,1605.4,1577.7,1583.6,23135.0,0,0.0
2011-07-20,1583.7,1596.8,1576.3,1595.6,21525.0,0,0.0
2011-07-21,1595.7,1599.9,1580.0,1585.8,27038.0,0,0.0
2011-07-22,1585.7,1602.5,1578.6,1597.8,16974.0,0,0.0
2011-07-25,1594.8,1619.0,1594.8,1609.2,21536.0,0,0.0
2011-07-26,1609.3,1615.5,1603.2,1614.4,15771.0,0,0.0
2011-07-27,1614.5,1623.8,1604.0,1608.7,18022.0,0,0.0
2011-07-28,1608.8,1615.4,1598.2,1611.1,16803.0,0,0.0
2011-07-29,1611.0,1627.8,1605.8,1620.9,19013.0,0,0.0
2011-08-01,1621.7,1627.0,1601.0,1614.6,25189.0,0,0.0
2011-08-02,1614.7,1657.0,1611.6,1656.4,23457.0,0,0.0
2011-08-03,1656.3,1668.3,1647.1,1656.9,24274.0,0,0.0
2011-08-04,1656.8,1677.4,1635.0,1641.6,37852.0,0,0.0
2011-08-05,1641.7,1665.3,1636.8,1656.2,33166.0,0,0.0
2011-08-08,1675.3,1715.8,1674.7,1714.6,48047.0,0,0.0
2011-08-09,1714.5,1774.8,1710.5,1735.4,79849.0,0,0.0
2011-08-10,1735.3,1792.9,1733.1,1788.2,62429.0,0,0.0
2011-08-11,1788.3,1810.3,1727.3,1759.0,80559.0,0,0.0
2011-08-12,1759.1,1763.5,1718.5,1740.9,46965.0,0,0.0
2011-08-15,1738.6,1761.7,1723.5,1761.0,32951.0,0,0.0
2011-08-16,1761.1,1782.1,1756.3,1780.7,32489.0,0,0.0
2011-08-17,1780.8,1789.9,1774.2,1786.4,25977.0,0,0.0
2011-08-18,1786.3,1823.9,1779.1,1818.8,30314.0,0,0.0
2011-08-19,1818.9,1873.2,1816.9,1843.5,63254.0,0,0.0
2011-08-22,1855.6,1893.7,1851.3,1892.6,61386.0,0,0.0
2011-08-23,1892.7,1907.5,1818.6,1823.5,82204.0,0,0.0
2011-08-24,1823.7,1849.2,1745.1,1754.0,81092.0,0,0.0
2011-08-25,1753.9,1770.0,1698.2,1769.8,102520.0,0,0.0
2011-08-26,1769.9,1818.4,1752.2,1817.4,85155.0,0,0.0
2011-08-29,1832.5,1834.0,1771.1,1783.4,68894.0,0,0.0
2011-08-30,1783.5,1835.8,1778.7,1830.6,58241.0,0,0.0
2011-08-31,1830.7,1835.1,1806.7,1820.6,51629.0,0,0.0
2011-09-01,1820.5,1825.9,1808.8,1821.2,40077.0,0,0.0
2011-09-02,1821.3,1879.7,1819.4,1876.8,39808.0,0,0.0
2011-09-05,1874.7,1900.1,1869.5,1894.9,30479.0,0,0.0
2011-09-06,1895.2,1916.2,1854.1,1870.3,84655.0,0,0.0
2011-09-07,1870.5,1875.6,1788.2,1812.8,89936.0,0,0.0
2011-09-08,1812.7,1865.9,1808.8,1865.4,73561.0,0,0.0
2011-09-09,1865.5,1881.4,1818.3,1850.7,89772.0,0,0.0
2011-09-12,1854.6,1857.6,1796.6,1810.1,78402.0,0,0.0
2011-09-13,1810.0,1839.3,1789.7,1828.8,63069.0,0,0.0
2011-09-14,1828.9,1840.0,1803.8,1815.1,56689.0,0,0.0
2011-09-15,1814.9,1821.8,1767.7,1783.7,61706.0,0,0.0
2011-09-16,1783.9,1817.0,1757.7,1802.4,43171.0,0,0.0
2011-09-19,1809.6,1823.5,1765.7,1773.9,53485.0,0,0.0
2011-09-20,1774.0,1806.9,1765.0,1798.7,51674.0,0,0.0
2011-09-21,1798.6,1811.8,1773.9,1777.4,57543.0,0,0.0
2011-09-22,1777.3,1781.7,1715.9,1735.5,80418.0,0,0.0
2011-09-23,1735.7,1750.6,1623.9,1638.1,114520.0,0,0.0
2011-09-26,1658.2,1659.0,1527.7,1621.9,149492.0,0,0.0
2011-09-27,1622.0,1672.5,1610.2,1646.0,83944.0,0,0.0
2011-09-28,1646.1,1664.5,1593.9,1604.4,90483.0,0,0.0
2011-09-29,1604.5,1630.5,1578.3,1609.8,78117.0,0,0.0
2011-09-30,1609.9,1635.8,1601.7,1618.3,63273.0,0,0.0
2011-10-03,1614.0,1660.1,1613.8,1653.8,60402.0,0,0.0
2011-10-04,1653.7,1674.1,1591.0,1619.1,65541.0,0,0.0
2011-10-05,1619.0,1642.2,1592.0,1636.2,66762.0,0,0.0
2011-10-06,1636.1,1650.2,1626.8,1646.4,65708.0,0,0.0
2011-10-07,1646.6,1661.4,1621.5,1631.9,61548.0,0,0.0
2011-10-10,1637.2,1673.0,1633.4,1672.2,54786.0,0,0.0
2011-10-11,1672.3,1679.9,1649.0,1657.5,53855.0,0,0.0
2011-10-12,1657.4,1687.4,1655.7,1671.5,46168.0,0,0.0
2011-10-13,1671.3,1679.6,1647.9,1663.0,44470.0,0,0.0
2011-10-14,1663.1,1678.9,1656.2,1674.7,34115.0,0,0.0
2011-10-17,1675.1,1690.2,1659.6,1665.8,37770.0,0,0.0
2011-10-18,1665.7,1671.9,1621.9,1652.9,50206.0,0,0.0
2011-10-19,1652.8,1660.3,1634.8,1635.8,45640.0,0,0.0
2011-10-20,1635.7,1640.4,1599.0,1615.8,67978.0,0,0.0
2011-10-21,1615.6,1643.7,1606.6,1634.9,44442.0,0,0.0
2011-10-24,1637.1,1657.0,1630.7,1648.6,40216.0,0,0.0
2011-10-25,1648.7,1704.0,1638.8,1700.2,51594.0,0,0.0
2011-10-26,1700.3,1721.8,1690.2,1719.9,46801.0,0,0.0
2011-10-27,1719.8,1745.2,1701.3,1739.4,46539.0,0,0.0
2011-10-28,1739.5,1747.7,1727.7,1739.1,37133.0,0,0.0
2011-10-31,1736.9,1740.3,1699.5,1709.5,59649.0,0,0.0
2011-11-01,1709.6,1719.2,1676.4,1715.3,50380.0,0,0.0
2011-11-02,1715.4,1739.4,1709.4,1732.3,42140.0,0,0.0
2011-11-03,1732.2,1763.0,1717.9,1759.9,46741.0,0,0.0
2011-11-04,1759.8,1760.0,1744.1,1749.8,32057.0,0,0.0
2011-11-07,1749.4,1793.6,1748.4,1790.1,36137.0,0,0.0
2011-11-08,1790.2,1798.1,1772.1,1781.2,33116.0,0,0.0
2011-11-09,1781.0,1794.9,1759.2,1764.9,44390.0,0,0.0
2011-11-10,1764.8,1770.6,1730.8,1753.5,46761.0,0,0.0
2011-11-11,1753.0,1783.9,1739.5,1782.9,35902.0,0,0.0
2011-11-14,1783.4,1791.4,1768.9,1775.5,29778.0,0,0.0
2011-11-15,1775.4,1781.3,1755.4,1775.8,36593.0,0,0.0
2011-11-16,1775.9,1778.7,1748.5,1758.5,42916.0,0,0.0
2011-11-17,1758.6,1762.1,1705.6,1716.5,47882.0,0,0.0
2011-11-18,1716.4,1732.7,1706.1,1718.6,42144.0,0,0.0
2011-11-21,1717.6,1721.6,1661.6,1672.3,60614.0,0,0.0
2011-11-22,1672.4,1700.7,1662.9,1694.8,49880.0,0,0.0
2011-11-23,1694.4,1705.2,1672.4,1687.5,48244.0,0,0.0
2011-11-24,1687.4,1697.0,1682.8,1690.2,18979.0,0,0.0
2011-11-25,1690.3,1693.1,1667.1,1678.5,33939.0,0,0.0
2011-11-28,1678.8,1715.9,1678.3,1707.3,37047.0,0,0.0
2011-11-29,1707.2,1715.3,1698.8,1710.7,32189.0,0,0.0
2011-11-30,1710.8,1745.4,1695.9,1741.3,47800.0,0,0.0
2011-12-01,1741.4,1749.5,1728.9,1739.9,32744.0,0,0.0
2011-12-02,1739.8,1758.3,1733.2,1741.5,33472.0,0,0.0
2011-12-05,1742.6,1750.0,1712.9,1717.9,41006.0,0,0.0
2011-12-06,1717.8,1728.2,1697.1,1723.4,46330.0,0,0.0
2011-12-07,1723.5,1738.0,1715.1,1736.9,39787.0,0,0.0
2011-12-08,1737.0,1751.0,1699.2,1703.3,51739.0,0,0.0
2011-12-09,1703.4,1719.2,1698.6,1706.4,41485.0,0,0.0
2011-12-12,1707.2,1710.0,1652.3,1661.5,41075.0,0,0.0
2011-12-13,1660.6,1673.4,1617.6,1626.7,51212.0,0,0.0
2011-12-14,1626.6,1636.6,1558.7,1569.2,73642.0,0,0.0
2011-12-15,1569.1,1589.3,1556.6,1565.5,61231.0,0,0.0
2011-12-16,1565.4,1596.4,1564.4,1592.3,44985.0,0,0.0
2011-12-19,1595.4,1603.7,1578.5,1589.2,39280.0,0,0.0
2011-12-20,1588.4,1613.7,1586.7,1610.9,31249.0,0,0.0
2011-12-21,1610.8,1636.9,1601.1,1610.2,38383.0,0,0.0
2011-12-22,1610.4,1612.0,1592.9,1601.2,34562.0,0,0.0
2011-12-23,1601.1,1609.0,1597.9,1602.5,16275.0,0,0.0
2011-12-27,1602.7,1602.7,1584.8,1588.1,19970.0,0,0.0
2011-12-28,1587.9,1588.2,1544.7,1551.8,32160.0,0,0.0
2011-12-29,1548.3,1556.6,1517.7,1540.5,40633.0,0,0.0
2011-12-30,1540.4,1576.6,1540.3,1558.4,29795.0,0,0.0
2012-01-03,1564.4,1602.5,1562.4,1598.9,32612.0,0,0.0
2012-01-04,1599.0,1613.7,1587.9,1606.9,41170.0,0,0.0
2012-01-05,1608.1,1620.8,1591.9,1617.5,42641.0,0,0.0
2012-01-06,1616.5,1626.2,1603.8,1611.6,37931.0,0,0.0
2012-01-09,1612.4,1618.8,1600.2,1606.2,35842.0,0,0.0
2012-01-10,1606.6,1635.4,1603.7,1627.8,31441.0,0,0.0
2012-01-11,1626.8,1642.4,1625.3,1637.1,32984.0,0,0.0
2012-01-12,1637.0,1657.1,1635.3,1645.1,32102.0,0,0.0
2012-01-13,1644.0,1644.9,1620.5,1633.1,37587.0,0,0.0
2012-01-16,1632.0,1642.1,1626.6,1638.7,18940.0,0,0.0
2012-01-17,1637.8,1662.8,1636.9,1647.1,29775.0,0,0.0
2012-01-18,1647.0,1657.5,1637.8,1654.9,38634.0,0,0.0
2012-01-19,1654.8,1665.2,1644.3,1653.1,32969.0,0,0.0
2012-01-20,1652.9,1661.9,1640.2,1661.3,31906.0,0,0.0
2012-01-23,1660.0,1676.5,1657.7,1672.0,30157.0,0,0.0
2012-01-24,1671.9,1675.0,1656.7,1660.4,31243.0,0,0.0
2012-01-25,1660.7,1708.1,1644.2,1705.6,40748.0,0,0.0
2012-01-26,1703.2,1725.8,1698.1,1715.6,37214.0,0,0.0
2012-01-27,1716.9,1733.3,1709.7,1733.1,30083.0,0,0.0
2012-01-30,1733.9,1735.0,1711.5,1725.0,31070.0,0,0.0
2012-01-31,1726.7,1742.8,1722.5,1732.6,41613.0,0,0.0
2012-02-01,1732.0,1746.2,1727.8,1738.6,44234.0,0,0.0
2012-02-02,1740.0,1756.2,1736.2,1754.5,39488.0,0,0.0
2012-02-03,1753.4,1758.3,1718.8,1720.6,34769.0,0,0.0
2012-02-06,1723.5,1733.3,1706.9,1715.3,31374.0,0,0.0
2012-02-07,1715.2,1745.0,1705.3,1739.7,33362.0,0,0.0
2012-02-08,1740.5,1747.2,1720.0,1728.1,31829.0,0,0.0
2012-02-09,1727.6,1747.5,1721.1,1724.5,38762.0,0,0.0
2012-02-10,1724.4,1729.9,1699.8,1714.9,36198.0,0,0.0
2012-02-13,1720.2,1728.4,1711.2,1717.3,27476.0,0,0.0
2012-02-14,1717.2,1722.8,1707.3,1715.3,32936.0,0,0.0
2012-02-15,1715.4,1732.4,1713.7,1723.2,29451.0,0,0.0
2012-02-16,1723.1,1725.0,1700.5,1723.1,33496.0,0,0.0
2012-02-17,1723.2,1731.0,1712.3,1717.2,23496.0,0,0.0
2012-02-20,1722.0,1732.3,1721.4,1729.9,15130.0,0,0.0
2012-02-21,1729.0,1755.0,1726.0,1754.2,28536.0,0,0.0
2012-02-22,1754.3,1776.8,1744.4,1771.2,27439.0,0,0.0
2012-02-23,1771.3,1782.7,1767.3,1775.7,27427.0,0,0.0
2012-02-24,1775.8,1778.0,1765.6,1767.4,25716.0,0,0.0
2012-02-27,1770.5,1774.6,1756.6,1762.7,27386.0,0,0.0
2012-02-28,1762.6,1784.9,1761.0,1779.2,27313.0,0,0.0
2012-02-29,1779.3,1785.8,1683.5,1691.9,54045.0,0,0.0
2012-03-01,1692.0,1721.0,1689.6,1713.3,51543.0,0,0.0
2012-03-02,1713.4,1719.4,1699.9,1706.9,32971.0,0,0.0
2012-03-05,1706.1,1711.9,1688.9,1701.4,32698.0,0,0.0
2012-03-06,1701.3,1704.1,1658.2,1669.3,41563.0,0,0.0
2012-03-07,1669.2,1683.3,1666.4,1679.9,28892.0,0,0.0
2012-03-08,1680.0,1699.1,1678.5,1694.8,27613.0,0,0.0
2012-03-09,1694.9,1709.3,1671.8,1707.0,35397.0,0,0.0
2012-03-12,1709.1,1711.9,1687.7,1695.3,28892.0,0,0.0
2012-03-13,1695.6,1700.8,1657.1,1670.1,39463.0,0,0.0
2012-03-14,1670.2,1677.4,1629.6,1638.8,42397.0,0,0.0
2012-03-15,1638.7,1661.6,1630.9,1653.0,34927.0,0,0.0
2012-03-16,1652.9,1659.9,1634.8,1655.2,32209.0,0,0.0
2012-03-19,1654.7,1664.1,1647.5,1659.5,24838.0,0,0.0
2012-03-20,1659.4,1659.8,1636.7,1645.5,28486.0,0,0.0
2012-03-21,1645.6,1656.9,1641.7,1645.6,29422.0,0,0.0
2012-03-22,1644.9,1651.6,1623.2,1639.5,37807.0,0,0.0
2012-03-23,1639.4,1661.5,1637.2,1656.7,32710.0,0,0.0
2012-03-26,1657.5,1688.6,1650.7,1685.2,32287.0,0,0.0
2012-03-27,1685.1,1692.1,1674.7,1675.7,26824.0,0,0.0
2012-03-28,1675.6,1679.8,1649.8,1658.5,30285.0,0,0.0
2012-03-29,1658.6,1660.2,1640.1,1656.6,29345.0,0,0.0
2012-03-30,1656.5,1666.1,1654.9,1663.8,26201.0,0,0.0
2012-04-02,1664.1,1678.6,1658.1,1672.8,26294.0,0,0.0
2012-04-03,1672.9,1676.1,1634.0,1641.1,33546.0,0,0.0
2012-04-04,1640.9,1643.2,1607.5,1615.8,39096.0,0,0.0
2012-04-05,1615.7,1628.7,1615.1,1626.3,25266.0,0,0.0
2012-04-06,1626.2,1637.5,1624.8,1635.4,676.0,0,0.0
2012-04-09,1635.3,1643.8,1630.7,1635.4,21588.0,0,0.0
2012-04-10,1635.3,1658.2,1627.0,1654.9,33807.0,0,0.0
2012-04-11,1655.0,1657.7,1648.1,1654.0,27156.0,0,0.0
2012-04-12,1654.1,1675.2,1646.0,1670.8,28286.0,0,0.0
2012-04-13,1670.7,1673.1,1644.5,1651.1,30219.0,0,0.0
2012-04-16,1652.2,1652.9,1636.4,1647.0,31402.0,0,0.0
2012-04-17,1647.1,1652.6,1629.7,1644.6,27395.0,0,0.0
2012-04-18,1644.5,1649.5,1633.0,1637.3,24020.0,0,0.0
2012-04-19,1637.2,1648.9,1626.2,1637.9,32580.0,0,0.0
2012-04-20,1637.8,1642.3,1633.7,1637.4,22819.0,0,0.0
2012-04-23,1637.6,1638.4,1618.4,1633.8,27825.0,0,0.0
2012-04-24,1633.7,1644.4,1629.1,1637.2,21825.0,0,0.0
2012-04-25,1637.0,1641.5,1619.8,1638.6,31087.0,0,0.0
2012-04-26,1638.7,1655.9,1636.9,1652.5,22994.0,0,0.0
2012-04-27,1652.2,1662.7,1645.7,1657.4,21807.0,0,0.0
2012-04-30,1657.5,1661.2,1641.6,1659.8,19293.0,0,0.0
2012-05-01,1659.9,1666.7,1652.9,1657.4,17122.0,0,0.0
2012-05-02,1657.5,1658.3,1642.1,1648.5,23351.0,0,0.0
2012-05-03,1648.6,1649.0,1626.3,1631.0,25952.0,0,0.0
2012-05-04,1631.1,1642.4,1621.8,1637.8,26948.0,0,0.0
2012-05-07,1637.3,1637.7,1627.2,1633.5,22352.0,0,0.0
2012-05-08,1633.4,1634.3,1590.6,1600.4,29619.0,0,0.0
2012-05-09,1600.6,1601.6,1574.8,1584.6,37094.0,0,0.0
2012-05-10,1584.7,1597.1,1580.8,1589.0,25909.0,0,0.0
2012-05-11,1588.9,1590.2,1568.9,1576.5,26400.0,0,0.0
2012-05-14,1581.4,1581.4,1551.4,1551.6,30396.0,0,0.0
2012-05-15,1551.7,1559.3,1536.7,1539.0,30147.0,0,0.0
2012-05-16,1539.1,1547.4,1522.1,1534.6,65049.0,0,0.0
2012-05-17,1534.7,1575.0,1533.8,1569.2,67496.0,0,0.0
2012-05-18,1569.1,1592.8,1563.1,1586.5,65933.0,0,0.0
2012-05-21,1586.0,1594.3,1579.9,1588.3,52033.0,0,0.0
2012-05-22,1588.2,1589.6,1556.6,1563.5,59446.0,0,0.0
2012-05-23,1563.6,1563.9,1528.4,1556.4,82887.0,0,0.0
2012-05-24,1556.5,1573.0,1546.7,1554.2,71335.0,0,0.0
2012-05-25,1554.1,1569.3,1546.4,1567.8,57434.0,0,0.0
2012-05-28,1568.0,1579.1,1566.7,1570.8,27154.0,0,0.0
2012-05-29,1568.8,1577.8,1544.4,1550.0,56227.0,0,0.0
2012-05-30,1549.9,1564.6,1528.4,1558.2,71591.0,0,0.0
2012-05-31,1558.3,1568.3,1547.2,1555.5,71812.0,0,0.0
2012-06-01,1555.4,1624.9,1540.2,1617.1,90491.0,0,0.0
2012-06-04,1620.6,1623.3,1603.8,1613.9,73137.0,0,0.0
2012-06-05,1614.0,1618.7,1606.9,1612.0,61806.0,0,0.0
2012-06-06,1612.1,1636.0,1610.6,1614.3,70905.0,0,0.0
2012-06-07,1614.4,1624.3,1573.9,1584.4,80751.0,0,0.0
2012-06-08,1584.5,1589.7,1551.4,1589.6,75187.0,0,0.0
2012-06-11,1596.2,1603.2,1576.9,1591.5,59679.0,0,0.0
2012-06-12,1591.4,1616.5,1581.2,1609.3,51792.0,0,0.0
2012-06-13,1609.4,1624.4,1605.7,1616.6,43890.0,0,0.0
2012-06-14,1616.7,1627.6,1609.0,1623.2,43738.0,0,0.0
2012-06-15,1623.1,1633.5,1619.3,1625.7,34112.0,0,0.0
2012-06-18,1628.2,1630.0,1603.7,1627.6,46579.0,0,0.0
2012-06-19,1627.7,1633.0,1617.0,1617.9,33514.0,0,0.0
2012-06-20,1618.0,1622.4,1589.6,1606.9,51648.0,0,0.0
2012-06-21,1607.0,1607.1,1564.0,1565.7,48845.0,0,0.0
2012-06-22,1565.6,1573.0,1557.8,1572.7,31049.0,0,0.0
2012-06-25,1571.3,1588.0,1566.0,1584.0,31670.0,0,0.0
2012-06-26,1583.9,1587.1,1567.3,1572.3,29212.0,0,0.0
2012-06-27,1572.2,1583.2,1562.3,1573.7,29330.0,0,0.0
2012-06-28,1573.8,1578.6,1547.7,1552.2,34975.0,0,0.0
2012-06-29,1552.1,1606.7,1550.7,1598.5,39648.0,0,0.0
2012-07-02,1597.2,1602.1,1586.7,1596.6,28711.0,0,0.0
2012-07-03,1596.7,1624.6,1594.6,1616.8,27798.0,0,0.0
2012-07-04,1616.9,1620.0,1611.1,1614.5,13173.0,0,0.0
2012-07-05,1614.4,1623.5,1597.1,1604.1,35211.0,0,0.0
2012-07-06,1604.0,1609.5,1576.1,1583.6,37469.0,0,0.0
2012-07-09,1582.9,1592.5,1576.2,1587.1,23754.0,0,0.0
2012-07-10,1587.2,1601.1,1564.2,1566.7,32287.0,0,0.0
2012-07-11,1566.8,1583.0,1565.6,1575.9,32696.0,0,0.0
2012-07-12,1575.8,1577.7,1554.6,1571.4,32435.0,0,0.0
2012-07-13,1571.5,1596.4,1565.6,1587.9,26172.0,0,0.0
2012-07-16,1590.9,1594.4,1577.6,1588.9,26289.0,0,0.0
2012-07-17,1589.0,1598.7,1571.2,1582.9,36056.0,0,0.0
2012-07-18,1583.0,1585.6,1567.3,1573.0,31146.0,0,0.0
2012-07-19,1573.1,1591.3,1572.4,1580.9,28941.0,0,0.0
2012-07-20,1580.8,1586.7,1573.3,1583.9,24862.0,0,0.0
2012-07-23,1583.7,1583.7,1562.9,1576.3,28715.0,0,0.0
2012-07-24,1576.2,1584.2,1568.5,1580.3,28859.0,0,0.0
2012-07-25,1580.2,1610.1,1578.5,1604.0,31225.0,0,0.0
2012-07-26,1603.9,1621.5,1600.9,1615.2,32048.0,0,0.0
2012-07-27,1615.6,1629.2,1611.4,1623.4,33252.0,0,0.0
2012-07-30,1623.3,1626.6,1613.9,1621.6,15361.0,0,0.0
2012-07-31,1621.7,1627.6,1610.5,1613.8,30188.0,0,0.0
2012-08-01,1613.9,1618.1,1591.6,1599.2,35675.0,0,0.0
2012-08-02,1599.3,1615.1,1584.3,1587.9,41340.0,0,0.0
2012-08-03,1587.8,1606.3,1584.2,1602.9,28659.0,0,0.0
2012-08-06,1603.7,1615.0,1602.2,1610.1,20966.0,0,0.0
2012-08-07,1610.2,1618.0,1608.3,1611.8,22147.0,0,0.0
2012-08-08,1611.9,1616.4,1603.0,1611.7,22621.0,0,0.0
2012-08-09,1611.6,1617.9,1609.3,1616.8,18306.0,0,0.0
2012-08-10,1616.6,1626.1,1605.1,1620.1,20517.0,0,0.0
2012-08-13,1620.7,1625.3,1607.1,1609.3,20353.0,0,0.0
2012-08-14,1609.2,1616.0,1590.6,1598.6,21769.0,0,0.0
2012-08-15,1598.7,1606.0,1589.6,1602.6,21372.0,0,0.0
2012-08-16,1602.7,1618.5,1600.4,1614.5,17017.0,0,0.0
2012-08-17,1614.6,1620.0,1611.3,1615.8,15084.0,0,0.0
2012-08-20,1615.4,1622.1,1609.4,1620.1,14533.0,0,0.0
2012-08-21,1620.0,1640.9,1618.2,1637.4,17612.0,0,0.0
2012-08-22,1637.3,1655.5,1634.1,1654.1,19904.0,0,0.0
2012-08-23,1654.2,1674.5,1652.1,1670.1,25040.0,0,0.0
2012-08-24,1670.0,1673.5,1662.2,1669.4,18616.0,0,0.0
2012-08-27,1670.0,1676.5,1662.8,1663.6,16942.0,0,0.0
2012-08-28,1663.5,1672.0,1656.5,1666.4,19330.0,0,0.0
2012-08-29,1666.3,1669.5,1651.9,1656.0,17268.0,0,0.0
2012-08-30,1656.2,1663.7,1650.8,1655.1,16178.0,0,0.0
2012-08-31,1655.0,1692.6,1645.8,1692.0,26064.0,0,0.0
2012-09-03,1690.6,1694.9,1685.1,1692.1,13745.0,0,0.0
2012-09-04,1692.2,1698.6,1687.6,1695.4,22536.0,0,0.0
2012-09-05,1695.3,1695.9,1687.0,1692.5,19749.0,0,0.0
2012-09-06,1692.6,1713.5,1691.2,1700.0,29599.0,0,0.0
2012-09-07,1699.8,1741.6,1688.8,1736.3,30171.0,0,0.0
2012-09-10,1735.4,1739.6,1724.5,1725.6,19493.0,0,0.0
2012-09-11,1725.7,1737.7,1724.5,1731.5,17773.0,0,0.0
2012-09-12,1731.4,1746.2,1724.8,1730.3,25208.0,0,0.0
2012-09-13,1730.2,1772.3,1717.1,1766.3,30685.0,0,0.0
2012-09-14,1766.4,1777.4,1765.3,1771.5,29883.0,0,0.0
2012-09-17,1770.8,1776.1,1753.9,1760.9,22132.0,0,0.0
2012-09-18,1761.0,1773.0,1751.9,1771.5,26678.0,0,0.0
2012-09-19,1771.6,1779.0,1761.8,1770.0,25865.0,0,0.0
2012-09-20,1770.1,1771.9,1755.5,1768.0,24602.0,0,0.0
2012-09-21,1767.9,1787.1,1766.4,1773.0,26609.0,0,0.0
2012-09-24,1772.2,1772.3,1755.2,1763.9,23030.0,0,0.0
2012-09-25,1764.0,1774.6,1758.5,1760.2,23970.0,0,0.0
2012-09-26,1760.3,1765.1,1736.2,1752.3,24990.0,0,0.0
2012-09-27,1752.2,1780.0,1750.7,1776.8,25159.0,0,0.0
2012-09-28,1776.9,1782.8,1766.9,1773.1,26666.0,0,0.0
2012-10-01,1770.9,1791.2,1763.0,1775.0,31785.0,0,0.0
2012-10-02,1775.1,1783.9,1770.1,1774.0,27009.0,0,0.0
2012-10-03,1773.9,1781.5,1770.5,1777.6,23020.0,0,0.0
2012-10-04,1777.7,1794.9,1777.3,1790.0,26212.0,0,0.0
2012-10-05,1789.9,1795.5,1772.7,1780.5,24898.0,0,0.0
2012-10-08,1779.9,1779.9,1766.3,1774.4,20248.0,0,0.0
2012-10-09,1774.5,1779.3,1760.1,1763.8,25808.0,0,0.0
2012-10-10,1763.7,1767.8,1756.6,1761.9,25248.0,0,0.0
2012-10-11,1761.8,1774.5,1758.2,1766.8,23178.0,0,0.0
2012-10-12,1766.9,1772.9,1751.8,1754.1,24072.0,0,0.0
2012-10-15,1753.8,1754.8,1728.2,1737.0,25702.0,0,0.0
2012-10-16,1736.9,1747.8,1734.4,1747.0,19746.0,0,0.0
2012-10-17,1747.1,1753.1,1742.4,1749.6,21864.0,0,0.0
2012-10-18,1749.7,1751.8,1737.7,1741.0,20255.0,0,0.0
2012-10-19,1741.1,1743.0,1716.0,1721.9,24610.0,0,0.0
2012-10-22,1720.9,1729.0,1713.2,1728.2,20112.0,0,0.0
2012-10-23,1728.1,1729.9,1703.6,1707.1,25338.0,0,0.0
2012-10-24,1707.2,1713.9,1698.2,1701.6,24707.0,0,0.0
2012-10-25,1701.5,1717.7,1701.1,1711.6,20645.0,0,0.0
2012-10-26,1711.7,1718.4,1700.5,1711.9,23757.0,0,0.0
2012-10-29,1710.7,1716.8,1705.7,1709.3,13833.0,0,0.0
2012-10-30,1709.4,1714.8,1704.6,1709.0,13532.0,0,0.0
2012-10-31,1709.5,1724.6,1709.2,1720.2,18287.0,0,0.0
2012-11-01,1720.0,1726.6,1713.3,1714.7,19103.0,0,0.0
2012-11-02,1715.1,1716.6,1674.2,1677.4,26019.0,0,0.0
2012-11-05,1676.2,1685.9,1672.2,1684.4,19272.0,0,0.0
2012-11-06,1684.5,1720.5,1683.3,1715.6,22125.0,0,0.0
2012-11-07,1715.5,1731.7,1702.8,1717.1,36976.0,0,0.0
2012-11-08,1717.0,1734.7,1712.4,1730.6,23343.0,0,0.0
2012-11-09,1730.7,1738.6,1726.8,1730.9,20796.0,0,0.0
2012-11-12,1731.6,1737.7,1725.5,1727.7,16923.0,0,0.0
2012-11-13,1727.8,1732.6,1717.5,1724.5,22445.0,0,0.0
2012-11-14,1724.6,1733.7,1720.4,1726.0,21920.0,0,0.0
2012-11-15,1726.1,1727.6,1704.5,1715.5,25604.0,0,0.0
2012-11-16,1715.6,1717.2,1705.4,1711.7,20322.0,0,0.0
2012-11-19,1714.4,1735.2,1714.0,1731.2,17234.0,0,0.0
2012-11-20,1731.3,1735.2,1721.8,1726.7,18690.0,0,0.0
2012-11-21,1726.6,1731.6,1720.3,1728.5,16336.0,0,0.0
2012-11-22,1728.3,1732.2,1727.9,1729.2,6936.0,0,0.0
2012-11-23,1730.3,1754.0,1727.9,1748.4,13423.0,0,0.0
2012-11-26,1751.1,1751.9,1745.6,1748.4,17412.0,0,0.0
2012-11-27,1748.3,1751.5,1740.1,1741.9,16789.0,0,0.0
2012-11-28,1741.7,1742.7,1705.4,1719.2,25028.0,0,0.0
2012-11-29,1719.3,1728.6,1717.1,1725.2,18621.0,0,0.0
2012-11-30,1725.1,1731.4,1708.1,1713.2,19732.0,0,0.0
2012-12-03,1714.0,1722.3,1712.4,1715.4,18821.0,0,0.0
2012-12-04,1715.5,1717.4,1690.9,1697.0,24556.0,0,0.0
2012-12-05,1697.1,1706.5,1684.4,1693.5,19131.0,0,0.0
2012-12-06,1693.6,1703.0,1685.6,1699.5,20104.0,0,0.0
2012-12-07,1699.4,1705.1,1684.0,1703.8,22673.0,0,0.0
2012-12-10,1704.8,1716.9,1702.4,1712.5,12964.0,0,0.0
2012-12-11,1712.4,1714.1,1704.5,1709.7,16151.0,0,0.0
2012-12-12,1709.8,1723.0,1707.4,1711.2,22281.0,0,0.0
2012-12-13,1711.1,1711.5,1689.1,1696.7,23442.0,0,0.0
2012-12-14,1696.8,1700.2,1692.7,1694.1,16897.0,0,0.0
2012-12-17,1695.3,1699.5,1686.2,1697.8,14401.0,0,0.0
2012-12-18,1697.9,1702.9,1660.6,1670.7,20042.0,0,0.0
2012-12-19,1670.6,1676.4,1663.1,1666.8,19163.0,0,0.0
2012-12-20,1666.7,1671.5,1635.4,1647.4,23856.0,0,0.0
2012-12-21,1647.5,1659.4,1635.3,1654.8,20967.0,0,0.0
2012-12-24,1656.6,1665.5,1651.6,1659.8,9563.0,0,0.0
2012-12-26,1655.4,1667.6,1655.0,1659.3,7983.0,0,0.0
2012-12-27,1659.0,1665.2,1652.3,1663.6,13973.0,0,0.0
2012-12-28,1663.5,1666.1,1653.4,1657.1,12527.0,0,0.0
2012-12-31,1655.4,1668.4,1655.2,1662.3,9345.0,0,0.0
2013-01-02,1681.0,1694.5,1680.4,1686.3,15436.0,0,0.0
2013-01-03,1686.2,1689.7,1660.5,1663.6,20293.0,0,0.0
2013-01-04,1663.5,1663.9,1625.5,1656.1,32047.0,0,0.0
2013-01-07,1653.6,1662.3,1642.4,1646.3,20217.0,0,0.0
2013-01-08,1646.4,1662.2,1646.2,1658.7,20559.0,0,0.0
2013-01-09,1658.6,1665.6,1651.1,1657.3,17239.0,0,0.0
2013-01-10,1657.4,1678.4,1653.4,1674.9,17595.0,0,0.0
2013-01-11,1674.8,1676.5,1653.0,1663.1,20184.0,0,0.0
2013-01-14,1660.4,1674.5,1659.7,1667.3,16295.0,0,0.0
2013-01-15,1667.2,1684.8,1666.1,1679.0,22088.0,0,0.0
2013-01-16,1678.9,1684.4,1673.1,1679.5,16581.0,0,0.0
2013-01-17,1679.3,1696.2,1666.4,1687.2,21287.0,0,0.0
2013-01-18,1687.3,1694.9,1683.4,1683.9,17708.0,0,0.0
2013-01-21,1685.5,1691.0,1684.6,1689.9,10756.0,0,0.0
2013-01-22,1689.8,1695.7,1686.4,1692.3,15783.0,0,0.0
2013-01-23,1692.1,1694.7,1683.3,1685.6,13891.0,0,0.0
2013-01-24,1685.5,1685.9,1664.7,1667.5,20280.0,0,0.0
2013-01-25,1667.6,1672.0,1655.7,1658.8,18944.0,0,0.0
2013-01-28,1658.6,1662.0,1651.6,1655.6,17263.0,0,0.0
2013-01-29,1655.5,1665.6,1654.4,1663.4,14291.0,0,0.0
2013-01-30,1663.5,1683.7,1662.5,1676.5,19831.0,0,0.0
2013-01-31,1676.4,1680.5,1657.5,1663.3,18030.0,0,0.0
2013-02-01,1663.4,1681.8,1659.7,1667.5,22047.0,0,0.0
2013-02-04,1668.3,1677.3,1660.9,1673.9,15558.0,0,0.0
2013-02-05,1674.0,1684.5,1666.3,1672.5,18232.0,0,0.0
2013-02-06,1672.6,1679.4,1667.9,1677.1,14446.0,0,0.0
2013-02-07,1677.2,1682.7,1663.9,1671.1,21235.0,0,0.0
2013-02-08,1671.0,1673.2,1664.8,1668.2,16112.0,0,0.0
2013-02-11,1667.0,1669.2,1643.4,1647.6,17950.0,0,0.0
2013-02-12,1647.5,1652.8,1638.9,1650.8,18867.0,0,0.0
2013-02-13,1650.7,1653.1,1640.2,1642.1,18616.0,0,0.0
2013-02-14,1642.0,1649.7,1632.5,1634.4,20826.0,0,0.0
2013-02-15,1634.2,1635.8,1597.5,1608.6,28047.0,0,0.0
2013-02-18,1609.5,1618.5,1606.7,1609.0,14762.0,0,0.0
2013-02-19,1608.9,1614.9,1600.4,1604.7,17971.0,0,0.0
2013-02-20,1604.6,1609.2,1558.2,1564.2,33429.0,0,0.0
2013-02-21,1564.1,1584.5,1554.7,1575.7,33972.0,0,0.0
2013-02-22,1575.6,1586.8,1569.6,1580.0,22467.0,0,0.0
2013-02-25,1579.9,1596.6,1574.8,1592.9,22567.0,0,0.0
2013-02-26,1592.8,1619.6,1584.1,1613.2,32141.0,0,0.0
2013-02-27,1613.1,1614.4,1592.1,1596.9,22607.0,0,0.0
2013-02-28,1597.0,1602.7,1574.7,1579.2,27269.0,0,0.0
2013-03-01,1579.3,1586.8,1564.5,1575.2,28961.0,0,0.0
2013-03-04,1578.5,1584.5,1569.1,1573.5,20776.0,0,0.0
2013-03-05,1573.6,1586.1,1571.7,1574.7,19993.0,0,0.0
2013-03-06,1574.6,1584.5,1566.9,1583.3,20447.0,0,0.0
2013-03-07,1583.4,1585.1,1574.6,1578.5,18052.0,0,0.0
2013-03-08,1578.3,1583.3,1561.2,1578.1,22974.0,0,0.0
2013-03-11,1578.9,1583.1,1575.2,1580.6,13360.0,0,0.0
2013-03-12,1581.0,1598.0,1579.6,1592.4,16353.0,0,0.0
2013-03-13,1592.6,1599.0,1585.1,1588.1,15418.0,0,0.0
2013-03-14,1587.9,1593.1,1576.1,1589.8,17082.0,0,0.0
2013-03-15,1589.9,1598.6,1588.1,1591.6,13796.0,0,0.0
2013-03-18,1597.4,1610.8,1591.3,1604.6,21635.0,0,0.0
2013-03-19,1604.4,1615.3,1599.7,1610.7,17578.0,0,0.0
2013-03-20,1612.4,1614.4,1602.9,1607.0,15437.0,0,0.0
2013-03-21,1606.5,1616.4,1604.1,1613.5,13435.0,0,0.0
2013-03-22,1614.1,1615.7,1603.2,1608.5,13135.0,0,0.0
2013-03-25,1609.2,1613.3,1589.4,1605.0,19577.0,0,0.0
2013-03-26,1604.9,1605.7,1594.3,1598.3,13288.0,0,0.0
2013-03-27,1598.9,1608.1,1591.0,1604.4,14725.0,0,0.0
2013-03-28,1604.9,1607.2,1593.6,1596.0,14291.0,0,0.0
2013-03-29,1596.3,1600.8,1590.2,1597.0,885.0,0,0.0
2013-04-01,1597.3,1600.8,1594.4,1599.0,11995.0,0,0.0
2013-04-02,1598.9,1603.5,1573.4,1575.5,14566.0,0,0.0
2013-04-03,1575.6,1576.8,1549.4,1557.4,23388.0,0,0.0
2013-04-04,1557.5,1559.2,1539.8,1554.2,26973.0,0,0.0
2013-04-05,1554.3,1580.7,1549.0,1578.8,23948.0,0,0.0
2013-04-08,1582.5,1582.8,1566.9,1573.0,16174.0,0,0.0
2013-04-09,1572.9,1590.0,1570.1,1585.1,17295.0,0,0.0
2013-04-10,1585.2,1588.3,1555.4,1558.1,24579.0,0,0.0
2013-04-11,1558.0,1568.1,1553.1,1560.8,19538.0,0,0.0
2013-04-12,1560.7,1564.3,1483.3,1487.6,45663.0,0,0.0
2013-04-15,1481.1,1495.2,1337.0,1347.4,148208.0,0,0.0
2013-04-16,1347.5,1403.2,1321.4,1366.9,98024.0,0,0.0
2013-04-17,1367.0,1394.7,1364.6,1375.9,60446.0,0,0.0
2013-04-18,1376.0,1401.8,1336.7,1390.1,50243.0,0,0.0
2013-04-19,1390.0,1424.9,1385.5,1400.5,40151.0,0,0.0
2013-04-22,1408.8,1438.7,1403.4,1426.0,39924.0,0,0.0
2013-04-23,1426.1,1432.6,1404.5,1412.6,44572.0,0,0.0
2013-04-24,1412.5,1433.7,1411.9,1431.4,19232.0,0,0.0
2013-04-25,1431.3,1468.8,1426.6,1467.4,39238.0,0,0.0
2013-04-26,1467.5,1485.0,1447.8,1456.8,47676.0,0,0.0
2013-04-29,1466.3,1478.4,1461.9,1475.2,33303.0,0,0.0
2013-04-30,1475.1,1480.0,1460.7,1476.1,32538.0,0,0.0
2013-05-01,1476.2,1477.6,1440.1,1457.1,33673.0,0,0.0
2013-05-02,1456.9,1473.5,1448.5,1466.6,32251.0,0,0.0
2013-05-03,1466.7,1488.5,1455.8,1468.7,34148.0,0,0.0
2013-05-06,1469.9,1478.5,1464.2,1469.0,29306.0,0,0.0
2013-05-07,1468.8,1470.3,1440.9,1452.2,37124.0,0,0.0
2013-05-08,1452.1,1476.3,1447.3,1473.5,30578.0,0,0.0
2013-05-09,1473.6,1475.8,1453.1,1457.5,32324.0,0,0.0
2013-05-10,1457.3,1461.8,1419.4,1443.4,50343.0,0,0.0
2013-05-13,1448.9,1448.9,1425.6,1430.2,17431.0,0,0.0
2013-05-14,1429.8,1445.1,1420.8,1424.9,17365.0,0,0.0
2013-05-15,1425.0,1430.3,1388.4,1392.5,22378.0,0,0.0
2013-05-16,1392.4,1397.8,1369.2,1385.5,23845.0,0,0.0
2013-05-17,1385.4,1392.6,1354.8,1355.1,22356.0,0,0.0
2013-05-20,1363.5,1398.8,1337.8,1393.3,28155.0,0,0.0
2013-05-21,1393.0,1401.2,1359.4,1375.9,36381.0,0,0.0
2013-05-22,1375.8,1413.9,1354.2,1369.8,32294.0,0,0.0
2013-05-23,1369.7,1398.0,1356.4,1390.5,29968.0,0,0.0
2013-05-24,1390.8,1397.9,1382.0,1383.3,18733.0,0,0.0
2013-05-27,1388.2,1396.3,1384.1,1394.7,8425.0,0,0.0
2013-05-28,1394.6,1403.5,1373.3,1380.6,26026.0,0,0.0
2013-05-29,1380.7,1394.8,1379.7,1392.3,17409.0,0,0.0
2013-05-30,1392.4,1417.7,1388.3,1413.6,31295.0,0,0.0
2013-05-31,1413.2,1421.6,1384.5,1384.8,19401.0,0,0.0
2013-06-03,1389.1,1416.6,1388.7,1410.9,18108.0,0,0.0
2013-06-04,1410.7,1414.6,1388.5,1398.9,16109.0,0,0.0
2013-06-05,1399.0,1410.1,1395.4,1402.9,17818.0,0,0.0
2013-06-06,1402.8,1423.4,1391.4,1413.5,21153.0,0,0.0
2013-06-07,1413.2,1418.7,1377.5,1378.5,33175.0,0,0.0
2013-06-10,1382.9,1388.6,1375.5,1386.0,17124.0,0,0.0
2013-06-11,1385.9,1387.3,1365.6,1377.7,30008.0,0,0.0
2013-06-12,1377.8,1394.2,1373.6,1388.6,23997.0,0,0.0
2013-06-13,1388.5,1394.5,1374.1,1385.7,24228.0,0,0.0
2013-06-14,1385.6,1392.0,1378.0,1389.8,14813.0,0,0.0
2013-06-17,1390.7,1391.6,1380.2,1384.9,10766.0,0,0.0
2013-06-18,1384.8,1385.6,1360.6,1367.2,14815.0,0,0.0
2013-06-19,1367.0,1376.0,1348.6,1350.8,16234.0,0,0.0
2013-06-20,1350.9,1351.1,1275.8,1284.4,36162.0,0,0.0
2013-06-21,1284.6,1302.1,1269.1,1293.6,25711.0,0,0.0
2013-06-24,1297.1,1301.0,1275.7,1281.9,23518.0,0,0.0
2013-06-25,1282.1,1289.2,1271.3,1277.2,20143.0,0,0.0
2013-06-26,1277.1,1277.8,1221.4,1226.0,33244.0,0,0.0
2013-06-27,1226.1,1244.3,1196.5,1200.2,28340.0,0,0.0
2013-06-28,1200.0,1233.4,1180.0,1232.0,31561.0,0,0.0
2013-07-01,1233.6,1261.4,1225.0,1252.2,25757.0,0,0.0
2013-07-02,1252.1,1267.1,1239.2,1243.0,21242.0,0,0.0
2013-07-03,1242.9,1259.6,1236.5,1252.3,19578.0,0,0.0
2013-07-04,1252.6,1257.6,1244.6,1248.3,11735.0,0,0.0
2013-07-05,1249.2,1250.4,1207.9,1221.7,31256.0,0,0.0
2013-07-08,1222.5,1238.3,1215.4,1236.4,28799.0,0,0.0
2013-07-09,1236.5,1260.1,1233.2,1250.9,30781.0,0,0.0
2013-07-10,1250.8,1265.5,1243.7,1259.1,34219.0,0,0.0
2013-07-11,1259.2,1298.5,1258.2,1285.5,45342.0,0,0.0
2013-07-12,1285.4,1288.3,1267.4,1284.0,25272.0,0,0.0
2013-07-15,1284.7,1294.6,1273.7,1284.3,24373.0,0,0.0
2013-07-16,1284.2,1295.2,1276.9,1291.6,26446.0,0,0.0
2013-07-17,1291.7,1300.3,1269.9,1275.6,33294.0,0,0.0
2013-07-18,1275.5,1288.3,1273.9,1283.7,24716.0,0,0.0
2013-07-19,1283.8,1297.6,1282.1,1294.4,23435.0,0,0.0
2013-07-22,1297.1,1339.2,1295.9,1335.4,31507.0,0,0.0
2013-07-23,1335.3,1346.3,1326.2,1344.9,25338.0,0,0.0
2013-07-24,1345.1,1347.8,1312.8,1321.7,30255.0,0,0.0
2013-07-25,1321.8,1337.6,1308.6,1333.3,27448.0,0,0.0
2013-07-26,1333.4,1340.6,1312.1,1332.6,26537.0,0,0.0
2013-07-29,1332.7,1338.0,1322.6,1327.6,26729.0,0,0.0
2013-07-30,1327.7,1329.8,1317.1,1325.9,19163.0,0,0.0
2013-07-31,1326.0,1338.9,1305.4,1324.6,34463.0,0,0.0
2013-08-01,1324.7,1330.7,1307.5,1309.7,29540.0,0,0.0
2013-08-02,1309.9,1318.1,1282.9,1307.5,21206.0,0,0.0
2013-08-05,1312.4,1320.3,1297.1,1302.6,14387.0,0,0.0
2013-08-06,1302.2,1306.7,1278.8,1282.7,18168.0,0,0.0
2013-08-07,1282.8,1289.0,1272.5,1287.0,16344.0,0,0.0
2013-08-08,1287.1,1314.0,1282.6,1312.6,17818.0,0,0.0
2013-08-09,1313.1,1316.9,1304.7,1312.8,15109.0,0,0.0
2013-08-12,1314.9,1343.7,1314.8,1337.9,18903.0,0,0.0
2013-08-13,1337.0,1341.23,1318.5,1321.2,43797.0,0,0.0
2013-08-14,1321.1,1336.0,1315.6,1335.7,29402.0,0,0.0
2013-08-15,1335.8,1369.8,1318.5,1365.6,47845.0,0,0.0
2013-08-16,1365.5,1379.3,1357.4,1372.8,41373.0,0,0.0
2013-08-19,1377.3,1384.1,1362.2,1365.5,31346.0,0,0.0
2013-08-20,1365.4,1377.2,1351.9,1370.8,32184.0,0,0.0
2013-08-21,1370.7,1378.8,1359.5,1366.2,33904.0,0,0.0
2013-08-22,1366.1,1381.4,1354.8,1375.7,29042.0,0,0.0
2013-08-23,1375.5,1399.7,1368.3,1396.2,28273.0,0,0.0
2013-08-26,1398.2,1406.7,1389.1,1404.2,31534.0,0,0.0
2013-08-27,1404.1,1423.4,1392.0,1414.7,31788.0,0,0.0
2013-08-28,1415.3,1433.3,1413.1,1417.1,39384.0,0,0.0
2013-08-29,1417.0,1418.8,1402.2,1407.2,40405.0,0,0.0
2013-08-30,1407.3,1410.9,1391.8,1394.1,32655.0,0,0.0
2013-09-02,1394.2,1397.9,1373.7,1391.9,24467.0,0,0.0
2013-09-03,1391.7,1415.9,1384.2,1411.9,36979.0,0,0.0
2013-09-04,1411.8,1414.7,1384.3,1391.2,31584.0,0,0.0
2013-09-05,1392.2,1399.5,1364.6,1367.0,36114.0,0,0.0
2013-09-06,1366.4,1393.2,1362.1,1388.9,39210.0,0,0.0
2013-09-09,1391.0,1394.4,1382.0,1386.6,35689.0,0,0.0
2013-09-10,1386.0,1391.3,1357.8,1363.5,43801.0,0,0.0
2013-09-11,1362.9,1368.6,1356.1,1364.9,42348.0,0,0.0
2013-09-12,1365.0,1366.1,1320.6,1321.1,66433.0,0,0.0
2013-09-13,1320.6,1330.9,1304.9,1323.6,67695.0,0,0.0
2013-09-16,1333.1,1335.4,1302.8,1312.6,66412.0,0,0.0
2013-09-17,1313.2,1323.9,1306.2,1310.2,51128.0,0,0.0
2013-09-18,1310.2,1367.6,1291.7,1362.7,82719.0,0,0.0
2013-09-19,1363.6,1375.2,1357.8,1365.9,66087.0,0,0.0
2013-09-20,1366.0,1368.2,1325.1,1325.8,62704.0,0,0.0
2013-09-23,1326.3,1331.9,1313.5,1322.3,77087.0,0,0.0
2013-09-24,1322.1,1329.3,1305.7,1322.8,64150.0,0,0.0
2013-09-25,1322.7,1338.0,1316.6,1334.0,63992.0,0,0.0
2013-09-26,1333.2,1339.4,1318.8,1323.6,52325.0,0,0.0
2013-09-27,1323.1,1344.0,1319.2,1336.1,96269.0,0,0.0
2013-09-30,1341.5,1352.4,1322.7,1328.6,50039.0,0,0.0
2013-10-01,1328.6,1337.6,1282.5,1287.2,77773.0,0,0.0
2013-10-02,1286.5,1323.8,1275.9,1315.8,70932.0,0,0.0
2013-10-03,1315.7,1322.5,1301.9,1316.2,68389.0,0,0.0
2013-10-04,1316.3,1325.4,1305.7,1310.6,53452.0,0,0.0
2013-10-07,1311.1,1328.9,1308.5,1322.6,47404.0,0,0.0
2013-10-08,1322.4,1330.0,1315.6,1318.8,60320.0,0,0.0
2013-10-09,1318.9,1322.2,1294.7,1305.4,72442.0,0,0.0
2013-10-10,1306.1,1311.8,1265.1,1287.1,63208.0,0,0.0
2013-10-11,1284.6,1294.6,1260.0,1270.2,79774.0,0,0.0
2013-10-14,1276.5,1290.1,1268.5,1272.0,69091.0,0,0.0
2013-10-15,1271.9,1288.0,1251.7,1281.7,75425.0,0,0.0
2013-10-16,1281.3,1288.5,1269.2,1282.1,68476.0,0,0.0
2013-10-17,1282.1,1324.4,1274.4,1320.0,80980.0,0,0.0
2013-10-18,1320.0,1327.3,1311.7,1314.6,47029.0,0,0.0
2013-10-21,1315.7,1324.1,1312.8,1315.5,36516.0,0,0.0
2013-10-22,1315.8,1344.7,1310.1,1339.8,39704.0,0,0.0
2013-10-23,1339.8,1342.2,1329.2,1332.9,36674.0,0,0.0
2013-10-24,1332.9,1351.9,1330.3,1346.3,42695.0,0,0.0
2013-10-25,1346.5,1355.7,1336.6,1351.5,38072.0,0,0.0
2013-10-28,1353.6,1361.8,1346.4,1352.5,24388.0,0,0.0
2013-10-29,1352.6,1360.5,1340.0,1344.3,28061.0,0,0.0
2013-10-30,1344.4,1359.6,1334.5,1344.3,33047.0,0,0.0
2013-10-31,1341.8,1343.0,1319.1,1322.7,31129.0,0,0.0
2013-11-01,1322.7,1327.4,1306.1,1316.0,28145.0,0,0.0
2013-11-04,1313.9,1322.6,1311.1,1314.6,18513.0,0,0.0
2013-11-05,1314.0,1320.1,1305.5,1311.5,21123.0,0,0.0
2013-11-06,1311.8,1322.1,1309.1,1317.6,18102.0,0,0.0
2013-11-07,1317.6,1326.0,1296.6,1307.4,30032.0,0,0.0
2013-11-08,1307.6,1313.7,1281.0,1288.0,26548.0,0,0.0
2013-11-11,1288.9,1288.9,1279.2,1282.7,17186.0,0,0.0
2013-11-12,1282.0,1285.9,1261.4,1267.8,23766.0,0,0.0
2013-11-13,1266.0,1284.2,1265.8,1281.5,22950.0,0,0.0
2013-11-14,1281.4,1294.3,1278.3,1286.9,26120.0,0,0.0
2013-11-15,1287.3,1291.3,1280.4,1287.8,26493.0,0,0.0
2013-11-18,1289.4,1289.6,1270.0,1275.2,18746.0,0,0.0
2013-11-19,1275.7,1278.9,1269.1,1275.4,17951.0,0,0.0
2013-11-20,1274.7,1276.4,1241.1,1244.0,31538.0,0,0.0
2013-11-21,1242.7,1250.4,1236.7,1242.8,22855.0,0,0.0
2013-11-22,1242.9,1249.0,1241.1,1243.2,14987.0,0,0.0
2013-11-25,1242.4,1253.8,1227.7,1251.2,37013.0,0,0.0
2013-11-26,1251.2,1258.1,1239.6,1242.7,31613.0,0,0.0
2013-11-27,1242.6,1254.9,1236.3,1237.5,29227.0,0,0.0
2013-11-28,1237.3,1245.8,1234.6,1240.2,17130.0,0,0.0
2013-11-29,1243.0,1254.8,1240.8,1251.6,23911.0,0,0.0
2013-12-02,1250.9,1250.9,1217.8,1219.4,44138.0,0,0.0
2013-12-03,1219.4,1226.2,1215.2,1223.0,35087.0,0,0.0
2013-12-04,1223.0,1251.6,1211.7,1243.5,60602.0,0,0.0
2013-12-05,1242.9,1243.3,1217.0,1225.0,54398.0,0,0.0
2013-12-06,1224.8,1245.0,1211.2,1228.8,60480.0,0,0.0
2013-12-09,1229.9,1243.1,1225.3,1240.0,32095.0,0,0.0
2013-12-10,1239.8,1267.8,1237.9,1261.9,45514.0,0,0.0
2013-12-11,1261.8,1263.3,1252.0,1253.8,42087.0,0,0.0
2013-12-12,1255.8,1257.0,1223.9,1225.2,47823.0,0,0.0
2013-12-13,1225.2,1238.6,1220.5,1237.6,43147.0,0,0.0
2013-12-16,1238.0,1252.0,1227.8,1241.1,44560.0,0,0.0
2013-12-17,1241.0,1248.1,1227.4,1230.6,49263.0,0,0.0
2013-12-18,1230.5,1244.6,1216.1,1218.1,78321.0,0,0.0
2013-12-19,1217.2,1226.5,1187.2,1188.3,81489.0,0,0.0
2013-12-20,1188.4,1207.5,1187.9,1202.0,48389.0,0,0.0
2013-12-23,1202.8,1206.2,1192.7,1198.5,35389.0,0,0.0
2013-12-24,1198.2,1203.1,1196.1,1203.1,14623.0,0,0.0
2013-12-26,1204.5,1215.9,1204.1,1210.4,18318.0,0,0.0
2013-12-27,1210.2,1219.1,1209.0,1214.1,28538.0,0,0.0
2013-12-30,1213.8,1216.2,1194.6,1196.3,35143.0,0,0.0
2013-12-31,1196.2,1214.6,1182.3,1206.4,40975.0,0,0.0
2014-01-02,1225.2,1236.1,1212.8,1224.0,40607.0,0,0.0
2014-01-03,1223.7,1240.3,1221.7,1236.4,46463.0,0,0.0
2014-01-06,1237.0,1248.4,1215.9,1237.8,54713.0,0,0.0
2014-01-07,1236.8,1245.3,1224.9,1231.9,45147.0,0,0.0
2014-01-08,1231.5,1232.4,1218.4,1225.7,54077.0,0,0.0
2014-01-09,1226.2,1231.5,1223.5,1227.8,35042.0,0,0.0
2014-01-10,1227.5,1248.9,1227.1,1247.0,50728.0,0,0.0
2014-01-13,1247.4,1255.1,1243.6,1252.9,33554.0,0,0.0
2014-01-14,1252.9,1255.3,1241.6,1244.9,40585.0,0,0.0
2014-01-15,1244.6,1245.0,1234.2,1241.6,37371.0,0,0.0
2014-01-16,1241.6,1245.3,1236.3,1242.2,32424.0,0,0.0
2014-01-17,1242.2,1254.9,1237.7,1253.6,37327.0,0,0.0
2014-01-20,1253.1,1262.0,1252.6,1254.5,18573.0,0,0.0
2014-01-21,1254.8,1255.7,1235.6,1241.2,39020.0,0,0.0
2014-01-22,1240.8,1243.6,1235.9,1237.0,28676.0,0,0.0
2014-01-23,1236.6,1265.5,1231.5,1263.8,55102.0,0,0.0
2014-01-24,1263.6,1272.6,1256.8,1268.4,50981.0,0,0.0
2014-01-27,1269.1,1279.0,1251.9,1256.8,50642.0,0,0.0
2014-01-28,1256.1,1261.8,1248.5,1256.5,34579.0,0,0.0
2014-01-29,1256.3,1270.1,1248.7,1266.9,52502.0,0,0.0
2014-01-30,1267.3,1268.8,1238.0,1243.4,47792.0,0,0.0
2014-01-31,1243.2,1254.9,1238.5,1244.6,37529.0,0,0.0
2014-02-03,1242.7,1266.2,1240.8,1257.3,45541.0,0,0.0
2014-02-04,1257.0,1260.9,1247.0,1254.3,37724.0,0,0.0
2014-02-05,1252.4,1274.3,1252.3,1257.6,44782.0,0,0.0
2014-02-06,1255.9,1267.0,1252.8,1258.0,39931.0,0,0.0
2014-02-07,1255.8,1271.9,1255.8,1267.2,45680.0,0,0.0
2014-02-10,1264.8,1277.9,1264.8,1274.7,34541.0,0,0.0
2014-02-11,1274.3,1293.9,1273.7,1291.1,50378.0,0,0.0
2014-02-12,1289.5,1296.3,1284.0,1290.5,40258.0,0,0.0
2014-02-13,1291.0,1302.9,1286.2,1302.3,41906.0,0,0.0
2014-02-14,1301.8,1321.2,1299.8,1318.7,46244.0,0,0.0
2014-02-17,1318.2,1329.8,1318.1,1328.6,26811.0,0,0.0
2014-02-18,1328.6,1332.1,1312.6,1321.4,46226.0,0,0.0
2014-02-19,1321.4,1322.8,1308.9,1311.0,40949.0,0,0.0
2014-02-20,1311.3,1325.0,1307.3,1322.4,44675.0,0,0.0
2014-02-21,1318.1,1328.5,1316.0,1323.6,36071.0,0,0.0
2014-02-24,1324.7,1339.0,1318.7,1336.4,43831.0,0,0.0
2014-02-25,1336.9,1343.6,1331.2,1340.1,36004.0,0,0.0
2014-02-26,1340.4,1345.4,1322.3,1330.0,47376.0,0,0.0
2014-02-27,1329.5,1336.2,1323.8,1330.7,42133.0,0,0.0
2014-02-28,1329.3,1333.3,1319.5,1327.1,42666.0,0,0.0
2014-03-03,1331.5,1354.7,1330.6,1349.8,49448.0,0,0.0
2014-03-04,1349.9,1352.5,1331.2,1333.8,45187.0,0,0.0
2014-03-05,1334.2,1341.8,1332.6,1336.2,33365.0,0,0.0
2014-03-06,1336.2,1353.6,1331.2,1350.6,34380.0,0,0.0
2014-03-07,1350.0,1352.9,1327.8,1339.8,47573.0,0,0.0
2014-03-10,1338.8,1344.6,1328.0,1339.9,36582.0,0,0.0
2014-03-11,1340.1,1352.6,1337.6,1348.8,40142.0,0,0.0
2014-03-12,1348.6,1370.8,1345.4,1366.9,47367.0,0,0.0
2014-03-13,1366.6,1375.0,1364.5,1370.1,41430.0,0,0.0
2014-03-14,1371.0,1387.9,1367.8,1382.7,46866.0,0,0.0
2014-03-17,1388.2,1388.9,1361.8,1367.0,44979.0,0,0.0
2014-03-18,1366.1,1367.5,1350.7,1355.7,46841.0,0,0.0
2014-03-19,1356.3,1359.7,1327.6,1329.0,63720.0,0,0.0
2014-03-20,1327.8,1334.6,1320.4,1328.1,49114.0,0,0.0
2014-03-21,1330.6,1342.4,1329.1,1334.1,31977.0,0,0.0
2014-03-24,1330.3,1334.2,1307.9,1309.0,43296.0,0,0.0
2014-03-25,1309.4,1317.3,1305.6,1311.1,39408.0,0,0.0
2014-03-26,1310.2,1316.3,1298.6,1304.1,39765.0,0,0.0
2014-03-27,1304.2,1306.8,1289.0,1291.1,39619.0,0,0.0
2014-03-28,1291.7,1298.7,1285.6,1295.4,32652.0,0,0.0
2014-03-31,1293.8,1298.5,1282.3,1283.9,33637.0,0,0.0
2014-04-01,1284.5,1288.0,1277.6,1279.9,31494.0,0,0.0
2014-04-02,1279.5,1294.5,1279.5,1289.8,32969.0,0,0.0
2014-04-03,1290.5,1293.9,1281.6,1286.8,26371.0,0,0.0
2014-04-04,1286.7,1306.7,1284.2,1302.8,37985.0,0,0.0
2014-04-07,1302.8,1304.1,1295.6,1296.8,21386.0,0,0.0
2014-04-08,1297.3,1314.4,1296.9,1307.3,35203.0,0,0.0
2014-04-09,1308.8,1315.0,1300.7,1310.7,37493.0,0,0.0
2014-04-10,1312.4,1324.5,1310.7,1318.5,37199.0,0,0.0
2014-04-11,1318.2,1323.8,1314.1,1317.3,30336.0,0,0.0
2014-04-14,1322.7,1331.1,1318.7,1325.7,29330.0,0,0.0
2014-04-15,1326.8,1328.1,1284.0,1303.4,53699.0,0,0.0
2014-04-16,1302.6,1307.0,1293.5,1302.6,43837.0,0,0.0
2014-04-17,1302.1,1304.1,1293.1,1294.9,25348.0,0,0.0
2014-04-18,1291.8,1298.9,1269.8,1293.3,15.0,0,0.0
2014-04-21,1294.5,1302.2,1281.8,1289.8,38137.0,0,0.0
2014-04-22,1290.0,1292.8,1276.6,1285.1,33171.0,0,0.0
2014-04-23,1284.0,1288.9,1280.8,1284.8,26002.0,0,0.0
2014-04-24,1283.8,1298.6,1268.4,1292.0,51521.0,0,0.0
2014-04-25,1293.9,1304.9,1290.3,1301.4,32205.0,0,0.0
2014-04-28,1304.1,1306.4,1291.9,1296.5,28561.0,0,0.0
2014-04-29,1296.1,1301.3,1286.2,1296.2,31355.0,0,0.0
2014-04-30,1295.3,1298.1,1284.8,1292.6,41348.0,0,0.0
2014-05-01,1291.3,1292.8,1277.2,1285.2,34712.0,0,0.0
2014-05-02,1284.6,1304.6,1273.2,1297.8,46235.0,0,0.0
2014-05-05,1301.2,1315.5,1299.4,1310.3,34748.0,0,0.0
2014-05-06,1309.4,1314.0,1304.2,1307.6,28255.0,0,0.0
2014-05-07,1308.1,1314.4,1286.5,1289.8,33412.0,0,0.0
2014-05-08,1290.1,1294.4,1285.0,1289.1,24427.0,0,0.0
2014-05-09,1290.4,1294.3,1285.4,1288.3,25374.0,0,0.0
2014-05-12,1288.7,1303.9,1277.6,1296.1,34824.0,0,0.0
2014-05-13,1295.4,1298.7,1289.0,1294.0,32393.0,0,0.0
2014-05-14,1294.2,1308.9,1291.5,1305.9,29631.0,0,0.0
2014-05-15,1304.9,1307.1,1290.8,1296.1,39057.0,0,0.0
2014-05-16,1295.9,1298.2,1287.7,1293.0,29362.0,0,0.0
2014-05-19,1291.0,1305.4,1290.4,1292.9,29452.0,0,0.0
2014-05-20,1292.7,1296.8,1285.9,1294.2,24462.0,0,0.0
2014-05-21,1294.0,1296.2,1283.3,1291.1,14283.0,0,0.0
2014-05-22,1292.2,1303.6,1290.0,1294.5,12773.0,0,0.0
2014-05-23,1293.5,1295.4,1286.6,1292.7,10788.0,0,0.0
2014-05-26,1291.9,1294.0,1290.7,1292.5,6263.0,0,0.0
2014-05-27,1292.2,1293.3,1264.3,1265.7,16897.0,0,0.0
2014-05-28,1264.5,1267.1,1255.9,1258.0,13877.0,0,0.0
2014-05-29,1259.3,1260.4,1251.4,1255.9,14864.0,0,0.0
2014-05-30,1255.7,1260.3,1242.1,1250.4,14788.0,0,0.0
2014-06-02,1249.5,1250.7,1240.9,1243.7,11447.0,0,0.0
2014-06-03,1243.8,1247.6,1240.5,1246.0,11399.0,0,0.0
2014-06-04,1244.8,1248.9,1242.8,1243.2,10248.0,0,0.0
2014-06-05,1244.2,1257.5,1241.0,1252.8,13405.0,0,0.0
2014-06-06,1253.3,1257.6,1245.8,1253.1,13922.0,0,0.0
2014-06-09,1251.9,1256.9,1251.4,1253.3,11225.0,0,0.0
2014-06-10,1252.0,1263.5,1250.2,1261.2,13834.0,0,0.0
2014-06-11,1259.4,1265.2,1258.5,1260.6,10970.0,0,0.0
2014-06-12,1261.0,1274.7,1259.8,1273.0,12961.0,0,0.0
2014-06-13,1273.3,1277.8,1270.7,1276.7,12243.0,0,0.0
2014-06-16,1277.8,1284.8,1270.55,1270.8,27470.0,0,0.0
2014-06-17,1271.4,1273.15,1258.6,1270.4,19782.0,0,0.0
2014-06-18,1271.6,1278.35,1266.15,1277.4,20633.0,0,0.0
2014-06-19,1277.7,1321.4,1275.8,1320.0,26613.0,0,0.0
2014-06-20,1319.5,1321.8,1306.35,1314.35,26116.0,0,0.0
2014-06-23,1314.3,1318.35,1309.85,1317.2,21314.0,0,0.0
2014-06-24,1317.25,1325.8,1313.75,1318.05,21193.0,0,0.0
2014-06-25,1318.05,1324.7,1308.55,1319.0,22483.0,0,0.0
2014-06-26,1318.9,1319.6,1306.15,1316.4,21845.0,0,0.0
2014-06-27,1316.3,1322.15,1312.6,1315.95,20173.0,0,0.0
2014-06-30,1316.25,1329.25,1310.25,1327.05,21443.0,0,0.0
2014-07-01,1327.1,1332.65,1323.65,1326.15,22660.0,0,0.0
2014-07-02,1325.6,1331.9,1321.2,1326.5,20545.0,0,0.0
2014-07-03,1326.4,1327.35,1309.5,1319.25,23141.0,0,0.0
2014-07-04,1319.95,1323.05,1318.5,1320.3,10522.0,0,0.0
2014-07-07,1320.4,1320.6,1311.4,1319.6,16705.0,0,0.0
2014-07-08,1319.8,1324.65,1313.35,1318.95,19020.0,0,0.0
2014-07-09,1318.85,1331.95,1317.7,1327.55,20643.0,0,0.0
2014-07-10,1323.95,1345.0,1323.95,1335.45,23123.0,0,0.0
2014-07-11,1335.35,1339.05,1333.6,1337.75,15810.0,0,0.0
2014-07-14,1338.2,1339.45,1303.2,1306.91,39864.0,0,0.0
2014-07-15,1307.75,1313.65,1292.1,1293.75,24261.0,0,0.0
2014-07-16,1293.75,1303.6,1293.0,1298.9,20160.0,0,0.0
2014-07-17,1299.55,1323.8,1297.55,1318.9,26498.0,0,0.0
2014-07-18,1318.23,1324.53,1304.45,1310.35,30127.0,0,0.0
2014-07-21,1310.05,1318.25,1307.3,1312.2,12208.0,0,0.0
2014-07-22,1311.55,1315.65,1301.9,1306.1,21623.0,0,0.0
2014-07-23,1307.35,1311.1,1303.0,1304.4,17287.0,0,0.0
2014-07-24,1304.3,1305.0,1287.55,1293.4,22857.0,0,0.0
2014-07-25,1293.4,1308.0,1290.8,1307.1,23331.0,0,0.0
2014-07-28,1307.5,1309.1,1301.25,1303.85,19100.0,0,0.0
2014-07-29,1303.5,1312.1,1296.1,1298.95,19050.0,0,0.0
2014-07-30,1299.0,1303.5,1291.7,1295.95,19410.0,0,0.0
2014-07-31,1295.6,1297.15,1280.8,1282.4,21863.0,0,0.0
2014-08-01,1282.9,1297.05,1279.9,1293.0,22740.0,0,0.0
2014-08-04,1293.65,1295.3,1286.0,1288.0,16104.0,0,0.0
2014-08-05,1287.85,1293.85,1282.4,1288.55,20500.0,0,0.0
2014-08-06,1290.25,1309.3,1287.55,1305.6,22277.0,0,0.0
2014-08-07,1305.45,1314.35,1301.95,1312.35,22948.0,0,0.0
2014-08-08,1312.95,1322.55,1305.7,1311.3,26211.0,0,0.0
2014-08-11,1308.65,1311.35,1305.05,1308.15,18114.0,0,0.0
2014-08-12,1307.9,1317.7,1305.6,1309.15,20420.0,0,0.0
2014-08-13,1308.0,1314.85,1304.0,1312.6,23100.0,0,0.0
2014-08-14,1312.05,1319.45,1308.65,1313.25,21220.0,0,0.0
2014-08-15,1312.1,1315.0,1292.4,1304.0,25485.0,0,0.0
2014-08-18,1302.8,1303.6,1295.5,1298.05,17253.0,0,0.0
2014-08-19,1297.4,1302.25,1293.75,1295.45,16690.0,0,0.0
2014-08-20,1295.5,1297.8,1287.75,1291.6,19137.0,0,0.0
2014-08-21,1290.75,1291.0,1272.9,1276.45,21326.0,0,0.0
2014-08-22,1277.75,1283.2,1274.05,1280.25,18344.0,0,0.0
2014-08-25,1279.55,1280.75,1271.9,1276.55,14379.0,0,0.0
2014-08-26,1276.15,1290.8,1275.2,1280.8,19971.0,0,0.0
2014-08-27,1281.05,1287.2,1280.0,1282.35,15715.0,0,0.0
2014-08-28,1282.55,1296.4,1282.15,1289.3,21833.0,0,0.0
2014-08-29,1289.15,1291.25,1283.3,1287.2,15437.0,0,0.0
2014-09-01,1287.35,1290.1,1284.35,1286.85,9014.0,0,0.0
2014-09-02,1287.2,1287.4,1262.35,1264.65,22977.0,0,0.0
2014-09-03,1266.0,1271.4,1261.1,1269.05,20652.0,0,0.0
2014-09-04,1269.1,1277.1,1260.45,1261.4,25740.0,0,0.0
2014-09-05,1261.0,1273.55,1257.15,1268.6,23722.0,0,0.0
2014-09-08,1268.5,1271.65,1251.0,1255.2,22565.0,0,0.0
2014-09-09,1255.05,1258.0,1247.45,1255.2,25011.0,0,0.0
2014-09-10,1253.25,1257.7,1243.7,1249.45,26058.0,0,0.0
2014-09-11,1248.85,1250.05,1234.85,1240.55,27901.0,0,0.0
2014-09-12,1240.1,1241.45,1227.45,1230.45,25407.0,0,0.0
2014-09-15,1226.1,1238.45,1225.45,1233.0,14404.0,0,0.0
2014-09-16,1232.2,1241.85,1231.65,1235.4,15749.0,0,0.0
2014-09-17,1233.8,1239.45,1221.15,1223.25,20205.0,0,0.0
2014-09-18,1222.25,1227.8,1215.75,1224.95,25252.0,0,0.0
2014-09-19,1224.5,1228.5,1213.5,1217.45,32611.0,0,0.0
2014-09-22,1215.3,1220.3,1208.1,1214.85,26634.0,0,0.0
2014-09-23,1214.15,1235.3,1214.1,1223.1,28768.0,0,0.0
2014-09-24,1222.65,1225.95,1215.55,1216.75,25790.0,0,0.0
2014-09-25,1217.0,1224.35,1206.8,1221.35,30516.0,0,0.0
2014-09-26,1221.4,1231.15,1212.25,1217.3,25566.0,0,0.0
2014-09-29,1218.05,1223.2,1214.75,1215.6,24378.0,0,0.0
2014-09-30,1215.55,1219.95,1204.45,1207.9,31713.0,0,0.0
2014-10-01,1208.35,1219.25,1204.55,1213.65,30722.0,0,0.0
2014-10-02,1213.25,1222.2,1208.55,1214.3,35358.0,0,0.0
2014-10-03,1213.65,1215.15,1189.9,1191.7,29527.0,0,0.0
2014-10-06,1190.65,1208.9,1182.9,1207.0,29445.0,0,0.0
2014-10-07,1207.3,1213.3,1202.8,1208.7,28594.0,0,0.0
2014-10-08,1209.25,1224.0,1204.85,1220.8,37597.0,0,0.0
2014-10-09,1216.4,1233.25,1216.4,1224.05,34627.0,0,0.0
2014-10-10,1223.25,1225.35,1217.25,1223.5,27703.0,0,0.0
2014-10-13,1223.35,1237.65,1222.95,1235.55,24923.0,0,0.0
2014-10-14,1236.7,1238.05,1230.9,1232.55,27939.0,0,0.0
2014-10-15,1226.25,1249.55,1221.75,1241.75,45257.0,0,0.0
2014-10-16,1241.5,1245.05,1235.45,1238.55,44459.0,0,0.0
2014-10-17,1237.9,1241.6,1231.6,1237.65,28289.0,0,0.0
2014-10-20,1238.9,1248.6,1234.5,1246.7,24367.0,0,0.0
2014-10-21,1246.0,1255.1,1245.2,1248.3,28580.0,0,0.0
2014-10-22,1248.7,1249.6,1240.3,1240.8,24190.0,0,0.0
2014-10-23,1241.6,1244.5,1226.2,1231.55,26777.0,0,0.0
2014-10-24,1232.9,1234.1,1228.75,1231.05,19698.0,0,0.0
2014-10-27,1230.05,1231.85,1225.3,1226.25,18548.0,0,0.0
2014-10-28,1225.65,1235.45,1222.35,1228.3,23477.0,0,0.0
2014-10-29,1227.95,1230.45,1208.2,1211.7,24673.0,0,0.0
2014-10-30,1211.6,1216.5,1195.85,1198.25,36552.0,0,0.0
2014-10-31,1199.5,1202.6,1161.15,1172.4,51350.0,0,0.0
2014-11-03,1172.6,1173.7,1161.6,1165.3,26997.0,0,0.0
2014-11-04,1164.9,1174.55,1163.8,1168.15,26281.0,0,0.0
2014-11-05,1167.5,1169.55,1137.7,1140.0,37830.0,0,0.0
2014-11-06,1140.85,1149.45,1138.0,1141.45,32370.0,0,0.0
2014-11-07,1141.3,1177.15,1132.0,1175.3,44657.0,0,0.0
2014-11-10,1177.8,1177.8,1147.2,1151.15,36411.0,0,0.0
2014-11-11,1151.65,1173.15,1146.05,1163.8,37386.0,0,0.0
2014-11-12,1164.9,1169.85,1157.25,1162.25,35022.0,0,0.0
2014-11-13,1161.65,1167.9,1153.85,1162.15,37196.0,0,0.0
2014-11-14,1162.05,1193.5,1146.8,1190.8,45429.0,0,0.0
2014-11-17,1188.5,1194.1,1181.4,1186.4,44887.0,0,0.0
2014-11-18,1185.35,1204.55,1183.3,1196.65,38043.0,0,0.0
2014-11-19,1196.9,1202.1,1175.0,1182.35,49224.0,0,0.0
2014-11-20,1183.35,1197.05,1176.7,1193.35,45487.0,0,0.0
2014-11-21,1194.0,1207.55,1186.7,1201.2,44213.0,0,0.0
2014-11-24,1200.45,1204.15,1192.7,1196.75,30569.0,0,0.0
2014-11-25,1197.4,1202.75,1190.35,1200.5,33614.0,0,0.0
2014-11-26,1201.35,1201.6,1194.8,1197.65,23203.0,0,0.0
2014-11-27,1194.6,1199.55,1185.7,1190.7,27732.0,0,0.0
2014-11-28,1190.45,1192.1,1165.15,1167.0,36603.0,0,0.0
2014-12-01,1157.9,1220.9,1142.15,1211.35,71913.0,0,0.0
2014-12-02,1211.25,1212.75,1191.9,1197.8,45601.0,0,0.0
2014-12-03,1197.65,1214.9,1194.45,1209.2,35416.0,0,0.0
2014-12-04,1209.05,1213.25,1201.2,1205.05,35420.0,0,0.0
2014-12-05,1205.4,1207.45,1186.05,1191.15,35528.0,0,0.0
2014-12-08,1190.6,1208.75,1187.0,1203.0,33809.0,0,0.0
2014-12-09,1203.25,1238.15,1199.25,1230.7,53394.0,0,0.0
2014-12-10,1230.15,1238.15,1224.5,1226.0,53239.0,0,0.0
2014-12-11,1225.2,1232.65,1215.8,1227.15,52486.0,0,0.0
2014-12-12,1226.9,1227.95,1214.3,1222.05,47590.0,0,0.0
2014-12-15,1221.9,1224.05,1190.55,1192.9,49221.0,0,0.0
2014-12-16,1194.4,1223.4,1187.45,1196.65,54331.0,0,0.0
2014-12-17,1195.0,1202.9,1182.9,1189.25,44966.0,0,0.0
2014-12-18,1188.95,1213.7,1188.15,1198.15,39478.0,0,0.0
2014-12-19,1197.65,1201.15,1193.85,1194.8,30847.0,0,0.0
2014-12-22,1195.1,1203.2,1170.5,1176.05,30978.0,0,0.0
2014-12-23,1176.35,1184.7,1172.45,1176.15,27075.0,0,0.0
2014-12-24,1176.55,1180.95,1172.7,1174.2,12803.0,0,0.0
2014-12-26,1186.4,1198.9,1185.25,1195.1,13235.0,0,0.0
2014-12-29,1193.95,1197.3,1178.75,1182.6,27171.0,0,0.0
2014-12-30,1182.7,1210.35,1180.6,1200.2,37127.0,0,0.0
2014-12-31,1199.5,1203.65,1182.6,1188.25,18743.0,0,0.0
2015-01-02,1186.85,1194.75,1167.35,1187.4,29717.0,0,0.0
2015-01-05,1188.2,1207.3,1177.95,1203.95,38061.0,0,0.0
2015-01-06,1203.65,1222.9,1201.55,1217.7,41850.0,0,0.0
2015-01-07,1218.45,1218.55,1208.9,1210.35,35784.0,0,0.0
2015-01-08,1210.65,1216.35,1204.45,1208.5,29719.0,0,0.0
2015-01-09,1208.5,1221.25,1207.05,1220.3,34282.0,0,0.0
2015-01-12,1222.8,1235.75,1217.4,1232.9,34203.0,0,0.0
2015-01-13,1232.65,1244.0,1227.1,1230.2,43289.0,0,0.0
2015-01-14,1230.65,1244.2,1225.0,1228.25,53241.0,0,0.0
2015-01-15,1229.3,1266.6,1225.9,1262.2,57700.0,0,0.0
2015-01-16,1262.85,1281.95,1254.9,1275.35,46027.0,0,0.0
2015-01-19,1280.3,1281.95,1272.0,1276.6,31730.0,0,0.0
2015-01-20,1275.75,1296.95,1273.85,1294.85,54138.0,0,0.0
2015-01-21,1294.35,1308.65,1284.2,1292.95,59449.0,0,0.0
2015-01-22,1293.05,1306.8,1279.35,1301.75,56547.0,0,0.0
2015-01-23,1301.25,1302.6,1284.4,1293.55,49475.0,0,0.0
2015-01-26,1292.35,1299.0,1275.75,1281.0,47996.0,0,0.0
2015-01-27,1281.1,1297.4,1272.15,1292.05,44405.0,0,0.0
2015-01-28,1292.3,1293.6,1279.55,1284.05,41193.0,0,0.0
2015-01-29,1283.0,1285.7,1251.8,1256.75,58988.0,0,0.0
2015-01-30,1258.4,1284.55,1256.65,1284.25,53533.0,0,0.0
2015-02-02,1282.25,1283.15,1266.3,1274.0,44198.0,0,0.0
2015-02-03,1276.1,1285.55,1255.3,1260.0,50496.0,0,0.0
2015-02-04,1260.8,1272.1,1256.5,1268.7,47230.0,0,0.0
2015-02-05,1269.85,1273.85,1256.05,1264.55,43136.0,0,0.0
2015-02-06,1265.8,1268.7,1228.15,1235.55,38468.0,0,0.0
2015-02-09,1236.3,1243.5,1234.3,1238.75,21684.0,0,0.0
2015-02-10,1237.95,1245.75,1230.8,1232.7,25025.0,0,0.0
2015-02-11,1233.95,1238.7,1216.55,1218.75,25086.0,0,0.0
2015-02-12,1218.5,1232.8,1218.05,1221.4,27826.0,0,0.0
2015-02-13,1222.8,1234.85,1222.65,1228.5,23247.0,0,0.0
2015-02-16,1229.5,1236.6,1226.65,1230.65,14681.0,0,0.0
2015-02-17,1230.35,1233.9,1203.65,1208.6,54746.0,0,0.0
2015-02-18,1209.15,1213.35,1197.45,1212.0,49087.0,0,0.0
2015-02-19,1212.3,1222.85,1205.3,1205.75,53528.0,0,0.0
2015-02-20,1207.25,1215.25,1198.15,1200.8,54884.0,0,0.0
2015-02-23,1202.7,1210.2,1190.7,1201.5,44349.0,0,0.0
2015-02-24,1201.25,1204.5,1190.3,1199.7,55138.0,0,0.0
2015-02-25,1200.9,1211.7,1200.8,1204.65,77018.0,0,0.0
2015-02-26,1204.4,1219.85,1203.55,1209.15,51911.0,0,0.0
2015-02-27,1208.4,1219.2,1204.3,1210.9,48577.0,0,0.0
2015-03-02,1212.85,1223.15,1204.5,1206.5,55905.0,0,0.0
2015-03-03,1206.1,1214.6,1195.35,1203.4,57201.0,0,0.0
2015-03-04,1203.7,1209.0,1198.15,1199.45,50064.0,0,0.0
2015-03-05,1200.55,1209.3,1196.35,1198.05,45196.0,0,0.0
2015-03-06,1197.8,1200.55,1163.65,1165.6,36803.0,0,0.0
2015-03-08,1169.9,1169.95,1167.3,1169.2,560.0,0,0.0
2015-03-09,1169.1,1175.2,1165.75,1167.4,18567.0,0,0.0
2015-03-10,1167.35,1170.4,1155.05,1162.35,29788.0,0,0.0
2015-03-11,1162.4,1165.05,1147.35,1154.9,25443.0,0,0.0
2015-03-12,1154.85,1166.5,1148.5,1153.35,26772.0,0,0.0
2015-03-13,1153.65,1161.6,1151.25,1158.05,20988.0,0,0.0
2015-03-15,1158.3,1158.5,1155.6,1156.0,408.0,0,0.0
2015-03-16,1155.9,1163.95,1150.25,1154.6,18947.0,0,0.0
2015-03-17,1154.45,1159.7,1142.65,1149.3,24712.0,0,0.0
2015-03-18,1149.15,1175.5,1145.8,1167.35,33090.0,0,0.0
2015-03-19,1168.0,1177.65,1159.45,1170.8,33311.0,0,0.0
2015-03-20,1171.2,1187.8,1168.6,1182.2,26735.0,0,0.0
2015-03-22,1183.4,1186.9,1183.35,1186.05,718.0,0,0.0
2015-03-23,1185.85,1191.45,1179.2,1189.65,26098.0,0,0.0
2015-03-24,1189.6,1194.9,1185.25,1192.35,24827.0,0,0.0
2015-03-25,1192.35,1199.6,1186.5,1194.75,23519.0,0,0.0
2015-03-26,1194.7,1219.75,1194.35,1204.35,30276.0,0,0.0
2015-03-27,1204.35,1206.1,1192.45,1198.35,22838.0,0,0.0
2015-03-30,1198.55,1199.3,1182.25,1185.65,19997.0,0,0.0
2015-03-31,1185.7,1190.6,1178.35,1183.15,22861.0,0,0.0
2015-04-01,1183.45,1208.45,1180.75,1203.65,24392.0,0,0.0
2015-04-02,1203.95,1207.25,1194.85,1202.3,21193.0,0,0.0
2015-04-06,1212.7,1224.1,1212.45,1214.3,22365.0,0,0.0
2015-04-07,1214.45,1215.65,1207.4,1208.8,17802.0,0,0.0
2015-04-08,1208.7,1212.25,1197.35,1202.2,26180.0,0,0.0
2015-04-09,1202.7,1203.25,1192.5,1194.3,20701.0,0,0.0
2015-04-10,1194.6,1210.6,1193.1,1208.4,20241.0,0,0.0
2015-04-12,1207.35,1207.35,1207.35,1207.35,1.0,0,0.0
2015-04-13,1206.5,1209.35,1196.25,1198.45,20588.0,0,0.0
2015-04-14,1198.55,1201.35,1183.85,1192.35,29087.0,0,0.0
2015-04-15,1192.3,1204.55,1188.85,1202.0,24885.0,0,0.0
2015-04-16,1202.1,1209.0,1194.6,1198.1,29070.0,0,0.0
2015-04-17,1198.8,1207.65,1197.3,1204.35,23132.0,0,0.0
2015-04-20,1204.55,1209.05,1191.25,1195.45,23954.0,0,0.0
2015-04-21,1195.95,1204.2,1193.0,1202.05,16481.0,0,0.0
2015-04-22,1202.6,1204.8,1185.6,1186.2,23262.0,0,0.0
2015-04-23,1187.4,1197.9,1184.2,1193.3,21703.0,0,0.0
2015-04-24,1193.35,1195.85,1175.05,1178.35,22986.0,0,0.0
2015-04-27,1179.75,1207.1,1178.45,1201.6,23426.0,0,0.0
2015-04-28,1202.3,1214.9,1199.05,1211.4,24073.0,0,0.0
2015-04-29,1211.55,1213.9,1201.25,1204.2,27914.0,0,0.0
2015-04-30,1204.95,1207.1,1176.95,1184.1,31883.0,0,0.0
2015-05-01,1184.35,1185.05,1170.1,1177.95,19903.0,0,0.0
2015-05-04,1177.05,1192.7,1177.05,1187.9,18681.0,0,0.0
2015-05-05,1187.95,1199.8,1185.6,1192.95,19177.0,0,0.0
2015-05-06,1192.7,1197.55,1188.2,1191.9,23683.0,0,0.0
2015-05-07,1191.65,1192.65,1179.0,1184.15,17010.0,0,0.0
2015-05-08,1184.3,1193.45,1181.55,1188.4,26909.0,0,0.0
2015-05-11,1189.35,1191.65,1178.8,1183.6,15527.0,0,0.0
2015-05-12,1183.5,1197.05,1180.6,1193.7,21177.0,0,0.0
2015-05-13,1192.65,1218.75,1191.15,1215.1,27680.0,0,0.0
2015-05-14,1215.05,1227.1,1212.2,1220.9,26861.0,0,0.0
2015-05-15,1220.9,1226.05,1210.9,1224.95,22912.0,0,0.0
2015-05-18,1223.7,1232.25,1221.45,1225.1,18174.0,0,0.0
2015-05-19,1225.3,1225.45,1205.65,1206.9,25160.0,0,0.0
2015-05-20,1207.9,1213.35,1203.15,1209.35,24404.0,0,0.0
2015-05-21,1209.5,1212.65,1201.35,1206.0,18833.0,0,0.0
2015-05-22,1206.2,1214.8,1201.4,1205.2,18816.0,0,0.0
2015-05-25,1204.8,1208.55,1202.7,1206.7,8427.0,0,0.0
2015-05-26,1206.65,1207.4,1185.45,1186.9,23660.0,0,0.0
2015-05-27,1187.15,1190.8,1183.55,1187.55,19112.0,0,0.0
2015-05-28,1187.7,1192.05,1180.2,1187.95,20897.0,0,0.0
2015-05-29,1187.75,1193.8,1185.6,1189.65,19091.0,0,0.0
2015-06-01,1188.7,1204.15,1184.4,1188.8,24470.0,0,0.0
2015-06-02,1189.1,1196.2,1185.85,1192.7,23682.0,0,0.0
2015-06-03,1193.1,1195.25,1179.4,1184.8,23740.0,0,0.0
2015-06-04,1184.75,1186.3,1172.75,1176.5,27795.0,0,0.0
2015-06-05,1176.9,1178.4,1162.6,1170.7,24056.0,0,0.0
2015-06-08,1171.0,1177.5,1168.95,1173.8,23667.0,0,0.0
2015-06-09,1173.85,1182.8,1172.4,1176.5,18733.0,0,0.0
2015-06-10,1176.4,1192.15,1175.05,1185.5,24004.0,0,0.0
2015-06-11,1185.9,1187.85,1175.55,1181.55,20836.0,0,0.0
2015-06-12,1181.4,1184.2,1176.55,1180.85,17901.0,0,0.0
2015-06-15,1180.8,1190.25,1172.65,1185.3,20897.0,0,0.0
2015-06-16,1185.45,1187.75,1175.95,1181.1,15806.0,0,0.0
2015-06-17,1181.5,1189.05,1174.5,1185.25,20826.0,0,0.0
2015-06-18,1184.9,1205.65,1183.5,1201.65,23479.0,0,0.0
2015-06-19,1201.5,1204.05,1198.25,1200.65,14100.0,0,0.0
2015-06-22,1199.85,1200.9,1182.0,1185.45,15428.0,0,0.0
2015-06-23,1185.4,1187.95,1176.1,1178.25,17268.0,0,0.0
2015-06-24,1177.85,1180.15,1169.7,1175.05,17020.0,0,0.0
2015-06-25,1175.05,1178.05,1171.4,1172.85,13807.0,0,0.0
2015-06-26,1173.1,1178.55,1168.35,1174.0,14669.0,0,0.0
2015-06-29,1184.1,1188.0,1173.7,1179.45,26141.0,0,0.0
2015-06-30,1180.0,1180.35,1166.65,1171.95,24218.0,0,0.0
2015-07-01,1172.3,1175.95,1167.45,1168.5,19406.0,0,0.0
2015-07-02,1168.4,1169.4,1156.95,1165.75,19198.0,0,0.0
2015-07-03,1165.75,1170.1,1164.6,1168.45,9157.0,0,0.0
2015-07-06,1171.4,1174.7,1162.75,1169.9,21038.0,0,0.0
2015-07-07,1169.8,1170.3,1147.85,1154.95,27514.0,0,0.0
2015-07-08,1154.85,1164.55,1147.1,1157.65,29924.0,0,0.0
2015-07-09,1158.0,1167.65,1155.85,1158.75,24851.0,0,0.0
2015-07-10,1159.55,1165.3,1157.25,1162.8,20405.0,0,0.0
2015-07-12,1163.35,1163.35,1163.35,1163.35,1.0,0,0.0
2015-07-13,1163.05,1164.7,1150.95,1157.45,20948.0,0,0.0
2015-07-14,1157.55,1159.7,1152.8,1155.6,16751.0,0,0.0
2015-07-15,1154.9,1156.7,1143.05,1149.1,19153.0,0,0.0
2015-07-16,1147.2,1149.3,1142.2,1145.05,17971.0,0,0.0
2015-07-17,1145.15,1145.65,1130.95,1133.7,17331.0,0,0.0
2015-07-20,1132.8,1133.35,1071.7,1098.6,43740.0,0,0.0
2015-07-21,1098.65,1109.75,1096.85,1100.75,24583.0,0,0.0
2015-07-22,1100.85,1103.25,1086.9,1093.35,26867.0,0,0.0
2015-07-23,1094.45,1105.6,1087.15,1089.65,24137.0,0,0.0
2015-07-24,1090.55,1101.45,1073.6,1098.55,33078.0,0,0.0
2015-07-27,1098.85,1104.9,1088.3,1093.65,27041.0,0,0.0
2015-07-28,1094.75,1098.85,1091.45,1094.9,18961.0,0,0.0
2015-07-29,1094.7,1101.7,1090.25,1096.45,24083.0,0,0.0
2015-07-30,1096.75,1098.5,1082.4,1088.15,24087.0,0,0.0
2015-07-31,1088.2,1103.4,1079.9,1095.0,26296.0,0,0.0
2015-08-03,1095.65,1097.6,1085.75,1086.4,20129.0,0,0.0
2015-08-04,1083.3,1094.8,1080.85,1087.4,20778.0,0,0.0
2015-08-05,1087.45,1092.45,1082.9,1084.7,20276.0,0,0.0
2015-08-06,1084.3,1093.9,1083.35,1089.25,16673.0,0,0.0
2015-08-07,1089.2,1099.4,1082.45,1092.05,26734.0,0,0.0
2015-08-09,1093.8,1093.8,1093.8,1093.8,1.0,0,0.0
2015-08-10,1094.4,1108.8,1089.5,1104.05,21343.0,0,0.0
2015-08-11,1104.1,1119.3,1093.7,1108.55,30750.0,0,0.0
2015-08-12,1108.35,1125.75,1101.7,1123.4,33574.0,0,0.0
2015-08-13,1125.4,1126.55,1113.55,1114.9,22404.0,0,0.0
2015-08-14,1114.95,1120.95,1111.65,1115.05,19774.0,0,0.0
2015-08-16,1114.75,1114.75,1114.75,1114.75,1.0,0,0.0
2015-08-17,1113.2,1122.7,1112.95,1117.25,16951.0,0,0.0
2015-08-18,1117.55,1121.05,1109.45,1117.35,19428.0,0,0.0
2015-08-19,1117.25,1134.5,1116.1,1133.55,23530.0,0,0.0
2015-08-20,1133.4,1153.9,1132.55,1151.8,26734.0,0,0.0
2015-08-21,1153.15,1168.15,1148.8,1159.65,34526.0,0,0.0
2015-08-24,1159.35,1169.95,1145.75,1154.65,64843.0,0,0.0
2015-08-25,1155.1,1156.5,1134.5,1140.1,47669.0,0,0.0
2015-08-26,1140.2,1146.3,1117.6,1124.4,47260.0,0,0.0
2015-08-27,1125.2,1129.2,1118.1,1123.95,32080.0,0,0.0
2015-08-28,1125.2,1140.75,1123.65,1134.3,31950.0,0,0.0
2015-08-31,1132.9,1136.55,1125.5,1134.5,21364.0,0,0.0
2015-09-01,1134.2,1147.8,1134.15,1139.25,30492.0,0,0.0
2015-09-02,1139.65,1142.3,1131.95,1133.55,24425.0,0,0.0
2015-09-03,1133.5,1134.2,1121.75,1125.05,23903.0,0,0.0
2015-09-04,1124.8,1132.65,1116.55,1121.95,23943.0,0,0.0
2015-09-07,1123.25,1124.7,1115.9,1119.0,10847.0,0,0.0
2015-09-08,1118.45,1126.65,1118.1,1121.15,19370.0,0,0.0
2015-09-09,1121.25,1125.2,1101.15,1107.3,22365.0,0,0.0
2015-09-10,1106.35,1114.85,1103.7,1110.4,23067.0,0,0.0
2015-09-11,1110.6,1112.7,1098.6,1107.9,20488.0,0,0.0
2015-09-14,1107.4,1110.4,1103.4,1108.65,15882.0,0,0.0
2015-09-15,1107.8,1109.25,1102.35,1104.75,15297.0,0,0.0
2015-09-16,1105.0,1124.1,1103.8,1119.0,20070.0,0,0.0
2015-09-17,1119.1,1135.15,1115.25,1130.85,28744.0,0,0.0
2015-09-18,1130.1,1141.6,1127.4,1139.5,25331.0,0,0.0
2015-09-21,1138.9,1139.8,1129.4,1133.0,15211.0,0,0.0
2015-09-22,1132.8,1136.5,1121.2,1124.3,19058.0,0,0.0
2015-09-23,1123.55,1134.15,1121.75,1129.95,16159.0,0,0.0
2015-09-24,1130.0,1156.55,1129.95,1153.55,28051.0,0,0.0
2015-09-25,1151.0,1151.1,1140.6,1146.4,23150.0,0,0.0
2015-09-28,1144.85,1148.1,1127.9,1131.55,26030.0,0,0.0
2015-09-29,1131.75,1134.65,1124.0,1127.15,23050.0,0,0.0
2015-09-30,1127.2,1128.0,1111.55,1114.6,25757.0,0,0.0
2015-10-01,1114.75,1119.05,1110.95,1113.3,15589.0,0,0.0
2015-10-02,1113.1,1141.15,1104.45,1137.15,27074.0,0,0.0
2015-10-05,1137.2,1141.85,1130.0,1135.3,21425.0,0,0.0
2015-10-06,1135.05,1151.1,1134.85,1146.1,18384.0,0,0.0
2015-10-07,1146.35,1153.5,1141.7,1145.2,19548.0,0,0.0
2015-10-08,1145.1,1151.15,1136.45,1138.55,22120.0,0,0.0
2015-10-09,1138.65,1159.55,1138.4,1157.25,22610.0,0,0.0
2015-10-12,1154.65,1168.85,1154.35,1163.4,18655.0,0,0.0
2015-10-13,1163.1,1168.7,1151.6,1168.25,28167.0,0,0.0
2015-10-14,1168.25,1189.7,1163.15,1183.7,38621.0,0,0.0
2015-10-15,1183.9,1191.4,1174.0,1182.7,29913.0,0,0.0
2015-10-16,1182.1,1184.35,1174.15,1175.05,22684.0,0,0.0
2015-10-19,1176.55,1178.1,1168.45,1170.6,22411.0,0,0.0
2015-10-20,1170.75,1180.7,1167.2,1175.7,21541.0,0,0.0
2015-10-21,1175.3,1179.05,1163.55,1166.75,20826.0,0,0.0
2015-10-22,1166.8,1171.65,1162.3,1165.75,22649.0,0,0.0
2015-10-23,1165.6,1179.25,1158.85,1164.4,27626.0,0,0.0
2015-10-25,1164.05,1164.05,1164.05,1164.05,1.0,0,0.0
2015-10-26,1163.0,1169.55,1162.15,1163.55,17390.0,0,0.0
2015-10-27,1163.5,1168.6,1160.6,1167.1,17553.0,0,0.0
2015-10-28,1167.15,1182.8,1152.1,1157.15,30308.0,0,0.0
2015-10-29,1157.1,1162.55,1144.55,1146.4,26443.0,0,0.0
2015-10-30,1146.4,1149.95,1139.2,1141.35,20228.0,0,0.0
2015-11-02,1141.65,1142.9,1132.45,1133.35,16718.0,0,0.0
2015-11-03,1133.2,1138.2,1114.25,1117.4,18874.0,0,0.0
2015-11-04,1117.5,1122.65,1106.25,1107.35,37818.0,0,0.0
2015-11-05,1107.2,1111.4,1102.9,1103.65,37931.0,0,0.0
2015-11-06,1104.05,1110.35,1085.35,1087.85,29546.0,0,0.0
2015-11-09,1089.3,1095.65,1088.3,1092.15,34765.0,0,0.0
2015-11-10,1091.65,1095.2,1085.15,1089.3,21906.0,0,0.0
2015-11-11,1089.3,1093.95,1084.1,1086.1,31637.0,0,0.0
2015-11-12,1085.95,1089.55,1074.0,1084.8,33765.0,0,0.0
2015-11-13,1083.85,1088.55,1079.5,1081.8,21493.0,0,0.0
2015-11-16,1089.0,1098.0,1081.25,1082.6,22471.0,0,0.0
2015-11-17,1083.3,1085.1,1065.35,1069.5,25531.0,0,0.0
2015-11-18,1070.95,1075.4,1063.65,1070.4,24738.0,0,0.0
2015-11-19,1069.85,1087.3,1069.4,1081.85,23643.0,0,0.0
2015-11-20,1080.8,1087.95,1075.75,1076.95,19841.0,0,0.0
2015-11-23,1076.7,1077.0,1066.25,1068.9,21644.0,0,0.0
2015-11-24,1068.8,1081.0,1068.75,1074.55,21309.0,0,0.0
2015-11-25,1074.95,1080.6,1067.7,1070.85,18736.0,0,0.0
2015-11-26,1070.85,1074.7,1069.55,1071.4,9526.0,0,0.0
2015-11-27,1071.35,1073.65,1052.6,1056.75,18009.0,0,0.0
2015-11-30,1057.05,1069.65,1053.05,1064.45,50601.0,0,0.0
2015-12-01,1065.05,1074.55,1063.2,1068.95,65254.0,0,0.0
2015-12-02,1068.15,1071.4,1050.5,1053.45,57726.0,0,0.0
2015-12-03,1053.75,1065.3,1046.3,1061.1,65492.0,0,0.0
2015-12-04,1062.9,1088.7,1058.05,1085.85,35903.0,0,0.0
2015-12-07,1085.75,1086.4,1066.25,1071.15,27635.0,0,0.0
2015-12-08,1070.3,1079.0,1067.5,1074.6,32152.0,0,0.0
2015-12-09,1074.6,1085.3,1069.15,1072.55,35821.0,0,0.0
2015-12-10,1071.75,1076.4,1069.25,1071.25,27348.0,0,0.0
2015-12-11,1071.2,1079.35,1062.25,1073.4,37287.0,0,0.0
2015-12-14,1073.05,1077.4,1058.65,1059.45,31907.0,0,0.0
2015-12-15,1059.3,1068.6,1058.6,1060.7,29140.0,0,0.0
2015-12-16,1060.6,1078.25,1060.55,1071.9,33524.0,0,0.0
2015-12-17,1072.55,1073.0,1047.6,1050.9,32829.0,0,0.0
2015-12-18,1052.05,1071.45,1050.65,1064.2,27221.0,0,0.0
2015-12-21,1065.45,1081.55,1063.7,1077.95,29979.0,0,0.0
2015-12-22,1078.0,1080.6,1071.7,1071.9,22967.0,0,0.0
2015-12-23,1072.35,1075.4,1068.15,1069.5,17999.0,0,0.0
2015-12-24,1069.7,1076.75,1069.65,1076.6,12767.0,0,0.0
2015-12-28,1075.5,1076.7,1066.4,1068.85,24286.0,0,0.0
2015-12-29,1068.45,1075.15,1067.35,1068.7,20074.0,0,0.0
2015-12-30,1068.7,1072.1,1059.3,1061.15,21304.0,0,0.0
2015-12-31,1060.85,1063.45,1058.1,1059.4,44550.0,0,0.0
2016-01-04,1062.6,1083.35,1061.65,1074.45,32564.0,0,0.0
2016-01-05,1072.65,1081.85,1072.5,1077.2,23837.0,0,0.0
2016-01-06,1077.15,1095.1,1074.8,1093.25,37750.0,0,0.0
2016-01-07,1093.2,1109.95,1091.2,1109.1,44208.0,0,0.0
2016-01-08,1108.65,1113.0,1092.05,1103.95,61125.0,0,0.0
2016-01-11,1104.15,1108.4,1093.5,1094.05,90796.0,0,0.0
2016-01-12,1094.2,1099.1,1083.3,1087.2,31788.0,0,0.0
2016-01-13,1086.75,1095.4,1079.6,1093.05,31095.0,0,0.0
2016-01-14,1093.1,1095.15,1071.25,1077.3,32492.0,0,0.0
2016-01-15,1078.8,1097.3,1076.1,1088.65,43519.0,0,0.0
2016-01-18,1089.35,1093.15,1087.35,1089.1,13927.0,0,0.0
2016-01-19,1088.95,1094.45,1082.35,1087.2,29781.0,0,0.0
2016-01-20,1087.0,1109.5,1087.0,1100.85,60471.0,0,0.0
2016-01-21,1100.5,1104.4,1092.3,1101.1,44049.0,0,0.0
2016-01-22,1100.75,1102.8,1093.95,1097.7,28519.0,0,0.0
2016-01-25,1097.15,1108.75,1097.1,1107.55,22906.0,0,0.0
2016-01-26,1107.85,1122.8,1107.05,1119.9,28860.0,0,0.0
2016-01-27,1119.5,1127.95,1114.8,1124.65,27399.0,0,0.0
2016-01-28,1124.9,1125.7,1110.6,1114.4,33596.0,0,0.0
2016-01-29,1114.1,1118.45,1108.3,1118.05,66065.0,0,0.0
2016-02-01,1117.5,1129.7,1115.4,1128.45,68303.0,0,0.0
2016-02-02,1128.05,1131.0,1122.2,1128.6,67409.0,0,0.0
2016-02-03,1128.9,1145.4,1124.25,1142.4,106772.0,0,0.0
2016-02-04,1141.7,1157.2,1139.35,1155.4,50357.0,0,0.0
2016-02-05,1154.85,1174.4,1144.7,1173.15,55418.0,0,0.0
2016-02-08,1168.9,1200.75,1164.05,1189.75,55833.0,0,0.0
2016-02-09,1188.55,1198.8,1185.55,1188.7,58955.0,0,0.0
2016-02-10,1189.0,1197.6,1181.4,1197.45,68156.0,0,0.0
2016-02-11,1196.95,1263.35,1195.5,1248.75,147717.0,0,0.0
2016-02-12,1246.2,1248.0,1232.3,1238.15,78190.0,0,0.0
2016-02-15,1233.85,1234.7,1201.9,1209.35,45519.0,0,0.0
2016-02-16,1208.6,1216.8,1190.75,1199.55,72930.0,0,0.0
2016-02-17,1200.6,1213.65,1195.55,1208.3,60042.0,0,0.0
2016-02-18,1208.5,1239.7,1200.55,1230.65,58227.0,0,0.0
2016-02-19,1230.3,1234.4,1219.8,1227.2,66065.0,0,0.0
2016-02-22,1225.1,1226.05,1201.85,1208.5,56862.0,0,0.0
2016-02-23,1208.2,1228.15,1207.1,1226.45,65641.0,0,0.0
2016-02-24,1224.55,1253.15,1221.7,1229.1,86264.0,0,0.0
2016-02-25,1227.4,1243.05,1221.05,1233.25,85291.0,0,0.0
2016-02-26,1231.5,1240.2,1211.25,1223.4,73419.0,0,0.0
2016-02-29,1222.35,1240.95,1215.6,1238.35,54281.0,0,0.0
2016-03-01,1238.05,1248.35,1227.1,1231.7,69596.0,0,0.0
2016-03-02,1231.3,1244.0,1224.65,1240.15,61707.0,0,0.0
2016-03-03,1239.7,1268.25,1237.25,1265.55,67382.0,0,0.0
2016-03-04,1263.1,1279.75,1249.9,1258.85,133569.0,0,0.0
2016-03-07,1260.05,1273.1,1256.6,1267.35,65854.0,0,0.0
2016-03-08,1265.0,1277.9,1260.2,1261.5,73079.0,0,0.0
2016-03-09,1261.0,1264.8,1242.8,1252.8,72653.0,0,0.0
2016-03-10,1252.35,1273.2,1236.85,1272.05,107531.0,0,0.0
2016-03-11,1269.9,1284.45,1248.2,1249.3,75427.0,0,0.0
2016-03-13,1250.6,1251.5,1247.75,1250.85,1043.0,0,0.0
2016-03-14,1250.7,1261.05,1229.2,1235.2,50977.0,0,0.0
2016-03-15,1235.4,1238.05,1225.45,1232.55,50109.0,0,0.0
2016-03-16,1232.6,1263.75,1226.6,1259.8,67655.0,0,0.0
2016-03-17,1259.7,1270.8,1254.3,1258.9,66321.0,0,0.0
2016-03-18,1258.75,1266.75,1247.75,1255.2,44845.0,0,0.0
2016-03-20,1254.1,1255.9,1254.1,1255.3,421.0,0,0.0
2016-03-21,1254.85,1255.25,1240.55,1243.65,35951.0,0,0.0
2016-03-22,1243.6,1260.15,1242.3,1247.5,44274.0,0,0.0
2016-03-23,1247.55,1249.25,1215.25,1222.45,58315.0,0,0.0
2016-03-24,1222.9,1223.75,1211.9,1217.1,36434.0,0,0.0
2016-03-28,1215.45,1223.0,1206.75,1221.5,24999.0,0,0.0
2016-03-29,1221.2,1243.05,1215.2,1240.15,53403.0,0,0.0
2016-03-30,1240.75,1244.1,1223.1,1224.55,47402.0,0,0.0
2016-03-31,1225.3,1240.3,1223.45,1232.4,44792.0,0,0.0
2016-04-01,1232.1,1235.3,1208.9,1222.3,58884.0,0,0.0
2016-04-04,1220.45,1222.55,1214.55,1215.5,38592.0,0,0.0
2016-04-05,1215.35,1236.8,1214.65,1230.5,51527.0,0,0.0
2016-04-06,1231.15,1232.1,1216.3,1222.1,49041.0,0,0.0
2016-04-07,1222.7,1243.15,1222.5,1240.65,62993.0,0,0.0
2016-04-08,1239.9,1242.65,1229.45,1240.5,50469.0,0,0.0
2016-04-11,1239.3,1258.65,1239.15,1257.55,57186.0,0,0.0
2016-04-12,1257.65,1262.65,1251.1,1255.45,52782.0,0,0.0
2016-04-13,1254.85,1256.6,1239.6,1243.2,51670.0,0,0.0
2016-04-14,1241.65,1244.1,1223.85,1226.4,63178.0,0,0.0
2016-04-15,1226.4,1235.8,1225.2,1233.85,42231.0,0,0.0
2016-04-18,1234.55,1241.5,1229.9,1232.65,46765.0,0,0.0
2016-04-19,1232.05,1256.5,1227.6,1250.15,48711.0,0,0.0
2016-04-20,1249.8,1257.85,1242.3,1243.6,35889.0,0,0.0
2016-04-21,1242.65,1270.1,1242.55,1248.7,51678.0,0,0.0
2016-04-22,1246.7,1252.4,1227.35,1232.6,35357.0,0,0.0
2016-04-25,1231.75,1242.05,1229.9,1237.45,23764.0,0,0.0
2016-04-26,1238.2,1244.75,1231.2,1243.6,28987.0,0,0.0
2016-04-27,1242.75,1252.6,1239.25,1245.75,42806.0,0,0.0
2016-04-28,1245.3,1269.5,1237.65,1266.3,43543.0,0,0.0
2016-04-29,1265.95,1296.5,1264.95,1293.7,37222.0,0,0.0
2016-05-02,1290.45,1303.6,1287.5,1291.15,36470.0,0,0.0
2016-05-03,1291.1,1301.7,1282.1,1286.3,41595.0,0,0.0
2016-05-04,1285.0,1289.55,1271.7,1279.7,36582.0,0,0.0
2016-05-05,1279.5,1286.3,1268.7,1278.0,34541.0,0,0.0
2016-05-06,1276.95,1295.45,1274.35,1288.9,49809.0,0,0.0
2016-05-09,1284.75,1287.4,1261.15,1263.15,33210.0,0,0.0
2016-05-10,1263.75,1269.8,1256.7,1266.15,33285.0,0,0.0
2016-05-11,1265.45,1278.9,1264.65,1277.15,31062.0,0,0.0
2016-05-12,1277.1,1280.8,1261.5,1263.45,37297.0,0,0.0
2016-05-13,1263.25,1276.2,1262.6,1273.25,39212.0,0,0.0
2016-05-16,1271.3,1288.55,1270.65,1273.55,33566.0,0,0.0
2016-05-17,1273.2,1282.1,1268.85,1279.3,36468.0,0,0.0
2016-05-18,1278.85,1281.45,1254.95,1257.95,48055.0,0,0.0
2016-05-19,1258.05,1261.15,1243.7,1254.2,42966.0,0,0.0
2016-05-20,1254.7,1260.05,1248.65,1251.85,27227.0,0,0.0
2016-05-23,1250.85,1255.95,1243.0,1248.95,31821.0,0,0.0
2016-05-24,1248.8,1252.05,1226.15,1226.8,37934.0,0,0.0
2016-05-25,1227.2,1230.05,1217.65,1224.35,30988.0,0,0.0
2016-05-26,1223.25,1234.25,1218.2,1219.55,35044.0,0,0.0
2016-05-27,1216.6,1223.4,1206.65,1211.55,32721.0,0,0.0
2016-05-30,1212.75,1213.3,1199.65,1205.0,20801.0,0,0.0
2016-05-31,1205.25,1218.05,1205.1,1214.95,32390.0,0,0.0
2016-06-01,1214.8,1220.3,1205.85,1212.55,32539.0,0,0.0
2016-06-02,1213.4,1217.55,1209.7,1210.95,33018.0,0,0.0
2016-06-03,1210.6,1244.45,1206.85,1244.4,41522.0,0,0.0
2016-06-06,1241.85,1248.55,1239.9,1244.9,36345.0,0,0.0
2016-06-07,1244.95,1246.45,1234.65,1244.35,26182.0,0,0.0
2016-06-08,1243.6,1264.25,1242.95,1261.7,27181.0,0,0.0
2016-06-09,1261.8,1271.55,1256.65,1269.35,30861.0,0,0.0
2016-06-10,1268.75,1278.05,1264.4,1273.95,30840.0,0,0.0
2016-06-13,1276.85,1287.05,1272.35,1283.95,32860.0,0,0.0
2016-06-14,1282.75,1289.65,1276.2,1285.8,31054.0,0,0.0
2016-06-15,1284.85,1296.8,1278.3,1291.5,35445.0,0,0.0
2016-06-16,1291.85,1315.45,1278.1,1278.7,58563.0,0,0.0
2016-06-17,1279.3,1299.6,1276.4,1298.6,34965.0,0,0.0
2016-06-20,1289.2,1292.2,1277.9,1289.8,34793.0,0,0.0
2016-06-21,1289.4,1294.2,1264.4,1267.25,35396.0,0,0.0
2016-06-22,1268.35,1270.7,1261.1,1266.2,31522.0,0,0.0
2016-06-23,1263.4,1271.8,1254.45,1256.1,39260.0,0,0.0
2016-06-24,1251.15,1358.2,1250.2,1311.9,70248.0,0,0.0
2016-11-04,1302.95,1305.05,1300.66,1304.27,26052.0,20,13796430.0
2016-11-07,1290.47,1295.1,1278.6,1282.06,171331.0,20,67500423.0
2016-11-08,1282.08,1290.2,1272.6,1276.41,162035.0,20,66848785.0
2016-11-09,1278.55,1336.75,1270.9,1274.84,519532.0,20,137310795.0
2016-11-10,1276.9,1291.86,1252.18,1256.34,309139.0,20,113258961.0
2016-11-11,1259.15,1265.25,1219.85,1226.25,272941.0,20,99274647.0
2016-11-14,1227.8,1230.95,1211.5,1218.39,317299.0,20,93666823.0
2016-11-15,1221.67,1231.25,1218.8,1227.41,234471.0,20,67029404.0
2016-11-16,1228.45,1233.0,1222.25,1224.57,203656.0,20,69743386.0
2016-11-17,1225.3,1230.9,1211.35,1216.5,224949.0,20,86554573.0
2016-11-18,1216.65,1217.75,1202.65,1208.44,210281.0,20,72985359.0
2016-11-21,1207.89,1217.3,1205.6,1212.03,166115.0,20,51720338.0
2016-11-22,1213.23,1220.85,1206.25,1212.13,170649.0,20,59113376.0
2016-11-23,1212.8,1215.2,1181.7,1189.36,196804.0,20,66834990.0
2016-11-24,1188.48,1190.93,1180.23,1184.05,114326.0,20,39886758.0
2016-11-25,1184.59,1192.9,1169.7,1183.71,179276.0,20,45685125.0
2016-11-28,1184.38,1197.0,1182.55,1193.3,233172.0,20,88804512.0
2016-11-29,1193.86,1195.1,1180.95,1188.86,212827.0,20,83182108.0
2016-11-30,1188.46,1194.65,1170.65,1172.45,239332.0,20,100072449.0
2016-12-01,1173.53,1176.75,1160.65,1171.25,228545.0,20,90078699.0
2016-12-02,1171.83,1178.03,1166.83,1175.64,184111.0,20,81369865.0
2016-12-05,1182.86,1187.85,1157.15,1169.0,282618.0,20,110538970.0
2016-12-06,1169.96,1175.2,1166.98,1168.35,171848.0,20,58731948.0
2016-12-07,1169.33,1179.85,1165.9,1173.36,159493.0,20,55602096.0
2016-12-08,1174.09,1178.7,1169.15,1170.49,184577.0,20,68126202.0
2016-12-09,1170.26,1171.7,1155.9,1158.76,158117.0,20,60680347.0
2016-12-12,1159.2,1165.25,1151.65,1161.66,176310.0,20,62892844.0
2016-12-13,1162.71,1164.75,1154.6,1158.73,180498.0,20,65007247.0
2016-12-14,1158.1,1165.15,1139.04,1140.0,219132.0,20,73062667.0
2016-12-15,1142.62,1144.2,1123.1,1127.41,227892.0,20,86992599.0
2016-12-16,1128.85,1140.7,1126.7,1133.8,125405.0,20,42439318.0
2016-12-19,1134.31,1142.39,1134.13,1139.1,138668.0,20,47865216.0
2016-12-20,1137.93,1140.2,1126.35,1131.1,135590.0,20,49816502.0
2016-12-21,1132.65,1137.78,1129.68,1131.15,117962.0,20,44885602.0
2016-12-22,1131.25,1134.1,1127.9,1128.73,110107.0,20,41710889.0
2016-12-23,1128.14,1135.7,1127.85,1131.8,58791.0,20,24132836.0
2016-12-27,1133.43,1150.75,1131.75,1138.95,85048.0,20,28052561.0
2016-12-28,1138.35,1144.3,1137.1,1141.85,100341.0,20,41163211.0
2016-12-29,1141.93,1159.4,1141.85,1156.38,114692.0,20,39039717.0
2016-12-30,1157.55,1162.75,1150.15,1150.74,116231.0,20,42142575.0
2017-01-03,1151.67,1163.98,1145.93,1158.7,200804.0,20,83772442.0
2017-01-04,1158.5,1167.8,1156.1,1163.65,191092.0,20,88322263.0
2017-01-05,1163.75,1184.97,1162.97,1180.85,231375.0,20,95733656.0
2017-01-06,1179.95,1182.75,1170.84,1172.85,186830.0,20,78177457.0
2017-01-09,1172.82,1185.85,1171.8,1182.45,186351.0,20,67486482.0
2017-01-10,1182.07,1190.5,1180.25,1187.09,168475.0,20,88027239.0
2017-01-11,1187.47,1197.33,1177.18,1191.55,240412.0,20,127206259.0
2017-01-12,1191.0,1206.45,1190.95,1196.07,216559.0,20,114719432.0
2017-01-13,1194.35,1200.98,1187.73,1198.25,188836.0,20,104315606.0
2017-01-16,1199.73,1208.35,1198.05,1202.5,114300.0,20,61843909.0
2017-01-17,1202.6,1219.0,1202.49,1215.56,212380.0,20,115650635.0
2017-01-18,1216.97,1217.35,1202.35,1205.4,171151.0,20,94221246.0
2017-01-19,1203.91,1206.41,1196.15,1204.95,233240.0,20,125768866.0
2017-01-20,1204.44,1214.87,1198.64,1208.45,219060.0,20,108585725.0
2017-01-23,1210.13,1219.45,1209.6,1214.95,207361.0,20,105361856.0
2017-01-24,1219.39,1219.56,1206.5,1209.44,147285.0,20,79795314.0
2017-01-25,1209.25,1209.6,1193.65,1199.72,159125.0,20,90626022.0
2017-01-26,1200.65,1202.35,1184.4,1189.35,175287.0,20,95266843.0
2017-01-27,1189.22,1191.55,1180.35,1190.49,183985.0,20,111850342.0
2017-01-30,1192.93,1199.05,1188.4,1195.75,205386.0,20,108453237.0
2017-01-31,1195.25,1215.2,1193.85,1211.75,238360.0,20,130981139.0
2017-02-01,1210.43,1212.75,1198.2,1208.79,238571.0,20,141712599.0
2017-02-02,1209.27,1225.05,1208.35,1215.75,252607.0,20,125109401.0
2017-02-03,1214.64,1221.3,1206.85,1218.85,98065.0,15,35719174.0
2017-02-06,1219.95,1235.5,1219.1,1235.25,34191.0,15,0.0
2017-02-07,1234.7,1235.7,1227.7,1233.25,30246.0,20,0.0
2017-02-08,1233.6,1244.6,1229.95,1240.7,34432.0,15,0.0
2017-02-09,1241.15,1244.4,1230.2,1230.9,32980.0,30,0.0
2017-02-10,1228.1,1237.0,1221.5,1232.85,35244.0,30,0.0
2017-02-13,1232.2,1232.25,1219.2,1226.1,27128.0,25,0.0
2017-02-14,1224.95,1234.45,1221.8,1227.8,33787.0,0,0.0
2017-02-15,1227.3,1233.2,1216.65,1232.65,29411.0,25,0.0
2017-02-16,1233.0,1242.25,1232.0,1239.3,33906.0,25,0.0
2017-02-17,1239.25,1243.75,1234.95,1235.85,24537.0,20,0.0
2017-02-20,1235.1,1238.9,1232.15,1237.65,13834.0,30,0.0
2017-02-21,1237.5,1238.75,1225.9,1235.9,28872.0,15,0.0
2017-02-22,1235.85,1240.8,1230.4,1238.15,63280.0,5,0.0
2017-02-23,1237.45,1251.0,1235.7,1248.7,58504.0,20,0.0
2017-02-24,1249.25,1260.05,1247.7,1257.45,55661.0,25,0.0
2017-02-27,1257.75,1263.8,1250.95,1251.25,40683.0,25,0.0
2017-02-28,1252.3,1258.3,1247.5,1251.15,57028.0,30,0.0
2017-03-01,1247.9,1250.55,1236.85,1249.6,81987.0,15,0.0
2017-03-02,1249.3,1249.95,1230.85,1234.85,64815.0,5,0.0
2017-03-03,1233.9,1236.15,1222.8,1234.8,63197.0,15,0.0
2017-03-06,1233.4,1236.75,1224.85,1226.35,32167.0,30,0.0
2017-03-07,1225.5,1227.1,1214.1,1216.2,37943.0,5,0.0
2017-03-08,1215.45,1218.5,1206.55,1208.6,44958.0,30,0.0
2017-03-09,1207.85,1208.95,1201.4,1201.75,48055.0,15,0.0
2017-03-10,1200.7,1206.25,1194.95,1204.1,54284.0,0,0.0
2017-03-13,1205.55,1211.15,1202.35,1203.8,35995.0,25,0.0
2017-03-14,1203.8,1207.55,1197.25,1198.5,39705.0,25,0.0
2017-03-15,1199.45,1221.9,1197.5,1218.8,55986.0,10,0.0
2017-03-16,1218.8,1233.55,1218.0,1226.0,47652.0,0,0.0
2017-03-17,1226.3,1231.6,1224.4,1229.25,33100.0,30,0.0
2017-03-20,1229.4,1235.45,1229.25,1234.2,25449.0,30,0.0
2017-03-21,1234.35,1247.5,1226.8,1244.65,44914.0,20,0.0
2017-03-22,1244.35,1251.25,1243.9,1248.8,47316.0,25,0.0
2017-03-23,1248.3,1253.1,1242.75,1245.2,51455.0,5,0.0
2017-03-24,1244.85,1251.8,1240.9,1245.15,41729.0,25,0.0
2017-03-27,1247.85,1260.95,1247.3,1254.2,38102.0,20,0.0
2017-03-28,1253.85,1258.35,1247.5,1251.4,37775.0,20,0.0
2017-03-29,1251.15,1254.6,1247.2,1253.25,36149.0,25,0.0
2017-03-30,1253.25,1253.75,1242.3,1243.3,35353.0,5,0.0
2017-03-31,1243.25,1250.55,1239.55,1248.95,39233.0,20,0.0
2017-04-03,1248.15,1253.6,1244.4,1253.1,30742.0,25,0.0
2017-04-04,1254.7,1261.2,1253.85,1256.1,32890.0,25,0.0
2017-04-05,1256.1,1257.3,1243.65,1255.1,45576.0,10,0.0
2017-04-06,1256.05,1258.85,1249.65,1251.7,37100.0,0,0.0
2017-04-07,1251.65,1270.85,1250.5,1254.1,69561.0,5,0.0
2017-04-10,1254.0,1257.05,1247.0,1254.95,34574.0,30,0.0
2017-04-11,1255.2,1275.05,1253.0,1274.05,48386.0,20,0.0
2017-04-12,1273.75,1286.7,1271.8,1286.45,52883.0,25,0.0
2017-04-13,1285.65,1288.5,1281.75,1286.6,46198.0,20,0.0
2017-04-17,1292.3,1295.45,1281.2,1282.8,36723.0,25,0.0
2017-04-18,1284.9,1292.25,1278.7,1290.0,49303.0,30,0.0
2017-04-19,1289.7,1290.65,1273.9,1279.75,42306.0,25,0.0
2017-04-20,1279.7,1283.35,1276.55,1281.1,44049.0,30,0.0
2017-04-21,1281.7,1288.2,1278.45,1284.45,36121.0,25,0.0
2017-04-24,1273.25,1277.35,1265.45,1276.3,41728.0,30,0.0
2017-04-25,1276.7,1278.05,1261.55,1263.6,30024.0,30,0.0
2017-04-26,1264.15,1270.5,1259.95,1270.2,36931.0,30,0.0
2017-04-27,1268.9,1269.55,1261.15,1263.85,31446.0,30,0.0
2017-04-28,1264.1,1268.45,1262.95,1268.15,23005.0,30,0.0
2017-05-01,1268.35,1271.1,1254.1,1256.7,22606.0,25,0.0
2017-05-02,1256.7,1257.7,1251.9,1256.3,22616.0,30,0.0
2017-05-03,1256.5,1256.85,1239.65,1240.1,28803.0,5,0.0
2017-05-04,1238.35,1241.15,1225.65,1228.1,31743.0,25,0.0
2017-05-05,1228.2,1235.5,1226.0,1229.6,37107.0,25,0.0
2017-05-08,1223.2,1236.45,1222.9,1226.7,24447.0,25,0.0
2017-05-09,1226.3,1228.5,1214.2,1219.8,30741.0,30,0.0
2017-05-10,1221.3,1225.55,1217.5,1219.3,27213.0,30,0.0
2017-05-11,1218.85,1227.65,1216.9,1224.5,25537.0,35,0.0
2017-05-12,1225.0,1231.7,1224.35,1228.45,29855.0,35,0.0
2017-05-15,1228.5,1237.3,1226.9,1230.7,23684.0,25,0.0
2017-05-16,1231.35,1239.0,1230.25,1236.7,26614.0,30,0.0
2017-05-17,1237.4,1261.15,1236.45,1260.45,49968.0,20,0.0
2017-05-18,1261.2,1265.0,1245.95,1248.35,61940.0,0,0.0
2017-05-19,1246.8,1256.35,1246.2,1255.15,36896.0,20,0.0
2017-05-22,1256.7,1262.5,1251.7,1261.05,27354.0,30,0.0
2017-05-23,1260.35,1263.7,1250.6,1251.6,37062.0,25,0.0
2017-05-24,1250.75,1258.25,1247.85,1257.4,33433.0,35,0.0
2017-05-25,1258.45,1259.6,1253.75,1255.6,29503.0,30,0.0
2017-05-26,1255.4,1269.4,1253.1,1267.45,29942.0,25,0.0
2017-05-29,1266.35,1269.1,1265.0,1266.75,9489.0,30,0.0
2017-05-30,1267.1,1270.4,1259.3,1262.5,27127.0,30,0.0
2017-05-31,1263.0,1274.05,1259.45,1268.7,28766.0,25,0.0
2017-06-01,1268.8,1270.25,1261.45,1267.75,28220.0,25,0.0
2017-06-02,1265.9,1279.0,1258.95,1278.1,34621.0,25,0.0
2017-06-05,1278.85,1283.35,1277.7,1279.6,22955.0,35,0.0
2017-06-06,1279.85,1296.0,1279.5,1293.35,33289.0,30,0.0
2017-06-07,1294.75,1294.95,1282.6,1286.25,32560.0,20,0.0
2017-06-08,1286.9,1288.85,1271.25,1277.35,38842.0,25,0.0
2017-06-09,1280.5,1280.9,1264.55,1266.65,41019.0,25,0.0
2017-06-12,1267.0,1270.3,1263.5,1265.4,34671.0,25,0.0
2017-06-13,1265.4,1268.85,1259.2,1266.75,28406.0,30,0.0
2017-06-14,1266.4,1281.05,1257.15,1257.6,48595.0,20,0.0
2017-06-15,1260.35,1266.6,1251.35,1254.5,40713.0,25,0.0
2017-06-16,1254.0,1257.05,1251.75,1253.45,27539.0,35,0.0
2017-06-19,1253.95,1255.6,1243.95,1244.45,27264.0,30,0.0
2017-06-20,1243.95,1248.05,1241.25,1243.0,27354.0,30,0.0
2017-06-21,1242.95,1247.75,1240.8,1245.95,30687.0,25,0.0
2017-06-22,1245.7,1254.7,1245.65,1250.05,42159.0,20,0.0
2017-06-23,1250.3,1258.8,1249.75,1256.0,31836.0,20,0.0
2017-06-26,1257.3,1258.05,1236.05,1243.45,42077.0,15,0.0
2017-06-27,1244.25,1253.1,1241.3,1249.35,46265.0,30,0.0
2017-06-28,1246.45,1254.75,1246.45,1249.75,50013.0,30,0.0
2017-06-29,1249.5,1253.1,1239.75,1244.4,54524.0,20,0.0
2017-06-30,1245.25,1248.15,1239.15,1241.35,49032.0,25,0.0
2017-07-03,1241.4,1242.65,1219.25,1221.25,43893.0,25,0.0
2017-07-04,1220.8,1226.45,1220.55,1223.3,25666.0,30,0.0
2017-07-05,1223.75,1228.75,1217.4,1225.25,45664.0,25,0.0
2017-07-06,1226.75,1229.1,1222.45,1224.4,32536.0,30,0.0
2017-07-07,1225.0,1228.3,1207.25,1211.85,36954.0,0,0.0
2017-07-10,1212.75,1215.5,1204.75,1214.05,35656.0,15,0.0
2017-07-11,1214.85,1217.35,1208.15,1216.5,27902.0,25,0.0
2017-07-12,1216.7,1225.65,1213.45,1220.5,32819.0,25,0.0
2017-07-13,1219.45,1224.35,1216.45,1217.8,25126.0,35,0.0
2017-07-14,1217.2,1232.8,1214.7,1228.4,28051.0,30,0.0
2017-07-17,1228.5,1235.95,1228.2,1234.05,22030.0,35,0.0
2017-07-18,1233.85,1244.45,1232.75,1241.9,32530.0,25,0.0
2017-07-19,1242.7,1243.95,1235.85,1241.5,27884.0,30,0.0
2017-07-20,1241.25,1247.45,1235.25,1243.45,35511.0,25,0.0
2017-07-21,1244.45,1255.65,1243.3,1254.65,32320.0,35,0.0
2017-07-24,1254.95,1258.75,1251.9,1255.05,29258.0,30,0.0
2017-07-25,1255.05,1257.65,1249.05,1250.35,31913.0,30,0.0
2017-07-26,1250.1,1263.45,1243.7,1261.45,39420.0,25,0.0
2017-07-27,1260.35,1265.2,1254.45,1259.85,44082.0,35,0.0
2017-07-28,1259.2,1270.75,1257.35,1269.55,48152.0,35,0.0
2017-07-31,1269.5,1271.0,1265.7,1270.05,34133.0,30,0.0
2017-08-01,1269.3,1274.0,1262.5,1269.85,37168.0,20,0.0
2017-08-02,1268.8,1272.75,1262.8,1265.9,34831.0,25,0.0
2017-08-03,1266.25,1270.75,1256.9,1268.65,37489.0,25,0.0
2017-08-04,1268.55,1270.05,1254.15,1258.5,36855.0,35,0.0
2017-08-07,1258.7,1259.85,1255.7,1257.2,26566.0,25,0.0
2017-08-08,1257.25,1265.15,1251.45,1259.4,32772.0,35,0.0
2017-08-09,1261.1,1278.65,1260.7,1275.45,45332.0,35,0.0
2017-08-10,1277.25,1287.75,1274.55,1285.4,45619.0,20,0.0
2017-08-11,1286.75,1292.2,1281.2,1290.45,53777.0,20,0.0
2017-08-14,1289.4,1289.8,1278.55,1281.2,50582.0,30,0.0
2017-08-15,1281.8,1281.9,1267.2,1271.95,48052.0,35,0.0
2017-08-16,1271.4,1283.75,1267.7,1282.3,41495.0,35,0.0
2017-08-17,1283.45,1290.05,1281.75,1288.15,56325.0,10,0.0
2017-08-18,1288.3,1300.7,1283.45,1286.55,60919.0,25,0.0
2017-08-21,1283.95,1293.7,1280.5,1291.35,41190.0,25,0.0
2017-08-22,1291.4,1292.45,1281.95,1285.05,37627.0,30,0.0
2017-08-23,1284.75,1291.3,1282.7,1290.25,36438.0,35,0.0
2017-08-24,1290.25,1291.1,1284.45,1285.9,36734.0,35,0.0
2017-08-25,1286.25,1294.35,1276.1,1291.05,44673.0,35,0.0
2017-08-28,1290.7,1312.0,1290.7,1311.2,37243.0,10,0.0
2017-08-29,1314.85,1325.95,1304.95,1308.4,66575.0,30,0.0
2017-08-30,1309.3,1313.6,1304.9,1308.35,46342.0,25,0.0
2017-08-31,1308.85,1323.15,1299.0,1322.75,52123.0,20,0.0
2017-09-01,1321.9,1328.75,1316.35,1325.4,49514.0,15,0.0
2017-09-04,1334.6,1339.7,1331.7,1334.25,32960.0,35,0.0
2017-09-05,1333.95,1344.3,1326.2,1340.8,58900.0,25,0.0
2017-09-06,1339.6,1342.35,1331.55,1333.85,52314.0,25,0.0
2017-09-07,1334.05,1349.45,1332.5,1348.75,54578.0,30,0.0
2017-09-08,1348.75,1357.45,1342.7,1347.05,59051.0,25,0.0
2017-09-11,1335.8,1340.0,1326.35,1326.7,45815.0,30,0.0
2017-09-12,1327.85,1331.85,1322.55,1331.35,41462.0,30,0.0
2017-09-13,1333.45,1334.65,1320.8,1321.45,49041.0,0,0.0
2017-09-14,1323.65,1330.35,1315.65,1327.3,68358.0,0,0.0
2017-09-15,1329.05,1334.25,1319.7,1320.3,55597.0,20,0.0
2017-09-18,1320.4,1320.4,1304.6,1308.4,40415.0,20,0.0
2017-09-19,1307.55,1311.6,1305.1,1311.4,44211.0,30,0.0
2017-09-20,1311.05,1316.0,1295.9,1301.1,50794.0,5,0.0
2017-09-21,1301.05,1301.65,1288.0,1290.85,52604.0,25,0.0
2017-09-22,1291.4,1298.65,1291.15,1296.75,46789.0,25,0.0
2017-09-25,1297.0,1311.4,1289.2,1310.95,57506.0,10,0.0
2017-09-26,1310.25,1313.55,1293.45,1295.5,55230.0,25,0.0
2017-09-27,1293.85,1296.15,1282.45,1283.35,56834.0,20,0.0
2017-09-28,1282.7,1288.7,1277.65,1286.4,52251.0,30,0.0
2017-09-29,1286.85,1290.25,1280.4,1280.6,48722.0,30,0.0
2017-10-02,1279.7,1280.05,1271.1,1271.35,43527.0,25,0.0
2017-10-03,1270.4,1274.6,1268.2,1271.6,35887.0,30,0.0
2017-10-04,1271.45,1282.1,1270.5,1275.6,41252.0,30,0.0
2017-10-05,1274.85,1278.9,1267.35,1268.2,36734.0,30,0.0
2017-10-06,1268.55,1275.6,1260.5,1274.5,48901.0,20,0.0
2017-10-09,1276.05,1285.4,1275.2,1283.9,36253.0,25,0.0
2017-10-10,1284.05,1294.15,1282.0,1287.95,49967.0,30,0.0
2017-10-11,1287.8,1293.45,1284.5,1291.35,51613.0,30,0.0
2017-10-12,1292.05,1297.4,1289.6,1293.3,45228.0,30,0.0
2017-10-13,1293.5,1303.7,1290.85,1303.4,51418.0,30,0.0
2017-10-16,1303.35,1305.95,1290.3,1294.6,44754.0,30,0.0
2017-10-17,1295.15,1296.15,1281.35,1285.15,46321.0,30,0.0
2017-10-18,1285.0,1288.8,1276.9,1280.8,42131.0,30,0.0
2017-10-19,1280.8,1290.6,1276.5,1289.35,56038.0,25,0.0
2017-10-20,1289.35,1291.0,1277.85,1280.15,55408.0,25,0.0
2017-10-23,1278.5,1283.2,1272.5,1281.95,46759.0,15,0.0
2017-10-24,1282.1,1283.55,1273.65,1276.5,49494.0,25,0.0
2017-10-25,1276.45,1279.95,1270.95,1277.35,60749.0,20,0.0
2017-10-26,1277.45,1282.45,1265.6,1266.9,57488.0,30,0.0
2017-10-27,1267.5,1273.75,1263.55,1273.45,54252.0,30,0.0
2017-10-30,1272.7,1278.75,1268.85,1276.2,44300.0,25,0.0
2017-10-31,1276.05,1278.05,1267.6,1270.8,42135.0,25,0.0
2017-11-01,1270.4,1280.8,1267.9,1274.6,46555.0,15,0.0
2017-11-02,1275.55,1284.05,1273.2,1275.9,43073.0,5,0.0
2017-11-03,1277.35,1280.25,1265.45,1269.8,33200.0,5,0.0
2017-11-06,1269.9,1282.9,1265.95,1281.5,38160.0,5,0.0
2017-11-07,1281.7,1281.7,1271.8,1275.25,33192.0,15,0.0
2017-11-08,1275.95,1287.2,1275.85,1281.15,35013.0,15,0.0
2017-11-09,1281.7,1288.45,1279.85,1284.6,47189.0,10,0.0
2017-11-10,1285.25,1287.0,1273.3,1275.55,37288.0,0,0.0
2017-11-13,1275.05,1279.75,1274.1,1277.9,28539.0,25,0.0
2017-11-14,1277.9,1283.55,1269.9,1280.35,34712.0,10,0.0
2017-11-15,1279.8,1289.5,1276.6,1278.35,45461.0,0,0.0
2017-11-16,1278.1,1281.75,1275.0,1278.3,32682.0,10,0.0
2017-11-17,1278.55,1296.9,1278.1,1294.05,40822.0,15,0.0
2017-11-20,1292.6,1294.65,1274.5,1276.6,40041.0,5,0.0
2017-11-21,1277.25,1284.7,1276.15,1280.35,34746.0,0,0.0
2017-11-22,1280.75,1294.6,1278.95,1291.95,34781.0,15,0.0
2017-11-23,1291.85,1293.5,1286.9,1291.0,19011.0,10,0.0
2017-11-24,1291.45,1293.15,1285.55,1288.45,26294.0,20,0.0
2017-11-27,1289.0,1299.15,1286.65,1294.25,34153.0,5,0.0
2017-11-28,1294.5,1297.35,1290.5,1293.8,37853.0,15,0.0
2017-11-29,1293.5,1296.6,1281.95,1283.2,42867.0,10,0.0
2017-11-30,1283.8,1285.2,1270.2,1274.7,43301.0,0,0.0
2017-12-01,1274.45,1289.2,1271.5,1279.95,59347.0,5,0.0
2017-12-04,1273.1,1277.6,1269.8,1275.95,38500.0,5,0.0
2017-12-05,1275.65,1276.95,1260.85,1265.65,38030.0,0,0.0
2017-12-06,1266.05,1269.15,1262.45,1263.1,36681.0,5,0.0
2017-12-07,1263.35,1264.4,1243.85,1246.7,36246.0,20,0.0
2017-12-08,1247.25,1252.3,1242.4,1248.05,33875.0,5,0.0
2017-12-11,1247.6,1251.5,1240.6,1241.55,24420.0,15,0.0
2017-12-12,1241.6,1246.15,1236.4,1243.85,25349.0,20,0.0
2017-12-13,1244.05,1257.0,1240.15,1255.6,37048.0,10,0.0
2017-12-14,1254.95,1259.0,1250.35,1252.45,33874.0,10,0.0
2017-12-15,1252.7,1261.75,1252.45,1255.3,28847.0,25,0.0
2017-12-18,1254.9,1263.9,1252.65,1261.65,26831.0,20,0.0
2017-12-19,1261.3,1265.2,1259.15,1261.7,26513.0,20,0.0
2017-12-20,1261.55,1267.8,1261.3,1265.45,25125.0,20,0.0
2017-12-21,1265.55,1268.85,1262.7,1266.5,22955.0,25,0.0
2017-12-22,1266.55,1276.1,1264.85,1275.35,20181.0,20,0.0
2017-12-25,1274.5,1274.5,1274.5,1274.5,1.0,150,0.0
2017-12-26,1274.75,1283.7,1273.35,1283.1,20123.0,25,0.0
2017-12-27,1283.1,1288.95,1281.2,1286.9,24559.0,20,0.0
2017-12-28,1287.25,1295.15,1286.8,1294.9,25536.0,20,0.0
2017-12-29,1294.75,1307.5,1293.8,1302.55,25351.0,15,0.0
2018-01-02,1311.75,1318.85,1310.75,1317.85,16570.0,35,0.0
2018-01-03,1317.5,1321.4,1307.45,1312.8,34286.0,35,0.0
2018-01-04,1313.3,1325.95,1305.8,1322.7,35040.0,35,0.0
2018-01-05,1322.8,1323.35,1313.55,1319.85,33116.0,10,0.0
2018-01-08,1320.3,1322.05,1314.7,1320.35,23715.0,15,0.0
2018-01-09,1320.25,1320.35,1308.8,1312.6,30205.0,20,0.0
2018-01-10,1312.25,1327.8,1308.1,1316.6,42689.0,15,0.0
2018-01-11,1316.95,1323.95,1315.6,1322.35,36806.0,15,0.0
2018-01-12,1322.45,1339.3,1321.15,1338.2,40810.0,5,0.0
2018-01-15,1336.8,1344.65,1335.85,1339.9,30009.0,0,0.0
2018-01-16,1340.25,1342.25,1331.8,1338.4,38981.0,15,0.0
2018-01-17,1338.55,1343.85,1326.65,1326.65,47296.0,0,0.0
2018-01-18,1327.05,1333.05,1324.2,1327.1,42996.0,20,0.0
2018-01-19,1326.8,1338.0,1325.95,1331.6,40801.0,15,0.0
2018-01-22,1334.7,1335.55,1328.35,1333.9,33923.0,15,0.0
2018-01-23,1333.55,1341.75,1331.25,1341.2,36539.0,20,0.0
2018-01-24,1341.35,1362.0,1339.4,1358.0,47302.0,10,0.0
2018-01-25,1357.6,1366.0,1342.4,1348.25,69491.0,5,0.0
2018-01-26,1347.0,1357.0,1344.45,1349.95,61056.0,15,0.0
2018-01-29,1350.0,1352.3,1337.5,1340.35,48327.0,20,0.0
2018-01-30,1340.85,1348.85,1334.3,1338.6,49146.0,5,0.0
2018-01-31,1338.0,1347.45,1332.5,1345.0,55911.0,5,0.0
2018-02-01,1344.85,1350.95,1337.15,1348.4,48243.0,5,0.0
2018-02-02,1348.85,1350.0,1327.35,1332.6,57799.0,10,0.0
2018-02-05,1331.8,1341.55,1328.9,1339.6,61057.0,0,0.0
2018-02-06,1339.35,1346.0,1320.05,1324.45,92731.0,0,0.0
2018-02-07,1324.1,1332.25,1311.35,1318.3,60460.0,15,0.0
2018-02-08,1317.9,1322.15,1306.95,1318.4,68450.0,0,0.0
2018-02-09,1318.2,1322.65,1311.05,1315.65,75424.0,5,0.0
2018-02-12,1314.65,1327.05,1314.05,1322.9,41736.0,0,0.0
2018-02-13,1322.1,1330.95,1321.5,1329.0,41360.0,0,0.0
2018-02-14,1329.45,1355.45,1317.2,1350.25,63125.0,0,0.0
2018-02-15,1350.0,1357.1,1348.5,1353.1,52256.0,5,0.0
2018-02-16,1353.5,1361.65,1344.65,1347.45,51322.0,10,0.0
2018-02-19,1347.7,1351.35,1345.7,1346.55,22096.0,10,0.0
2018-02-20,1346.9,1348.1,1328.4,1329.3,40453.0,25,0.0
2018-02-21,1329.3,1336.1,1322.3,1324.4,48994.0,5,0.0
2018-02-22,1323.95,1332.0,1320.9,1331.85,40738.0,20,0.0
2018-02-23,1331.5,1332.05,1325.75,1328.85,31921.0,25,0.0
2018-02-26,1327.85,1341.0,1326.55,1332.9,36327.0,25,0.0
2018-02-27,1332.75,1336.6,1313.35,1318.3,45244.0,10,0.0
2018-02-28,1317.75,1322.5,1315.55,1318.1,35794.0,0,0.0
2018-03-01,1318.9,1321.0,1302.7,1317.15,57827.0,0,0.0
2018-03-02,1317.25,1325.4,1315.1,1322.2,42353.0,15,0.0
2018-03-05,1323.6,1327.75,1317.4,1319.85,33274.0,15,0.0
2018-03-06,1320.1,1338.4,1319.75,1334.35,39933.0,10,0.0
2018-03-07,1337.25,1340.45,1322.1,1325.4,46110.0,0,0.0
2018-03-08,1325.3,1328.95,1318.95,1322.2,37251.0,5,0.0
2018-03-09,1321.6,1325.1,1312.7,1323.4,43093.0,15,0.0
2018-03-12,1322.75,1324.1,1315.0,1322.95,29729.0,15,0.0
2018-03-13,1323.45,1328.25,1313.6,1326.25,41885.0,10,0.0
2018-03-14,1325.9,1329.95,1321.35,1324.6,36881.0,20,0.0
2018-03-15,1323.6,1327.85,1314.8,1316.1,34287.0,15,0.0
2018-03-16,1316.1,1321.7,1309.55,1314.0,32515.0,0,0.0
2018-03-19,1313.05,1319.55,1307.7,1316.75,34267.0,20,0.0
2018-03-20,1316.95,1318.2,1307.05,1311.1,33104.0,5,0.0
2018-03-21,1311.05,1336.6,1309.7,1332.0,49608.0,0,0.0
2018-03-22,1332.05,1334.8,1324.7,1328.75,44271.0,15,0.0
2018-03-23,1331.0,1350.15,1330.55,1347.1,51527.0,5,0.0
2018-03-26,1347.9,1355.85,1343.4,1353.45,38916.0,5,0.0
2018-03-27,1353.6,1356.8,1339.75,1344.65,49099.0,5,0.0
2018-03-28,1344.75,1346.9,1323.35,1324.85,46266.0,0,0.0
2018-03-29,1324.75,1328.25,1321.15,1325.1,39408.0,10,0.0
2018-04-02,1325.95,1344.85,1324.75,1341.1,39190.0,5,0.0
2018-04-03,1340.5,1342.45,1328.8,1332.55,42059.0,15,0.0
2018-04-04,1332.45,1348.2,1331.4,1333.3,49552.0,0,0.0
2018-04-05,1332.55,1334.85,1322.65,1326.4,39635.0,5,0.0
2018-04-06,1326.05,1335.4,1319.4,1332.7,58199.0,0,0.0
2018-04-09,1334.05,1337.9,1326.75,1336.1,42430.0,5,0.0
2018-04-10,1336.2,1342.55,1331.0,1339.15,46567.0,5,0.0
2018-04-11,1339.25,1365.2,1338.25,1353.15,61818.0,0,0.0
2018-04-12,1352.75,1353.15,1333.7,1334.9,56853.0,0,0.0
2018-04-13,1334.95,1347.1,1332.6,1345.15,45948.0,5,0.0
2018-04-16,1345.1,1350.45,1340.1,1345.65,45816.0,5,0.0
2018-04-17,1345.6,1349.3,1337.55,1347.2,43375.0,5,0.0
2018-04-18,1347.3,1355.65,1342.2,1349.25,46609.0,10,0.0
2018-04-19,1349.05,1354.65,1340.85,1345.75,55838.0,5,0.0
2018-04-20,1345.65,1346.1,1334.85,1335.45,43641.0,0,0.0
2018-04-23,1334.75,1335.5,1322.0,1324.8,47024.0,5,0.0
2018-04-24,1324.45,1332.6,1321.95,1330.8,47653.0,0,0.0
2018-04-25,1329.95,1331.95,1318.65,1322.95,41928.0,5,0.0
2018-04-26,1323.1,1326.5,1315.15,1317.05,49817.0,0,0.0
2018-04-27,1317.1,1325.15,1315.15,1322.95,40621.0,0,0.0
2018-04-30,1323.55,1325.5,1310.05,1315.0,40645.0,10,0.0
2018-05-01,1315.15,1316.3,1301.6,1304.0,37572.0,0,0.0
2018-05-02,1303.7,1313.6,1303.7,1304.95,52495.0,0,0.0
2018-05-03,1304.6,1318.05,1304.55,1312.15,51683.0,15,0.0
2018-05-04,1312.05,1315.4,1307.8,1314.6,46983.0,0,0.0
2018-05-07,1314.85,1319.15,1310.05,1314.15,36629.0,0,0.0
2018-05-08,1313.6,1317.9,1305.9,1314.55,53412.0,0,0.0
2018-05-09,1314.5,1317.3,1304.1,1312.35,50843.0,5,0.0
2018-05-10,1312.25,1322.85,1310.65,1321.05,53490.0,0,0.0
2018-05-11,1321.05,1325.9,1316.9,1317.95,40863.0,5,0.0
2018-05-14,1318.25,1322.25,1312.8,1313.1,39361.0,0,0.0
2018-05-15,1312.95,1314.65,1288.5,1290.7,54083.0,0,0.0
2018-05-16,1289.95,1296.75,1286.2,1290.45,48457.0,5,0.0
2018-05-17,1290.25,1294.2,1284.65,1290.7,46371.0,10,0.0
2018-05-18,1290.45,1294.1,1285.9,1292.45,37386.0,10,0.0
2018-05-21,1290.1,1293.0,1281.9,1292.4,38861.0,0,0.0
2018-05-22,1292.4,1296.05,1287.8,1291.0,42955.0,5,0.0
2018-05-23,1290.95,1298.55,1287.5,1293.1,54486.0,10,0.0
2018-05-24,1293.8,1306.55,1292.55,1304.25,48569.0,5,0.0
2018-05-25,1304.3,1307.75,1299.75,1300.55,43477.0,10,0.0
2018-05-28,1299.75,1300.2,1295.3,1297.8,32771.0,20,0.0
2018-05-29,1297.6,1306.5,1292.4,1298.6,76536.0,0,0.0
2018-05-30,1298.8,1304.25,1295.7,1301.55,63868.0,0,0.0
2018-05-31,1301.25,1306.9,1296.6,1298.2,57607.0,0,0.0
2018-06-01,1298.8,1300.4,1289.1,1293.25,56259.0,0,0.0
2018-06-04,1293.65,1297.9,1289.95,1291.75,39517.0,20,0.0
2018-06-05,1292.05,1300.4,1289.6,1296.45,39661.0,0,0.0
2018-06-06,1296.4,1301.65,1293.6,1295.9,42087.0,15,0.0
2018-06-07,1296.5,1303.1,1294.75,1296.65,47416.0,0,0.0
2018-06-08,1296.8,1300.45,1292.05,1298.6,43632.0,0,0.0
2018-06-11,1299.65,1302.35,1293.95,1300.3,34648.0,10,0.0
2018-06-12,1300.2,1300.5,1292.65,1295.5,42069.0,10,0.0
2018-06-13,1295.75,1301.1,1291.45,1299.45,43318.0,5,0.0
2018-06-14,1299.6,1309.2,1297.4,1302.25,51959.0,0,0.0
2018-06-15,1302.05,1303.0,1275.25,1280.1,57717.0,0,0.0
2018-06-18,1277.9,1282.25,1276.85,1278.1,32261.0,20,0.0
2018-06-19,1278.0,1283.85,1270.15,1274.4,41987.0,0,0.0
2018-06-20,1274.55,1276.25,1267.45,1267.45,36009.0,10,0.0
2018-06-21,1268.1,1269.95,1261.1,1267.15,40382.0,0,0.0
2018-06-22,1267.05,1270.9,1266.45,1269.2,34247.0,5,0.0
2018-06-25,1269.4,1272.4,1264.1,1265.25,33536.0,5,0.0
2018-06-26,1265.9,1267.5,1254.6,1258.4,36150.0,0,0.0
2018-06-27,1257.7,1259.9,1250.55,1251.75,45268.0,5,0.0
2018-06-28,1251.9,1254.1,1245.75,1248.1,40832.0,5,0.0
2018-06-29,1247.9,1255.45,1245.9,1252.7,39358.0,5,0.0
2018-07-02,1251.3,1254.05,1239.45,1241.4,37382.0,5,0.0
2018-07-03,1241.5,1256.7,1237.7,1252.85,36628.0,15,0.0
2018-07-04,1252.0,1260.95,1251.35,1256.4,28699.0,10,0.0
2018-07-05,1256.45,1259.6,1251.1,1257.1,37588.0,0,0.0
2018-07-06,1257.3,1258.85,1252.55,1254.5,35220.0,5,0.0
2018-07-09,1255.25,1265.7,1254.65,1257.3,34058.0,5,0.0
2018-07-10,1257.35,1260.0,1247.05,1255.75,36663.0,35,0.0
2018-07-11,1255.3,1256.6,1241.25,1242.0,44163.0,35,0.0
2018-07-12,1241.95,1248.3,1241.0,1246.8,34675.0,35,0.0
2018-07-13,1246.75,1247.8,1236.05,1240.9,35586.0,35,0.0
2018-07-16,1240.7,1245.25,1238.0,1240.6,29774.0,35,0.0
2018-07-17,1240.25,1244.7,1225.75,1227.1,38149.0,35,0.0
2018-07-18,1227.05,1228.85,1220.75,1227.3,33164.0,35,0.0
2018-07-19,1227.15,1229.45,1211.15,1222.65,44047.0,35,0.0
2018-07-20,1223.1,1232.0,1215.35,1231.4,46831.0,35,0.0
2018-07-23,1231.25,1234.85,1221.95,1224.25,40671.0,35,0.0
2018-07-24,1224.5,1229.2,1217.8,1224.3,42891.0,35,0.0
2018-07-25,1223.9,1234.0,1222.95,1231.5,41797.0,45,0.0
2018-07-26,1231.2,1235.0,1222.05,1222.7,36641.0,45,0.0
2018-07-27,1222.7,1227.1,1217.25,1222.7,36923.0,45,0.0
2018-07-30,1222.6,1224.8,1218.7,1221.1,24165.0,45,0.0
2018-07-31,1221.5,1228.25,1213.65,1223.8,38559.0,45,0.0
2018-08-01,1223.5,1224.55,1215.45,1215.85,34242.0,45,0.0
2018-08-02,1215.9,1221.1,1206.8,1207.55,33536.0,45,0.0
2018-08-03,1207.65,1219.75,1204.15,1213.0,35612.0,45,0.0
2018-08-06,1213.55,1217.6,1205.9,1206.95,26302.0,45,0.0
2018-08-07,1207.3,1215.85,1207.15,1210.4,25948.0,45,0.0
2018-08-08,1210.6,1215.55,1205.8,1213.2,27088.0,45,0.0
2018-08-09,1213.45,1217.05,1210.5,1211.95,29545.0,45,0.0
2018-08-10,1212.2,1216.85,1205.45,1211.25,44758.0,45,0.0
2018-08-13,1210.9,1213.6,1191.35,1193.45,48082.0,45,0.0
2018-08-14,1193.65,1198.45,1191.75,1193.75,32418.0,45,0.0
2018-08-15,1193.85,1194.45,1172.85,1174.5,42520.0,45,0.0
2018-08-16,1175.15,1181.75,1159.85,1173.8,54488.0,45,0.0
2018-08-17,1173.35,1184.8,1171.6,1184.1,38115.0,45,0.0
2018-08-20,1183.2,1190.6,1182.55,1190.25,30441.0,45,0.0
2018-08-21,1190.2,1196.9,1187.45,1196.0,36480.0,45,0.0
2018-08-22,1195.5,1201.35,1192.35,1195.3,37808.0,45,0.0
2018-08-23,1195.9,1196.35,1183.6,1185.15,35444.0,45,0.0
2018-08-24,1185.15,1208.3,1182.9,1205.8,38684.0,45,0.0
2018-08-27,1207.05,1212.15,1202.9,1210.95,27244.0,45,0.0
2018-08-28,1211.15,1214.05,1199.35,1200.85,36203.0,45,0.0
2018-08-29,1200.6,1207.1,1200.3,1206.4,34069.0,45,0.0
2018-08-30,1206.15,1207.6,1196.0,1199.45,37298.0,45,0.0
2018-08-31,1199.55,1208.6,1198.05,1200.7,40470.0,45,0.0
2018-09-03,1200.5,1203.65,1195.4,1201.05,26153.0,45,0.0
2018-09-04,1201.25,1201.75,1189.35,1191.1,41951.0,45,0.0
2018-09-05,1191.1,1198.2,1190.6,1196.35,33813.0,45,0.0
2018-09-06,1196.8,1206.75,1195.3,1199.85,40598.0,45,0.0
2018-09-07,1199.3,1203.3,1193.2,1195.7,44491.0,45,0.0
2018-09-10,1194.9,1198.3,1191.2,1195.45,35398.0,45,0.0
2018-09-11,1195.05,1199.2,1187.5,1198.25,34134.0,45,0.0
2018-09-12,1197.95,1208.25,1192.45,1205.95,38169.0,45,0.0
2018-09-13,1206.65,1212.45,1199.9,1201.15,39621.0,45,0.0
2018-09-14,1201.5,1208.35,1192.7,1193.4,38496.0,45,0.0
2018-09-17,1194.0,1204.6,1192.55,1200.85,33847.0,45,0.0
2018-09-18,1201.55,1203.35,1195.65,1197.95,42031.0,45,0.0
2018-09-19,1197.7,1206.0,1197.3,1203.55,37568.0,45,0.0
2018-09-20,1203.45,1208.25,1199.85,1206.95,37190.0,45,0.0
2018-09-21,1207.1,1210.85,1191.6,1199.05,37950.0,45,0.0
2018-09-24,1198.85,1203.95,1194.2,1198.55,30638.0,45,0.0
2018-09-25,1198.3,1203.1,1196.8,1200.9,30988.0,45,0.0
2018-09-26,1200.75,1202.25,1190.2,1194.05,43784.0,45,0.0
2018-09-27,1194.55,1198.25,1181.55,1182.3,38016.0,45,0.0
2018-09-28,1182.5,1193.65,1180.35,1191.35,35678.0,45,0.0
2018-10-01,1192.15,1192.15,1184.25,1188.5,32063.0,45,0.0
2018-10-02,1188.45,1208.1,1188.2,1202.7,39478.0,45,0.0
2018-10-03,1203.0,1208.15,1196.3,1196.7,38839.0,45,0.0
2018-10-04,1197.4,1206.55,1195.75,1199.7,42082.0,45,0.0
2018-10-05,1199.35,1205.6,1196.95,1202.65,41250.0,45,0.0
2018-10-08,1202.9,1203.85,1182.55,1187.8,32031.0,45,0.0
2018-10-09,1188.3,1191.85,1182.95,1189.3,36023.0,45,0.0
2018-10-10,1189.15,1194.55,1185.0,1193.85,35931.0,45,0.0
2018-10-11,1194.55,1226.2,1190.95,1224.8,56345.0,45,0.0
2018-10-12,1223.9,1223.95,1215.7,1217.65,42054.0,45,0.0
2018-10-15,1216.8,1233.1,1216.6,1226.75,39183.0,45,0.0
2018-10-16,1226.85,1232.2,1223.15,1224.3,35900.0,45,0.0
2018-10-17,1223.85,1229.3,1220.35,1222.1,33282.0,45,0.0
2018-10-18,1221.8,1230.0,1218.45,1225.65,38864.0,45,0.0
2018-10-19,1225.35,1230.6,1222.85,1226.3,35316.0,45,0.0
2018-10-22,1227.05,1229.35,1219.75,1221.7,31824.0,45,0.0
2018-10-23,1221.75,1239.65,1221.45,1230.25,37498.0,45,0.0
2018-10-24,1230.2,1233.5,1225.35,1233.2,37289.0,45,0.0
2018-10-25,1234.25,1239.05,1227.8,1231.75,39516.0,45,0.0
2018-10-26,1231.95,1243.25,1229.75,1233.4,50964.0,45,0.0
2018-10-29,1233.65,1235.2,1224.05,1229.3,40051.0,35,0.0
2018-10-30,1229.35,1230.3,1219.55,1222.75,34958.0,35,0.0
2018-10-31,1222.2,1222.7,1211.7,1214.3,34804.0,35,0.0
2018-11-01,1214.9,1237.2,1214.9,1232.95,38447.0,35,0.0
2018-11-02,1233.85,1236.3,1229.5,1232.65,42936.0,35,0.0
2018-11-05,1232.7,1234.9,1226.6,1230.6,30470.0,35,0.0
2018-11-06,1231.35,1235.75,1223.2,1226.3,30796.0,35,0.0
2018-11-07,1226.55,1236.25,1222.7,1225.35,47639.0,35,0.0
2018-11-08,1226.15,1226.8,1219.75,1223.05,35731.0,35,0.0
2018-11-09,1223.4,1223.4,1206.4,1208.95,36874.0,35,0.0
2018-11-12,1209.3,1211.1,1200.45,1200.65,29158.0,35,0.0
2018-11-13,1200.3,1204.85,1195.95,1201.3,36482.0,35,0.0
2018-11-14,1202.1,1216.25,1197.4,1211.15,43472.0,35,0.0
2018-11-15,1210.5,1216.2,1206.5,1212.9,41607.0,35,0.0
2018-11-16,1213.4,1225.05,1212.85,1221.65,35390.0,35,0.0
2018-11-19,1221.45,1225.3,1217.75,1223.65,29203.0,35,0.0
2018-11-20,1223.6,1228.55,1219.7,1221.3,35782.0,35,0.0
2018-11-21,1221.3,1229.9,1219.4,1225.4,28754.0,35,0.0
2018-11-22,1225.7,1228.8,1224.55,1227.1,15514.0,35,0.0
2018-11-23,1226.6,1228.25,1219.8,1222.35,23727.0,35,0.0
2018-11-26,1223.25,1227.8,1221.4,1222.25,25295.0,35,0.0
2018-11-27,1221.85,1225.0,1211.6,1213.9,30674.0,35,0.0
2018-11-28,1214.6,1226.5,1210.9,1220.7,31721.0,35,0.0
2018-11-29,1220.95,1228.75,1220.1,1224.1,33666.0,35,0.0
2018-11-30,1223.95,1225.25,1216.4,1221.85,28429.0,35,0.0
2018-12-03,1222.72,1234.66,1220.97,1230.0,99902.0,35,0.0
2018-12-04,1230.73,1241.68,1230.17,1238.06,102399.0,35,0.0
2018-12-05,1238.75,1238.96,1233.04,1237.2,47594.0,35,0.0
2018-12-06,1237.36,1244.26,1234.61,1237.89,120960.0,35,0.0
2018-12-07,1237.5,1249.94,1237.07,1248.52,99384.0,35,0.0
2018-12-10,1249.61,1250.71,1241.46,1243.89,106175.0,35,0.0
2018-12-11,1244.38,1249.4,1240.47,1242.7,108847.0,35,0.0
2018-12-12,1243.1,1247.05,1241.8,1245.71,94722.0,0,0.0
2018-12-13,1245.52,1246.59,1239.93,1242.49,110477.0,3,0.0
2018-12-14,1241.43,1242.8,1232.67,1238.17,120083.0,19,0.0
2018-12-17,1238.56,1247.92,1235.53,1245.85,81624.0,17,0.0
2018-12-18,1245.59,1250.32,1244.97,1249.01,94458.0,17,0.0
2018-12-19,1249.55,1257.95,1241.56,1242.0,121300.0,7,0.0
2018-12-20,1242.82,1266.38,1242.52,1260.83,146070.0,13,0.0
2018-12-21,1260.13,1262.62,1253.77,1255.06,121486.0,16,0.0
2018-12-24,1258.16,1270.11,1257.85,1269.15,89343.0,5,0.0
2018-12-26,1268.95,1279.07,1264.27,1266.38,86037.0,4,0.0
2018-12-27,1266.74,1278.93,1266.36,1275.39,126926.0,17,0.0
2018-12-28,1275.08,1282.16,1274.27,1280.38,116028.0,7,0.0
2018-12-31,1280.45,1284.08,1277.42,1282.08,79215.0,20,0.0
2019-01-02,1282.31,1288.72,1278.6,1282.27,103150.0,12,0.0
2019-01-03,1285.36,1293.99,1284.47,1293.71,144890.0,14,0.0
2019-01-04,1293.87,1298.53,1276.51,1284.42,144741.0,15,0.0
2019-01-07,1285.29,1295.0,1282.53,1288.33,103918.0,17,0.0
2019-01-08,1288.34,1290.12,1279.28,1284.87,102389.0,15,0.0
2019-01-09,1284.63,1293.87,1279.97,1292.75,110191.0,14,0.0
2019-01-10,1293.88,1297.09,1286.4,1286.71,109459.0,7,0.0
2019-01-11,1286.53,1295.17,1286.49,1287.83,104126.0,4,0.0
2019-01-14,1287.36,1295.92,1287.23,1291.7,97645.0,12,0.0
2019-01-15,1291.9,1294.61,1286.63,1289.23,112506.0,15,0.0
2019-01-16,1289.38,1294.95,1287.76,1292.92,95262.0,17,0.0
2019-01-17,1293.94,1295.38,1288.63,1291.58,100358.0,14,0.0
2019-01-18,1291.98,1292.34,1280.45,1280.48,92561.0,1,0.0
2019-01-21,1281.06,1283.38,1276.61,1279.95,53393.0,7,0.0
2019-01-22,1279.48,1285.3,1277.26,1284.0,81357.0,17,0.0
2019-01-23,1284.86,1286.39,1278.49,1283.08,86230.0,18,0.0
2019-01-24,1282.56,1284.64,1276.58,1280.34,105148.0,16,0.0
2019-01-25,1280.56,1300.35,1279.75,1299.22,92378.0,1,0.0
2019-01-28,1302.85,1304.47,1297.71,1303.36,88319.0,5,0.0
2019-01-29,1303.25,1312.0,1302.75,1311.12,96124.0,16,0.0
2019-01-30,1311.79,1323.38,1309.08,1318.08,103852.0,16,0.0
2019-01-31,1320.39,1326.28,1317.48,1319.8,103498.0,15,0.0
2019-02-01,1321.13,1323.53,1316.16,1318.59,98744.0,15,0.0
2019-02-04,1317.62,1318.92,1308.58,1312.75,79886.0,10,0.0
2019-02-05,1312.02,1316.82,1310.65,1314.56,78171.0,15,0.0
2019-02-06,1314.99,1315.75,1305.91,1306.91,78894.0,20,0.0
2019-02-07,1306.52,1311.88,1302.76,1309.8,87914.0,4,0.0
2019-02-08,1310.24,1315.6,1307.73,1314.43,77412.0,16,0.0
2019-02-11,1314.16,1314.83,1303.64,1308.38,78083.0,9,0.0
2019-02-12,1307.98,1314.69,1306.47,1311.09,82843.0,13,0.0
2019-02-13,1310.73,1318.07,1305.01,1306.17,88878.0,3,0.0
2019-02-14,1306.33,1314.3,1302.37,1312.47,103918.0,15,0.0
2019-02-15,1312.48,1322.02,1311.36,1321.42,91586.0,14,0.0
2019-02-18,1321.36,1327.57,1320.58,1326.36,50494.0,11,0.0
2019-02-19,1325.85,1341.74,1322.82,1340.19,95350.0,14,0.0
2019-02-20,1340.55,1346.64,1336.79,1339.75,103692.0,6,0.0
2019-02-21,1338.54,1341.42,1323.5,1323.59,122188.0,14,0.0
2019-02-22,1323.42,1333.02,1321.45,1328.28,100776.0,16,0.0
2019-02-25,1329.37,1332.47,1325.09,1327.45,97115.0,2,0.0
2019-02-26,1327.48,1330.11,1323.42,1328.63,91606.0,19,0.0
2019-02-27,1328.71,1329.81,1316.89,1320.24,93357.0,17,0.0
2019-02-28,1319.41,1327.19,1312.77,1313.88,100880.0,4,0.0
2019-03-01,1313.76,1315.11,1290.39,1290.4,116986.0,10,0.0
2019-03-04,1293.2,1296.97,1282.78,1287.08,104321.0,15,0.0
2019-03-05,1286.7,1289.48,1281.11,1287.49,99773.0,6,0.0
2019-03-06,1287.56,1290.82,1283.5,1287.06,94475.0,17,0.0
2019-03-07,1286.06,1288.91,1280.71,1285.11,102404.0,12,0.0
2019-03-08,1285.64,1300.65,1285.08,1300.31,110221.0,14,0.0
2019-03-11,1296.49,1299.01,1290.37,1293.27,84117.0,15,0.0
2019-03-12,1292.82,1302.11,1291.92,1301.13,95138.0,16,0.0
2019-03-13,1300.82,1311.21,1300.8,1309.16,90044.0,15,0.0
2019-03-14,1309.8,1310.29,1292.76,1296.08,95347.0,13,0.0
2019-03-15,1295.85,1306.31,1293.88,1302.06,98410.0,11,0.0
2019-03-18,1301.89,1306.67,1298.11,1303.47,80601.0,12,0.0
2019-03-19,1303.42,1310.84,1302.27,1306.42,77666.0,4,0.0
2019-03-20,1304.78,1316.93,1298.61,1312.36,112506.0,13,0.0
2019-03-21,1312.73,1320.33,1303.22,1309.25,105694.0,17,0.0
2019-03-22,1309.11,1314.89,1306.75,1313.16,114386.0,18,0.0
2019-03-25,1313.48,1324.45,1310.96,1322.09,91240.0,12,0.0
2019-03-26,1321.44,1323.22,1312.65,1315.13,99711.0,14,0.0
2019-03-27,1315.56,1319.27,1308.07,1309.67,119298.0,26,0.0
2019-03-28,1309.25,1312.2,1288.42,1289.89,115157.0,28,0.0
2019-03-29,1289.91,1299.68,1286.61,1292.09,98936.0,27,0.0
2019-04-01,1292.26,1296.9,1286.4,1287.25,98926.0,13,0.0
2019-04-02,1287.35,1292.31,1285.19,1292.29,82507.0,13,0.0
2019-04-03,1292.21,1294.45,1288.29,1289.59,85980.0,18,0.0
2019-04-04,1289.77,1294.25,1280.78,1292.28,78509.0,16,0.0
2019-04-05,1291.96,1293.45,1284.24,1291.46,88046.0,25,0.0
2019-04-08,1291.35,1303.62,1291.31,1297.5,75964.0,16,0.0
2019-04-09,1297.25,1306.1,1296.48,1303.94,78367.0,22,0.0
2019-04-10,1304.0,1310.56,1300.86,1307.95,83977.0,28,0.0
2019-04-11,1308.17,1309.16,1289.53,1292.19,91035.0,28,0.0
2019-04-12,1292.2,1295.61,1289.93,1290.45,81627.0,16,0.0
2019-04-15,1291.19,1291.79,1282.36,1287.53,72745.0,27,0.0
2019-04-16,1287.46,1288.56,1272.79,1276.61,85616.0,25,0.0
2019-04-17,1276.57,1279.6,1272.89,1273.69,75576.0,25,0.0
2019-04-18,1273.46,1277.52,1271.01,1275.4,76102.0,28,0.0
2019-04-22,1275.62,1279.67,1273.66,1274.64,51907.0,32,0.0
2019-04-23,1274.83,1276.32,1266.21,1272.04,69194.0,25,0.0
2019-04-24,1271.9,1278.38,1268.61,1275.42,80325.0,28,0.0
2019-04-25,1275.32,1282.46,1273.24,1277.12,78245.0,26,0.0
2019-04-26,1276.73,1288.58,1274.19,1285.93,83448.0,25,0.0
2019-04-29,1286.42,1286.55,1277.95,1279.47,62930.0,28,0.0
2019-04-30,1279.82,1286.07,1279.53,1283.24,73703.0,30,0.0
2019-05-01,1283.12,1287.1,1272.87,1276.39,76746.0,23,0.0
2019-05-02,1276.91,1277.87,1266.21,1270.4,79097.0,16,0.0
2019-05-03,1270.44,1282.43,1268.4,1278.93,75460.0,20,0.0
2019-05-06,1279.77,1285.69,1276.88,1280.15,85553.0,13,0.0
2019-05-07,1281.06,1285.98,1278.09,1284.21,87269.0,28,0.0
2019-05-08,1283.96,1291.41,1279.24,1280.44,80690.0,15,0.0
2019-05-09,1280.55,1288.11,1279.49,1283.39,92166.0,22,0.0
2019-05-10,1284.13,1289.33,1283.09,1285.63,90333.0,30,0.0
2019-05-13,1287.48,1301.2,1281.87,1299.8,82979.0,14,0.0
2019-05-14,1300.16,1303.28,1293.68,1296.77,70044.0,22,0.0
2019-05-15,1296.81,1300.81,1292.97,1296.39,79408.0,15,0.0
2019-05-16,1296.6,1298.67,1283.99,1286.25,71725.0,15,0.0
2019-05-17,1286.51,1288.81,1274.67,1277.49,73460.0,20,0.0
2019-05-20,1277.24,1278.8,1273.53,1277.55,72220.0,25,0.0
2019-05-21,1277.23,1277.79,1269.37,1274.61,66816.0,31,0.0
2019-05-22,1274.45,1277.18,1272.34,1273.37,63738.0,21,0.0
2019-05-23,1272.95,1287.2,1272.68,1283.53,82716.0,27,0.0
2019-05-24,1283.26,1285.12,1280.65,1284.72,73787.0,27,0.0
2019-05-27,1284.42,1287.26,1283.65,1284.88,42239.0,17,0.0
2019-05-28,1284.95,1286.46,1276.03,1279.35,84435.0,28,0.0
2019-05-29,1279.27,1285.4,1278.98,1280.15,95449.0,14,0.0
2019-05-30,1279.9,1289.09,1274.86,1288.4,75930.0,24,0.0
2019-05-31,1287.94,1306.88,1287.92,1305.19,110172.0,24,0.0
2019-06-03,1307.03,1327.91,1305.92,1324.52,100658.0,19,0.0
2019-06-04,1324.73,1329.02,1319.94,1325.62,96689.0,18,0.0
2019-06-05,1325.17,1344.0,1324.45,1330.13,119489.0,2,0.0
2019-06-06,1330.98,1339.75,1327.22,1335.48,105581.0,21,0.0
2019-06-07,1335.28,1348.22,1330.23,1340.25,101828.0,21,0.0
2019-06-10,1336.29,1337.68,1325.05,1327.85,91433.0,21,0.0
2019-06-11,1327.8,1329.84,1319.83,1326.64,88635.0,21,0.0
2019-06-12,1326.64,1338.27,1325.98,1333.23,98949.0,22,0.0
2019-06-13,1333.89,1343.09,1332.31,1341.75,92537.0,17,0.0
2019-06-14,1342.02,1358.12,1337.87,1341.04,121630.0,25,0.0
2019-06-17,1342.01,1343.52,1332.97,1339.47,93882.0,21,0.0
2019-06-18,1339.51,1354.56,1338.57,1346.53,122656.0,25,0.0
2019-06-19,1346.65,1362.49,1341.32,1359.67,117559.0,22,0.0
2019-06-20,1360.3,1393.56,1357.67,1388.33,175100.0,22,0.0
2019-06-21,1387.13,1411.81,1382.46,1398.74,175188.0,21,0.0
2019-06-24,1400.18,1421.31,1399.8,1419.06,141663.0,25,0.0
2019-06-25,1419.24,1439.07,1411.9,1423.11,194966.0,20,0.0
2019-06-26,1423.72,1424.38,1402.09,1408.66,172339.0,21,0.0
2019-06-27,1409.44,1412.04,1398.63,1409.1,129956.0,20,0.0
2019-06-28,1409.73,1424.57,1405.63,1409.85,130253.0,16,0.0
2019-07-01,1396.68,1397.66,1381.71,1383.69,151217.0,18,0.0
2019-07-02,1383.78,1420.81,1383.26,1417.92,138447.0,20,0.0
2019-07-03,1421.73,1437.58,1412.18,1418.37,167998.0,20,0.0
2019-07-04,1418.78,1421.61,1410.2,1415.28,74607.0,22,0.0
2019-07-05,1415.81,1424.08,1386.7,1398.2,148650.0,19,0.0
2019-07-08,1398.82,1407.51,1391.68,1395.23,116025.0,20,0.0
2019-07-09,1394.91,1399.92,1385.63,1397.48,105565.0,21,0.0
2019-07-10,1397.13,1418.55,1389.87,1417.72,130159.0,20,0.0
2019-07-11,1418.69,1427.05,1400.8,1403.69,137181.0,18,0.0
2019-07-12,1404.06,1416.81,1403.05,1414.87,113514.0,24,0.0
2019-07-15,1415.54,1419.67,1407.68,1413.69,100066.0,1,0.0
2019-07-16,1414.17,1418.17,1400.95,1405.77,115296.0,23,0.0
2019-07-17,1405.94,1426.69,1399.99,1426.15,113679.0,15,0.0
2019-07-18,1426.56,1448.0,1414.66,1445.67,155755.0,20,0.0
2019-07-19,1447.01,1452.85,1420.18,1424.91,169126.0,24,0.0
2019-07-22,1427.57,1429.84,1422.2,1424.64,108133.0,21,0.0
2019-07-23,1425.26,1429.99,1414.19,1417.53,115394.0,21,0.0
2019-07-24,1417.51,1429.35,1416.23,1425.06,103335.0,21,0.0
2019-07-25,1425.9,1433.7,1411.04,1414.13,117314.0,18,0.0
2019-07-26,1414.22,1424.78,1413.47,1418.52,92906.0,19,0.0
2019-07-29,1419.39,1428.04,1415.0,1426.62,82404.0,18,0.0
2019-07-30,1426.57,1433.16,1422.2,1430.58,76064.0,23,0.0
2019-07-31,1430.94,1434.13,1410.56,1412.11,93154.0,22,0.0
2019-08-01,1412.74,1445.89,1400.37,1444.75,124920.0,13,0.0
2019-08-02,1445.32,1449.0,1430.25,1440.39,153371.0,19,0.0
2019-08-05,1439.86,1469.69,1436.63,1463.75,144873.0,18,0.0
2019-08-06,1468.32,1474.85,1456.36,1474.22,141967.0,18,0.0
2019-08-07,1474.49,1510.29,1472.23,1501.23,180096.0,21,0.0
2019-08-08,1500.45,1509.44,1489.95,1500.91,145456.0,18,0.0
2019-08-09,1505.35,1509.0,1494.71,1497.02,126149.0,17,0.0
2019-08-12,1497.59,1519.89,1487.63,1511.72,109596.0,19,0.0
2019-08-13,1509.99,1534.93,1479.85,1501.27,153880.0,21,0.0
2019-08-14,1501.71,1523.93,1494.18,1516.16,169733.0,15,0.0
2019-08-15,1516.35,1526.96,1507.92,1523.52,179513.0,19,0.0
2019-08-16,1523.35,1527.84,1503.66,1512.44,118520.0,14,0.0
2019-08-19,1512.43,1512.89,1493.15,1495.87,103005.0,18,0.0
2019-08-20,1495.7,1508.46,1492.84,1507.29,88617.0,21,0.0
2019-08-21,1507.7,1507.99,1496.6,1502.33,86645.0,21,0.0
2019-08-22,1502.38,1504.44,1492.38,1498.04,87624.0,17,0.0
2019-08-23,1498.38,1530.18,1493.45,1526.65,118917.0,13,0.0
2019-08-26,1539.05,1555.09,1525.08,1527.42,159100.0,21,0.0
2019-08-27,1527.65,1544.6,1526.53,1542.57,106610.0,17,0.0
2019-08-28,1542.45,1546.81,1531.86,1541.0,113549.0,25,0.0
2019-08-29,1539.14,1550.34,1519.72,1526.91,135148.0,25,0.0
2019-08-30,1527.48,1533.07,1517.01,1520.9,123351.0,25,0.0
2019-09-02,1526.36,1533.75,1519.35,1529.13,104832.0,19,0.0
2019-09-03,1529.81,1549.72,1521.65,1548.73,234811.0,21,0.0
2019-09-04,1546.87,1557.02,1533.89,1552.62,237802.0,18,0.0
2019-09-05,1552.27,1553.01,1506.54,1518.87,266830.0,17,0.0
2019-09-06,1517.17,1527.75,1502.61,1506.48,291515.0,21,0.0
2019-09-09,1507.91,1515.43,1497.53,1498.74,222134.0,18,0.0
2019-09-10,1498.81,1500.8,1484.46,1485.7,241351.0,18,0.0
2019-09-11,1485.82,1498.22,1485.07,1496.52,195560.0,18,0.0
2019-09-12,1497.2,1524.16,1489.19,1498.95,240403.0,15,0.0
2019-09-13,1498.58,1508.97,1485.71,1488.51,202072.0,20,0.0
2019-09-16,1488.54,1512.06,1488.54,1498.37,233059.0,20,0.0
2019-09-17,1498.89,1507.08,1493.39,1501.32,197180.0,21,0.0
2019-09-18,1501.59,1511.52,1483.32,1493.16,186221.0,21,0.0
2019-09-19,1494.09,1504.57,1488.85,1498.62,211563.0,18,0.0
2019-09-20,1499.46,1517.14,1498.04,1516.6,186274.0,13,0.0
2019-09-23,1514.23,1526.94,1511.68,1522.29,233546.0,17,0.0
2019-09-24,1522.22,1535.79,1515.78,1531.36,246537.0,15,0.0
2019-09-25,1532.18,1535.24,1500.49,1503.59,262390.0,19,0.0
2019-09-26,1503.8,1512.17,1500.76,1504.5,233470.0,20,0.0
2019-09-27,1504.38,1507.33,1486.92,1496.68,261028.0,18,0.0
2019-09-30,1496.74,1500.37,1464.4,1472.29,253176.0,20,0.0
2019-10-01,1472.11,1487.16,1459.02,1479.38,268112.0,23,0.0
2019-10-02,1478.74,1505.04,1474.47,1499.94,253699.0,24,0.0
2019-10-03,1499.72,1519.44,1495.9,1504.85,254277.0,24,0.0
2019-10-04,1505.57,1514.86,1495.85,1504.65,247470.0,0,0.0
2019-10-07,1511.97,1512.12,1488.01,1493.24,235559.0,18,0.0
2019-10-08,1493.35,1509.62,1487.08,1505.49,287204.0,25,0.0
2019-10-09,1505.66,1512.11,1499.88,1505.47,244848.0,23,0.0
2019-10-10,1505.4,1516.88,1490.95,1493.4,308155.0,17,0.0
2019-10-11,1493.65,1503.16,1473.89,1488.02,291767.0,21,0.0
2019-10-14,1487.65,1497.07,1482.75,1492.96,215683.0,19,0.0
2019-10-15,1493.49,1498.3,1477.18,1481.09,235813.0,18,0.0
2019-10-16,1481.04,1491.62,1477.11,1489.75,238320.0,19,0.0
2019-10-17,1490.26,1497.42,1483.55,1492.37,227976.0,17,0.0
2019-10-18,1491.9,1494.21,1484.96,1490.21,186819.0,21,0.0
2019-10-21,1491.49,1495.23,1481.68,1484.12,176373.0,16,0.0
2019-10-22,1484.52,1488.96,1480.83,1487.83,169331.0,23,0.0
2019-10-23,1487.86,1496.26,1487.73,1491.88,166779.0,22,0.0
2019-10-24,1492.22,1504.08,1488.06,1503.1,174252.0,21,0.0
2019-10-25,1503.63,1518.04,1500.7,1504.39,186236.0,25,0.0
2019-10-28,1504.37,1508.27,1490.01,1492.63,160759.0,17,0.0
2019-10-29,1492.71,1494.67,1483.52,1487.91,176339.0,24,0.0
2019-10-30,1487.99,1496.58,1481.15,1495.61,188131.0,28,0.0
2019-10-31,1495.64,1514.17,1493.82,1512.12,205195.0,20,0.0
2019-11-01,1512.67,1515.79,1503.2,1513.92,193430.0,26,0.0
2019-11-04,1513.81,1514.68,1504.33,1509.41,188460.0,27,0.0
2019-11-05,1509.32,1509.58,1479.54,1483.7,242801.0,27,0.0
2019-11-06,1482.83,1494.08,1482.28,1490.12,207232.0,27,0.0
2019-11-07,1490.11,1492.04,1460.54,1468.41,259764.0,24,0.0
2019-11-08,1468.11,1472.79,1456.06,1458.71,249661.0,21,0.0
2019-11-11,1459.26,1466.31,1448.06,1455.59,191390.0,25,0.0
2019-11-12,1455.05,1460.26,1445.49,1456.25,234988.0,25,0.0
2019-11-13,1455.87,1466.99,1455.71,1463.28,216046.0,25,0.0
2019-11-14,1463.16,1474.43,1461.06,1470.98,211044.0,21,0.0
2019-11-15,1470.98,1471.33,1462.27,1467.35,189912.0,25,0.0
2019-11-18,1467.26,1473.82,1456.25,1470.73,202828.0,24,0.0
2019-11-19,1471.28,1475.22,1464.77,1472.28,197326.0,27,0.0
2019-11-20,1472.2,1478.89,1465.92,1471.12,213433.0,25,0.0
2019-11-21,1473.5,1475.6,1461.81,1463.81,215698.0,30,0.0
2019-11-22,1463.44,1472.98,1461.25,1461.92,122813.0,31,0.0
2019-11-25,1460.13,1461.97,1453.62,1454.3,99506.0,43,0.0
2019-11-26,1454.03,1462.75,1449.86,1461.24,98963.0,44,0.0
2019-11-27,1461.71,1461.79,1452.05,1453.83,87681.0,45,0.0
2019-11-28,1454.55,1458.11,1454.12,1455.67,50200.0,46,0.0
2019-11-29,1455.29,1466.49,1452.96,1463.63,78627.0,46,0.0
2019-12-02,1463.61,1465.31,1453.84,1462.45,101210.0,40,0.0
2019-12-03,1461.96,1481.73,1459.74,1477.32,114053.0,36,0.0
2019-12-04,1477.14,1484.01,1471.43,1474.31,121218.0,34,0.0
2019-12-05,1474.39,1480.26,1472.73,1475.74,99888.0,40,0.0
2019-12-06,1475.58,1479.39,1458.53,1459.47,89771.0,40,0.0
2019-12-09,1459.27,1465.25,1458.71,1461.47,63556.0,39,0.0
2019-12-10,1461.28,1469.08,1459.83,1464.23,87444.0,37,0.0
2019-12-11,1463.95,1478.82,1462.62,1474.67,89343.0,38,0.0
2019-12-12,1474.72,1486.64,1463.8,1469.29,108901.0,37,0.0
2019-12-13,1467.23,1478.18,1461.64,1475.7,144226.0,41,0.0
2019-12-16,1475.67,1480.05,1473.3,1476.11,78508.0,46,0.0
2019-12-17,1476.08,1480.63,1474.34,1476.06,74331.0,46,0.0
2019-12-18,1476.24,1479.25,1470.44,1475.46,73568.0,46,0.0
2019-12-19,1475.0,1481.64,1473.23,1478.76,71204.0,46,0.0
2019-12-20,1478.86,1480.93,1475.78,1477.95,64832.0,46,0.0
2019-12-23,1478.58,1486.13,1477.41,1485.36,62698.0,46,0.0
2019-12-24,1485.23,1500.48,1484.33,1499.21,54872.0,46,0.0
2019-12-26,1499.03,1512.53,1497.34,1510.99,84366.0,51,0.0
2019-12-27,1511.23,1515.25,1507.3,1510.61,93361.0,51,0.0
2019-12-30,1511.68,1516.09,1510.75,1514.98,74033.0,51,0.0
2019-12-31,1514.78,1525.21,1514.63,1517.06,83978.0,51,0.0
2020-01-02,1519.62,1531.18,1516.95,1528.55,102236.0,57,0.0
2020-01-03,1528.77,1553.23,1527.77,1551.33,149918.0,57,0.0
2020-01-06,1560.54,1585.69,1560.52,1565.49,180716.0,57,0.0
2020-01-07,1565.09,1576.96,1555.04,1572.88,150281.0,57,0.0
2020-01-08,1574.61,1611.03,1551.27,1555.51,258682.0,57,0.0
2020-01-09,1555.43,1560.35,1539.29,1551.77,151408.0,57,0.0
2020-01-10,1551.92,1562.78,1545.34,1561.62,124169.0,57,0.0
2020-01-13,1559.94,1560.47,1546.17,1547.86,105451.0,57,0.0
2020-01-14,1547.63,1548.41,1535.29,1545.8,137510.0,63,0.0
2020-01-15,1545.63,1558.4,1545.63,1556.19,122334.0,51,0.0
2020-01-16,1555.88,1558.0,1548.16,1552.22,100588.0,51,0.0
2020-01-17,1552.09,1560.83,1549.09,1556.52,99748.0,49,0.0
2020-01-20,1557.21,1562.16,1555.9,1559.94,51636.0,48,0.0
2020-01-21,1560.0,1567.86,1545.01,1558.06,137040.0,48,0.0
2020-01-22,1558.7,1559.55,1550.18,1559.07,107126.0,48,0.0
2020-01-23,1559.41,1567.7,1552.1,1562.61,134718.0,48,0.0
2020-01-24,1562.39,1576.14,1556.59,1571.26,123443.0,48,0.0
2020-01-27,1580.08,1588.77,1575.38,1581.29,174685.0,48,0.0
2020-01-28,1581.04,1582.35,1564.31,1566.88,137480.0,48,0.0
2020-01-29,1566.27,1578.38,1563.1,1577.1,121764.0,48,0.0
2020-01-30,1576.58,1586.34,1572.51,1574.19,165993.0,48,0.0
2020-01-31,1574.51,1590.28,1570.98,1588.73,157310.0,47,0.0
2020-02-03,1589.64,1591.94,1569.75,1576.28,169574.0,47,0.0
2020-02-04,1578.28,1579.42,1548.86,1552.64,146398.0,47,0.0
2020-02-05,1552.74,1562.24,1547.36,1556.29,150253.0,40,0.0
2020-02-06,1555.87,1568.16,1552.35,1566.4,132365.0,40,0.0
2020-02-07,1566.39,1573.99,1559.75,1569.91,141599.0,40,0.0
2020-02-10,1571.96,1576.64,1567.89,1571.39,131112.0,40,0.0
2020-02-11,1571.74,1574.0,1561.97,1567.62,115012.0,40,0.0
2020-02-12,1567.76,1570.38,1561.81,1565.63,106817.0,40,0.0
2020-02-13,1566.42,1578.22,1565.46,1575.95,144543.0,40,0.0
2020-02-14,1576.04,1584.93,1572.98,1583.83,110229.0,40,0.0
2020-02-17,1582.34,1583.69,1578.79,1580.86,51042.0,40,0.0
2020-02-18,1584.04,1605.08,1582.4,1601.37,129448.0,40,0.0
2020-02-19,1601.71,1612.88,1599.44,1611.27,128118.0,40,0.0
2020-02-20,1610.94,1623.66,1603.82,1619.26,188278.0,40,0.0
2020-02-21,1620.1,1649.18,1618.85,1643.55,187154.0,40,0.0
2020-02-24,1655.59,1689.22,1642.94,1658.41,268869.0,40,0.0
2020-02-25,1660.45,1660.77,1624.92,1635.24,293232.0,40,0.0
2020-02-26,1634.54,1654.92,1624.79,1640.44,274761.0,40,0.0
2020-02-27,1639.18,1660.27,1635.12,1644.3,289207.0,40,0.0
2020-02-28,1644.33,1649.4,1562.67,1584.66,304718.0,40,0.0
2020-03-02,1591.99,1610.95,1575.41,1589.67,305888.0,40,0.0
2020-03-03,1587.66,1649.18,1586.35,1639.49,247878.0,40,0.0
2020-03-04,1639.34,1652.69,1631.77,1635.68,212373.0,40,0.0
2020-03-05,1638.66,1674.51,1634.87,1671.58,179268.0,40,0.0
2020-03-06,1672.86,1692.08,1641.87,1674.28,269670.0,9,0.0
2020-03-09,1692.62,1703.18,1657.09,1678.17,240775.0,0,0.0
2020-03-10,1674.69,1676.06,1641.57,1649.4,274230.0,10,0.0
2020-03-11,1649.74,1671.16,1632.86,1636.62,239402.0,5,0.0
2020-03-12,1634.1,1650.32,1560.47,1578.45,281880.0,0,0.0
2020-03-13,1578.43,1597.84,1504.28,1529.79,256876.0,0,0.0
2020-03-16,1570.21,1574.98,1451.1,1509.04,244764.0,0,0.0
2020-03-17,1512.83,1553.83,1465.44,1527.61,246834.0,0,0.0
2020-03-18,1527.63,1546.27,1472.47,1484.52,233106.0,0,0.0
2020-03-19,1485.48,1500.8,1463.72,1474.3,187978.0,0,0.0
2020-03-20,1472.71,1515.81,1455.24,1498.38,190987.0,0,0.0
2020-03-23,1501.76,1560.9,1482.35,1551.86,213904.0,0,0.0
2020-03-24,1554.24,1635.31,1552.49,1627.91,61862.0,40,0.0
2020-03-25,1633.91,1643.11,1596.7,1621.51,27786.0,140,0.0
2020-03-26,1620.61,1644.61,1599.61,1628.84,120097.0,0,0.0
2020-03-27,1631.68,1635.26,1612.27,1621.74,93191.0,114,0.0
2020-03-30,1634.27,1636.96,1610.7,1620.49,133645.0,106,0.0
2020-03-31,1621.95,1623.56,1573.78,1576.72,139601.0,106,0.0
2020-04-01,1575.35,1601.21,1567.65,1592.52,123964.0,114,0.0
2020-04-02,1588.56,1620.55,1581.81,1611.61,150196.0,109,0.0
2020-04-03,1612.84,1626.08,1605.64,1615.59,139831.0,106,0.0
2020-04-06,1616.43,1669.63,1608.79,1659.15,135219.0,113,0.0
2020-04-07,1660.72,1676.05,1641.85,1647.98,133753.0,105,0.0
2020-04-08,1645.98,1656.98,1640.62,1645.22,114137.0,105,0.0
2020-04-09,1644.42,1690.25,1642.81,1684.94,132104.0,114,0.0
2020-04-13,1683.84,1723.17,1673.36,1711.98,132096.0,105,0.0
2020-04-14,1712.62,1747.63,1707.32,1726.54,159068.0,107,0.0
2020-04-15,1728.02,1731.77,1707.33,1716.56,153665.0,114,0.0
2020-04-16,1716.95,1738.73,1707.21,1718.59,169893.0,106,0.0
2020-04-17,1718.94,1719.62,1679.09,1681.73,233307.0,114,0.0
2020-04-20,1678.82,1702.3,1671.28,1694.48,201873.0,170,0.0
2020-04-21,1694.25,1697.62,1660.28,1682.78,196375.0,170,0.0
2020-04-22,1685.53,1718.44,1679.88,1714.62,154966.0,170,0.0
2020-04-23,1712.5,1738.51,1707.15,1730.14,167500.0,170,0.0
2020-04-24,1729.37,1736.16,1710.35,1726.03,153203.0,170,0.0
2020-04-27,1725.85,1727.18,1705.97,1714.81,175319.0,170,0.0
2020-04-28,1711.61,1715.95,1691.57,1707.96,212918.0,170,0.0
2020-04-29,1707.59,1717.41,1697.71,1712.07,190496.0,158,0.0
2020-04-30,1711.96,1721.77,1681.32,1686.38,176726.0,170,0.0
2020-05-01,1685.68,1705.5,1670.36,1699.57,211617.0,170,0.0
2020-05-04,1700.36,1712.82,1691.72,1701.37,122110.0,170,0.0
2020-05-05,1699.58,1711.91,1689.36,1704.61,130494.0,170,0.0
2020-05-06,1704.74,1707.89,1681.94,1685.29,133204.0,170,0.0
2020-05-07,1681.48,1721.9,1681.42,1715.35,147943.0,70,0.0
2020-05-08,1715.15,1723.37,1701.07,1701.9,157990.0,45,0.0
2020-05-11,1701.37,1711.89,1689.61,1697.83,166831.0,70,0.0
2020-05-12,1696.21,1710.64,1693.41,1702.12,158995.0,70,0.0
2020-05-13,1701.82,1717.97,1698.99,1715.46,188351.0,70,0.0
2020-05-14,1715.5,1736.16,1710.91,1730.11,144908.0,50,0.0
2020-05-15,1729.09,1751.61,1728.47,1742.01,161294.0,50,0.0
2020-05-18,1744.49,1765.17,1727.34,1732.11,160096.0,50,0.0
2020-05-19,1730.54,1747.76,1725.84,1744.16,170982.0,50,0.0
2020-05-20,1745.26,1753.82,1742.46,1747.12,155929.0,50,0.0
2020-05-21,1747.27,1749.0,1717.08,1726.7,156609.0,50,0.0
2020-05-22,1725.85,1740.01,1724.17,1735.49,128117.0,50,0.0
2020-05-25,1732.38,1734.74,1721.65,1727.0,67648.0,50,0.0
2020-05-26,1727.51,1735.44,1708.67,1710.36,139211.0,50,0.0
2020-05-27,1709.01,1715.86,1693.56,1709.31,145418.0,50,0.0
2020-05-28,1709.02,1727.43,1704.86,1718.72,146454.0,35,0.0
2020-05-29,1715.86,1737.58,1712.69,1730.18,139247.0,38,0.0
2020-06-01,1734.7,1744.44,1727.06,1739.12,142972.0,38,0.0
2020-06-02,1738.43,1745.0,1721.28,1727.33,135642.0,38,0.0
2020-06-03,1725.67,1731.82,1689.07,1697.95,148274.0,38,0.0
2020-06-04,1698.57,1721.44,1696.9,1712.79,146091.0,35,0.0
2020-06-05,1713.36,1715.99,1670.49,1684.22,163052.0,35,0.0
2020-06-08,1682.53,1700.95,1677.37,1698.32,164493.0,38,0.0
2020-06-09,1697.33,1720.65,1692.1,1714.03,149057.0,38,0.0
2020-06-10,1714.02,1739.55,1707.95,1737.41,165428.0,35,0.0
2020-06-11,1737.37,1744.53,1721.43,1728.71,165821.0,38,0.0
2020-06-12,1727.49,1742.9,1722.16,1730.17,144242.0,38,0.0
2020-06-15,1734.65,1735.05,1703.95,1725.12,162476.0,38,0.0
2020-06-16,1724.14,1732.7,1716.52,1726.61,154275.0,38,0.0
2020-06-17,1725.77,1730.16,1712.37,1726.49,126351.0,38,0.0
2020-06-18,1725.67,1737.66,1717.38,1722.61,128377.0,38,0.0
2020-06-19,1721.71,1745.2,1721.26,1742.29,121886.0,38,0.0
2020-06-22,1752.33,1763.06,1742.83,1754.66,141513.0,38,0.0
2020-06-23,1754.1,1770.9,1747.33,1766.86,135437.0,38,0.0
2020-06-24,1768.58,1779.23,1760.6,1761.42,134146.0,38,0.0
2020-06-25,1760.22,1768.83,1753.36,1763.78,136609.0,38,0.0
2020-06-26,1763.57,1771.99,1747.39,1769.65,106680.0,35,0.0
2020-06-29,1774.71,1775.19,1765.54,1772.81,105348.0,35,0.0
2020-06-30,1770.58,1785.73,1764.5,1780.64,106331.0,35,0.0
2020-07-01,1782.29,1789.13,1758.99,1769.88,117918.0,35,0.0
2020-07-02,1769.3,1779.56,1757.46,1775.17,106872.0,35,0.0
2020-07-03,1775.26,1777.06,1772.64,1775.66,53643.0,35,0.0
2020-07-06,1774.67,1786.97,1770.0,1784.21,100834.0,35,0.0
2020-07-07,1782.28,1797.29,1773.43,1794.58,106404.0,35,0.0
2020-07-08,1794.84,1818.14,1791.53,1808.43,103714.0,35,0.0
2020-07-09,1808.63,1815.88,1795.4,1802.24,116993.0,35,0.0
2020-07-10,1800.93,1810.72,1794.11,1798.56,96390.0,35,0.0
2020-07-13,1798.21,1813.37,1797.63,1802.32,109057.0,35,0.0
2020-07-14,1802.82,1810.87,1789.54,1809.08,122778.0,35,0.0
2020-07-15,1808.44,1815.04,1802.43,1810.2,97779.0,35,0.0
2020-07-16,1809.77,1813.3,1794.85,1796.88,90864.0,35,0.0
2020-07-17,1796.78,1811.97,1795.77,1809.7,77181.0,35,0.0
2020-07-20,1808.97,1820.58,1805.72,1817.17,95128.0,35,0.0
2020-07-21,1817.77,1843.46,1815.75,1841.55,116296.0,35,0.0
2020-07-22,1840.79,1871.97,1840.55,1871.3,168883.0,35,0.0
2020-07-23,1871.88,1898.34,1863.52,1886.05,173379.0,35,0.0
2020-07-24,1886.51,1906.54,1881.33,1901.13,144847.0,35,0.0
2020-07-27,1901.82,1945.57,1899.41,1940.98,188053.0,35,0.0
2020-07-28,1941.79,1981.05,1906.71,1957.99,197061.0,35,0.0
2020-07-29,1955.27,1980.82,1941.3,1970.96,146974.0,35,0.0
2020-07-30,1970.3,1971.58,1939.47,1957.52,158006.0,35,0.0
2020-07-31,1955.81,1983.93,1954.99,1974.81,166787.0,35,0.0
2020-08-03,1974.6,1984.77,1960.49,1975.81,122963.0,35,0.0
2020-08-04,1976.1,2019.87,1967.02,2018.4,133442.0,35,0.0
2020-08-05,2018.58,2055.68,2009.55,2038.95,178340.0,35,0.0
2020-08-06,2037.17,2069.6,2034.44,2063.3,164057.0,35,0.0
2020-08-07,2063.99,2074.93,2015.49,2033.32,190062.0,35,0.0
2020-08-10,2033.4,2049.77,2019.0,2027.63,157198.0,35,0.0
2020-08-11,2027.41,2029.89,1901.25,1912.65,220985.0,35,0.0
2020-08-12,1909.98,1949.28,1862.77,1919.01,218484.0,35,0.0
2020-08-13,1914.74,1966.25,1912.79,1953.67,213354.0,35,0.0
2020-08-14,1952.46,1962.12,1932.29,1943.7,178345.0,35,0.0
2020-08-17,1948.8,1990.61,1929.28,1984.45,150995.0,35,0.0
2020-08-18,1984.52,2015.51,1975.87,2002.25,173897.0,35,0.0
2020-08-19,2002.04,2006.39,1924.55,1927.44,197974.0,35,0.0
2020-08-20,1928.28,1955.26,1924.5,1946.31,192305.0,35,0.0
2020-08-21,1946.81,1955.85,1911.34,1939.0,175076.0,35,0.0
2020-08-24,1940.41,1961.75,1923.59,1928.46,141437.0,35,0.0
2020-08-25,1928.76,1937.41,1914.26,1926.95,140925.0,35,0.0
2020-08-26,1930.16,1954.77,1902.47,1953.2,143942.0,35,0.0
2020-08-27,1952.62,1976.3,1909.74,1928.11,165400.0,35,0.0
2020-08-28,1929.31,1973.8,1923.02,1964.3,161508.0,35,0.0
2020-08-31,1965.02,1976.54,1954.15,1968.23,143638.0,35,0.0
2020-09-01,1967.14,1992.29,1963.17,1970.73,154081.0,35,0.0
2020-09-02,1969.08,1973.1,1932.41,1943.06,154807.0,35,0.0
2020-09-03,1942.45,1950.97,1921.74,1930.63,157001.0,35,0.0
2020-09-04,1930.97,1947.59,1916.26,1933.0,156008.0,35,0.0
2020-09-07,1930.24,1941.24,1924.4,1928.11,80808.0,35,0.0
2020-09-08,1929.29,1940.78,1906.35,1931.48,145618.0,35,0.0
2020-09-09,1931.33,1950.8,1919.92,1947.29,118734.0,35,0.0
2020-09-10,1945.93,1966.41,1941.35,1945.92,133310.0,35,0.0
2020-09-11,1944.3,1954.61,1937.07,1940.31,126181.0,35,0.0
2020-09-14,1938.5,1962.43,1936.9,1956.51,103153.0,35,0.0
2020-09-15,1956.85,1972.08,1948.17,1953.31,115673.0,35,0.0
2020-09-16,1952.16,1973.57,1949.69,1959.07,129123.0,35,0.0
2020-09-17,1956.55,1960.85,1932.69,1944.23,146516.0,35,0.0
2020-09-18,1943.98,1960.06,1943.07,1950.44,117646.0,35,0.0
2020-09-21,1948.47,1955.46,1882.15,1911.83,163221.0,35,0.0
2020-09-22,1911.99,1919.79,1894.61,1900.34,184740.0,35,0.0
2020-09-23,1899.81,1905.27,1855.41,1862.61,206059.0,35,0.0
2020-09-24,1862.84,1877.0,1848.7,1868.54,225613.0,35,0.0
2020-09-25,1868.08,1875.06,1852.22,1860.05,181416.0,35,0.0
2020-09-28,1859.53,1882.95,1848.45,1881.82,165499.0,35,0.0
2020-09-29,1880.54,1899.05,1875.42,1897.17,159098.0,35,0.0
2020-09-30,1898.19,1902.22,1881.41,1885.22,165194.0,35,0.0
2020-10-01,1884.24,1912.0,1883.95,1905.89,160149.0,35,0.0
2020-10-02,1904.24,1917.04,1889.72,1900.56,153715.0,35,0.0
2020-10-05,1902.83,1918.75,1886.93,1913.69,126205.0,35,0.0
2020-10-06,1912.63,1921.01,1876.84,1877.59,143031.0,35,0.0
2020-10-07,1878.39,1897.89,1872.78,1887.72,140638.0,35,0.0
2020-10-08,1886.95,1900.66,1881.81,1893.53,119666.0,35,0.0
2020-10-09,1893.34,1930.44,1892.92,1929.87,130319.0,35,0.0
2020-10-12,1929.06,1933.16,1918.3,1922.54,137112.0,35,0.0
2020-10-13,1922.32,1925.29,1886.4,1891.14,158589.0,35,0.0
2020-10-14,1891.4,1912.83,1882.21,1900.32,143550.0,35,0.0
2020-10-15,1901.65,1908.82,1889.41,1907.87,156490.0,35,0.0
2020-10-16,1908.32,1913.89,1897.64,1898.62,126629.0,35,0.0
2020-10-19,1899.35,1918.45,1896.83,1903.38,127793.0,35,0.0
2020-10-20,1903.7,1914.05,1894.49,1907.55,123081.0,35,0.0
2020-10-21,1908.31,1931.46,1907.66,1924.62,121619.0,35,0.0
2020-10-22,1924.1,1925.8,1894.04,1903.63,110856.0,35,0.0
2020-10-23,1903.63,1914.1,1894.17,1901.37,96996.0,35,0.0
2020-10-26,1903.24,1908.53,1891.07,1901.59,111863.0,35,0.0
2020-10-27,1901.64,1911.24,1897.65,1907.36,87501.0,35,0.0
2020-10-28,1907.49,1910.77,1869.13,1876.45,128436.0,35,0.0
2020-10-29,1876.58,1884.82,1859.6,1866.97,125135.0,35,0.0
2020-10-30,1867.4,1889.66,1864.18,1878.28,132655.0,35,0.0
2020-11-02,1876.73,1895.95,1873.17,1895.06,118581.0,35,0.0
2020-11-03,1891.52,1910.47,1886.83,1908.84,100265.0,35,0.0
2020-11-04,1908.86,1916.26,1881.2,1903.25,184336.0,35,0.0
2020-11-05,1901.33,1952.68,1899.13,1949.0,140878.0,35,0.0
2020-11-06,1948.31,1960.29,1935.52,1951.74,135936.0,35,0.0
2020-11-09,1954.35,1965.38,1850.3,1863.03,175140.0,35,0.0
2020-11-10,1864.2,1890.3,1860.13,1877.18,150457.0,35,0.0
2020-11-11,1876.82,1884.23,1856.17,1865.38,112585.0,35,0.0
2020-11-12,1865.49,1883.69,1862.51,1876.54,112105.0,35,0.0
2020-11-13,1876.77,1896.69,1873.74,1889.18,94999.0,35,0.0
2020-11-16,1888.23,1898.91,1864.1,1888.62,108547.0,35,0.0
2020-11-17,1888.73,1893.36,1876.76,1880.02,94653.0,35,0.0
2020-11-18,1880.29,1884.7,1863.37,1871.84,103074.0,35,0.0
2020-11-19,1872.48,1873.83,1852.51,1866.76,108469.0,35,0.0
2020-11-20,1865.29,1879.64,1860.63,1870.86,77927.0,6,0.0
2020-11-23,1870.42,1875.86,1830.58,1837.13,65769.0,5,0.0
2020-11-24,1836.65,1838.34,1799.77,1807.62,79273.0,5,0.0
2020-11-25,1807.39,1817.67,1801.72,1806.92,68899.0,6,0.0
2020-11-26,1806.8,1818.24,1805.61,1808.86,60379.0,37,0.0
2020-11-27,1809.99,1813.6,1773.71,1787.38,93837.0,37,0.0
2020-11-30,1787.8,1789.67,1764.26,1777.49,127937.0,37,0.0
2020-12-01,1777.05,1817.23,1775.63,1815.33,102793.0,37,0.0
2020-12-02,1815.12,1832.26,1807.32,1830.58,111796.0,37,0.0
2020-12-03,1830.11,1843.85,1823.64,1840.88,112322.0,37,0.0
2020-12-04,1840.97,1848.15,1829.03,1838.51,92145.0,37,0.0
2020-12-07,1837.02,1868.47,1821.71,1862.92,108267.0,37,0.0
2020-12-08,1861.85,1875.09,1860.08,1870.68,105352.0,37,0.0
2020-12-09,1870.32,1870.84,1825.28,1839.31,136657.0,37,0.0
2020-12-10,1839.58,1849.83,1828.49,1835.73,139706.0,37,0.0
2020-12-11,1836.43,1847.54,1823.91,1839.68,119135.0,37,0.0
2020-12-14,1839.98,1841.21,1818.25,1827.74,109781.0,37,0.0
2020-12-15,1827.69,1855.28,1825.33,1853.53,118872.0,37,0.0
2020-12-16,1852.96,1865.58,1844.57,1863.96,138280.0,37,0.0
2020-12-17,1863.98,1896.06,1861.81,1885.97,139544.0,37,0.0
2020-12-18,1885.3,1889.55,1877.25,1880.43,127957.0,37,0.0
2020-12-21,1882.23,1906.71,1854.99,1876.21,183077.0,37,0.0
2020-12-22,1876.95,1884.12,1858.8,1859.77,155066.0,37,0.0
2020-12-23,1860.0,1878.39,1856.73,1872.67,139819.0,37,0.0
2020-12-24,1872.68,1883.21,1869.38,1878.86,88271.0,37,0.0
2020-12-28,1882.11,1900.11,1868.96,1872.82,134871.0,37,0.0
2020-12-29,1871.89,1886.26,1871.55,1877.88,109581.0,37,0.0
2020-12-30,1877.66,1893.8,1875.92,1893.7,100006.0,37,0.0
2020-12-31,1894.03,1900.88,1885.26,1897.69,101407.0,37,0.0
2021-01-04,1904.62,1944.34,1902.6,1943.04,156045.0,63,0.0
2021-01-05,1941.68,1952.91,1934.2,1950.0,137806.0,63,0.0
2021-01-06,1949.6,1959.29,1900.75,1918.68,188566.0,63,0.0
2021-01-07,1919.16,1927.55,1906.62,1913.38,165206.0,63,0.0
2021-01-08,1914.1,1917.33,1828.02,1848.95,190238.0,63,0.0
2021-01-11,1848.17,1856.55,1816.75,1844.3,191068.0,63,0.0
2021-01-12,1843.06,1863.69,1836.31,1855.18,160180.0,63,0.0
2021-01-13,1854.43,1862.85,1841.74,1844.55,133386.0,50,0.0
2021-01-14,1844.74,1857.39,1827.75,1846.38,149306.0,50,0.0
2021-01-15,1846.41,1856.96,1823.15,1827.53,142586.0,50,0.0
2021-01-18,1827.76,1840.64,1802.34,1837.48,108524.0,50,0.0
2021-01-19,1837.52,1845.4,1832.88,1839.59,112307.0,50,0.0
2021-01-20,1839.28,1871.59,1832.23,1871.35,127014.0,50,0.0
2021-01-21,1870.6,1875.02,1858.26,1869.67,127944.0,40,0.0
2021-01-22,1869.76,1870.66,1837.16,1854.56,140646.0,40,0.0
2021-01-25,1854.91,1867.84,1847.0,1855.83,131498.0,40,0.0
2021-01-26,1855.11,1861.57,1848.24,1851.28,105810.0,40,0.0
2021-01-27,1849.85,1852.99,1831.01,1843.8,126130.0,40,0.0
2021-01-28,1843.5,1863.97,1833.79,1842.52,164576.0,40,0.0
2021-01-29,1842.37,1875.58,1839.42,1847.38,185794.0,40,0.0
2021-02-01,1862.95,1871.68,1849.08,1860.4,209749.0,40,0.0
2021-02-02,1860.07,1863.92,1829.32,1837.52,166499.0,40,0.0
2021-02-03,1837.45,1844.72,1829.48,1834.08,122580.0,40,0.0
2021-02-04,1833.08,1834.55,1784.7,1792.86,148147.0,40,0.0
2021-02-05,1793.56,1815.02,1791.78,1813.22,129084.0,40,0.0
2021-02-08,1816.95,1839.16,1807.57,1830.13,139484.0,1,0.0
2021-02-09,1829.13,1848.57,1828.21,1837.56,122342.0,30,0.0
2021-02-10,1837.41,1855.4,1833.96,1842.43,124422.0,30,0.0
2021-02-11,1842.91,1847.56,1821.07,1825.47,101678.0,30,0.0
2021-02-12,1824.66,1830.67,1810.37,1823.63,102715.0,31,0.0
2021-02-15,1824.23,1826.95,1815.75,1818.38,59970.0,31,0.0
2021-02-16,1818.98,1826.33,1789.28,1794.35,141229.0,31,0.0
2021-02-17,1793.71,1795.0,1769.34,1776.62,143787.0,30,0.0
2021-02-18,1776.21,1789.49,1768.06,1775.47,150597.0,31,0.0
2021-02-19,1775.51,1791.5,1760.3,1782.61,159603.0,30,0.0
2021-02-22,1781.08,1812.59,1780.46,1808.98,161657.0,30,0.0
2021-02-23,1809.38,1815.98,1795.42,1804.94,162054.0,25,0.0
2021-02-24,1805.17,1813.6,1783.31,1805.26,167216.0,25,0.0
2021-02-25,1804.97,1805.3,1765.25,1770.2,218164.0,25,0.0
2021-02-26,1770.32,1775.67,1717.1,1733.41,232855.0,25,0.0
2021-03-01,1732.88,1759.79,1719.41,1724.48,165915.0,25,0.0
2021-03-02,1724.07,1738.71,1707.11,1738.67,173023.0,25,0.0
2021-03-03,1737.14,1740.39,1701.77,1711.54,171078.0,25,0.0
2021-03-04,1710.33,1723.16,1690.21,1698.55,196229.0,26,0.0
2021-03-05,1696.35,1707.68,1686.97,1700.51,185056.0,25,0.0
2021-03-08,1702.19,1713.86,1676.54,1682.42,163223.0,25,0.0
2021-03-09,1682.45,1720.66,1679.93,1715.49,149938.0,25,0.0
2021-03-10,1715.75,1726.57,1707.82,1726.23,138558.0,25,0.0
2021-03-11,1726.36,1739.78,1719.1,1722.23,135539.0,25,0.0
2021-03-12,1721.53,1727.85,1699.06,1726.59,141521.0,25,0.0
2021-03-15,1726.01,1734.49,1721.52,1732.1,127738.0,25,0.0
2021-03-16,1730.38,1741.16,1726.11,1731.87,122986.0,25,0.0
2021-03-17,1731.18,1751.62,1723.96,1744.43,138549.0,25,0.0
2021-03-18,1744.47,1755.54,1719.02,1736.49,166061.0,25,0.0
2021-03-19,1734.88,1746.71,1728.37,1744.93,144771.0,25,0.0
2021-03-22,1745.77,1746.86,1727.16,1738.64,129623.0,26,0.0
2021-03-23,1738.27,1742.61,1724.43,1726.69,130726.0,26,0.0
2021-03-24,1726.65,1738.42,1723.57,1733.74,115627.0,26,0.0
2021-03-25,1734.02,1745.51,1721.66,1726.92,141846.0,25,0.0
2021-03-26,1726.32,1736.7,1721.48,1732.7,115218.0,25,0.0
2021-03-29,1731.53,1732.91,1705.65,1711.74,107265.0,25,0.0
2021-03-30,1712.12,1714.29,1678.6,1684.92,134585.0,25,0.0
2021-03-31,1685.28,1715.24,1677.46,1707.65,136412.0,25,0.0
2021-04-01,1707.17,1730.65,1705.6,1729.36,123721.0,26,0.0
2021-04-05,1727.6,1733.57,1721.21,1728.42,85348.0,25,0.0
2021-04-06,1728.09,1745.5,1727.13,1743.07,114069.0,25,0.0
2021-04-07,1742.72,1744.26,1730.51,1737.54,100208.0,25,0.0
2021-04-08,1737.54,1758.74,1733.03,1756.15,100984.0,25,0.0
2021-04-09,1755.24,1757.29,1730.92,1743.19,106396.0,25,0.0
2021-04-12,1743.11,1745.02,1727.18,1732.21,99203.0,25,0.0
2021-04-13,1732.2,1748.92,1723.64,1745.41,121442.0,25,0.0
2021-04-14,1745.44,1749.4,1732.48,1736.15,112014.0,25,0.0
2021-04-15,1736.15,1769.62,1734.08,1763.43,125031.0,25,0.0
2021-04-16,1763.45,1783.85,1759.69,1776.54,113609.0,25,0.0
2021-04-19,1777.27,1790.05,1766.56,1770.78,126521.0,25,0.0
2021-04-20,1770.41,1780.41,1763.6,1778.58,125946.0,25,0.0
2021-04-21,1778.57,1797.69,1775.24,1793.98,122552.0,25,0.0
2021-04-22,1793.64,1797.84,1777.19,1784.32,128595.0,25,0.0
2021-04-23,1783.51,1796.0,1769.98,1776.29,112290.0,25,0.0
2021-04-26,1775.83,1783.44,1768.7,1781.36,106279.0,25,0.0
2021-04-27,1781.12,1785.57,1773.67,1776.54,105508.0,25,0.0
2021-04-28,1776.46,1782.55,1762.53,1781.46,125482.0,25,0.0
2021-04-29,1781.49,1789.98,1755.93,1772.01,127107.0,25,0.0
2021-04-30,1772.18,1773.65,1764.11,1768.8,118575.0,25,0.0
2021-05-03,1767.64,1797.93,1766.04,1793.1,107335.0,25,0.0
2021-05-04,1792.65,1799.07,1770.57,1779.29,128108.0,25,0.0
2021-05-05,1778.19,1787.98,1770.32,1787.75,103962.0,25,0.0
2021-05-06,1786.66,1818.14,1782.01,1815.29,139344.0,25,0.0
2021-05-07,1814.46,1843.39,1812.87,1830.75,150612.0,25,0.0
2021-05-10,1832.03,1845.44,1829.97,1835.51,143931.0,25,0.0
2021-05-11,1835.43,1841.81,1817.93,1836.82,146770.0,25,0.0
2021-05-12,1836.64,1843.7,1813.19,1815.83,170739.0,25,0.0
2021-05-13,1815.38,1828.79,1808.66,1826.83,168071.0,25,0.0
2021-05-14,1825.14,1846.48,1819.21,1842.38,131893.0,25,0.0
2021-05-17,1842.25,1868.54,1841.57,1866.64,129536.0,25,0.0
2021-05-18,1866.16,1875.08,1863.18,1869.67,126834.0,25,0.0
2021-05-19,1869.13,1890.12,1852.13,1870.19,157738.0,25,0.0
2021-05-20,1869.53,1883.96,1863.82,1877.31,128640.0,25,0.0
2021-05-21,1877.04,1889.43,1870.13,1881.63,124793.0,25,0.0
2021-05-24,1882.03,1887.11,1875.12,1881.34,103083.0,25,0.0
2021-05-25,1880.54,1900.32,1872.63,1899.23,118810.0,25,0.0
2021-05-26,1898.75,1912.74,1890.7,1896.6,121789.0,25,0.0
2021-05-27,1896.02,1903.68,1888.16,1896.46,117785.0,25,0.0
2021-05-28,1896.92,1906.01,1882.27,1903.02,118662.0,26,0.0
2021-05-31,1902.54,1910.67,1902.09,1905.83,62433.0,25,0.0
2021-06-01,1907.44,1916.61,1892.33,1899.81,118450.0,25,0.0
2021-06-02,1899.99,1909.07,1894.27,1908.71,110884.0,25,0.0
2021-06-03,1907.54,1909.74,1865.06,1870.58,121865.0,19,0.0
2021-06-04,1871.05,1896.18,1855.45,1891.35,117575.0,19,0.0
2021-06-07,1890.93,1900.15,1881.46,1898.79,96026.0,19,0.0
2021-06-08,1898.63,1903.79,1883.75,1893.08,104297.0,19,0.0
2021-06-09,1891.02,1899.03,1887.23,1888.87,95097.0,19,0.0
2021-06-10,1888.42,1899.98,1869.68,1899.7,123288.0,19,0.0
2021-06-11,1898.14,1902.98,1874.33,1875.87,106446.0,19,0.0
2021-06-14,1876.61,1877.46,1844.35,1866.27,105590.0,19,0.0
2021-06-15,1866.14,1869.11,1851.49,1858.78,74905.0,19,0.0
2021-06-16,1858.8,1863.2,1803.37,1810.0,112245.0,19,0.0
2021-06-17,1811.63,1825.14,1766.96,1772.57,176963.0,11,0.0
2021-06-18,1772.36,1797.18,1760.83,1764.38,141036.0,11,0.0
2021-06-21,1766.99,1786.43,1766.29,1783.11,130317.0,10,0.0
2021-06-22,1782.36,1790.0,1772.08,1778.5,104221.0,10,0.0
2021-06-23,1778.36,1794.87,1773.09,1778.25,100999.0,10,0.0
2021-06-24,1778.03,1787.94,1772.74,1774.86,93307.0,10,0.0
2021-06-25,1775.06,1790.28,1773.56,1780.86,86020.0,10,0.0
2021-06-28,1781.07,1785.65,1770.55,1778.94,92484.0,11,0.0
2021-06-29,1777.76,1778.87,1750.49,1760.94,104593.0,10,0.0
2021-06-30,1761.06,1774.28,1753.18,1769.55,107407.0,11,0.0
2021-07-01,1769.36,1782.8,1765.5,1776.41,98488.0,10,0.0
2021-07-02,1776.36,1795.05,1774.2,1787.07,101104.0,10,0.0
2021-07-05,1786.96,1794.52,1784.42,1791.75,48915.0,10,0.0
2021-07-06,1792.21,1815.06,1790.0,1796.98,111009.0,10,0.0
2021-07-07,1796.08,1809.78,1793.82,1803.59,102961.0,10,0.0
2021-07-08,1802.71,1818.36,1793.97,1802.3,117097.0,10,0.0
2021-07-09,1802.31,1812.35,1796.49,1807.77,93492.0,11,0.0
2021-07-12,1806.93,1810.85,1791.46,1806.21,83014.0,10,0.0
2021-07-13,1805.42,1817.26,1798.53,1807.14,99463.0,10,0.0
2021-07-14,1807.42,1829.86,1804.45,1828.12,98509.0,10,0.0
2021-07-15,1827.15,1834.2,1820.21,1829.43,95041.0,11,0.0
2021-07-16,1829.15,1832.05,1808.89,1811.1,99537.0,10,0.0
2021-07-19,1810.66,1817.19,1794.96,1812.87,121144.0,10,0.0
2021-07-20,1812.37,1825.03,1804.97,1810.14,108282.0,10,0.0
2021-07-21,1810.17,1813.64,1794.51,1803.36,97941.0,11,0.0
2021-07-22,1803.06,1808.02,1792.56,1806.5,93819.0,10,0.0
2021-07-23,1806.82,1810.36,1789.18,1801.68,87276.0,11,0.0
2021-07-26,1802.02,1811.51,1796.27,1797.56,87942.0,11,0.0
2021-07-27,1797.44,1805.25,1793.48,1798.53,85570.0,10,0.0
2021-07-28,1798.2,1809.8,1792.22,1807.06,95290.0,10,0.0
2021-07-29,1806.51,1832.81,1806.51,1827.87,96806.0,10,0.0
2021-07-30,1827.68,1831.44,1810.0,1814.2,73912.0,10,0.0
2021-08-02,1813.72,1819.54,1805.57,1813.12,85688.0,10,0.0
2021-08-03,1812.98,1814.91,1806.95,1810.07,64203.0,12,0.0
2021-08-04,1810.16,1831.87,1806.3,1811.48,87160.0,11,0.0
2021-08-05,1811.66,1814.77,1797.4,1803.65,73802.0,14,0.0
2021-08-06,1804.25,1804.65,1758.53,1762.97,89982.0,15,0.0
2021-08-09,1762.32,1764.5,1686.76,1729.64,127107.0,15,0.0
2021-08-10,1728.37,1738.22,1717.62,1728.61,86080.0,16,0.0
2021-08-11,1728.86,1754.55,1724.02,1751.41,93687.0,15,0.0
2021-08-12,1749.02,1758.13,1741.44,1752.83,77665.0,15,0.0
2021-08-13,1751.99,1779.87,1751.64,1779.51,73032.0,16,0.0
2021-08-16,1779.42,1789.31,1770.8,1787.24,82257.0,15,0.0
2021-08-17,1784.14,1795.65,1780.39,1785.82,90860.0,15,0.0
2021-08-18,1785.46,1793.75,1777.24,1787.65,90921.0,16,0.0
2021-08-19,1787.5,1792.44,1774.32,1780.1,106688.0,13,0.0
2021-08-20,1780.01,1788.39,1778.28,1780.89,78658.0,16,0.0
2021-08-23,1781.24,1806.37,1776.36,1805.07,82691.0,13,0.0
2021-08-24,1804.95,1809.61,1800.68,1802.85,70216.0,14,0.0
2021-08-25,1802.59,1803.09,1782.34,1790.25,80042.0,14,0.0
2021-08-26,1790.37,1798.23,1779.95,1791.62,81774.0,14,0.0
2021-08-27,1792.03,1819.18,1783.97,1817.78,97299.0,13,0.0
2021-08-30,1817.95,1823.29,1807.6,1810.11,68276.0,13,0.0
2021-08-31,1809.62,1819.09,1801.59,1814.26,85884.0,13,0.0
2021-09-01,1813.66,1820.06,1808.6,1813.74,71938.0,13,0.0
2021-09-02,1813.26,1817.17,1804.69,1809.43,55741.0,13,0.0
2021-09-03,1809.0,1834.04,1808.81,1827.53,72625.0,13,0.0
2021-09-06,1827.92,1830.25,1821.28,1823.08,33945.0,14,0.0
2021-09-07,1822.92,1827.27,1792.1,1793.72,77026.0,13,0.0
2021-09-08,1793.73,1802.09,1782.23,1789.24,73338.0,13,0.0
2021-09-09,1789.04,1800.97,1783.73,1794.32,77372.0,14,0.0
2021-09-10,1792.96,1803.78,1787.06,1787.48,65837.0,14,0.0
2021-09-13,1787.65,1798.37,1783.52,1793.32,64042.0,13,0.0
2021-09-14,1793.29,1808.75,1779.48,1804.73,79403.0,14,0.0
2021-09-15,1804.14,1806.89,1790.5,1793.53,67989.0,15,0.0
2021-09-16,1793.63,1796.05,1745.08,1752.43,90838.0,14,0.0
2021-09-17,1753.3,1767.33,1747.16,1753.8,81651.0,13,0.0
2021-09-20,1753.82,1766.98,1741.89,1764.73,78396.0,13,0.0
2021-09-21,1764.22,1781.78,1757.76,1773.83,75098.0,13,0.0
2021-09-22,1773.88,1787.17,1764.52,1767.91,96018.0,13,0.0
2021-09-23,1768.13,1776.54,1737.43,1742.25,95023.0,13,0.0
2021-09-24,1743.06,1757.46,1740.26,1749.99,73354.0,14,0.0
2021-09-27,1749.99,1760.71,1744.7,1750.05,67224.0,15,0.0
2021-09-28,1749.64,1754.32,1727.83,1733.48,106744.0,13,0.0
2021-09-29,1733.74,1745.42,1721.52,1726.42,84702.0,13,0.0
2021-09-30,1726.18,1764.07,1722.08,1757.14,89099.0,13,0.0
2021-10-01,1756.14,1764.18,1749.54,1760.05,95167.0,13,0.0
2021-10-04,1761.66,1770.46,1747.62,1769.26,81684.0,14,0.0
2021-10-05,1769.54,1769.93,1748.48,1759.76,71413.0,14,0.0
2021-10-06,1759.3,1765.0,1745.82,1762.82,81696.0,13,0.0
2021-10-07,1762.14,1766.88,1751.82,1754.75,63351.0,13,0.0
2021-10-08,1755.78,1781.2,1753.16,1756.86,89951.0,13,0.0
2021-10-11,1757.41,1760.86,1750.0,1753.95,57988.0,14,0.0
2021-10-12,1753.44,1769.21,1750.74,1760.03,83642.0,14,0.0
2021-10-13,1759.84,1796.04,1757.76,1792.62,91850.0,13,0.0
2021-10-14,1792.34,1800.42,1786.47,1795.84,69398.0,13,0.0
2021-10-15,1795.38,1796.36,1764.7,1767.24,68844.0,13,0.0
2021-10-18,1767.26,1772.05,1760.26,1764.4,79491.0,13,0.0
2021-10-19,1764.04,1785.0,1762.74,1768.8,72697.0,15,0.0
2021-10-20,1768.54,1788.3,1766.71,1781.94,89049.0,13,0.0
2021-10-21,1781.24,1789.4,1776.31,1783.14,84997.0,13,0.0
2021-10-22,1782.64,1813.64,1782.64,1792.34,93448.0,14,0.0
2021-10-25,1792.64,1809.97,1791.96,1807.32,72645.0,13,0.0
2021-10-26,1806.54,1808.21,1782.23,1792.93,73230.0,13,0.0
2021-10-27,1792.8,1798.99,1783.31,1796.89,83189.0,14,0.0
2021-10-28,1796.54,1810.34,1791.98,1798.76,94807.0,13,0.0
2021-10-29,1799.04,1801.0,1771.75,1782.74,105899.0,14,0.0
2021-11-01,1783.03,1795.71,1778.92,1793.09,65295.0,15,0.0
2021-11-02,1792.84,1796.31,1786.3,1787.73,66109.0,14,0.0
2021-11-03,1787.54,1788.07,1758.53,1769.69,90192.0,14,0.0
2021-11-04,1768.76,1798.86,1768.76,1791.56,77954.0,13,0.0
2021-11-05,1791.06,1818.16,1784.94,1817.67,86874.0,13,0.0
2021-11-08,1817.14,1826.28,1812.32,1824.0,69094.0,13,0.0
2021-11-09,1824.14,1832.54,1819.04,1831.59,74238.0,15,0.0
2021-11-10,1831.74,1868.46,1822.2,1848.77,95983.0,13,0.0
2021-11-11,1849.34,1865.93,1842.79,1861.71,69272.0,13,0.0
2021-11-12,1861.34,1868.56,1845.13,1864.14,76293.0,13,0.0
2021-11-15,1865.96,1870.39,1856.25,1862.65,61396.0,15,0.0
2021-11-16,1862.34,1877.01,1849.43,1849.94,79761.0,13,0.0
2021-11-17,1849.24,1868.03,1849.24,1867.29,60992.0,13,0.0
2021-11-18,1867.0,1870.84,1854.99,1858.66,57623.0,14,0.0
2021-11-19,1858.6,1865.66,1842.81,1845.34,74808.0,13,0.0
2021-11-22,1846.46,1848.96,1802.05,1804.6,84272.0,15,0.0
2021-11-23,1805.64,1812.34,1781.83,1789.06,82022.0,14,0.0
2021-11-24,1788.9,1796.24,1778.35,1788.59,62729.0,13,0.0
2021-11-25,1788.84,1794.97,1785.73,1788.17,27615.0,16,0.0
2021-11-26,1785.65,1815.46,1780.16,1790.45,76535.0,7,0.0
2021-11-29,1789.94,1799.3,1779.29,1784.88,74833.0,16,0.0
2021-11-30,1784.14,1808.62,1769.75,1774.36,99719.0,13,0.0
2021-12-01,1775.04,1794.35,1772.12,1781.77,88938.0,13,0.0
2021-12-02,1780.99,1783.25,1761.67,1768.44,75003.0,13,0.0
2021-12-03,1767.79,1786.01,1765.96,1783.74,70858.0,13,0.0
2021-12-06,1783.56,1787.62,1775.6,1778.22,53959.0,13,0.0
2021-12-07,1777.84,1787.76,1772.02,1783.98,46470.0,13,0.0
2021-12-08,1783.44,1793.03,1779.46,1782.36,53350.0,13,0.0
2021-12-09,1782.14,1787.5,1773.15,1775.0,52494.0,13,0.0
2021-12-10,1775.4,1789.34,1769.97,1782.68,53509.0,13,0.0
2021-12-13,1782.26,1791.46,1781.19,1786.83,38407.0,16,0.0
2021-12-14,1785.5,1789.44,1766.16,1770.28,45528.0,13,0.0
2021-12-15,1770.73,1780.77,1752.95,1777.0,56605.0,17,0.0
2021-12-16,1775.83,1799.44,1775.42,1799.01,52872.0,15,0.0
2021-12-17,1799.8,1814.23,1795.79,1797.8,47787.0,15,0.0
2021-12-20,1799.6,1804.04,1788.27,1790.26,49536.0,15,0.0
2021-12-21,1789.9,1800.41,1784.84,1788.68,45530.0,16,0.0
2021-12-22,1788.7,1804.95,1785.8,1803.51,48235.0,15,0.0
2021-12-23,1803.58,1810.69,1798.61,1807.77,46944.0,15,0.0
2021-12-27,1808.48,1813.72,1802.93,1811.88,45558.0,4,0.0
2021-12-28,1811.2,1820.22,1805.0,1806.17,46667.0,5,0.0
2021-12-29,1804.98,1807.63,1789.25,1803.92,55922.0,4,0.0
2021-12-30,1804.4,1817.13,1796.16,1814.96,51460.0,5,0.0
2021-12-31,1815.21,1830.38,1814.14,1828.62,55346.0,4,0.0
2022-01-03,1828.38,1831.63,1798.44,1801.28,58726.0,4,0.0
2022-01-04,1801.14,1816.82,1798.54,1814.39,65323.0,7,0.0
2022-01-05,1814.55,1829.72,1808.32,1810.65,60714.0,30,0.0
2022-01-06,1810.17,1811.54,1786.35,1789.66,78961.0,14,0.0
2022-01-07,1790.79,1798.55,1782.54,1796.27,64993.0,0,0.0
2022-01-10,1794.32,1802.33,1790.27,1801.66,61132.0,4,0.0
2022-01-11,1801.19,1823.37,1800.03,1821.5,62864.0,30,0.0
2022-01-12,1821.08,1828.18,1814.77,1826.21,60384.0,0,0.0
2022-01-13,1825.69,1828.27,1812.41,1822.72,62948.0,33,0.0
2022-01-14,1822.35,1829.27,1814.76,1817.63,68366.0,33,0.0
2022-01-17,1819.17,1823.3,1813.18,1818.78,36387.0,16,0.0
2022-01-18,1818.06,1822.88,1805.62,1813.68,79184.0,0,0.0
2022-01-19,1811.59,1843.92,1810.21,1841.25,72301.0,0,0.0
2022-01-20,1840.34,1848.37,1836.41,1840.04,78307.0,7,0.0
2022-01-21,1840.28,1843.58,1828.79,1834.68,83672.0,4,0.0
2022-01-24,1834.53,1844.69,1829.94,1843.58,85290.0,15,0.0
2022-01-25,1842.2,1854.42,1835.31,1848.26,73726.0,0,0.0
2022-01-26,1847.63,1850.6,1814.89,1818.82,80147.0,6,0.0
2022-01-27,1819.33,1822.06,1791.43,1796.34,92087.0,0,0.0
2022-01-28,1796.87,1799.08,1779.64,1791.23,77803.0,17,0.0
2022-01-31,1790.1,1799.59,1785.16,1796.69,62818.0,18,0.0
2022-02-01,1796.83,1808.7,1795.48,1800.74,63764.0,43,0.0
2022-02-02,1800.7,1810.76,1794.08,1806.84,55173.0,43,0.0
2022-02-03,1806.18,1808.88,1788.33,1804.71,65371.0,0,0.0
2022-02-04,1804.34,1814.92,1791.96,1807.78,65236.0,13,0.0
2022-02-07,1806.63,1823.87,1806.53,1820.82,71668.0,43,0.0
2022-02-08,1820.4,1829.23,1815.7,1826.49,64489.0,19,0.0
2022-02-09,1826.45,1836.33,1825.14,1833.42,61895.0,43,0.0
2022-02-10,1833.49,1842.61,1822.32,1827.42,88136.0,39,0.0
2022-02-11,1827.31,1865.89,1821.42,1859.21,105926.0,41,0.0
2022-02-14,1859.71,1874.41,1851.07,1872.03,109958.0,20,0.0
2022-02-15,1871.83,1879.83,1844.67,1853.45,95017.0,20,0.0
2022-02-16,1853.29,1872.88,1850.46,1869.26,79290.0,14,0.0
2022-02-17,1869.31,1901.48,1868.16,1898.71,101967.0,0,0.0
2022-02-18,1898.52,1902.84,1886.87,1897.65,89517.0,18,0.0
2022-02-21,1900.5,1908.61,1887.74,1904.32,63902.0,0,0.0
2022-02-22,1905.78,1914.29,1891.63,1898.7,114469.0,0,0.0
2022-02-23,1898.08,1910.83,1889.81,1908.42,81357.0,16,0.0
2022-02-24,1908.44,1974.52,1878.29,1903.81,156565.0,6,0.0
2022-02-25,1903.01,1921.52,1883.17,1888.32,117079.0,9,0.0
2022-02-28,1916.85,1928.31,1890.98,1908.36,114001.0,7,0.0
2022-03-01,1907.38,1950.29,1901.44,1945.22,110804.0,6,0.0
2022-03-02,1944.75,1948.02,1913.93,1927.71,142627.0,0,0.0
2022-03-03,1928.09,1941.29,1922.08,1936.64,159873.0,18,0.0
2022-03-04,1936.38,1970.41,1929.72,1969.91,195977.0,18,0.0
2022-03-07,1971.32,2002.75,1961.16,1997.34,226898.0,18,0.0
2022-03-08,1996.29,2070.48,1981.15,2050.27,240963.0,18,0.0
2022-03-09,2050.0,2059.24,1976.0,1992.48,174347.0,0,0.0
2022-03-10,1986.26,2009.17,1970.68,1996.11,135488.0,18,0.0
2022-03-11,1992.73,1999.01,1958.64,1985.28,123163.0,18,0.0
2022-03-14,1984.5,1989.85,1949.63,1951.4,130744.0,18,0.0
2022-03-15,1951.18,1954.55,1906.99,1917.52,148199.0,18,0.0
2022-03-16,1917.54,1929.48,1894.96,1924.92,141257.0,18,0.0
2022-03-17,1925.5,1949.85,1923.2,1942.58,118815.0,18,0.0
2022-03-18,1942.22,1945.2,1917.86,1920.79,111945.0,18,0.0
2022-03-21,1921.03,1940.94,1918.15,1934.87,108176.0,18,0.0
2022-03-22,1934.97,1938.54,1910.63,1921.33,114178.0,18,0.0
2022-03-23,1920.63,1948.51,1915.32,1945.06,103697.0,18,0.0
2022-03-24,1944.22,1966.2,1937.49,1957.0,119219.0,18,0.0
2022-03-25,1956.97,1964.33,1943.12,1957.24,119375.0,18,0.0
2022-03-28,1954.82,1958.9,1916.88,1921.83,158051.0,18,0.0
2022-03-29,1921.96,1929.29,1890.05,1919.32,159971.0,18,0.0
2022-03-30,1919.14,1938.63,1915.89,1933.15,121282.0,18,0.0
2022-03-31,1932.65,1950.0,1919.08,1937.01,126181.0,18,0.0
2022-04-01,1936.87,1939.56,1918.0,1924.14,131910.0,18,0.0
2022-04-04,1921.95,1936.88,1915.36,1932.81,112011.0,18,0.0
2022-04-05,1932.76,1944.73,1917.99,1923.58,119015.0,18,0.0
2022-04-06,1923.6,1933.57,1915.1,1925.6,141681.0,18,0.0
2022-04-07,1924.89,1937.87,1920.46,1931.4,113028.0,18,0.0
2022-04-08,1930.98,1948.36,1927.61,1946.54,90701.0,18,0.0
2022-04-11,1946.58,1970.12,1940.02,1954.91,111783.0,18,0.0
2022-04-12,1953.37,1978.8,1949.28,1966.36,100492.0,18,0.0
2022-04-13,1966.58,1981.76,1962.89,1977.93,91309.0,18,0.0
2022-04-14,1977.85,1980.5,1960.37,1973.26,88465.0,18,0.0
2022-04-18,1972.84,1998.7,1969.66,1978.77,70525.0,18,0.0
2022-04-19,1977.44,1981.83,1943.54,1948.95,66049.0,18,0.0
2022-04-20,1949.71,1959.12,1938.93,1958.33,70892.0,18,0.0
2022-04-21,1957.9,1958.2,1935.87,1950.87,66701.0,18,0.0
2022-04-22,1950.11,1955.97,1925.77,1931.48,79912.0,18,0.0
2022-04-25,1927.71,1933.72,1890.97,1897.54,151055.0,18,0.0
2022-04-26,1896.21,1911.21,1895.54,1905.97,133529.0,18,0.0
2022-04-27,1902.95,1906.94,1881.11,1885.56,125364.0,18,0.0
2022-04-28,1885.61,1896.72,1871.51,1894.17,106908.0,18,0.0
2022-04-29,1893.19,1919.93,1892.54,1896.34,100049.0,18,0.0
2022-05-02,1895.85,1899.85,1854.2,1863.02,94408.0,18,0.0
2022-05-03,1862.5,1878.23,1850.58,1868.18,89658.0,18,0.0
2022-05-04,1866.96,1889.75,1861.5,1881.78,83943.0,18,0.0
2022-05-05,1882.33,1909.85,1872.32,1877.07,122553.0,18,0.0
2022-05-06,1875.56,1892.51,1865.82,1882.37,109000.0,18,0.0
2022-05-09,1882.76,1885.61,1851.43,1853.93,119867.0,18,0.0
2022-05-10,1852.4,1865.29,1835.34,1838.12,116160.0,18,0.0
2022-05-11,1837.01,1858.14,1831.89,1852.28,110717.0,18,0.0
2022-05-12,1851.92,1858.77,1821.3,1821.72,121628.0,18,0.0
2022-05-13,1821.37,1828.66,1798.94,1811.62,100188.0,18,0.0
2022-05-16,1808.65,1826.88,1786.65,1824.81,84532.0,18,0.0
2022-05-17,1823.68,1836.11,1812.8,1814.43,88180.0,18,0.0
2022-05-18,1813.08,1824.69,1807.12,1817.37,86005.0,18,0.0
2022-05-19,1814.81,1849.23,1810.84,1841.21,101068.0,18,0.0
2022-05-20,1839.83,1849.49,1832.31,1845.7,84096.0,18,0.0
2022-05-23,1843.78,1865.48,1843.35,1853.59,82202.0,18,0.0
2022-05-24,1852.25,1869.75,1849.25,1866.16,63931.0,18,0.0
2022-05-25,1864.44,1868.13,1841.18,1853.73,68514.0,18,0.0
2022-05-26,1852.09,1854.28,1840.36,1850.78,76573.0,18,0.0
2022-05-27,1848.64,1862.03,1847.89,1853.06,68960.0,18,0.0
2022-05-30,1850.19,1864.2,1848.06,1856.48,45110.0,18,0.0
2022-05-31,1855.29,1857.29,1834.96,1838.05,98889.0,18,0.0
2022-06-01,1836.53,1850.13,1828.26,1846.66,97081.0,18,0.0
2022-06-02,1846.0,1870.76,1844.11,1868.68,77833.0,18,0.0
2022-06-03,1868.81,1874.31,1847.27,1851.08,80304.0,18,0.0
2022-06-06,1847.97,1857.82,1840.51,1842.06,82682.0,18,0.0
2022-06-07,1840.38,1855.59,1836.9,1852.01,85703.0,18,0.0
2022-06-08,1851.88,1859.72,1844.51,1852.88,74720.0,18,0.0
2022-06-09,1852.05,1855.42,1839.91,1847.91,91719.0,18,0.0
2022-06-10,1847.64,1876.11,1824.72,1871.74,123198.0,18,0.0
2022-06-13,1873.84,1879.25,1818.91,1818.92,175312.0,18,0.0
2022-06-14,1819.23,1831.53,1804.89,1809.13,157919.0,18,0.0
2022-06-15,1806.53,1841.92,1806.53,1833.7,177613.0,18,0.0
2022-06-16,1831.38,1857.36,1815.01,1856.51,163224.0,18,0.0
2022-06-17,1856.56,1857.08,1833.84,1840.28,140120.0,18,0.0
2022-06-20,1837.72,1846.14,1834.66,1835.78,67293.0,0,0.0
2022-06-21,1835.64,1843.6,1828.48,1833.32,85463.0,18,0.0
2022-06-22,1831.89,1847.89,1823.22,1838.28,106842.0,18,0.0
2022-06-23,1836.65,1846.09,1822.37,1823.1,104988.0,18,0.0
2022-06-24,1822.63,1831.66,1816.65,1827.25,109523.0,0,0.0
2022-06-27,1837.09,1841.11,1820.76,1822.74,93065.0,18,0.0
2022-06-28,1821.52,1829.49,1818.39,1820.61,80557.0,18,0.0
2022-06-29,1818.88,1833.1,1812.03,1818.24,84437.0,18,0.0
2022-06-30,1817.23,1825.01,1802.71,1807.15,102220.0,4,0.0
2022-07-01,1806.75,1809.29,1784.49,1808.45,118734.0,18,0.0
2022-07-04,1811.52,1814.33,1803.95,1807.14,53519.0,18,0.0
2022-07-05,1807.17,1812.16,1763.89,1765.99,120737.0,18,0.0
2022-07-06,1762.48,1772.88,1732.24,1739.04,129395.0,18,0.0
2022-07-07,1738.38,1749.11,1736.48,1740.01,95742.0,18,0.0
2022-07-08,1739.98,1752.38,1727.78,1742.6,99277.0,18,0.0
2022-07-11,1742.33,1744.64,1731.3,1734.08,92758.0,18,0.0
2022-07-12,1733.03,1744.25,1723.15,1726.32,106928.0,18,0.0
2022-07-13,1725.16,1745.42,1707.16,1735.53,132139.0,18,0.0
2022-07-14,1734.24,1736.3,1697.57,1710.63,138707.0,18,0.0
2022-07-15,1709.66,1716.56,1699.01,1707.03,110079.0,18,0.0
2022-07-18,1707.29,1723.9,1705.9,1708.97,99541.0,18,0.0
2022-07-19,1709.16,1718.47,1705.26,1711.24,90083.0,18,0.0
2022-07-20,1711.04,1714.38,1692.36,1696.62,93393.0,18,0.0
2022-07-21,1695.57,1720.27,1680.86,1720.16,104772.0,18,0.0
2022-07-22,1717.43,1739.28,1712.84,1726.99,104307.0,18,0.0
2022-07-25,1727.45,1736.25,1714.77,1719.59,99443.0,18,0.0
2022-07-26,1718.95,1728.22,1713.63,1717.27,85963.0,18,0.0
2022-07-27,1716.44,1740.17,1711.44,1734.67,94800.0,18,0.0
2022-07-28,1733.48,1757.09,1733.46,1756.37,120158.0,18,0.0
2022-07-29,1755.9,1767.9,1751.98,1766.0,115346.0,18,0.0
2022-08-01,1763.68,1775.39,1758.29,1772.05,109931.0,18,0.0
2022-08-02,1771.11,1788.0,1760.5,1761.39,116895.0,18,0.0
2022-08-03,1760.57,1772.77,1754.28,1765.9,96944.0,18,0.0
2022-08-04,1765.6,1794.93,1763.21,1791.18,83393.0,18,0.0
2022-08-05,1790.84,1794.85,1764.94,1775.33,105670.0,18,0.0
2022-08-08,1773.52,1790.03,1770.5,1789.46,76558.0,18,0.0
2022-08-09,1788.31,1800.4,1783.28,1794.25,69280.0,18,0.0
2022-08-10,1794.09,1807.87,1787.3,1791.99,92887.0,18,0.0
2022-08-11,1791.65,1798.54,1782.9,1788.99,90715.0,18,0.0
2022-08-12,1788.58,1802.14,1784.9,1801.74,82664.0,18,0.0
2022-08-15,1800.56,1802.23,1772.85,1778.68,86508.0,18,0.0
2022-08-16,1779.04,1783.06,1770.28,1774.69,72917.0,18,0.0
2022-08-17,1774.45,1781.12,1759.48,1761.99,97007.0,18,0.0
2022-08-18,1761.07,1772.07,1755.0,1758.39,83196.0,18,0.0
2022-08-19,1758.57,1759.03,1745.27,1746.89,83911.0,18,0.0
2022-08-22,1746.04,1748.76,1727.45,1735.45,97578.0,18,0.0
2022-08-23,1735.68,1753.84,1730.53,1748.07,90584.0,18,0.0
2022-08-24,1747.72,1755.71,1742.18,1751.86,84105.0,18,0.0
2022-08-25,1750.53,1765.18,1749.62,1758.03,78782.0,18,0.0
2022-08-26,1757.75,1758.58,1733.84,1737.99,94795.0,18,0.0
2022-08-29,1734.93,1745.17,1720.02,1737.53,96388.0,18,0.0
2022-08-30,1736.63,1740.16,1720.86,1724.17,93149.0,18,0.0
2022-08-31,1723.1,1726.25,1709.31,1710.26,100155.0,18,0.0
2022-09-01,1710.48,1711.08,1688.48,1697.01,106377.0,18,0.0
2022-09-02,1696.17,1717.67,1694.68,1711.73,93793.0,18,0.0
2022-09-05,1712.2,1715.49,1707.39,1711.84,52377.0,18,0.0
2022-09-06,1708.58,1726.43,1699.49,1701.27,105581.0,18,0.0
2022-09-07,1701.4,1718.92,1691.07,1718.68,111234.0,18,0.0
2022-09-08,1717.49,1727.87,1703.66,1708.51,120926.0,18,0.0
2022-09-09,1708.03,1729.15,1707.89,1717.18,104777.0,18,0.0
2022-09-12,1715.65,1734.79,1711.57,1724.4,106881.0,18,0.0
2022-09-13,1724.37,1731.5,1696.75,1701.99,117389.0,18,0.0
2022-09-14,1700.97,1706.76,1693.31,1696.69,109823.0,18,0.0
2022-09-15,1696.6,1697.91,1660.05,1663.95,103787.0,18,0.0
2022-09-16,1663.86,1679.99,1653.8,1675.37,94561.0,18,0.0
2022-09-19,1674.6,1679.62,1659.32,1675.21,93669.0,18,0.0
2022-09-20,1675.4,1679.13,1659.67,1664.57,100947.0,18,0.0
2022-09-21,1664.26,1687.67,1653.47,1673.82,126193.0,18,0.0
2022-09-22,1672.09,1684.59,1655.28,1671.29,149899.0,18,0.0
2022-09-23,1670.67,1675.57,1639.42,1644.94,142792.0,18,0.0
2022-09-26,1643.31,1649.46,1620.83,1623.5,163811.0,18,0.0
2022-09-27,1621.01,1642.14,1620.52,1629.11,137282.0,18,0.0
2022-09-28,1628.27,1662.48,1614.48,1659.69,158438.0,18,0.0
2022-09-29,1659.56,1664.58,1641.18,1660.1,150715.0,18,0.0
2022-09-30,1660.36,1675.09,1658.95,1660.57,130458.0,18,0.0
2022-10-03,1660.07,1701.15,1659.36,1698.82,122928.0,18,0.0
2022-10-04,1698.6,1729.16,1694.86,1725.68,130878.0,18,0.0
2022-10-05,1724.89,1727.46,1700.15,1716.37,124392.0,18,0.0
2022-10-06,1715.76,1725.22,1706.58,1712.44,118506.0,18,0.0
2022-10-07,1711.48,1714.53,1690.27,1694.43,119622.0,18,0.0
2022-10-10,1695.34,1699.55,1665.38,1667.95,111043.0,18,0.0
2022-10-11,1667.71,1683.6,1660.68,1665.97,132106.0,18,0.0
2022-10-12,1665.57,1678.0,1661.03,1672.78,124474.0,18,0.0
2022-10-13,1672.71,1682.12,1642.08,1665.61,151015.0,18,0.0
2022-10-14,1665.73,1671.49,1639.91,1644.19,148919.0,18,0.0
2022-10-17,1643.4,1668.15,1642.68,1650.28,117046.0,18,0.0
2022-10-18,1649.59,1660.52,1645.53,1651.15,118169.0,18,0.0
2022-10-19,1651.36,1654.12,1627.39,1628.57,118183.0,18,0.0
2022-10-20,1629.18,1645.35,1622.16,1627.75,126493.0,18,0.0
2022-10-21,1627.11,1657.57,1616.89,1656.66,172826.0,18,0.0
2022-10-24,1657.32,1670.56,1643.63,1649.17,158067.0,18,0.0
2022-10-25,1649.58,1662.03,1637.9,1652.85,126825.0,18,0.0
2022-10-26,1652.8,1674.69,1649.39,1663.93,139786.0,18,0.0
2022-10-27,1663.78,1670.43,1654.56,1662.41,148474.0,18,0.0
2022-10-28,1662.3,1666.71,1637.66,1644.97,149610.0,18,0.0
2022-10-31,1642.97,1645.32,1631.45,1633.36,118185.0,18,0.0
2022-11-01,1632.36,1656.72,1630.31,1647.42,149475.0,18,0.0
2022-11-02,1647.78,1669.25,1634.26,1634.77,147981.0,18,0.0
2022-11-03,1635.63,1640.67,1616.3,1629.1,150419.0,18,0.0
2022-11-04,1628.26,1681.4,1628.26,1680.31,170363.0,18,0.0
2022-11-07,1674.26,1681.6,1666.55,1674.91,152526.0,18,0.0
2022-11-08,1672.96,1716.6,1664.36,1712.16,138988.0,18,0.0
2022-11-09,1710.7,1722.08,1701.82,1706.77,156092.0,18,0.0
2022-11-10,1705.51,1756.93,1703.55,1754.56,173724.0,18,0.0
2022-11-11,1754.31,1772.4,1746.93,1769.66,158921.0,18,0.0
2022-11-14,1765.62,1774.78,1752.99,1771.36,133090.0,18,0.0
2022-11-15,1770.0,1786.21,1766.77,1778.08,175287.0,18,0.0
2022-11-16,1777.94,1784.74,1769.96,1773.09,144349.0,18,0.0
2022-11-17,1771.4,1774.42,1754.18,1760.38,130774.0,18,0.0
2022-11-18,1760.1,1767.44,1747.21,1750.01,122375.0,18,0.0
2022-11-21,1748.72,1752.68,1732.25,1738.14,123988.0,18,0.0
2022-11-22,1737.69,1749.49,1736.72,1739.71,107017.0,18,0.0
2022-11-23,1739.3,1753.13,1719.17,1749.15,118335.0,18,0.0
2022-11-24,1748.37,1758.39,1748.37,1754.69,72560.0,18,0.0
2022-11-25,1754.8,1760.85,1745.66,1755.86,92483.0,18,0.0
2022-11-28,1753.92,1763.41,1739.31,1740.96,120837.0,18,0.0
2022-11-29,1739.43,1758.74,1739.22,1749.53,124910.0,18,0.0
2022-11-30,1748.53,1769.74,1744.53,1768.02,140399.0,18,0.0
2022-12-01,1767.84,1803.71,1767.84,1802.87,156587.0,18,0.0
2022-12-02,1802.02,1804.1,1778.17,1798.33,137467.0,3,0.0
2022-12-05,1796.09,1809.82,1765.54,1768.34,141329.0,18,0.0
2022-12-06,1767.4,1780.58,1766.97,1770.84,114955.0,18,0.0
2022-12-07,1770.13,1790.23,1768.41,1786.05,127498.0,18,0.0
2022-12-08,1785.3,1794.47,1781.09,1789.22,94070.0,18,0.0
2022-12-09,1788.98,1805.73,1788.09,1796.35,78661.0,18,0.0
2022-12-12,1795.69,1795.85,1777.17,1781.22,69909.0,18,0.0
2022-12-13,1779.35,1824.14,1779.35,1810.19,104980.0,18,0.0
2022-12-14,1809.65,1813.64,1794.69,1806.97,99446.0,18,0.0
2022-12-15,1806.35,1808.22,1772.95,1776.36,104909.0,18,0.0
2022-12-16,1775.75,1794.0,1773.74,1792.67,103441.0,18,0.0
2022-12-19,1790.19,1798.5,1783.48,1787.23,104683.0,18,0.0
2022-12-20,1786.76,1820.92,1784.28,1817.75,160143.0,18,0.0
2022-12-21,1817.52,1823.53,1811.57,1814.06,120279.0,18,0.0
2022-12-22,1813.34,1820.12,1784.57,1792.43,124349.0,18,0.0
2022-12-23,1792.13,1802.98,1790.88,1797.75,107045.0,18,0.0
2022-12-27,1799.3,1833.02,1799.08,1813.88,107324.0,18,0.0
2022-12-28,1812.95,1814.22,1796.73,1803.82,104580.0,18,0.0
2022-12-29,1803.42,1819.89,1803.39,1814.67,105888.0,18,0.0
2022-12-30,1813.81,1825.83,1813.13,1824.01,111081.0,18,0.0
2023-01-03,1826.18,1849.69,1823.41,1839.2,155389.0,18,0.0
2023-01-04,1836.82,1864.73,1834.84,1854.12,154521.0,18,0.0
2023-01-05,1853.76,1858.75,1824.78,1832.73,152833.0,18,0.0
2023-01-06,1829.29,1869.6,1829.29,1866.2,146778.0,18,0.0
2023-01-09,1867.27,1881.18,1864.94,1871.29,145679.0,18,0.0
2023-01-10,1870.71,1880.41,1867.5,1876.88,136271.0,18,0.0
2023-01-11,1875.86,1886.33,1866.79,1875.59,129562.0,18,0.0
2023-01-12,1874.62,1901.34,1868.57,1897.0,160140.0,18,0.0
2023-01-13,1894.86,1921.66,1891.99,1920.24,150730.0,18,0.0
2023-01-16,1919.66,1928.62,1910.55,1913.98,81507.0,18,0.0
2023-01-17,1914.39,1918.66,1903.41,1908.06,114949.0,18,0.0
2023-01-18,1907.96,1925.66,1896.27,1903.82,139235.0,18,0.0
2023-01-19,1904.08,1934.86,1900.63,1931.33,121856.0,18,0.0
2023-01-20,1931.69,1937.18,1920.31,1926.51,102868.0,18,0.0
2023-01-23,1925.82,1935.22,1911.05,1931.21,101594.0,18,0.0
2023-01-24,1930.37,1942.16,1916.85,1936.98,103305.0,18,0.0
2023-01-25,1936.42,1947.7,1919.53,1945.96,103324.0,18,0.0
2023-01-26,1946.35,1948.75,1918.27,1928.72,117743.0,18,0.0
2023-01-27,1928.07,1934.64,1916.31,1928.28,91480.0,18,0.0
2023-01-30,1927.64,1934.05,1920.33,1922.72,97547.0,18,0.0
2023-01-31,1921.35,1930.81,1900.44,1927.67,106064.0,18,0.0
2023-02-01,1927.82,1954.23,1920.2,1949.77,102546.0,18,0.0
2023-02-02,1949.98,1959.33,1910.93,1912.14,123500.0,18,0.0
2023-02-03,1911.53,1918.17,1861.02,1865.39,123768.0,18,0.0
2023-02-06,1863.93,1880.96,1859.43,1867.24,100765.0,18,0.0
2023-02-07,1866.7,1884.14,1864.63,1871.74,120957.0,18,0.0
2023-02-08,1872.08,1886.11,1868.73,1875.42,100586.0,18,0.0
2023-02-09,1874.54,1889.88,1858.54,1860.84,108383.0,18,0.0
2023-02-10,1861.08,1871.79,1852.38,1864.95,108241.0,18,0.0
2023-02-13,1863.39,1866.14,1850.11,1853.46,92081.0,18,0.0
2023-02-14,1853.04,1870.33,1842.88,1854.0,115810.0,18,0.0
2023-02-15,1853.74,1859.9,1829.71,1835.78,101599.0,18,0.0
2023-02-16,1835.28,1844.93,1827.22,1835.88,97748.0,18,0.0
2023-02-17,1836.19,1843.21,1818.56,1841.75,96016.0,18,0.0
2023-02-20,1840.68,1847.23,1836.96,1840.27,50145.0,18,0.0
2023-02-21,1840.34,1843.53,1829.87,1834.56,97976.0,18,0.0
2023-02-22,1833.86,1845.68,1823.17,1824.82,90677.0,18,0.0
2023-02-23,1824.9,1833.38,1817.07,1821.85,89667.0,18,0.0
2023-02-24,1819.68,1827.41,1808.55,1810.79,94446.0,18,0.0
2023-02-27,1810.06,1819.81,1806.21,1816.9,91656.0,18,0.0
2023-02-28,1815.72,1830.8,1804.35,1826.8,94988.0,18,0.0
2023-03-01,1826.17,1844.26,1822.67,1836.33,108209.0,18,0.0
2023-03-02,1836.18,1838.65,1829.61,1835.65,96111.0,18,0.0
2023-03-03,1835.48,1856.0,1835.28,1854.35,83710.0,18,0.0
2023-03-06,1853.87,1857.96,1844.74,1846.68,74987.0,18,0.0
2023-03-07,1845.98,1851.25,1812.35,1813.13,96615.0,18,0.0
2023-03-08,1812.98,1823.91,1809.03,1813.19,87073.0,18,0.0
2023-03-09,1812.88,1835.24,1811.55,1830.58,84994.0,18,0.0
2023-03-10,1830.58,1869.84,1827.34,1867.13,131543.0,18,0.0
2023-03-13,1884.59,1914.26,1871.12,1913.48,187715.0,18,0.0
2023-03-14,1911.59,1913.74,1895.01,1903.24,128750.0,18,0.0
2023-03-15,1903.91,1937.07,1885.39,1917.69,183058.0,18,0.0
2023-03-16,1918.58,1933.2,1907.13,1919.44,149103.0,18,0.0
2023-03-17,1918.56,1987.4,1917.88,1985.71,152357.0,18,0.0
2023-03-20,1985.0,2009.39,1965.54,1978.48,164086.0,18,0.0
2023-03-21,1978.27,1984.8,1935.02,1940.03,134556.0,18,0.0
2023-03-22,1938.61,1974.92,1933.94,1967.68,80845.0,18,0.0
2023-03-23,1968.46,2002.94,1964.18,1992.72,126110.0,18,0.0
2023-03-24,1992.77,2002.62,1974.83,1977.18,114973.0,18,0.0
2023-03-27,1978.71,1979.87,1943.65,1955.82,120046.0,18,0.0
2023-03-28,1955.62,1974.91,1948.76,1973.45,100405.0,18,0.0
2023-03-29,1972.93,1974.02,1958.34,1964.27,87719.0,18,0.0
2023-03-30,1961.94,1983.92,1954.99,1979.67,98565.0,18,0.0
2023-03-31,1980.13,1987.23,1966.52,1968.93,99869.0,18,0.0
2023-04-03,1972.47,1990.16,1949.33,1983.77,111057.0,18,0.0
2023-04-04,1983.87,2024.63,1976.56,2020.13,101968.0,18,0.0
2023-04-05,2019.83,2031.73,2009.64,2019.92,102180.0,18,0.0
2023-04-06,2019.15,2021.03,2000.45,2007.09,105128.0,18,0.0
2023-04-10,2000.38,2005.93,1981.29,1990.88,86160.0,18,0.0
2023-04-11,1990.48,2007.13,1988.38,2002.97,86878.0,18,0.0
2023-04-12,2003.27,2027.98,2000.9,2014.42,124100.0,18,0.0
2023-04-13,2014.14,2048.34,2013.42,2040.35,107862.0,18,0.0
2023-04-14,2039.92,2047.08,1992.05,2004.27,127958.0,18,0.0
2023-04-17,1998.29,2014.71,1980.73,1994.62,109093.0,18,0.0
2023-04-18,1994.44,2011.54,1990.9,2004.33,90147.0,18,0.0
2023-04-19,2004.57,2007.78,1968.83,1994.53,114290.0,18,0.0
2023-04-20,1993.62,2012.02,1990.13,2004.37,102363.0,18,0.0
2023-04-21,2002.72,2005.18,1971.21,1982.34,110276.0,18,0.0
2023-04-24,1980.78,1990.5,1973.67,1988.53,101777.0,18,0.0
2023-04-25,1988.69,2003.62,1975.7,1996.17,119049.0,18,0.0
2023-04-26,1996.61,2008.97,1982.98,1988.68,121083.0,18,0.0
2023-04-27,1989.1,2003.07,1973.59,1987.28,112036.0,18,0.0
2023-04-28,1987.27,1994.66,1975.7,1989.33,130277.0,18,0.0
2023-05-01,1990.53,2005.63,1976.7,1982.07,78652.0,18,0.0
2023-05-02,1980.74,2019.03,1978.14,2016.33,108001.0,18,0.0
2023-05-03,2016.29,2039.07,2007.0,2038.67,121260.0,18,0.0
2023-05-04,2042.42,2081.2,2029.97,2050.07,175108.0,18,0.0
2023-05-05,2049.33,2052.63,1999.09,2015.43,118562.0,18,0.0
2023-05-08,2014.97,2029.33,2013.78,2020.93,84733.0,18,0.0
2023-05-09,2021.07,2037.23,2019.1,2034.06,91929.0,18,0.0
2023-05-10,2033.47,2047.8,2021.16,2029.6,108656.0,18,0.0
2023-05-11,2028.61,2040.83,2010.73,2014.71,134144.0,18,0.0
2023-05-12,2014.57,2022.24,2000.57,2010.42,99754.0,18,0.0
2023-05-15,2007.96,2021.81,2006.71,2015.6,85238.0,18,0.0
2023-05-16,2015.07,2017.92,1985.12,1988.3,99616.0,18,0.0
2023-05-17,1987.97,1992.67,1974.68,1981.56,97376.0,18,0.0
2023-05-18,1980.93,1985.65,1951.59,1957.0,110587.0,18,0.0
2023-05-19,1957.17,1983.83,1953.64,1977.23,101851.0,18,0.0
2023-05-22,1976.92,1982.23,1968.46,1971.38,106718.0,18,0.0
2023-05-23,1971.52,1977.47,1953.88,1974.87,116711.0,18,0.0
2023-05-24,1974.62,1984.85,1956.36,1957.33,117436.0,18,0.0
2023-05-25,1956.43,1964.41,1938.48,1940.19,123778.0,18,0.0
2023-05-26,1939.65,1956.89,1936.42,1946.18,112678.0,18,0.0
2023-05-29,1941.17,1949.33,1939.86,1943.81,52019.0,18,0.0
2023-05-30,1943.57,1963.15,1931.67,1959.51,124211.0,18,0.0
2023-05-31,1958.27,1974.4,1953.27,1962.78,97564.0,18,0.0
2023-06-01,1962.01,1982.79,1953.06,1977.5,123240.0,18,0.0
2023-06-02,1976.26,1983.11,1947.7,1947.98,121266.0,18,0.0
2023-06-05,1947.6,1963.71,1937.81,1961.34,109022.0,18,0.0
2023-06-06,1961.01,1966.11,1954.08,1962.72,108784.0,18,0.0
2023-06-07,1962.72,1969.88,1939.59,1939.71,124559.0,18,0.0
2023-06-08,1939.57,1970.2,1939.3,1965.08,119972.0,18,0.0
2023-06-09,1964.81,1972.73,1956.32,1960.25,106858.0,18,0.0
2023-06-12,1960.03,1966.98,1949.18,1956.9,107523.0,18,0.0
2023-06-13,1957.05,1970.95,1940.02,1942.94,115490.0,18,0.0
2023-06-14,1942.62,1960.36,1939.84,1939.85,114031.0,18,0.0
2023-06-15,1941.93,1960.26,1924.6,1958.0,131556.0,18,0.0
2023-06-16,1957.1,1967.91,1953.26,1957.36,118570.0,18,0.0
2023-06-19,1958.02,1958.76,1947.79,1950.44,63167.0,18,0.0
2023-06-20,1950.29,1956.78,1929.75,1935.58,115316.0,18,0.0
2023-06-21,1935.18,1939.45,1919.16,1932.32,117796.0,18,0.0
2023-06-22,1931.89,1934.95,1912.35,1913.18,102478.0,18,0.0
2023-06-23,1913.09,1937.41,1910.02,1921.33,108138.0,18,0.0
2023-06-26,1924.46,1933.34,1921.53,1923.08,100924.0,18,0.0
2023-06-27,1922.79,1930.68,1910.85,1913.04,105594.0,18,0.0
2023-06-28,1913.37,1917.21,1902.85,1906.83,102785.0,1,0.0
2023-06-29,1907.34,1913.09,1892.96,1908.17,112824.0,1,0.0
2023-06-30,1907.61,1922.76,1900.52,1919.15,115079.0,1,0.0
2023-07-03,1918.91,1931.02,1910.03,1921.36,96512.0,1,0.0
2023-07-04,1920.04,1930.73,1918.7,1924.81,56926.0,1,0.0
2023-07-05,1925.75,1935.03,1914.79,1914.84,110299.0,1,0.0
2023-07-06,1914.51,1927.61,1902.65,1910.7,126009.0,1,0.0
2023-07-07,1910.4,1934.89,1909.56,1925.13,118490.0,1,0.0
2023-07-10,1924.5,1928.15,1912.67,1925.09,108563.0,15,0.0
2023-07-11,1925.08,1938.49,1924.34,1932.18,109705.0,15,0.0
2023-07-12,1932.14,1959.67,1932.07,1957.53,131665.0,15,0.0
2023-07-13,1955.96,1963.63,1952.33,1960.38,127254.0,15,0.0
2023-07-14,1960.08,1963.8,1950.92,1955.32,146936.0,15,0.0
2023-07-17,1954.32,1959.85,1945.76,1954.9,134088.0,15,0.0
2023-07-18,1953.89,1984.39,1953.89,1978.9,175431.0,15,0.0
2023-07-19,1978.75,1980.96,1969.76,1976.69,150708.0,15,0.0
2023-07-20,1976.38,1987.44,1965.33,1969.47,168322.0,15,0.0
2023-07-21,1969.34,1973.74,1956.81,1961.93,151053.0,15,0.0
2023-07-24,1961.08,1967.89,1953.47,1954.53,151695.0,15,0.0
2023-07-25,1954.76,1965.72,1951.48,1964.77,138701.0,15,0.0
2023-07-26,1964.62,1978.33,1961.99,1972.1,149342.0,15,0.0
2023-07-27,1971.12,1982.19,1942.57,1944.77,167880.0,15,0.0
2023-07-28,1945.78,1963.56,1945.43,1959.04,167331.0,15,0.0
2023-07-31,1959.06,1972.39,1950.23,1965.61,129535.0,15,0.0
2023-08-01,1965.4,1965.99,1941.25,1944.18,136633.0,15,0.0
2023-08-02,1947.36,1954.79,1932.98,1934.65,136122.0,15,0.0
2023-08-03,1934.68,1938.95,1929.55,1934.21,142015.0,15,0.0
2023-08-04,1933.79,1946.93,1925.23,1942.76,141537.0,15,0.0
2023-08-07,1942.5,1946.67,1931.48,1936.28,102993.0,15,0.0
2023-08-08,1935.78,1938.06,1922.78,1924.8,122097.0,15,0.0
2023-08-09,1924.71,1932.33,1914.02,1914.5,108974.0,15,0.0
2023-08-10,1914.71,1930.18,1912.1,1912.46,151288.0,15,0.0
2023-08-11,1912.29,1920.96,1910.85,1913.85,114588.0,15,0.0
2023-08-14,1912.47,1916.2,1902.69,1907.16,150846.0,15,0.0
2023-08-15,1906.68,1911.64,1896.34,1901.74,151445.0,15,0.0
2023-08-16,1900.68,1907.2,1891.76,1892.46,124264.0,15,0.0
2023-08-17,1891.8,1903.45,1885.04,1889.06,135212.0,15,0.0
2023-08-18,1888.96,1896.91,1886.77,1889.57,108177.0,15,0.0
2023-08-21,1889.1,1898.81,1884.77,1894.6,122816.0,15,0.0
2023-08-22,1894.28,1904.49,1889.1,1897.26,116389.0,15,0.0
2023-08-23,1897.29,1920.36,1897.01,1915.36,122799.0,15,0.0
2023-08-24,1914.97,1923.38,1911.76,1916.88,118586.0,15,0.0
2023-08-25,1916.56,1922.39,1903.74,1913.79,121879.0,15,0.0
2023-08-28,1915.63,1926.08,1912.76,1920.02,88106.0,15,0.0
2023-08-29,1919.63,1938.14,1914.41,1937.51,113348.0,15,0.0
2023-08-30,1937.08,1949.18,1934.95,1942.38,113938.0,15,0.0
2023-08-31,1942.45,1947.89,1939.06,1939.93,103628.0,15,0.0
2023-09-01,1939.46,1952.87,1934.38,1939.86,123338.0,15,0.0
2023-09-04,1939.53,1946.27,1936.8,1938.07,55513.0,15,0.0
2023-09-05,1937.78,1938.98,1925.35,1925.92,106450.0,15,0.0
2023-09-06,1925.42,1929.18,1915.29,1916.21,102704.0,15,0.0
2023-09-07,1916.47,1923.59,1916.23,1919.59,87180.0,15,0.0
2023-09-08,1919.12,1929.71,1917.34,1919.0,84353.0,15,0.0
2023-09-11,1919.42,1930.73,1916.56,1922.35,101219.0,15,0.0
2023-09-12,1922.2,1924.51,1907.56,1913.31,95002.0,15,0.0
2023-09-13,1912.27,1915.74,1903.22,1908.24,110462.0,15,0.0
2023-09-14,1908.56,1912.88,1901.03,1910.49,128839.0,15,0.0
2023-09-15,1910.4,1930.44,1909.73,1923.54,116638.0,15,0.0
2023-09-18,1923.91,1934.21,1922.48,1933.55,94537.0,15,0.0
2023-09-19,1933.4,1937.42,1929.77,1931.24,77968.0,15,0.0
2023-09-20,1931.97,1947.46,1927.92,1929.35,123353.0,15,0.0
2023-09-21,1930.67,1931.56,1913.89,1919.94,146016.0,15,0.0
2023-09-22,1919.52,1929.14,1919.26,1925.09,138937.0,15,0.0
2023-09-25,1924.5,1927.25,1915.17,1915.97,128972.0,18,0.0
2023-09-26,1915.52,1916.8,1899.16,1900.65,135429.0,18,0.0
2023-09-27,1900.2,1904.13,1872.57,1875.16,149735.0,18,0.0
2023-09-28,1875.58,1879.64,1857.69,1865.33,172258.0,18,0.0
2023-09-29,1864.9,1879.88,1846.34,1849.08,185442.0,18,0.0
2023-10-02,1847.78,1848.9,1827.16,1828.08,183253.0,18,0.0
2023-10-03,1828.09,1833.38,1815.22,1823.28,209471.0,18,0.0
2023-10-04,1821.97,1830.63,1816.58,1820.85,208994.0,18,0.0
2023-10-05,1821.2,1829.2,1812.97,1820.14,155451.0,18,0.0
2023-10-06,1819.81,1834.88,1810.43,1831.65,159567.0,18,0.0
2023-10-09,1846.65,1863.48,1843.34,1861.36,125138.0,18,0.0
2023-10-10,1860.91,1865.41,1853.0,1860.04,159779.0,18,0.0
2023-10-11,1859.26,1877.2,1858.6,1873.74,144539.0,18,0.0
2023-10-12,1874.52,1884.96,1867.89,1868.85,140004.0,18,0.0
2023-10-13,1867.07,1930.79,1867.02,1930.13,166869.0,18,0.0
2023-10-16,1926.82,1929.43,1908.2,1919.8,154872.0,18,0.0
2023-10-17,1919.64,1931.6,1912.39,1922.98,140511.0,18,0.0
2023-10-18,1923.14,1962.67,1922.88,1947.76,184098.0,18,0.0
2023-10-19,1947.31,1977.68,1945.19,1974.19,192515.0,24,0.0
2023-10-20,1974.58,1997.16,1971.96,1980.31,200530.0,24,0.0
2023-10-23,1972.91,1982.84,1961.54,1972.66,181579.0,24,0.0
2023-10-24,1971.6,1980.87,1953.43,1971.03,182360.0,24,0.0
2023-10-25,1970.98,1987.26,1962.99,1979.54,176503.0,24,0.0
2023-10-26,1980.4,1993.48,1971.71,1984.61,186353.0,24,0.0
2023-10-27,1984.0,2009.41,1976.83,2005.72,192400.0,23,0.0
2023-10-30,2001.9,2006.74,1990.97,1996.29,182252.0,24,0.0
2023-10-31,1995.26,2007.93,1978.85,1983.89,181797.0,24,0.0
2023-11-01,1983.49,1992.07,1969.79,1981.44,166716.0,24,0.0
2023-11-02,1982.06,1991.02,1978.8,1985.28,138517.0,24,0.0
2023-11-03,1985.64,2004.09,1983.21,1992.38,169609.0,24,0.0
2023-11-06,1989.36,1993.12,1977.38,1978.02,124282.0,24,0.0
2023-11-07,1977.05,1978.32,1956.67,1968.85,140562.0,24,0.0
2023-11-08,1968.3,1970.98,1947.42,1950.39,151812.0,24,0.0
2023-11-09,1949.49,1965.65,1944.45,1958.54,163809.0,24,0.0
2023-11-10,1958.04,1960.73,1932.99,1937.77,164576.0,24,0.0
2023-11-13,1938.27,1949.19,1931.66,1946.11,135996.0,24,0.0
2023-11-14,1946.0,1970.92,1937.42,1963.24,151951.0,24,0.0
2023-11-15,1962.42,1975.32,1955.4,1959.49,160023.0,24,0.0
2023-11-16,1959.39,1987.97,1956.53,1981.29,151396.0,24,0.0
2023-11-17,1980.49,1993.42,1978.63,1980.53,150904.0,24,0.0
2023-11-20,1976.9,1985.19,1965.47,1977.5,177500.0,23,0.0
2023-11-21,1977.22,2007.56,1977.22,1998.6,185333.0,24,0.0
2023-11-22,1998.29,2006.41,1986.89,1990.02,164106.0,24,0.0
2023-11-23,1988.62,1998.56,1988.62,1992.15,74621.0,24,0.0
2023-11-24,1992.01,2003.62,1991.48,2002.34,115689.0,24,0.0
2023-11-27,1998.89,2017.97,1998.89,2014.12,170117.0,24,0.0
2023-11-28,2013.61,2043.06,2011.69,2041.31,161880.0,24,0.0
2023-11-29,2041.22,2052.13,2035.44,2044.11,185997.0,23,0.0
2023-11-30,2044.9,2047.18,2031.61,2036.09,162254.0,24,0.0
2023-12-01,2037.67,2075.43,2033.91,2071.45,197425.0,24,0.0
2023-12-04,2074.26,2142.42,2020.13,2029.1,259498.0,24,0.0
2023-12-05,2029.87,2041.23,2009.94,2019.27,209445.0,24,0.0
2023-12-06,2019.36,2035.93,2017.27,2025.49,189544.0,24,0.0
2023-12-07,2026.08,2039.93,2020.21,2028.62,196338.0,24,0.0
2023-12-08,2028.87,2034.0,1994.67,2004.05,215199.0,24,0.0
2023-12-11,2005.35,2007.5,1975.59,1981.56,175378.0,23,0.0
2023-12-12,1982.24,1996.41,1976.91,1979.11,170675.0,24,0.0
2023-12-13,1979.72,2027.22,1972.8,2026.14,175636.0,22,0.0
2023-12-14,2025.0,2047.61,2024.64,2035.66,254804.0,21,0.0
2023-12-15,2036.21,2044.62,2015.29,2018.15,216353.0,24,0.0
2023-12-18,2019.4,2033.4,2015.73,2026.86,151906.0,24,0.0
2023-12-19,2027.63,2046.71,2021.38,2040.26,126135.0,1,0.0
2023-12-20,2039.67,2043.17,2027.43,2030.84,170581.0,0,0.0
2023-12-21,2032.39,2046.07,2031.53,2045.51,171233.0,24,0.0
2023-12-22,2047.04,2070.33,2046.52,2052.76,192587.0,24,0.0
2023-12-26,2057.15,2068.71,2053.22,2067.02,79582.0,24,0.0
2023-12-27,2067.44,2084.15,2061.21,2076.97,134598.0,24,0.0
2023-12-28,2077.73,2088.14,2064.29,2065.39,157087.0,24,0.0
2023-12-29,2066.6,2074.44,2057.93,2062.31,137779.0,24,0.0
2024-01-02,2065.12,2078.65,2055.61,2058.69,150166.0,24,0.0
2024-01-03,2058.71,2065.72,2030.31,2040.83,178191.0,24,0.0
2024-01-04,2042.0,2050.66,2035.94,2043.23,134077.0,24,0.0
2024-01-05,2042.78,2063.69,2024.13,2044.74,186826.0,24,0.0
2024-01-08,2044.28,2046.29,2016.47,2027.66,151198.0,24,0.0
2024-01-09,2028.15,2041.67,2025.77,2029.82,148751.0,24,0.0
2024-01-10,2030.43,2039.96,2020.17,2023.88,144390.0,24,0.0
2024-01-11,2024.78,2039.66,2013.02,2028.4,199085.0,24,0.0
2024-01-12,2029.02,2061.99,2029.01,2048.52,187944.0,24,0.0
2024-01-15,2047.63,2058.3,2045.56,2053.63,84472.0,24,0.0
2024-01-16,2054.76,2055.29,2023.94,2027.91,192091.0,24,0.0
2024-01-17,2027.52,2032.61,2001.5,2005.95,181228.0,24,0.0
2024-01-18,2006.67,2023.0,2005.48,2022.54,150791.0,24,0.0
2024-01-19,2023.9,2039.16,2020.09,2029.01,134144.0,24,0.0
2024-01-22,2028.47,2031.84,2016.27,2020.93,137921.0,24,0.0
2024-01-23,2021.46,2037.58,2019.28,2028.78,133001.0,24,0.0
2024-01-24,2029.05,2036.66,2011.19,2014.35,153946.0,24,0.0
2024-01-25,2015.77,2025.35,2009.28,2019.95,146345.0,24,0.0
2024-01-26,2020.02,2026.81,2015.91,2018.39,111725.0,13,0.0
2024-01-29,2023.77,2037.58,2019.32,2031.95,121767.0,24,0.0
2024-01-30,2032.81,2048.67,2029.05,2036.39,130888.0,24,0.0
2024-01-31,2036.5,2056.0,2030.82,2038.98,179546.0,24,0.0
2024-02-01,2040.44,2065.43,2029.99,2054.71,194092.0,24,0.0
2024-02-02,2054.51,2057.65,2027.72,2039.59,156960.0,24,0.0
2024-02-05,2041.63,2042.24,2014.86,2024.82,154345.0,24,0.0
2024-02-06,2025.4,2038.87,2022.9,2036.01,133221.0,24,0.0
2024-02-07,2035.8,2044.59,2030.57,2034.85,113847.0,24,0.0
2024-02-08,2035.38,2038.69,2020.17,2034.01,130253.0,12,0.0
2024-02-09,2034.93,2037.25,2020.31,2024.01,110248.0,24,0.0
2024-02-12,2026.78,2027.59,2011.87,2019.91,98366.0,24,0.0
2024-02-13,2019.82,2032.42,1990.08,1992.86,125456.0,24,0.0
2024-02-14,1992.15,1996.12,1984.17,1992.19,125838.0,24,0.0
2024-02-15,1993.35,2008.28,1990.25,2004.2,133302.0,24,0.0
2024-02-16,2004.7,2015.18,1995.08,2013.61,123508.0,24,0.0
2024-02-19,2010.36,2023.01,2010.22,2017.68,67708.0,24,0.0
2024-02-20,2017.0,2030.91,2015.04,2023.83,111791.0,24,0.0
2024-02-21,2024.37,2032.27,2020.02,2025.68,114740.0,24,0.0
2024-02-22,2026.19,2034.94,2019.6,2024.46,118701.0,22,0.0
2024-02-23,2024.54,2041.35,2016.02,2035.86,119567.0,24,0.0
2024-02-26,2033.22,2037.06,2025.07,2031.01,104451.0,24,0.0
2024-02-27,2030.95,2039.46,2028.8,2030.18,98165.0,24,0.0
2024-02-28,2029.92,2037.93,2024.5,2034.93,111878.0,24,0.0
2024-02-29,2035.27,2050.71,2028.04,2043.82,126380.0,24,0.0
2024-03-01,2043.43,2088.3,2039.05,2083.32,151380.0,24,0.0
2024-03-04,2082.8,2119.89,2079.43,2114.89,147535.0,24,0.0
2024-03-05,2113.85,2141.83,2110.44,2127.69,169474.0,24,0.0
2024-03-06,2127.5,2152.16,2123.69,2148.4,169567.0,24,0.0
2024-03-07,2147.73,2164.74,2144.1,2159.56,172481.0,24,0.0
2024-03-08,2158.98,2195.14,2154.0,2178.6,196169.0,24,0.0
2024-03-11,2179.9,2188.99,2174.8,2182.61,151931.0,24,0.0
2024-03-12,2181.95,2184.78,2150.62,2158.6,180028.0,24,0.0
2024-03-13,2158.52,2179.87,2155.8,2174.49,152890.0,24,0.0
2024-03-14,2174.16,2176.92,2152.72,2161.71,148894.0,24,0.0
2024-03-15,2162.32,2172.74,2155.21,2156.15,131555.0,24,0.0
2024-03-18,2153.26,2163.63,2146.07,2160.1,136892.0,24,0.0
2024-03-19,2160.2,2162.81,2147.15,2157.6,142274.0,24,0.0
2024-03-20,2157.92,2188.83,2149.59,2185.62,141301.0,24,0.0
2024-03-21,2187.48,2222.85,2166.37,2181.1,197546.0,24,0.0
2024-03-22,2182.1,2186.06,2157.1,2165.52,153668.0,24,0.0
2024-03-25,2166.31,2181.37,2163.53,2171.19,133194.0,24,0.0
2024-03-26,2171.76,2200.11,2167.63,2177.85,147522.0,24,0.0
2024-03-27,2178.68,2197.62,2173.37,2194.78,129521.0,24,0.0
2024-03-28,2191.78,2236.03,2187.34,2232.64,162896.0,24,0.0
2024-04-01,2239.91,2265.65,2228.5,2249.67,137681.0,24,0.0
2024-04-02,2249.92,2281.07,2246.67,2280.08,183659.0,24,0.0
2024-04-03,2281.45,2300.18,2265.4,2300.05,192855.0,24,0.0
2024-04-04,2299.63,2305.62,2279.94,2290.43,169797.0,24,0.0
2024-04-05,2291.66,2330.47,2267.73,2328.16,190360.0,24,0.0
2024-04-08,2327.77,2353.98,2302.86,2338.47,239511.0,24,0.0
2024-04-09,2337.67,2365.25,2337.24,2352.88,210100.0,22,0.0
2024-04-10,2352.76,2360.11,2319.26,2331.82,217263.0,24,0.0
2024-04-11,2334.43,2377.68,2325.56,2374.69,223566.0,14,0.0
2024-04-12,2374.0,2431.66,2333.87,2344.8,279732.0,24,0.0
2024-04-15,2360.22,2387.64,2324.16,2381.19,245412.0,24,0.0
2024-04-16,2382.75,2398.21,2362.99,2378.78,231064.0,22,0.0
2024-04-17,2383.57,2395.56,2354.55,2361.6,204456.0,24,0.0
2024-04-18,2364.69,2392.78,2363.74,2377.07,188789.0,24,0.0
2024-04-19,2379.53,2417.8,2372.78,2390.59,240774.0,24,0.0
2024-04-22,2384.28,2388.57,2324.56,2325.7,200207.0,14,0.0
2024-04-23,2330.34,2334.38,2291.31,2321.59,217129.0,24,0.0
2024-04-24,2322.18,2337.32,2311.77,2315.08,177862.0,24,0.0
2024-04-25,2317.53,2344.83,2304.95,2331.32,185342.0,24,0.0
2024-04-26,2332.56,2352.57,2326.29,2337.39,174963.0,24,0.0
2024-04-29,2333.77,2346.72,2319.68,2336.38,178583.0,24,0.0
2024-04-30,2335.97,2336.31,2285.09,2285.75,185253.0,24,0.0
2024-05-01,2288.22,2328.37,2281.58,2318.17,190034.0,24,0.0
2024-05-02,2320.26,2326.45,2285.47,2303.02,173033.0,24,0.0
2024-05-03,2305.17,2320.68,2277.18,2301.88,172303.0,24,0.0
2024-05-06,2302.17,2332.01,2291.76,2324.48,153548.0,24,0.0
2024-05-07,2325.25,2329.89,2309.98,2313.83,142010.0,24,0.0
2024-05-08,2315.16,2321.35,2303.63,2308.71,135889.0,24,0.0
2024-05-09,2310.31,2347.22,2306.55,2345.23,161583.0,24,0.0
2024-05-10,2346.26,2378.42,2345.3,2360.87,183389.0,14,0.0
2024-05-13,2361.52,2364.43,2332.13,2336.53,158903.0,24,0.0
2024-05-14,2337.39,2359.57,2334.82,2357.84,166952.0,24,0.0
2024-05-15,2357.23,2390.24,2351.82,2387.22,198068.0,24,0.0
2024-05-16,2387.73,2397.41,2370.97,2376.17,191292.0,24,0.0
2024-05-17,2378.08,2422.68,2373.94,2414.37,178633.0,24,0.0
2024-05-20,2425.26,2450.03,2407.27,2424.96,232023.0,24,0.0
2024-05-21,2427.3,2433.92,2406.18,2420.78,212785.0,24,0.0
2024-05-22,2421.28,2426.49,2374.92,2378.04,220511.0,24,0.0
2024-05-23,2380.47,2383.65,2326.9,2328.62,241143.0,20,0.0
2024-05-24,2329.24,2347.43,2325.36,2333.69,155471.0,20,0.0
2024-05-27,2335.97,2358.46,2332.3,2353.73,100713.0,20,0.0
2024-05-28,2352.29,2364.08,2340.26,2360.69,178755.0,19,0.0
2024-05-29,2361.67,2361.71,2334.47,2337.98,169700.0,20,0.0
2024-05-30,2338.6,2351.79,2322.57,2342.59,189259.0,20,0.0
2024-05-31,2343.48,2359.68,2320.57,2327.54,208605.0,20,0.0
2024-06-03,2328.69,2354.74,2314.65,2350.83,174040.0,20,0.0
2024-06-04,2351.38,2352.74,2315.59,2326.67,185945.0,20,0.0
2024-06-05,2328.15,2357.37,2325.86,2354.67,166500.0,20,0.0
2024-06-06,2355.7,2378.53,2353.45,2375.83,178485.0,20,0.0
2024-06-07,2376.37,2387.71,2286.73,2292.94,213532.0,13,0.0
2024-06-10,2290.24,2313.77,2287.7,2310.43,143010.0,20,0.0
2024-06-11,2310.68,2319.96,2297.69,2316.5,168244.0,20,0.0
2024-06-12,2316.67,2341.65,2310.67,2324.19,192460.0,20,0.0
2024-06-13,2324.52,2326.71,2295.57,2303.99,195861.0,20,0.0
2024-06-14,2303.79,2336.64,2301.53,2332.61,190973.0,20,0.0
2024-06-17,2331.05,2331.41,2309.97,2318.63,159484.0,20,0.0
2024-06-18,2320.18,2333.07,2306.59,2329.22,155066.0,20,0.0
2024-06-19,2328.89,2335.03,2323.72,2330.31,87189.0,20,0.0
2024-06-20,2329.31,2365.48,2327.67,2359.1,162861.0,20,0.0
2024-06-21,2359.5,2368.73,2316.7,2321.44,179658.0,20,0.0
2024-06-24,2321.04,2334.63,2317.72,2333.65,158770.0,20,0.0
2024-06-25,2333.91,2337.1,2315.52,2319.23,155930.0,20,0.0
2024-06-26,2319.93,2323.86,2293.67,2297.66,178371.0,20,0.0
2024-06-27,2298.71,2330.96,2296.5,2327.91,162167.0,20,0.0
2024-06-28,2327.04,2339.74,2319.04,2326.39,168061.0,20,0.0
2024-07-01,2323.01,2338.46,2318.55,2331.64,161947.0,20,0.0
2024-07-02,2331.79,2336.78,2319.02,2329.81,150239.0,20,0.0
2024-07-03,2330.25,2364.95,2326.83,2355.87,158121.0,20,0.0
2024-07-04,2356.17,2362.49,2350.46,2357.2,88056.0,20,0.0
2024-07-05,2356.85,2392.94,2348.88,2391.06,173469.0,20,0.0
2024-07-08,2389.49,2391.11,2351.05,2358.41,162674.0,20,0.0
2024-07-09,2358.94,2371.58,2349.44,2363.74,165924.0,20,0.0
2024-07-10,2363.58,2386.66,2363.15,2371.38,136513.0,20,0.0
2024-07-11,2371.91,2424.55,2371.17,2414.29,181139.0,20,0.0
2024-07-12,2413.15,2418.22,2391.39,2411.48,172596.0,20,0.0
2024-07-15,2411.7,2439.69,2401.3,2421.71,175874.0,20,0.0
2024-07-16,2422.05,2469.61,2419.98,2468.73,187469.0,20,0.0
2024-07-17,2467.77,2483.67,2451.45,2459.15,222853.0,20,0.0
2024-07-18,2458.49,2474.92,2440.32,2445.36,194782.0,2,0.0
2024-07-19,2444.79,2445.34,2393.78,2400.44,195086.0,20,0.0
2024-07-22,2403.84,2412.14,2383.85,2396.0,172205.0,20,0.0
2024-07-23,2397.66,2412.08,2388.28,2409.76,158839.0,20,0.0
2024-07-24,2408.69,2431.97,2397.09,2398.63,180151.0,20,0.0
2024-07-25,2397.77,2401.22,2353.13,2364.39,259929.0,20,0.0
2024-07-26,2364.55,2390.76,2355.73,2388.23,178425.0,20,0.0
2024-07-29,2388.08,2403.16,2375.98,2384.01,165342.0,20,0.0
2024-07-30,2382.33,2412.84,2376.44,2410.55,170847.0,20,0.0
2024-07-31,2410.9,2450.96,2403.84,2446.31,210179.0,20,0.0
2024-08-01,2447.61,2462.27,2430.17,2446.36,237987.0,20,0.0
2024-08-02,2447.16,2477.63,2410.74,2441.34,239335.0,20,0.0
2024-08-05,2440.47,2458.71,2364.25,2409.52,339620.0,20,0.0
2024-08-06,2411.15,2418.32,2381.57,2388.14,257859.0,20,0.0
2024-08-07,2390.12,2407.05,2378.98,2382.37,201309.0,20,0.0
2024-08-08,2381.41,2427.51,2380.96,2427.1,197484.0,20,0.0
2024-08-09,2426.69,2437.04,2416.88,2430.94,165597.0,20,0.0
2024-08-12,2428.22,2472.24,2423.8,2472.2,142464.0,20,0.0
2024-08-13,2470.34,2476.92,2458.45,2465.44,152190.0,20,0.0
2024-08-14,2466.24,2479.89,2438.02,2447.64,165982.0,20,0.0
2024-08-15,2448.28,2470.07,2432.17,2456.25,177998.0,20,0.0
2024-08-16,2455.82,2509.69,2450.76,2506.97,182048.0,20,0.0
2024-08-19,2506.25,2507.49,2485.66,2504.22,174344.0,20,0.0
2024-08-20,2503.7,2531.69,2497.29,2514.08,176366.0,20,0.0
2024-08-21,2513.9,2519.96,2493.64,2511.52,179893.0,20,0.0
2024-08-22,2512.15,2514.58,2470.84,2484.42,179284.0,20,0.0
2024-08-23,2485.26,2518.31,2484.33,2511.86,179930.0,20,0.0
2024-08-26,2510.94,2527.05,2508.66,2518.08,165650.0,12,0.0
2024-08-27,2517.66,2525.91,2503.46,2524.16,167567.0,20,0.0
2024-08-28,2525.16,2529.01,2493.62,2504.45,167765.0,20,0.0
2024-08-29,2506.29,2528.69,2503.59,2521.67,182965.0,20,0.0
2024-08-30,2520.71,2526.9,2494.15,2503.35,175723.0,20,0.0
2024-09-02,2502.68,2507.3,2490.05,2499.73,107300.0,20,0.0
2024-09-03,2499.35,2506.28,2473.34,2492.72,198476.0,20,0.0
2024-09-04,2492.69,2500.28,2471.86,2496.45,175394.0,20,0.0
2024-09-05,2495.32,2523.44,2493.83,2516.28,175661.0,20,0.0
2024-09-06,2516.27,2529.16,2485.15,2496.97,211046.0,20,0.0
2024-09-09,2496.93,2507.18,2485.56,2505.84,189416.0,20,0.0
2024-09-10,2506.66,2518.45,2500.1,2516.69,171799.0,20,0.0
2024-09-11,2516.73,2529.02,2500.97,2512.35,210318.0,14,0.0
2024-09-12,2512.31,2560.04,2510.99,2558.86,191903.0,20,0.0
2024-09-13,2558.33,2586.04,2556.67,2579.33,188383.0,20,0.0
2024-09-16,2578.27,2589.61,2575.33,2583.14,146037.0,20,0.0
2024-09-17,2582.52,2586.93,2560.77,2569.97,170862.0,20,0.0
2024-09-18,2570.21,2600.05,2546.82,2558.32,214719.0,20,0.0
2024-09-19,2558.56,2594.88,2550.99,2585.97,215305.0,20,0.0
2024-09-20,2586.45,2625.77,2584.8,2622.03,200674.0,20,0.0
2024-09-23,2620.59,2634.83,2613.85,2628.42,169390.0,20,0.0
2024-09-24,2626.82,2664.3,2622.65,2656.93,217103.0,20,0.0
2024-09-25,2658.47,2670.53,2649.7,2656.41,196844.0,20,0.0
2024-09-26,2658.15,2685.56,2654.85,2672.03,221270.0,20,0.0
2024-09-27,2671.47,2674.29,2643.11,2658.74,211756.0,20,0.0
2024-09-30,2661.38,2665.96,2624.7,2634.52,211730.0,20,0.0
2024-10-01,2633.56,2673.12,2633.02,2663.21,192189.0,20,0.0
2024-10-02,2660.83,2663.36,2641.11,2658.96,185400.0,20,0.0
2024-10-03,2658.79,2662.84,2637.29,2656.04,199513.0,20,0.0
2024-10-04,2655.62,2670.15,2632.02,2652.78,188368.0,20,0.0
2024-10-07,2650.31,2659.61,2637.76,2643.06,193714.0,20,0.0
2024-10-08,2641.62,2653.03,2604.76,2621.35,255902.0,20,0.0
2024-10-09,2621.66,2624.3,2605.17,2608.34,194863.0,20,0.0
2024-10-10,2607.71,2631.48,2603.28,2629.46,191771.0,20,0.0
2024-10-11,2628.17,2661.4,2627.97,2657.0,167945.0,20,0.0
2024-10-14,2649.93,2666.81,2643.16,2647.79,156013.0,20,0.0
2024-10-15,2648.87,2668.89,2638.06,2662.47,194693.0,20,0.0
2024-10-16,2662.12,2685.3,2658.64,2673.46,184182.0,20,0.0
2024-10-17,2674.44,2696.73,2673.15,2692.65,202716.0,20,0.0
2024-10-18,2693.06,2722.52,2691.63,2722.08,194164.0,20,0.0
2024-10-21,2722.25,2740.55,2714.18,2719.45,223444.0,20,0.0
2024-10-22,2719.14,2748.86,2718.92,2748.48,198449.0,20,0.0
2024-10-23,2747.24,2758.45,2708.7,2716.2,216188.0,20,0.0
2024-10-24,2716.27,2743.24,2714.87,2735.82,194775.0,20,0.0
2024-10-25,2735.79,2747.73,2717.04,2746.16,173236.0,20,0.0
2024-10-28,2733.5,2745.94,2724.69,2742.47,168800.0,20,0.0
2024-10-29,2740.59,2774.74,2739.7,2773.97,172235.0,20,0.0
2024-10-30,2773.27,2790.01,2770.9,2786.65,194670.0,20,0.0
2024-10-31,2786.33,2790.09,2731.54,2743.51,200069.0,20,0.0
2024-11-01,2745.27,2762.25,2733.24,2735.26,214207.0,20,0.0
2024-11-04,2732.48,2748.18,2731.81,2736.41,187126.0,20,0.0
2024-11-05,2737.24,2749.97,2724.67,2743.64,185675.0,20,0.0
2024-11-06,2742.98,2749.67,2652.38,2659.33,334325.0,20,0.0
2024-11-07,2661.69,2710.25,2643.23,2707.94,243299.0,20,0.0
2024-11-08,2704.21,2710.29,2680.25,2684.57,211614.0,20,0.0
2024-11-11,2682.94,2686.09,2610.67,2619.62,212202.0,20,0.0
2024-11-12,2621.08,2627.14,2589.64,2598.2,222257.0,20,0.0
2024-11-13,2597.87,2618.78,2573.01,2573.44,226995.0,20,0.0
2024-11-14,2573.43,2581.17,2536.83,2565.56,251822.0,20,0.0
2024-11-15,2566.25,2576.04,2554.48,2561.73,231788.0,20,0.0
2024-11-18,2567.84,2615.04,2567.84,2612.26,217011.0,20,0.0
2024-11-19,2610.35,2639.44,2610.16,2632.48,223891.0,20,0.0
2024-11-20,2632.24,2655.46,2618.81,2649.29,195725.0,20,0.0
2024-11-21,2649.17,2673.5,2648.81,2669.62,194523.0,20,0.0
2024-11-22,2669.41,2715.27,2668.1,2714.41,232256.0,20,0.0
2024-11-25,2711.87,2721.22,2615.6,2625.7,247866.0,20,0.0
2024-11-26,2626.94,2642.05,2604.79,2632.33,211011.0,20,0.0
2024-11-27,2630.48,2658.22,2627.06,2635.55,184561.0,20,0.0
2024-11-28,2636.76,2649.65,2620.93,2637.96,114516.0,20,0.0
2024-11-29,2637.85,2666.3,2634.04,2649.33,178430.0,20,0.0
2024-12-02,2648.97,2651.74,2621.93,2638.5,235096.0,20,0.0
2024-12-03,2638.7,2655.66,2634.1,2643.83,205875.0,20,0.0
2024-12-04,2642.34,2657.1,2632.43,2649.7,194109.0,20,0.0
2024-12-05,2648.15,2655.48,2623.54,2632.19,176034.0,20,0.0
2024-12-06,2631.66,2645.63,2613.04,2633.05,203697.0,20,0.0
2024-12-09,2642.99,2676.38,2627.46,2659.73,214364.0,20,0.0
2024-12-10,2660.75,2695.56,2657.81,2693.54,190120.0,20,0.0
2024-12-11,2694.86,2721.17,2674.49,2717.56,217943.0,20,0.0
2024-12-12,2716.8,2726.14,2675.1,2681.23,219361.0,20,0.0
2024-12-13,2679.43,2692.73,2646.14,2648.62,220592.0,20,0.0
2024-12-16,2649.03,2664.39,2643.34,2652.43,152477.0,20,0.0
2024-12-17,2652.03,2658.64,2633.1,2645.32,183340.0,20,0.0
2024-12-18,2646.03,2651.68,2584.27,2584.56,194153.0,20,0.0
2024-12-19,2587.07,2626.39,2586.27,2593.8,208525.0,20,0.0
2024-12-20,2594.1,2631.94,2589.63,2622.41,191121.0,20,0.0
2024-12-23,2622.3,2633.25,2608.13,2613.02,145504.0,20,0.0
2024-12-24,2614.61,2621.38,2610.08,2616.35,105890.0,20,0.0
2024-12-26,2614.06,2639.08,2613.16,2633.74,117708.0,20,0.0
2024-12-27,2631.95,2638.27,2611.6,2621.22,136821.0,20,0.0
2024-12-30,2621.3,2628.07,2596.11,2606.06,152217.0,20,0.0
2024-12-31,2605.0,2627.43,2602.64,2624.26,122410.0,20,0.0
2025-01-02,2624.59,2660.43,2621.24,2657.4,191560.0,20,0.0
2025-01-03,2657.39,2665.22,2636.56,2638.96,144340.0,20,0.0
2025-01-06,2639.39,2649.47,2614.5,2635.68,205432.0,20,0.0
2025-01-07,2635.59,2664.27,2632.8,2648.17,189818.0,20,0.0
2025-01-08,2647.29,2669.9,2645.2,2661.49,180809.0,20,0.0
2025-01-09,2660.33,2678.3,2655.51,2670.48,138755.0,20,0.0
2025-01-10,2670.18,2697.78,2663.86,2689.11,214781.0,20,0.0
2025-01-13,2689.31,2692.93,2656.81,2663.5,220281.0,20,0.0
2025-01-14,2663.49,2678.12,2659.82,2677.82,208069.0,20,0.0
2025-01-15,2676.3,2697.3,2669.32,2696.37,206059.0,20,0.0
2025-01-16,2696.33,2724.71,2689.94,2714.43,215476.0,20,0.0
2025-01-17,2714.02,2717.33,2699.14,2702.5,198639.0,20,0.0
2025-01-20,2701.92,2713.76,2689.22,2709.31,171582.0,20,0.0
2025-01-21,2707.54,2745.92,2702.76,2745.12,236606.0,20,0.0
2025-01-22,2743.01,2763.29,2741.78,2756.1,198533.0,20,0.0
2025-01-23,2754.95,2758.78,2735.86,2754.33,216316.0,20,0.0
2025-01-24,2753.53,2785.95,2753.3,2771.51,212358.0,20,0.0
2025-01-27,2765.28,2772.46,2730.41,2741.09,251226.0,20,0.0
2025-01-28,2740.82,2765.01,2734.76,2763.49,197588.0,20,0.0
2025-01-29,2762.91,2766.24,2744.65,2759.05,205605.0,20,0.0
2025-01-30,2757.89,2798.49,2757.8,2794.08,219450.0,20,0.0
2025-01-31,2794.48,2817.12,2791.01,2800.1,239432.0,20,0.0
2025-02-03,2801.97,2830.54,2772.07,2813.46,293290.0,20,0.0
2025-02-04,2813.27,2845.46,2807.16,2841.98,259627.0,20,0.0
2025-02-05,2840.72,2882.29,2839.68,2866.51,240416.0,20,0.0
2025-02-06,2867.0,2873.17,2834.18,2856.97,220780.0,20,0.0
2025-02-07,2856.18,2886.78,2852.43,2861.88,212887.0,20,0.0
2025-02-10,2861.04,2911.78,2859.8,2907.71,225797.0,20,0.0
2025-02-11,2912.09,2942.69,2881.79,2898.93,281986.0,20,0.0
2025-02-12,2897.95,2909.17,2864.04,2903.96,238456.0,20,0.0
2025-02-13,2904.89,2929.44,2900.36,2928.83,217211.0,20,0.0
2025-02-14,2927.71,2940.04,2877.02,2882.79,276825.0,20,0.0
2025-02-17,2893.57,2906.38,2877.85,2897.58,165686.0,20,0.0
2025-02-18,2898.54,2936.9,2891.87,2936.17,172497.0,20,0.0
2025-02-19,2934.74,2946.99,2918.59,2933.14,191650.0,20,0.0
2025-02-20,2933.63,2954.87,2924.11,2939.46,188869.0,20,0.0
2025-02-21,2939.47,2949.83,2916.75,2936.21,195874.0,20,0.0
2025-02-24,2939.42,2956.2,2921.26,2952.0,204144.0,20,0.0
2025-02-25,2952.54,2953.43,2888.19,2915.35,226668.0,20,0.0
2025-02-26,2916.22,2930.15,2890.79,2916.44,176791.0,20,0.0
2025-02-27,2915.6,2920.69,2867.85,2877.06,225821.0,20,0.0
2025-02-28,2876.67,2885.05,2832.67,2858.85,218525.0,20,0.0
2025-03-03,2873.69,2895.24,2858.86,2893.08,192387.0,20,0.0
2025-03-04,2892.86,2927.83,2881.99,2917.04,199076.0,20,0.0
2025-03-05,2917.75,2929.84,2894.3,2919.28,211772.0,20,0.0
2025-03-06,2918.19,2926.56,2891.21,2911.58,201943.0,20,0.0
2025-03-07,2912.67,2930.3,2895.98,2912.23,209044.0,20,0.0
2025-03-10,2912.08,2918.24,2880.24,2887.92,205306.0,20,0.0
2025-03-11,2889.59,2922.22,2880.14,2915.43,178367.0,20,0.0
2025-03-12,2915.2,2940.49,2906.07,2933.24,179583.0,20,0.0
2025-03-13,2935.26,2988.55,2932.7,2988.09,191773.0,20,0.0
2025-03-14,2984.1,3004.84,2978.38,2988.1,183293.0,20,0.0
2025-03-17,2987.26,3001.9,2982.21,3001.06,137577.0,20,0.0
2025-03-18,3000.77,3038.28,2999.4,3034.57,161987.0,20,0.0
2025-03-19,3033.97,3052.08,3022.73,3047.18,152729.0,20,0.0
2025-03-20,3048.49,3057.46,3025.65,3044.55,193388.0,20,0.0
2025-03-21,3044.56,3047.44,2999.29,3022.96,176741.0,20,0.0
2025-03-24,3023.24,3033.24,3002.48,3012.62,177736.0,20,0.0
2025-03-25,3011.14,3035.94,3007.39,3019.9,138145.0,20,0.0
2025-03-26,3021.23,3032.07,3012.22,3019.36,144347.0,20,0.0
2025-03-27,3019.95,3059.72,3017.41,3056.65,184428.0,20,0.0
2025-03-28,3055.95,3086.78,3054.0,3084.31,176164.0,20,0.0
2025-03-31,3092.73,3127.93,3076.64,3123.97,202088.0,20,0.0
2025-04-01,3124.72,3149.0,3100.76,3113.91,197411.0,20,0.0
2025-04-02,3114.31,3146.42,3105.11,3132.46,190304.0,20,0.0
2025-04-03,3130.43,3167.63,3054.13,3114.12,342035.0,20,0.0
2025-04-04,3114.27,3136.68,3015.6,3036.94,319864.0,20,0.0
2025-04-07,3027.73,3055.69,2956.5,2983.27,386760.0,20,0.0
2025-04-08,2982.05,3022.64,2974.77,2982.55,275094.0,20,0.0
2025-04-09,2982.39,3099.42,2969.93,3080.12,374478.0,18,0.0
2025-04-10,3080.0,3176.36,3071.42,3174.75,297564.0,19,0.0
2025-04-11,3179.34,3245.41,3177.1,3238.26,330758.0,20,0.0
2025-04-14,3221.98,3245.77,3193.49,3210.99,233074.0,20,0.0
2025-04-15,3212.07,3233.57,3209.96,3230.29,167348.0,18,0.0
2025-04-16,3230.78,3342.43,3230.67,3341.54,245991.0,20,0.0
2025-04-17,3348.98,3357.74,3283.93,3327.82,250823.0,20,0.0
2025-04-21,3371.47,3430.43,3367.31,3426.11,263430.0,20,0.0
2025-04-22,3427.88,3499.99,3366.72,3382.16,355239.0,20,0.0
2025-04-23,3327.43,3386.57,3260.04,3289.3,336982.0,20,0.0
2025-04-24,3305.72,3367.88,3304.89,3349.26,253892.0,20,0.0
2025-04-25,3344.54,3370.69,3265.03,3316.2,246135.0,20,0.0
2025-04-28,3325.35,3352.88,3267.95,3342.9,238839.0,20,0.0
2025-04-29,3344.95,3344.95,3299.65,3317.02,196173.0,20,0.0
2025-04-30,3317.48,3327.96,3266.94,3289.09,215071.0,20,0.0
2025-05-01,3284.98,3287.58,3201.82,3235.31,228445.0,20,0.0
2025-05-02,3239.1,3269.22,3222.76,3240.74,244166.0,20,0.0
2025-05-05,3239.1,3337.51,3237.5,3333.35,241264.0,20,0.0
2025-05-06,3333.08,3434.65,3323.2,3434.63,288860.0,20,0.0
2025-05-07,3417.19,3422.33,3360.04,3365.94,295816.0,20,0.0
2025-05-08,3372.98,3414.72,3288.7,3305.46,286100.0,16,0.0
2025-05-09,3310.99,3347.44,3274.59,3325.32,235919.0,20,0.0
2025-05-12,3282.56,3292.41,3207.8,3234.13,300171.0,18,0.0
2025-05-13,3237.19,3265.51,3215.74,3251.87,208867.0,20,0.0
2025-05-14,3251.07,3256.97,3168.12,3179.28,232525.0,20,0.0
2025-05-15,3180.57,3239.8,3120.7,3239.37,221580.0,18,0.0
2025-05-16,3241.83,3252.13,3154.08,3200.97,213672.0,20,0.0
2025-05-19,3215.9,3249.75,3206.54,3230.64,191368.0,20,0.0
2025-05-20,3227.74,3295.58,3204.6,3290.13,224359.0,20,0.0
2025-05-21,3293.03,3324.79,3285.26,3314.31,234732.0,20,0.0
2025-05-22,3318.48,3345.28,3279.17,3295.0,263521.0,20,0.0
2025-05-23,3297.22,3365.85,3286.86,3360.01,239302.0,20,0.0
2025-05-26,3351.24,3356.66,3323.51,3341.56,125337.0,20,0.0
2025-05-27,3345.94,3350.01,3284.88,3300.4,209509.0,20,0.0
2025-05-28,3304.07,3325.35,3276.31,3287.55,166684.0,20,0.0
2025-05-29,3289.36,3331.18,3245.35,3318.1,209694.0,20,0.0
2025-05-30,3317.43,3322.57,3271.64,3290.93,193496.0,20,0.0
2025-06-02,3302.96,3382.83,3300.08,3382.42,187223.0,20,0.0
2025-06-03,3384.37,3392.09,3333.07,3354.01,178688.0,20,0.0
2025-06-04,3356.35,3384.64,3343.75,3372.61,173437.0,20,0.0
2025-06-05,3373.75,3403.41,3339.45,3354.29,234685.0,20,0.0
2025-06-06,3356.02,3375.56,3307.02,3311.96,216846.0,20,0.0
2025-06-09,3317.59,3338.13,3293.39,3326.13,168926.0,20,0.0
2025-06-10,3323.83,3349.16,3301.89,3322.64,182012.0,20,0.0
2025-06-11,3322.46,3360.62,3315.43,3353.31,204157.0,20,0.0
2025-06-12,3357.62,3398.87,3338.5,3386.52,226124.0,20,0.0
2025-06-13,3383.69,3446.68,3379.83,3432.62,267766.0,20,0.0
2025-06-16,3441.03,3451.36,3382.77,3384.41,213342.0,20,0.0
2025-06-17,3388.01,3403.24,3366.19,3387.92,207695.0,19,0.0
2025-06-18,3395.08,3399.9,3362.43,3368.38,193448.0,19,0.0
2025-06-19,3371.06,3384.93,3347.44,3372.78,136666.0,18,0.0
2025-06-20,3369.88,3374.43,3340.32,3368.54,162285.0,18,0.0
2025-06-23,3383.9,3393.47,3347.01,3368.71,199328.0,18,0.0
2025-06-24,3358.52,3363.7,3295.44,3322.82,209120.0,17,0.0
2025-06-25,3322.45,3337.1,3311.97,3332.36,136898.0,17,0.0
2025-06-26,3333.95,3350.22,3309.94,3328.5,159368.0,17,0.0
2025-06-27,3324.96,3325.03,3255.83,3274.24,199172.0,17,0.0
2025-06-30,3272.51,3309.46,3249.1,3303.03,170821.0,17,0.0
2025-07-01,3303.92,3357.98,3302.27,3339.06,186225.0,17,0.0
2025-07-02,3339.63,3360.13,3327.62,3356.94,153311.0,17,0.0
2025-07-03,3359.37,3365.55,3311.56,3325.41,162992.0,17,0.0
2025-07-04,3324.7,3345.02,3323.53,3334.96,89975.0,17,0.0
2025-07-07,3341.05,3341.67,3296.38,3337.4,188652.0,17,0.0
2025-07-08,3341.2,3345.67,3287.05,3300.46,180504.0,17,0.0
2025-07-09,3302.74,3316.79,3282.61,3313.86,165909.0,17,0.0
2025-07-10,3315.92,3330.31,3310.08,3323.89,151875.0,17,0.0
2025-07-11,3325.19,3368.74,3321.58,3357.46,215522.0,17,0.0
2025-07-14,3361.28,3374.96,3340.94,3342.63,194468.0,16,0.0
2025-07-15,3342.68,3366.28,3320.24,3324.89,167317.0,16,0.0
2025-07-16,3325.78,3377.33,3319.67,3347.04,194392.0,16,0.0
2025-07-17,3350.03,3351.72,3309.85,3338.04,160083.0,16,0.0
2025-07-18,3341.67,3361.15,3331.87,3350.5,140234.0,16,0.0
2025-07-21,3349.43,3401.47,3344.83,3397.29,186155.0,16,0.0
2025-07-22,3398.22,3433.45,3383.31,3429.52,202672.0,16,0.0
2025-07-23,3430.57,3438.99,3381.5,3387.92,222777.0,16,0.0
2025-07-24,3390.5,3393.37,3351.36,3367.59,195569.0,16,0.0
2025-07-25,3369.23,3373.45,3324.99,3336.48,170570.0,16,0.0
2025-07-28,3328.54,3345.33,3301.71,3314.85,187002.0,16,0.0
2025-07-29,3313.76,3334.09,3308.04,3325.49,185936.0,16,0.0
2025-07-30,3327.21,3334.11,3268.0,3275.55,204887.0,16,0.0
2025-07-31,3277.26,3314.84,3276.28,3290.62,187834.0,16,0.0
2025-08-01,3291.51,3363.41,3281.6,3363.11,209075.0,16,0.0
2025-08-04,3363.41,3385.37,3345.02,3373.98,159485.0,16,0.0
2025-08-05,3375.99,3390.43,3349.81,3380.56,153317.0,16,0.0
2025-08-06,3380.81,3385.34,3358.11,3368.64,155738.0,18,0.0
2025-08-07,3372.22,3401.89,3365.18,3395.83,279201.0,18,0.0
2025-08-08,3408.22,3408.22,3376.68,3397.51,419987.0,20,0.0
2025-08-11,3400.5,3402.14,3341.29,3342.32,278992.0,20,0.0
2025-08-12,3343.88,3359.19,3331.04,3348.3,224620.0,20,0.0
2025-08-13,3349.45,3370.69,3342.59,3356.05,179565.0,20,0.0
2025-08-14,3356.87,3374.67,3329.83,3334.81,217597.0,20,0.0
2025-08-15,3336.4,3348.76,3332.12,3335.91,162693.0,20,0.0
2025-08-18,3334.41,3358.39,3323.49,3332.96,162467.0,20,0.0
2025-08-19,3333.19,3345.27,3314.96,3315.69,165575.0,20,0.0
2025-08-20,3316.47,3350.07,3311.47,3347.89,163174.0,20,0.0
2025-08-21,3351.1,3352.0,3325.15,3338.46,161044.0,20,0.0
2025-08-22,3339.73,3378.82,3321.42,3371.84,173406.0,20,0.0
2025-08-25,3368.56,3376.25,3359.75,3365.77,122245.0,20,0.0
2025-08-26,3366.43,3393.3,3351.31,3392.94,186700.0,20,0.0
2025-08-27,3390.82,3398.72,3373.73,3397.33,163872.0,20,0.0
2025-08-28,3397.75,3423.13,3384.59,3417.28,185757.0,20,0.0
2025-08-29,3416.53,3453.84,3404.36,3447.84,196392.0,20,0.0
2025-09-01,3446.4,3489.77,3436.93,3476.24,191851.0,20,0.0
2025-09-02,3476.35,3539.93,3470.1,3534.29,350840.0,20,0.0
2025-09-03,3532.45,3578.46,3526.27,3560.54,291145.0,20,0.0
2025-09-04,3560.04,3564.26,3510.96,3545.16,267304.0,20,0.0
2025-09-05,3545.39,3600.09,3539.99,3587.41,278456.0,20,0.0
2025-09-08,3590.68,3646.37,3579.47,3636.91,265200.0,20,0.0
2025-09-09,3635.6,3674.53,3626.67,3627.6,267998.0,20,0.0
2025-09-10,3627.71,3657.59,3620.25,3641.17,231894.0,20,0.0
2025-09-11,3643.61,3649.09,3613.19,3633.49,232738.0,20,0.0
2025-09-12,3635.84,3656.56,3630.47,3643.28,205369.0,20,0.0
2025-09-15,3644.5,3685.61,3626.5,3680.45,215452.0,20,0.0
2025-09-16,3679.47,3703.11,3674.57,3690.23,225345.0,20,0.0
2025-09-17,3691.4,3707.38,3646.06,3658.74,272104.0,20,0.0
2025-09-18,3659.49,3673.01,3627.9,3644.25,272095.0,20,0.0
2025-09-19,3643.05,3685.39,3632.31,3685.39,242673.0,20,0.0
2025-09-22,3687.95,3748.82,3683.56,3746.94,255055.0,20,0.0
2025-09-23,3746.33,3791.0,3736.58,3763.6,308030.0,20,0.0
2025-09-24,3764.9,3779.27,3717.42,3736.69,259319.0,20,0.0
2025-09-25,3739.04,3761.55,3722.06,3751.24,290396.0,20,0.0
2025-09-26,3746.73,3783.72,3734.44,3761.24,269603.0,20,0.0
2025-09-29,3764.38,3833.49,3763.22,3832.9,329245.0,20,0.0
2025-09-30,3831.85,3871.68,3793.07,3859.64,318648.0,20,0.0
2025-10-01,3859.99,3895.3,3853.35,3863.92,303833.0,20,0.0
2025-10-02,3864.42,3896.79,3819.4,3855.27,294966.0,20,0.0
2025-10-03,3857.02,3891.59,3838.05,3886.51,265822.0,20,0.0
2025-10-06,3888.25,3949.6,3883.89,3934.82,220446.0,20,0.0
2025-10-07,3959.98,3991.03,3940.91,3986.39,344494.0,20,0.0
2025-10-08,3985.96,4059.21,3984.43,4041.11,344380.0,20,0.0
2025-10-09,4037.36,4057.89,3944.84,3975.97,434193.0,20,0.0
2025-10-10,3977.97,4022.75,3947.05,4018.81,430988.0,20,0.0
2025-10-13,4013.47,4059.94,4008.58,4040.82,46568.0,22,0.0
2025-10-14,4112.33,4179.83,4090.43,4144.6,480674.0,20,0.0
2025-10-15,4141.06,4169.65,4141.04,4158.68,20858.0,22,0.0
2025-10-16,4212.59,4330.63,4199.03,4329.22,372576.0,20,0.0
2025-10-17,4337.3,4380.19,4186.18,4247.54,523406.0,24,0.0
2025-10-20,4264.54,4381.38,4219.05,4356.35,337237.0,24,0.0
2025-10-21,4367.7,4375.0,4081.08,4125.72,387626.0,24,0.0
2025-10-22,4122.86,4161.29,4004.03,4100.28,398059.0,24,0.0
2025-10-23,4110.68,4154.59,4066.2,4121.62,292560.0,24,0.0
2025-10-24,4126.02,4144.27,4044.0,4112.95,298317.0,23,0.0
2025-10-27,4083.24,4108.89,3971.36,3980.13,340363.0,23,0.0
2025-10-28,3988.27,4019.58,3886.43,3950.13,300725.0,23,0.0
2025-10-29,3955.54,4030.16,3915.92,3929.71,304761.0,23,0.0
2025-10-30,3921.77,4026.98,3915.36,4024.77,331486.0,23,0.0
2025-10-31,4020.62,4046.0,3972.33,4003.18,286161.0,23,0.0
2025-11-03,3995.84,4030.48,3962.32,4001.72,267880.0,23,0.0
2025-11-04,4005.16,4005.16,3928.75,3932.96,273109.0,23,0.0
2025-11-05,3937.65,3990.35,3929.62,3979.19,230046.0,23,0.0
2025-11-06,3968.07,4019.61,3964.49,3977.16,230390.0,23,0.0
2025-11-07,3978.55,4027.3,3978.05,4001.47,213402.0,23,0.0
2025-11-10,4006.61,4116.59,4003.27,4116.07,241268.0,23,0.0
2025-11-11,4116.28,4148.9,4097.03,4126.69,232637.0,23,0.0
2025-11-12,4130.61,4211.58,4098.74,4196.41,283476.0,23,0.0
2025-11-13,4202.96,4245.05,4145.27,4171.59,329930.0,23,0.0
2025-11-14,4176.75,4211.19,4037.44,4052.92,216611.0,23,0.0
2025-11-26,4134.41,4173.24,4129.6,4165.83,225386.0,23,0.0
