entry_step,exit_step,entry_date,exit_date,type,entry_price,exit_price,position_size,notional_size,pnl_usd,pnl_pct,fee,net_pnl
4,5,2001-06-04,2001-06-05,LONG,266.0,266.5,1000.0,5000.0,46.992481203007515,4.6992481203007515,1.0,45.992481203007515
10,12,2001-06-12,2001-06-14,LONG,272.0,276.2,1004.5992481203008,5022.996240601504,387.8048568111445,38.60294117647049,1.0045992481203008,386.80025756302416
15,16,2001-06-19,2001-06-20,LONG,273.8,273.0,1043.2792738766032,5216.396369383016,-76.20739765351482,-7.304601899196597,1.0432792738766032,-77.25067692739142
20,21,2001-06-26,2001-06-27,LONG,276.4,272.8,1035.554206183864,5177.77103091932,-337.19203529865007,-32.5615050651227,1.035554206183864,-338.22758950483393
34,35,2001-07-16,2001-07-17,LONG,267.7,268.0,1001.7314472333804,5008.657236166902,28.064945290439447,2.801643630930253,1.0017314472333805,27.063213843206064
36,37,2001-07-18,2001-07-19,LONG,271.0,269.8,1004.437768617701,5022.188843088505,-111.19237290970753,-11.070110701106906,1.004437768617701,-112.19681067832524
42,44,2001-07-26,2001-07-30,LONG,266.7,265.5,993.2180875498685,4966.0904377493425,-111.72306946567595,-11.248593925759174,0.9932180875498685,-112.71628755322581
45,46,2001-07-31,2001-08-01,LONG,267.1,268.2,981.9464587945458,4909.732293972729,101.098942781165,10.295769374765683,0.9819464587945459,100.11699632237045
47,48,2001-08-02,2001-08-03,LONG,268.3,268.8,991.9581584267828,4959.790792133914,46.2149719729213,4.658963846440551,0.9919581584267828,45.223013814494514
50,51,2001-08-07,2001-08-08,LONG,267.8,268.6,996.4804598082322,4982.402299041161,74.41975054579883,7.468259895444468,0.9964804598082323,73.42327008599061
52,54,2001-08-09,2001-08-13,LONG,273.9,276.2,1003.8227868168312,5019.113934084156,210.73315166837568,20.99306316173797,1.0038227868168312,209.72932888155884
57,58,2001-08-16,2001-08-17,LONG,275.6,279.5,1024.7957197049873,5123.978598524936,362.54565555600755,35.37735849056583,1.0247957197049873,361.5208598363026
64,65,2001-08-27,2001-08-28,LONG,273.0,272.5,1060.9478056886176,5304.739028443088,-48.57819623116381,-4.5787545787545785,1.0609478056886175,-49.63914403685243
68,69,2001-08-31,2001-09-03,LONG,274.7,273.7,1055.9838912849325,5279.919456424663,-96.10337561748567,-9.100837277029488,1.0559838912849326,-97.1593595087706
70,72,2001-09-04,2001-09-06,LONG,272.4,273.4,1046.2679553340554,5231.3397766702765,96.02312365400655,9.177679882525698,1.0462679553340553,94.9768556986725
75,76,2001-09-11,2001-09-12,LONG,287.0,278.5,1055.7656409039225,5278.828204519613,-781.708009380082,-74.0418118466899,1.0557656409039227,-782.7637750209859
79,81,2001-09-17,2001-09-19,LONG,290.5,290.4,977.489263401824,4887.44631700912,-8.41212791223792,-0.8605851979347913,0.9774892634018241,-9.389617175639744
82,84,2001-09-20,2001-09-24,LONG,288.9,289.5,976.55030168426,4882.7515084213,50.70354629721169,5.192107995846511,0.97655030168426,49.726995995527425
86,88,2001-09-26,2001-09-28,LONG,293.3,293.4,981.5230012838126,4907.615006419063,8.366203556797458,0.852369587452829,0.9815230012838128,7.384680555513645
89,90,2001-10-01,2001-10-02,LONG,292.0,289.7,982.261469339364,4911.30734669682,-193.4247756404579,-19.691780821917906,0.982261469339364,-194.40703710979727
93,95,2001-10-05,2001-10-09,LONG,291.2,288.2,962.8207656283842,4814.1038281419205,-247.9792493891786,-25.755494505494504,0.9628207656283841,-248.94207015480697
96,97,2001-10-10,2001-10-11,LONG,285.1,281.5,937.9265586129034,4689.632793064517,-296.0834453706132,-31.567870922483536,0.9379265586129034,-297.0213719292261
102,103,2001-10-18,2001-10-19,LONG,279.7,279.9,908.2244214199807,4541.122107099904,16.235688620306206,1.7876296031461267,0.9082244214199807,15.327464198886226
104,105,2001-10-22,2001-10-23,LONG,275.8,276.2,909.7571678398693,4548.785839199347,32.98611921101587,3.625815808556719,0.9097571678398694,32.076362043176
109,110,2001-10-29,2001-10-30,LONG,279.4,280.7,912.9648040441868,4564.8240202209345,106.19669338380938,11.632068718682996,0.9129648040441869,105.28372857976518
112,113,2001-11-01,2001-11-02,LONG,279.8,280.1,923.4931769021634,4617.465884510817,24.754105885512825,2.680486061472582,0.9234931769021635,23.830612708610662
115,116,2001-11-06,2001-11-07,LONG,280.4,280.9,925.8762381730245,4629.381190865122,41.274796637527835,4.457917261055634,0.9258762381730246,40.34892039935481
119,121,2001-11-12,2001-11-14,LONG,278.6,278.0,929.9111302129601,4649.5556510648,-50.067002703499384,-5.3840631730081006,0.9299111302129601,-50.99691383371234
124,127,2001-11-19,2001-11-22,LONG,273.0,273.1,924.8114388295886,4624.057194147943,8.468969220053102,0.9157509157511238,0.9248114388295886,7.544157781223514
129,130,2001-11-26,2001-11-27,LONG,273.2,273.7,925.5658546077109,4627.829273038555,42.34836450437916,4.575402635431918,0.925565854607711,41.42279864977145
133,134,2001-11-30,2001-12-03,LONG,274.6,277.5,929.7081344726881,4648.5406723634405,245.46190731707702,26.40203932993424,0.9297081344726882,244.53219918260433
138,139,2001-12-07,2001-12-10,LONG,274.8,273.0,954.1613543909485,4770.8067719547425,-156.249130085855,-16.375545851528486,0.9541613543909485,-157.20329144024595
142,143,2001-12-13,2001-12-14,LONG,274.2,278.6,938.4410252469239,4692.2051262346195,376.4716002084699,40.116703136397106,0.938441025246924,375.533159183223
144,148,2001-12-17,2001-12-21,LONG,278.5,278.4,975.9943411652463,4879.971705826231,-8.761170028415334,-0.8976660682228252,0.9759943411652463,-9.73716436958058
159,162,2002-01-07,2002-01-10,LONG,279.0,286.6,975.0206247282882,4875.103123641441,663.9925401375458,68.10035842293925,0.9750206247282882,663.0175195128176
167,168,2002-01-17,2002-01-18,LONG,284.3,283.8,1041.32237667957,5206.61188339785,-45.78448719132826,-4.396763981709462,1.04132237667957,-46.82580956800783
179,180,2002-02-04,2002-02-05,LONG,291.5,297.8,1036.6397957227691,5183.198978613846,560.1055500045846,54.03087478559186,1.036639795722769,559.0689102088619
182,183,2002-02-07,2002-02-08,LONG,302.9,304.0,1092.5466867436553,5462.7334337182765,99.19126406553696,9.078903928689524,1.0925466867436553,98.0987173787933
187,188,2002-02-14,2002-02-15,LONG,300.1,298.1,1102.3565584815346,5511.782792407674,-183.66487145643697,-16.661112962345886,1.1023565584815347,-184.76722801491852
193,195,2002-02-22,2002-02-26,LONG,293.0,298.0,1083.8798356800428,5419.399178400214,462.40607324233906,42.66211604095563,1.0838798356800428,461.32219340665904
197,198,2002-02-28,2002-03-01,LONG,296.8,298.4,1130.0120550207087,5650.060275103543,152.29272978715426,13.477088948786776,1.1300120550207087,151.16271773213356
200,201,2002-03-05,2002-03-06,LONG,294.6,293.8,1145.128326793922,5725.64163396961,-77.74123060379756,-6.788866259334786,1.145128326793922,-78.88635893059148
204,206,2002-03-11,2002-03-13,LONG,290.9,293.6,1137.2396909008628,5686.198454504314,263.88339338538856,23.203850120316652,1.1372396909008629,262.7461536944877
208,209,2002-03-15,2002-03-18,LONG,290.3,292.8,1163.5143062703116,5817.571531351558,250.4982574643282,21.529452290733722,1.1635143062703117,249.33474315805788
211,212,2002-03-20,2002-03-21,LONG,292.6,293.4,1188.4477805861172,5942.238902930586,81.23361453083047,6.835269993164342,1.1884477805861173,80.04516675024435
213,214,2002-03-22,2002-03-25,LONG,298.0,298.6,1196.4522972611417,5982.261486305708,60.22410892254296,5.0335570469800555,1.1964522972611416,59.02765662528182
218,219,2002-03-29,2002-04-01,LONG,302.7,303.0,1202.3550629236697,6011.775314618349,29.790759735473618,2.477700693756288,1.2023550629236697,28.58840467254995
223,224,2002-04-05,2002-04-08,LONG,300.3,300.7,1205.213903390925,6026.069516954625,40.133663116578646,3.3300033300031417,1.205213903390925,38.92844921318772
229,230,2002-04-15,2002-04-16,LONG,300.1,299.3,1209.1067483122438,6045.533741561219,-80.58025646866119,-6.66444518493845,1.209106748312244,-81.78936321697343
232,233,2002-04-18,2002-04-19,LONG,303.9,302.6,1200.9278119905464,6004.639059952732,-128.43091112106416,-10.694307337939739,1.2009278119905464,-129.6318389330547
237,239,2002-04-25,2002-04-29,LONG,307.8,311.5,1187.9646280972408,5939.8231404862045,357.00691390186626,30.051981806367678,1.187964628097241,355.818949273769
242,244,2002-05-02,2002-05-06,LONG,308.1,311.7,1223.5465230246177,6117.732615123088,357.4137847199433,29.21129503407956,1.2235465230246176,356.1902381969187
247,248,2002-05-09,2002-05-10,LONG,309.8,311.3,1259.1655468443096,6295.827734221548,152.4167463094306,12.104583602324078,1.2591655468443097,151.1575807625863
251,251,2002-05-15,2002-05-15,LONG,308.8,308.8,1274.2813049205683,6371.406524602842,0.0,0.0,1.2742813049205686,-1.2742813049205686
4,5,2002-05-22,2002-05-23,LONG,317.9,322.3,1274.1538767900763,6370.769383950382,440.8836943910333,34.602076124567745,1.2741538767900764,439.60954051424324
10,12,2002-05-30,2002-06-03,LONG,325.3,327.4,1318.1148308415004,6590.574154207502,212.72987586590116,16.138948662772563,1.3181148308415005,211.41176103505967
15,16,2002-06-06,2002-06-07,LONG,325.4,324.2,1339.2560069450064,6696.280034725032,-123.47166628257472,-9.219422249538942,1.3392560069450066,-124.81092228951972
20,21,2002-06-13,2002-06-14,LONG,318.4,319.5,1326.7749147160546,6633.874573580273,114.59268264664655,8.636934673367014,1.3267749147160548,113.2659077319305
22,23,2002-06-17,2002-06-18,LONG,317.1,319.8,1338.1015054892478,6690.507527446239,284.8371227389588,21.28666035950795,1.3381015054892478,283.49902123346953
34,35,2002-07-03,2002-07-04,LONG,311.4,311.0,1366.4514076125947,6832.257038062973,-43.88090583212964,-3.2113037893382885,1.3664514076125946,-45.247357239742236
36,37,2002-07-05,2002-07-08,LONG,311.7,313.1,1361.9266718886206,6809.6333594431035,152.92728109112252,11.228745588707365,1.3619266718886207,151.5653544192339
42,44,2002-07-15,2002-07-17,LONG,318.4,318.0,1377.083207330544,6885.416036652719,-43.250100732740755,-3.140703517587761,1.377083207330544,-44.6271839400713
45,46,2002-07-18,2002-07-19,LONG,317.7,324.2,1372.620488936537,6863.102444682685,702.0800423424214,51.14888259364181,1.372620488936537,700.7074218534849
47,48,2002-07-22,2002-07-23,LONG,323.4,313.3,1442.6912311218855,7213.456155609428,-1126.4054912129711,-78.0766852195421,1.4426912311218856,-1127.848182444093
49,51,2002-07-24,2002-07-26,LONG,311.5,304.0,1329.9064128774762,6649.532064387381,-800.5054652151744,-60.19261637239166,1.3299064128774762,-801.8353716280518
52,54,2002-07-29,2002-07-31,LONG,302.9,303.8,1249.7228757146709,6248.614378573355,92.83184121353966,7.428194123473377,1.249722875714671,91.582118337825
57,58,2002-08-05,2002-08-06,LONG,308.4,306.6,1258.8810875484533,6294.405437742266,-183.6888746422794,-14.591439688715585,1.2588810875484533,-184.94775572982783
60,61,2002-08-08,2002-08-09,LONG,310.9,314.8,1240.3863119754706,6201.931559877353,388.99216924287373,31.360566098424208,1.2403863119754706,387.75178293089823
64,65,2002-08-14,2002-08-15,LONG,312.0,315.2,1279.1614902685606,6395.807451342803,327.9901257098862,25.64102564102555,1.2791614902685606,326.7109642196176
68,69,2002-08-20,2002-08-21,LONG,309.3,308.3,1311.8325866905222,6559.1629334526115,-106.03237849098952,-8.08276753960556,1.3118325866905223,-107.34421107768004
70,72,2002-08-22,2002-08-26,LONG,307.4,309.8,1301.0981655827543,6505.490827913772,253.95539991856336,19.51854261548499,1.3010981655827545,252.65430175298061
75,76,2002-08-29,2002-08-30,LONG,313.7,313.0,1326.3635957580523,6631.817978790261,-73.99223119466221,-5.578578259483492,1.3263635957580522,-75.31859479042026
79,81,2002-09-04,2002-09-06,LONG,315.0,320.5,1318.8317362790103,6594.158681395052,575.68051980433,43.65079365079366,1.3188317362790103,574.361688068051
82,84,2002-09-09,2002-09-11,LONG,321.5,317.6,1376.2679050858153,6881.339525429076,-417.3751811691017,-30.326594090201997,1.3762679050858153,-418.7514490741875
86,88,2002-09-13,2002-09-17,LONG,317.1,317.7,1334.3927601783967,6671.963800891983,63.121701049116396,4.730368968779295,1.3343927601783967,61.787308288938
89,90,2002-09-18,2002-09-19,LONG,320.1,323.2,1340.5714910072904,6702.857455036452,324.5682304063225,24.211184004998167,1.3405714910072906,323.22765891531526
93,95,2002-09-24,2002-09-26,LONG,326.1,320.0,1372.894256898822,6864.4712844941105,-642.0311995617024,-46.76479607482384,1.372894256898822,-643.4040938186012
96,97,2002-09-27,2002-09-30,LONG,319.9,324.1,1308.5538475169617,6542.769237584808,429.5034510449593,32.82275711159773,1.3085538475169618,428.19489719744234
102,103,2002-10-07,2002-10-08,LONG,322.3,318.2,1351.373337236706,6756.86668618353,-429.77278022576206,-31.802668321439825,1.351373337236706,-431.12415356299874
104,105,2002-10-09,2002-10-10,LONG,320.0,316.8,1308.2609218804062,6541.304609402031,-327.06523047010035,-24.999999999999908,1.3082609218804062,-328.37349139198074
109,110,2002-10-16,2002-10-17,LONG,314.3,311.5,1275.4235727412079,6377.117863706039,-284.0587021695352,-22.27171492204909,1.275423572741208,-285.3341257422764
112,113,2002-10-21,2002-10-22,LONG,311.2,313.0,1246.8901601669804,6234.450800834902,180.30224038404396,14.460154241645338,1.2468901601669804,179.05535022387699
115,116,2002-10-24,2002-10-25,LONG,311.4,312.9,1264.795695189368,6323.97847594684,152.31162032627265,12.04238921001927,1.2647956951893682,151.04682463108327
119,121,2002-10-30,2002-11-01,LONG,316.3,318.7,1279.9003776524762,6399.501888262381,242.78856357618665,18.96933291179242,1.2799003776524762,241.50866319853418
124,127,2002-11-06,2002-11-11,LONG,318.1,321.6,1304.0512439723295,6520.256219861648,358.706330863184,27.507073247406478,1.3040512439723297,357.4022796192117
129,130,2002-11-13,2002-11-14,LONG,318.9,318.1,1339.7914719342507,6698.9573596712535,-84.02580570298994,-6.271558482282491,1.3397914719342507,-85.36559717492419
133,134,2002-11-19,2002-11-20,LONG,318.7,317.8,1331.2549122167582,6656.274561083791,-93.98567783142865,-7.059930969563677,1.3312549122167583,-95.31693274364541
138,139,2002-11-26,2002-11-27,LONG,318.3,317.2,1321.7232189423937,6608.616094711969,-114.19223537831158,-8.639648130694491,1.3217232189423938,-115.51395859725397
142,143,2002-12-02,2002-12-03,LONG,317.7,320.7,1310.1718230826682,6550.859115413341,309.29457579855244,23.60717658168083,1.3101718230826682,307.9844039754698
144,148,2002-12-04,2002-12-10,LONG,322.1,323.4,1340.9702634802152,6704.851317401076,135.3043575383591,10.090034150884465,1.3409702634802152,133.9633872748789
151,152,2002-12-13,2002-12-16,LONG,330.5,336.6,1354.3666022077032,6771.833011038516,624.9346651639198,46.142208774584134,1.3543666022077032,623.5802985617121
159,162,2002-12-25,2002-12-30,LONG,344.7,343.6,1416.7246320638742,7083.623160319371,-113.02560888237694,-7.977951842181359,1.4167246320638742,-114.44233351444082
167,168,2003-01-07,2003-01-08,LONG,347.2,353.5,1405.2803987124303,7026.401993562151,637.4759873191479,45.36290322580653,1.4052803987124303,636.0707069204354
169,170,2003-01-09,2003-01-10,LONG,354.2,354.6,1468.8874694044737,7344.437347022368,41.47056661221341,2.8232636928291512,1.4688874694044738,40.00167914280894
179,180,2003-01-23,2003-01-24,LONG,363.2,368.3,1472.8876373187547,7364.438186593774,517.051689862726,35.10462555066095,1.472887637318755,515.5788022254072
182,183,2003-01-28,2003-01-29,LONG,368.9,365.9,1524.4455175412954,7622.227587706477,-309.9306419506564,-20.330712930333423,1.5244455175412954,-311.45508746819775
187,188,2003-02-04,2003-02-05,LONG,382.0,371.5,1493.3000087944756,7466.500043972378,-1026.1551107553662,-68.717277486911,1.4933000087944757,-1027.6484107641606
189,190,2003-02-06,2003-02-07,LONG,370.2,369.7,1390.5351677180597,6952.675838590299,-46.95215990404037,-3.37655321447866,1.3905351677180597,-48.34269507175843
193,195,2003-02-12,2003-02-14,LONG,352.8,351.5,1385.7008982108837,6928.504491054418,-127.65101811750031,-9.212018140589649,1.3857008982108838,-129.03671901571118
197,198,2003-02-18,2003-02-19,LONG,343.6,349.6,1372.7972263093125,6863.986131546562,599.3003025215276,43.655413271245635,1.3727972263093124,597.9275052952182
200,201,2003-02-21,2003-02-24,LONG,351.9,357.0,1432.5899768388344,7162.949884194172,519.0543394343626,36.23188405797117,1.4325899768388346,517.6217494575238
204,206,2003-02-27,2003-03-03,LONG,346.0,349.8,1484.3521517845868,7421.760758922934,407.55333647264786,27.45664739884401,1.4843521517845868,406.06898432086325
208,209,2003-03-05,2003-03-06,LONG,353.6,356.1,1524.9590502166732,7624.795251083366,269.5416873261936,17.675339366515832,1.5249590502166732,268.0167282759769
211,212,2003-03-10,2003-03-11,LONG,354.7,350.6,1551.760723044271,7758.803615221354,-448.42253767137424,-28.89765999436119,1.551760723044271,-449.9742983944185
213,214,2003-03-12,2003-03-13,LONG,346.0,334.3,1506.7632932048289,7533.816466024145,-1273.7811076948326,-84.53757225433519,1.506763293204829,-1275.2878709880374
215,216,2003-03-14,2003-03-17,LONG,336.3,336.9,1379.234506106025,6896.172530530125,61.51804219919477,4.460303300624189,1.3792345061060252,60.138807693088744
217,219,2003-03-18,2003-03-20,LONG,338.0,332.2,1385.248386875334,6926.2419343766705,-594.2633612335025,-42.89940828402376,1.3852483868753342,-595.6486096203778
220,221,2003-03-21,2003-03-24,LONG,326.0,329.6,1325.6835259132963,6628.417629566482,365.9862494852682,27.607361963190364,1.3256835259132964,364.6605659593549
223,224,2003-03-26,2003-03-27,LONG,330.2,328.4,1362.1495825092318,6810.747912546159,-185.6351641820588,-13.628104179285366,1.3621495825092318,-186.99731376456802
225,226,2003-03-28,2003-03-31,LONG,332.4,336.5,1343.449851132775,6717.2492556638745,414.2707874281294,30.83634175691955,1.343449851132775,412.9273375769966
229,230,2003-04-03,2003-04-04,LONG,325.4,325.4,1384.7425848904745,6923.712924452373,0.0,0.0,1.3847425848904746,-1.3847425848904746
232,233,2003-04-08,2003-04-09,LONG,323.0,326.8,1384.6041106319853,6923.020553159927,407.2365031270557,29.411764705882437,1.3846041106319855,405.8518990164237
237,240,2003-04-15,2003-04-18,LONG,324.9,327.0,1425.1893005336278,7125.946502668139,230.29374662362656,16.15881809787644,1.4251893005336278,228.86855732309294
242,244,2003-04-22,2003-04-24,LONG,333.1,334.4,1448.076156265937,7240.380781329685,141.28632566388865,9.756829780846251,1.4480761562659372,139.83824950762272
247,248,2003-04-29,2003-04-30,LONG,333.4,338.5,1462.0599812166993,7310.299906083496,559.1261175918717,38.24235152969423,1.4620599812166994,557.6640576106549
251,251,2003-05-05,2003-05-05,LONG,342.2,342.2,1517.8263869777647,7589.131934888824,0.0,0.0,1.5178263869777648,-1.5178263869777648
4,5,2003-05-12,2003-05-13,LONG,351.2,349.8,1517.674604339067,7588.3730216953345,-151.24889280144214,-9.965831435079565,1.517674604339067,-152.76656740578122
10,12,2003-05-20,2003-05-22,LONG,367.9,368.3,1502.3979475984888,7511.989737992444,40.837128230459825,2.718129926610724,1.502397947598489,39.33473028286134
15,16,2003-05-27,2003-05-28,LONG,365.1,364.5,1506.331420626775,7531.657103133875,-61.88707562148036,-4.108463434675587,1.506331420626775,-63.393407042107135
20,21,2003-06-03,2003-06-04,LONG,365.2,362.8,1499.9920799225642,7499.960399612821,-246.43900546372674,-16.429353778751217,1.4999920799225641,-247.93899754364932
34,35,2003-06-23,2003-06-24,LONG,352.7,347.1,1475.1981801681993,7375.990900840997,-585.5620788872885,-39.693790757017055,1.4751981801681995,-587.0372770674567
36,37,2003-06-25,2003-06-26,LONG,347.4,344.1,1416.4944524614536,7082.4722623072685,-336.38685183669645,-23.747841105353736,1.4164944524614538,-337.8033462891579
42,44,2003-07-03,2003-07-07,LONG,350.6,347.9,1382.7141178325378,6913.570589162689,-266.20993426610914,-19.25270964061641,1.382714117832538,-267.5926483839417
45,46,2003-07-08,2003-07-09,LONG,344.2,344.2,1355.9548529941435,6779.774264970718,0.0,0.0,1.3559548529941436,-1.3559548529941436
47,48,2003-07-10,2003-07-11,LONG,345.0,344.8,1355.8192575088442,6779.096287544221,-19.6495544566488,-1.4492753623187584,1.3558192575088444,-21.005373714157646
50,51,2003-07-15,2003-07-16,LONG,342.5,343.2,1353.7187201374284,6768.593600687142,69.16810978804266,5.109489051094807,1.3537187201374283,67.81439106790523
52,54,2003-07-17,2003-07-21,LONG,344.4,351.4,1360.5001592442188,6802.500796221094,691.311056526534,50.81300813008131,1.3605001592442187,689.9505563672898
57,58,2003-07-24,2003-07-25,LONG,357.0,362.7,1429.495214880948,7147.47607440474,570.5968294692848,39.915966386554544,1.429495214880948,569.1673342544038
64,65,2003-08-04,2003-08-05,LONG,349.3,351.8,1486.4119483063882,7432.059741531941,265.96263031534284,17.892928714571998,1.4864119483063882,264.47621836703644
68,69,2003-08-08,2003-08-11,LONG,356.7,361.8,1512.859570143092,7564.29785071546,540.7614106903424,35.744322960471145,1.512859570143092,539.2485511201993
70,72,2003-08-12,2003-08-14,LONG,358.5,366.8,1566.7844252551117,7833.922126275558,906.8556994154425,57.880055788005656,1.5667844252551117,905.2889149901873
75,76,2003-08-19,2003-08-20,LONG,361.6,366.2,1657.3133167541303,8286.566583770651,527.0769674411603,31.803097345132503,1.6573133167541303,525.4196541244062
79,81,2003-08-25,2003-08-27,LONG,361.1,372.5,1709.8552821665708,8549.276410832854,1349.5119230614002,78.92550540016599,1.709855282166571,1347.8020677792338
82,84,2003-08-28,2003-09-01,LONG,369.8,375.5,1844.6354889444942,9223.17744472247,710.8181643444832,38.53434288804751,1.8446354889444943,708.9735288555387
86,88,2003-09-03,2003-09-05,LONG,373.8,377.3,1915.532841830048,9577.66420915024,448.3925191549738,23.408239700374533,1.9155328418300481,446.47698631314375
89,90,2003-09-08,2003-09-09,LONG,375.1,382.5,1960.1805404613624,9800.902702306812,966.7645960686508,49.32018128499052,1.9601805404613626,964.8044155281895
93,95,2003-09-12,2003-09-16,LONG,375.3,373.1,2056.6609820141816,10283.304910070909,-301.4024887044482,-14.654942712496593,2.056660982014182,-303.4591496864624
96,97,2003-09-17,2003-09-18,LONG,376.6,376.6,2026.3150670455354,10131.575335227677,0.0,0.0,2.0263150670455357,-2.0263150670455357
102,103,2003-09-25,2003-09-26,LONG,385.6,380.9,2026.1124355388304,10130.562177694152,-617.3968132152875,-30.471991701245106,2.0261124355388302,-619.4229256508263
104,105,2003-09-29,2003-09-30,LONG,382.3,385.3,1964.1701429737477,9820.850714868739,385.33288182848827,19.61810096782631,1.9641701429737477,383.36871168551454
109,110,2003-10-06,2003-10-07,LONG,372.8,376.2,2002.507014142299,10012.535070711496,456.58019367514555,22.800429184549202,2.0025070141422994,454.57768666100327
112,113,2003-10-09,2003-10-10,LONG,370.3,373.6,2047.9647828083994,10239.823914041997,456.2708468314705,22.27923305428039,2.0479647828083998,454.22288204866214
115,116,2003-10-14,2003-10-15,LONG,375.4,373.3,2093.387071013266,10466.935355066329,-292.76191057057713,-13.985082578582613,2.093387071013266,-294.85529764159037
119,121,2003-10-20,2003-10-22,LONG,373.6,386.1,2063.901541249107,10319.507706245535,1726.3630397225531,83.64561027837257,2.063901541249107,1724.299138181304
124,127,2003-10-27,2003-10-30,LONG,388.1,383.8,2236.3314550672376,11181.657275336187,-619.4424927073657,-27.699046637464637,2.2363314550672375,-621.6788241624329
129,130,2003-11-03,2003-11-04,LONG,376.7,379.7,2174.1635726509944,10870.817863254972,432.87036885804247,19.90974250066366,2.1741635726509942,430.6962052853915
133,134,2003-11-07,2003-11-10,LONG,383.3,385.9,2217.233193179534,11086.16596589767,375.9983239151261,16.95799634750826,2.217233193179534,373.78109072194655
138,139,2003-11-14,2003-11-17,LONG,397.4,391.3,2254.6113022517284,11273.056511258641,-865.194322076967,-38.374433819828674,2.2546113022517282,-867.4489333792187
142,143,2003-11-20,2003-11-21,LONG,393.5,395.7,2167.8664089138065,10839.332044569033,303.0054701150159,13.977128335451008,2.167866408913807,300.8376037061021
144,148,2003-11-24,2003-11-28,LONG,391.4,398.0,2197.9501692844165,10989.750846422083,926.5758250688043,42.15636177823214,2.1979501692844168,924.3778748995198
159,162,2003-12-15,2003-12-18,LONG,410.2,410.6,2290.387956774369,11451.939783871843,55.835883880413554,2.4378352023405294,2.2903879567743686,53.54549592363919
167,168,2003-12-25,2003-12-26,LONG,412.5,413.2,2295.7425063667324,11478.712531833662,97.39513663373857,4.242424242424173,2.2957425063667327,95.09939412737184
179,180,2004-01-13,2004-01-14,LONG,423.9,420.4,2305.25244577947,11526.262228897349,-475.8423897280104,-20.641660769049306,2.30525244577947,-478.14764217378985
182,183,2004-01-16,2004-01-19,LONG,406.6,406.9,2257.437681562091,11287.188407810454,41.63989820883697,1.8445646827345945,2.257437681562091,39.38246052727488
187,188,2004-01-23,2004-01-26,LONG,407.7,404.3,2261.3759276148185,11306.879638074093,-471.46665157532084,-20.848663232769056,2.261375927614819,-473.7280275029357
193,195,2004-02-02,2004-02-04,LONG,398.3,400.7,2214.0031248645246,11070.015624322623,333.5179198892047,15.064022093898929,2.214003124864525,331.30391676434016
197,198,2004-02-06,2004-02-09,LONG,403.3,406.6,2247.1335165409587,11235.667582704793,459.67893655995465,20.456236052566396,2.2471335165409587,457.4318030434137
200,201,2004-02-11,2004-02-12,LONG,409.9,413.3,2292.8766968453,11464.3834842265,475.46845384691994,20.736765064650125,2.2928766968453003,473.1755771500746
204,206,2004-02-17,2004-02-19,LONG,415.7,409.6,2340.194254560308,11700.97127280154,-858.5028237200986,-36.685109453932924,2.3401942545603083,-860.8430179746589
208,209,2004-02-23,2004-02-24,LONG,398.8,404.2,2254.1099527628417,11270.549763814208,763.0512628459938,33.851554663991834,2.2541099527628417,760.797152893231
211,212,2004-02-26,2004-02-27,LONG,395.1,396.1,2330.189668052165,11650.948340260824,147.44303138776036,6.327512022272841,2.330189668052165,145.1128417197082
213,214,2004-03-01,2004-03-02,LONG,399.1,393.5,2344.7009522241356,11723.504761120677,-822.4959491640698,-35.07892758707104,2.3447009522241355,-824.8406501162939
218,219,2004-03-08,2004-03-09,LONG,400.7,404.1,2262.216887212506,11311.08443606253,479.88129626420005,21.212877464437447,2.262216887212506,477.61907937698754
223,224,2004-03-15,2004-03-16,LONG,399.3,402.0,2309.978795150205,11549.893975751023,390.4922831771554,16.904583020285425,2.309978795150205,388.1823043820052
229,230,2004-03-23,2004-03-24,LONG,419.6,417.1,2348.797025588405,11743.985127942025,-349.8565636303034,-14.895138226882745,2.3487970255884054,-352.2053606558918
232,233,2004-03-26,2004-03-29,LONG,421.9,416.8,2313.5764895228162,11567.882447614082,-699.1727954827143,-30.22043138184384,2.3135764895228164,-701.4863719722371
237,240,2004-04-02,2004-04-07,LONG,421.4,422.6,2243.4278523255925,11217.139261627963,159.71247168906106,7.119126720455895,2.243427852325593,157.46904383673547
242,244,2004-04-09,2004-04-13,LONG,421.1,407.0,2259.1747567092657,11295.873783546329,-1891.1401133697873,-83.70933270007137,2.2591747567092657,-1893.3992881264965
247,248,2004-04-16,2004-04-19,LONG,400.7,400.4,2069.8348278966164,10349.174139483082,-38.741605213938634,-1.8717244821562975,2.0698348278966168,-40.81144004183525
251,251,2004-04-22,2004-04-22,LONG,393.3,393.3,2065.753683892433,10328.768419462165,0.0,0.0,2.0657536838924333,-2.0657536838924333
4,5,2004-04-29,2004-04-30,LONG,386.8,387.5,2065.5471085240433,10327.735542620216,93.45158841564158,4.524301964839636,2.065547108524043,91.38604130711754
10,12,2004-05-07,2004-05-11,LONG,379.0,377.1,2074.6857126547548,10373.428563273774,-260.01997717968254,-12.53298153034286,2.074685712654755,-262.0946628923373
15,16,2004-05-14,2004-05-17,LONG,377.0,379.5,2048.476246365521,10242.381231827605,339.601499729032,16.578249336870027,2.0484762463655213,337.5530234826665
20,21,2004-05-21,2004-05-24,LONG,384.9,386.0,2082.2315487137876,10411.157743568938,148.7694663279562,7.144712912444938,2.0822315487137875,146.6872347792424
22,23,2004-05-25,2004-05-26,LONG,388.4,388.2,2096.900272191712,10484.501360958559,-26.994081773836154,-1.2873326467558484,2.0969002721917116,-29.090982046027865
34,35,2004-06-10,2004-06-11,LONG,385.4,384.6,2093.991173987109,10469.955869935546,-108.66586268744109,-5.189413596263327,2.093991173987109,-110.7598538614282
36,37,2004-06-14,2004-06-15,LONG,383.3,387.8,2082.9151886009663,10414.575943004831,611.3434873926655,29.350378293764667,2.0829151886009662,609.2605722040645
42,44,2004-06-22,2004-06-24,LONG,394.7,402.8,2143.841245821373,10719.206229106865,1099.8932158065095,51.30478844692187,2.143841245821373,1097.749374560688
45,46,2004-06-25,2004-06-28,LONG,401.6,400.3,2253.6161832774415,11268.080916387207,-182.3768076606511,-8.092629482071784,2.2536161832774417,-184.63042384392855
47,48,2004-06-29,2004-06-30,LONG,392.6,392.1,2235.153140893049,11175.765704465246,-71.16508981447558,-3.183902190524707,2.235153140893049,-73.40024295536863
50,51,2004-07-02,2004-07-05,LONG,398.5,398.1,2227.813116597512,11139.06558298756,-55.90497155827818,-2.509410288582041,2.227813116597512,-58.13278467487569
52,54,2004-07-06,2004-07-08,LONG,392.5,407.7,2221.9998381300243,11109.999190650122,2151.2355120749266,96.81528662420376,2.2219998381300243,2149.0135122367965
57,58,2004-07-13,2004-07-14,LONG,401.1,405.1,2436.901189353704,12184.50594676852,607.5545224018209,24.931438544003985,2.436901189353704,605.1176212124673
64,65,2004-07-22,2004-07-23,LONG,395.0,390.3,2497.412951474951,12487.064757374756,-742.9013210083697,-29.7468354430379,2.497412951474951,-745.3987339598447
68,69,2004-07-28,2004-07-29,LONG,389.0,387.4,2422.8730780789665,12114.365390394833,-249.13861985388183,-10.282776349614542,2.4228730780789665,-251.5614929319608
70,72,2004-07-30,2004-08-03,LONG,391.2,394.0,2397.71692878577,11988.58464392885,429.0393277479668,17.893660531697417,2.3977169287857705,426.64161081918104
75,76,2004-08-06,2004-08-09,LONG,399.5,400.6,2440.3810898676884,12201.905449338443,167.98618265672798,6.883604505632183,2.4403810898676888,165.5458015668603
79,81,2004-08-12,2004-08-16,LONG,394.3,402.9,2456.9356700243743,12284.67835012187,1339.693555808365,54.52700989094576,2.4569356700243743,1337.2366201383406
82,84,2004-08-17,2004-08-19,LONG,404.3,406.8,2590.6593320382085,12953.296660191043,400.4853036170864,15.45881770962157,2.5906593320382085,397.8946442850482
86,88,2004-08-23,2004-08-25,LONG,410.4,407.6,2630.4487964667132,13152.243982333566,-448.6632937443152,-17.056530214424676,2.6304487964667134,-451.2937425407819
89,90,2004-08-26,2004-08-27,LONG,407.4,403.2,2585.319422212635,12926.597111063174,-666.3194387145949,-25.77319587628859,2.585319422212635,-668.9047581368075
93,95,2004-09-01,2004-09-03,LONG,408.7,400.5,2518.428946398954,12592.14473199477,-1263.2198042862365,-50.15904086126737,2.518428946398954,-1265.7382332326354
96,97,2004-09-06,2004-09-07,LONG,402.2,398.2,2391.8551230756907,11959.275615378454,-594.6929694370191,-24.86325211337643,2.391855123075691,-597.0848245600948
102,103,2004-09-14,2004-09-15,LONG,405.7,405.0,2332.146640619681,11660.733203098405,-100.5978955160063,-4.3135321666255155,2.332146640619681,-102.93004215662599
104,105,2004-09-16,2004-09-17,LONG,404.7,405.9,2321.8536364040187,11609.268182020094,172.11665206849494,7.412898443291256,2.3218536364040188,169.79479843209091
109,110,2004-09-23,2004-09-24,LONG,410.9,408.0,2338.8331162472277,11694.165581236139,-412.6682913797097,-17.64419566804562,2.338833116247228,-415.0071244959569
112,113,2004-09-28,2004-09-29,LONG,412.4,412.9,2297.332403797632,11486.662018988161,69.6330141791232,3.031037827352086,2.2973324037976326,67.33568177532555
115,116,2004-10-01,2004-10-04,LONG,419.4,413.9,2304.0659719751643,11520.329859875821,-755.3864357333931,-32.78493085360038,2.3040659719751644,-757.6905017053683
119,121,2004-10-07,2004-10-11,LONG,417.6,422.1,2228.2969218046273,11141.484609023137,600.2955069516776,26.93965517241379,2.2282969218046276,598.067210029873
124,127,2004-10-14,2004-10-19,LONG,417.8,419.8,2288.1036428076145,11440.518214038073,273.8276259942095,11.967448539971278,2.2881036428076147,271.53952235140184
129,130,2004-10-21,2004-10-22,LONG,423.8,424.1,2315.257595042755,11576.287975213774,40.97317593870061,1.7697026899481556,2.315257595042755,38.657918343657855
133,134,2004-10-27,2004-10-28,LONG,424.3,424.3,2319.123386877121,11595.616934385605,0.0,0.0,2.3191233868771213,-2.3191233868771213
138,139,2004-11-03,2004-11-04,LONG,427.1,429.2,2318.891474538433,11594.457372692166,285.04285275875856,12.292203231093222,2.3188914745384333,282.72396128422014
142,143,2004-11-09,2004-11-10,LONG,434.8,434.6,2347.1638706668555,11735.819353334278,-26.991304860472887,-1.149954001839861,2.3471638706668556,-29.33846873113974
144,148,2004-11-11,2004-11-17,LONG,434.8,444.6,2344.230023793741,11721.150118968706,1320.9207815765114,56.34774609015645,2.3442300237937412,1318.5765515527178
159,162,2004-12-02,2004-12-07,LONG,449.3,451.0,2476.087678949013,12380.438394745066,234.21706288745239,9.459158691297512,2.476087678949013,231.7409752085034
167,168,2004-12-14,2004-12-15,LONG,435.6,440.5,2499.2617764698634,12496.308882349316,702.8456556876879,28.122130394857535,2.4992617764698632,700.346393911218
179,180,2004-12-30,2004-12-31,LONG,437.3,438.2,2569.2964158609852,12846.482079304926,132.19567655355752,5.145209238508902,2.5692964158609852,129.62638013769654
182,183,2005-01-04,2005-01-05,LONG,427.5,426.6,2582.259053874755,12911.295269373775,-135.90837125656262,-5.263157894736709,2.582259053874755,-138.49063031043738
187,188,2005-01-11,2005-01-12,LONG,421.6,426.0,2568.409990843711,12842.049954218555,670.125946377625,26.091081593927758,2.568409990843711,667.5575363867813
193,195,2005-01-19,2005-01-21,LONG,423.0,427.1,2635.165744482389,13175.828722411945,638.5448908024737,24.23167848699777,2.6351657444823893,635.9097250579913
200,201,2005-01-28,2005-01-31,LONG,426.9,422.6,2698.756716988188,13493.78358494094,-679.5885384779273,-25.181541344576917,2.6987567169881883,-682.2872951949155
204,206,2005-02-03,2005-02-07,LONG,417.2,413.3,2630.5279874686967,13152.639937343483,-614.7566605421774,-23.370086289549242,2.630527987468697,-617.3871885296461
208,209,2005-02-09,2005-02-10,LONG,413.6,417.7,2568.789268615732,12843.94634307866,636.6075919562629,24.782398452611012,2.568789268615732,634.0388026876471
211,212,2005-02-14,2005-02-15,LONG,425.7,425.7,2632.1931488844966,13160.965744422483,0.0,0.0,2.6321931488844967,-2.6321931488844967
213,214,2005-02-16,2005-02-17,LONG,425.1,427.0,2631.929929569608,13159.649647848039,294.0876773807454,11.173841449070672,2.631929929569608,291.4557474511758
218,219,2005-02-23,2005-02-24,LONG,434.5,434.2,2661.0755043147255,13305.377521573628,-45.933409165388255,-1.7261219792866016,2.661075504314726,-48.59448466970298
223,224,2005-03-02,2005-03-03,LONG,432.8,429.6,2656.2160558477553,13281.080279238777,-490.9826350920048,-18.484288354898272,2.6562160558477554,-493.63885114785256
229,230,2005-03-10,2005-03-11,LONG,442.5,445.9,2606.85217073297,13034.260853664851,500.75126443457856,19.209039548022474,2.6068521707329704,498.1444122638456
232,233,2005-03-15,2005-03-16,LONG,440.5,443.3,2656.6666119593547,13283.333059796772,422.17176580512046,15.891032917139677,2.6566666119593547,419.5150991931611
237,240,2005-03-22,2005-03-25,LONG,426.8,425.1,2698.6181218786705,13493.090609393352,-268.7236883314028,-9.957825679475096,2.6986181218786705,-271.42230645328146
242,244,2005-03-29,2005-03-31,LONG,426.1,428.7,2671.4758912333423,13357.379456166711,407.52389798208156,15.25463506219177,2.6714758912333423,404.8524220908482
247,248,2005-04-05,2005-04-06,LONG,425.0,426.6,2711.961133442427,13559.805667212135,255.24340079458497,9.411764705882486,2.711961133442427,252.53143966114254
251,251,2005-04-11,2005-04-11,LONG,428.0,428.0,2737.2142774085414,13686.071387042706,0.0,0.0,2.7372142774085413,-2.7372142774085413
4,5,2005-04-18,2005-04-19,LONG,427.4,433.9,2736.9405559808006,13684.702779904002,1040.600936703042,38.020589611605054,2.7369405559808007,1037.8639961470612
10,12,2005-04-26,2005-04-28,LONG,436.9,431.3,2840.7269555955068,14203.634777977533,-910.2810111773141,-32.04394598306229,2.840726955595507,-913.1217381329096
20,21,2005-05-10,2005-05-11,LONG,426.5,427.5,2749.414781782216,13747.07390891108,161.1614760716422,5.861664712778429,2.749414781782216,158.41206128986
42,44,2005-06-09,2005-06-13,LONG,423.7,429.2,2765.2559879112014,13826.279939556007,897.3865903653298,32.45220675005901,2.7652559879112015,894.6213343774185
57,58,2005-06-30,2005-07-01,LONG,435.6,427.6,2854.7181213489434,14273.590606744718,-1310.7062081491936,-45.91368227731864,2.854718121348944,-1313.5609262705425
64,65,2005-07-11,2005-07-12,LONG,425.8,426.8,2723.362028721889,13616.810143609446,159.89678421335657,5.871301080319399,2.723362028721889,157.1734221846347
68,69,2005-07-15,2005-07-18,LONG,421.5,420.9,2739.0793709403524,13695.396854701761,-97.47613419716926,-3.5587188612100995,2.7390793709403525,-100.21521356810962
70,72,2005-07-19,2005-07-21,LONG,420.1,425.6,2729.0578495835416,13645.289247917708,893.2288843554795,32.73030230897405,2.729057849583542,890.499826505896
83,84,2005-08-05,2005-08-08,LONG,437.3,434.7,2818.107832234131,14090.539161170655,-418.8817953240798,-14.863937800137334,2.818107832234131,-421.69990315631395
89,90,2005-08-15,2005-08-16,LONG,442.3,446.1,2775.9378419185,13879.6892095925,596.2335405432021,21.4786344110333,2.7759378419185,593.4576027012837
94,95,2005-08-22,2005-08-23,LONG,438.2,439.2,2835.2836021886287,14176.418010943144,161.7573940089359,5.70515746234596,2.8352836021886287,158.92211040674727
96,97,2005-08-24,2005-08-25,LONG,437.6,438.6,2851.1758132293035,14255.879066146517,162.88710084719511,5.712979890310786,2.8511758132293035,160.0359250339658
104,105,2005-09-05,2005-09-06,LONG,445.1,444.5,2867.1794057326997,14335.897028663498,-96.62478338798499,-3.370029206919921,2.8671794057326996,-99.49196279371769
115,116,2005-09-20,2005-09-21,LONG,463.6,472.1,2857.230209453328,14286.15104726664,1309.6665649457123,45.83692838654012,2.857230209453328,1306.809334736259
119,120,2005-09-26,2005-09-27,LONG,466.3,463.0,2987.9111429269537,14939.55571463477,-528.63536198043,-17.692472657087773,2.987911142926954,-531.623273123357
124,125,2005-10-03,2005-10-04,LONG,465.6,465.9,2934.748815614618,14673.744078073089,47.27366004533139,1.6108247422677968,2.934748815614618,44.33891122971677
129,130,2005-10-10,2005-10-11,LONG,474.9,475.3,2939.18270673759,14695.913533687948,61.890560259798704,2.1057064645190255,2.93918270673759,58.951377553061114
133,134,2005-10-14,2005-10-17,LONG,469.3,473.7,2945.077844492896,14725.38922246448,690.3016469086233,23.43916471340282,2.9450778444928964,687.3565690641304
138,139,2005-10-21,2005-10-24,LONG,466.8,465.0,3013.8135013993087,15069.067506996544,-290.53472057191465,-9.640102827763558,3.013813501399309,-293.54853407331393
142,143,2005-10-27,2005-10-28,LONG,473.2,472.9,2984.4586479919776,14922.293239959889,-47.302282037068224,-1.5849535080304913,2.984458647991978,-50.2867406850602
144,147,2005-10-31,2005-11-03,LONG,465.6,460.9,2979.4299739234716,14897.149869617358,-751.8965247766566,-25.236254295532888,2.9794299739234718,-754.8759547505801
159,160,2005-11-21,2005-11-22,LONG,491.4,494.3,2903.9423784484134,14519.711892242067,428.4408271011649,14.753764753764928,2.9039423784484133,425.53688472271654
161,162,2005-11-23,2005-11-24,LONG,491.9,493.2,2946.496066920685,14732.480334603424,194.67599547656658,6.607033949989893,2.9464960669206848,191.7294994096459
167,168,2005-12-01,2005-12-02,LONG,503.9,503.1,2965.6690168616497,14828.345084308248,-117.70863333445052,-3.969041476483204,2.96566901686165,-120.67430235131218
182,183,2005-12-22,2005-12-23,LONG,503.9,503.0,2953.6015866265184,14768.007933132592,-131.88338102618573,-4.465171661043745,2.9536015866265184,-134.83698261281225
194,195,2006-01-09,2006-01-10,LONG,548.8,543.0,2940.1178883652374,14700.589441826187,-776.8168619040745,-26.421282798833612,2.9401178883652377,-779.7569797924397
204,206,2006-01-23,2006-01-25,LONG,559.0,563.0,2862.142190385993,14310.710951929967,512.0111252926642,17.88908765652952,2.8621421903859936,509.14898310227824
208,209,2006-01-27,2006-01-30,LONG,558.9,567.9,2913.057088696221,14565.285443481105,1172.7282965765787,40.257648953301135,2.9130570886962213,1169.8152394878825
211,212,2006-02-01,2006-02-02,LONG,569.3,572.2,3030.038612645009,15150.193063225044,385.8735278706658,12.734937642719526,3.030038612645009,382.8434892580208
213,214,2006-02-03,2006-02-06,LONG,567.4,569.5,3068.3229615708115,15341.614807854057,283.90369313089417,9.252731758900348,3.0683229615708116,280.83537016932337
218,219,2006-02-10,2006-02-13,LONG,550.4,540.7,3096.4064985877435,15482.032492938717,-1364.2415986691904,-44.05886627906945,3.0964064985877435,-1367.3380051677782
229,230,2006-02-27,2006-02-28,LONG,553.7,561.3,2959.672698070966,14798.36349035483,1015.6001672990371,34.31461080007184,2.9596726980709662,1012.6404946009661
232,233,2006-03-02,2006-03-03,LONG,569.6,565.1,3060.936747531063,15304.683737655314,-604.5565029797131,-19.75070224719101,3.060936747531063,-607.6174397272441
237,239,2006-03-09,2006-03-13,LONG,545.0,545.6,3000.175003558338,15000.875017791692,82.57362395115007,2.752293577981756,3.0001750035583385,79.57344894759173
243,244,2006-03-17,2006-03-20,LONG,553.6,554.7,3008.132348453097,15040.661742265485,149.42853970820426,4.96748554913305,3.0081323484530973,146.42040735975115
247,248,2006-03-23,2006-03-24,LONG,549.7,559.6,3022.7743891890727,15113.871945945364,1360.9908337716822,45.02455885028186,3.022774389189073,1357.968059382493
251,251,2006-03-29,2006-03-29,LONG,573.4,573.4,3158.571195127322,15792.85597563661,0.0,0.0,3.158571195127322,-3.158571195127322
4,5,2006-04-05,2006-04-06,LONG,588.2,595.1,3158.2553380078093,15791.276690039047,926.2139507078293,29.326759605576232,3.1582553380078098,923.0556953698215
10,12,2006-04-13,2006-04-17,LONG,596.3,613.2,3250.5609075447915,16252.804537723958,2303.1393316077174,70.85359718262659,3.250560907544792,2299.8887707001727
15,16,2006-04-20,2006-04-21,LONG,611.5,634.8,3480.5497846148087,17402.748923074043,3315.48691666087,95.25756336876515,3.4805497846148086,3312.0063668762555
20,21,2006-04-27,2006-04-28,LONG,633.3,654.5,3811.750421302434,19058.75210651217,3190.001142097417,83.68861519027334,3.811750421302434,3186.1893916761146
34,35,2006-05-17,2006-05-18,LONG,686.8,681.9,4130.369360470045,20651.846802350225,-736.7068239044528,-17.83634245777511,4.130369360470045,-740.8371932649228
36,37,2006-05-19,2006-05-22,LONG,659.7,655.6,4056.2856411435523,20281.428205717762,-630.2399245372387,-15.53736546915273,4.056285641143552,-634.2962101783822
42,44,2006-05-29,2006-05-31,LONG,650.0,644.7,3992.856020125714,19964.28010062857,-813.9283425640809,-20.38461538461521,3.992856020125714,-817.9211985842066
47,48,2006-06-05,2006-06-06,LONG,636.6,630.2,3911.0639002672933,19555.319501336468,-982.9880993445879,-25.133521834747004,3.9110639002672936,-986.8991632448552
52,54,2006-06-12,2006-06-14,LONG,604.2,558.3,3812.3739839428076,19061.869919714038,-7240.481871192287,-189.9205561072496,3.8123739839428077,-7244.29424517623
57,58,2006-06-19,2006-06-20,LONG,564.8,575.2,3087.9445594251847,15439.722797125924,1421.5042235314359,46.03399433427802,3.0879445594251846,1418.4162789720106
64,65,2006-06-28,2006-06-29,LONG,579.6,599.0,3229.786187322386,16148.93093661193,2702.6333693087563,83.67839889579008,3.2297861873223863,2699.4035831214337
68,69,2006-07-04,2006-07-05,LONG,621.6,627.6,3499.7265456345294,17498.632728172648,844.528606572039,24.131274131274132,3.49972654563453,841.0288800264045
70,72,2006-07-06,2006-07-10,LONG,632.3,623.7,3583.82943363717,17919.14716818585,-1218.60403009961,-34.0028467499601,3.58382943363717,-1222.1878595332473
75,76,2006-07-13,2006-07-14,LONG,659.5,664.4,3461.6106476838454,17308.053238419227,642.9830240201198,18.57467778620158,3.4616106476838455,639.521413372436
79,81,2006-07-19,2006-07-21,LONG,642.2,621.0,3525.562789021089,17627.813945105445,-2909.604917753318,-82.52880722516367,3.525562789021089,-2913.1304805423392
82,84,2006-07-24,2006-07-26,LONG,614.8,624.0,3234.2497409668554,16171.248704834277,1209.9502934651603,37.41054001301255,3.2342497409668556,1206.7160437241935
86,88,2006-07-28,2006-08-01,LONG,634.4,646.7,3354.9213453392745,16774.606726696373,1626.1637983793075,48.47099621689813,3.3549213453392746,1622.8088770339682
89,90,2006-08-02,2006-08-03,LONG,650.8,644.5,3517.202233042671,17586.011165213356,-851.1975287403453,-24.20098340503978,3.5172022330426715,-854.714730973388
94,95,2006-08-09,2006-08-10,LONG,649.6,635.8,3431.730759945333,17158.653799726664,-1822.5786825448672,-53.10960591133031,3.431730759945333,-1826.0104133048126
96,97,2006-08-11,2006-08-14,LONG,631.4,626.3,3249.1297186148518,16245.648593074258,-656.1039580668283,-20.1932214127337,3.249129718614852,-659.3530877854432
104,105,2006-08-23,2006-08-24,LONG,621.5,621.2,3183.1944098363074,15915.972049181537,-38.4134482281073,-1.2067578439258027,3.1831944098363074,-41.5966426379436
109,110,2006-08-30,2006-08-31,LONG,618.5,626.7,3179.034745572513,15895.173727862566,1053.681686083054,33.14470493128556,3.179034745572513,1050.5026513374814
112,113,2006-09-04,2006-09-05,LONG,625.9,637.7,3284.0850107062615,16420.425053531308,1547.8592077941407,47.132129733184485,3.284085010706262,1544.5751227834344
115,116,2006-09-07,2006-09-08,LONG,616.3,610.3,3438.542522984605,17192.712614923024,-836.899851448468,-24.33879604088918,3.438542522984605,-840.3383939714525
119,121,2006-09-13,2006-09-15,LONG,589.3,577.7,3354.5086835874595,16772.543417937297,-1650.78486041126,-49.21092821992155,3.3545086835874596,-1654.1393690948476
124,127,2006-09-20,2006-09-25,LONG,576.2,589.9,3189.0947466779744,15945.473733389872,1895.6351106164539,59.441166261714386,3.1890947466779744,1892.446015869776
129,130,2006-09-27,2006-09-28,LONG,602.7,601.1,3378.3393482649517,16891.69674132476,-224.21366173983733,-6.636801061888263,3.378339348264952,-227.59200108810228
133,134,2006-10-03,2006-10-04,LONG,573.8,566.5,3355.5801481561416,16777.900740780708,-1067.259283789634,-31.805507145346613,3.355580148156142,-1070.6148639377902
138,139,2006-10-10,2006-10-11,LONG,572.6,572.6,3248.518661762362,16242.59330881181,0.0,0.0,3.2485186617623625,-3.2485186617623625
142,143,2006-10-16,2006-10-17,LONG,595.8,589.8,3248.193809896186,16240.96904948093,-817.7728625116279,-25.176233635448135,3.2481938098961862,-821.021056321524
144,148,2006-10-18,2006-10-24,LONG,589.8,585.8,3166.091704264034,15830.45852132017,-536.8076812926473,-16.9548999660902,3.166091704264034,-539.9737729969114
159,162,2006-11-08,2006-11-13,LONG,615.3,625.5,3112.0943269643426,15560.471634821713,1289.7514275571443,41.443198439785654,3.1120943269643426,1286.63933323018
167,168,2006-11-20,2006-11-21,LONG,622.2,626.8,3240.758260287361,16203.791301436804,598.9829635696547,18.482802957248108,3.240758260287361,595.7422053093673
182,183,2006-12-11,2006-12-12,LONG,630.1,629.7,3300.3324808182974,16501.662404091487,-52.37791589935105,-1.5870496746547267,3.3003324808182977,-55.67824838016935
187,188,2006-12-18,2006-12-19,LONG,615.7,622.4,3294.76465598028,16473.8232799014,896.3343834281164,27.204807536137455,3.29476465598028,893.0396187721361
193,195,2006-12-26,2006-12-28,LONG,623.3,633.4,3384.0686178574933,16920.343089287468,1370.892549348659,40.51018771057286,3.3840686178574937,1367.5084807308015
200,201,2007-01-05,2007-01-08,LONG,606.4,609.6,3520.8194659305736,17604.09732965287,464.48805619137516,13.192612137203355,3.5208194659305736,460.9672367254446
204,206,2007-01-11,2007-01-15,LONG,611.0,627.0,3566.9161896031183,17834.58094801559,2335.133348349014,65.46644844517185,3.5669161896031185,2331.566432159411
208,209,2007-01-17,2007-01-18,LONG,631.4,626.8,3800.07283281906,19000.3641640953,-692.1260306845012,-18.21349382325001,3.80007283281906,-695.9261035173203
211,212,2007-01-22,2007-01-23,LONG,632.9,646.3,3730.480222467328,18652.40111233664,1974.5787241689882,52.93095275714953,3.730480222467328,1970.8482439465208
213,214,2007-01-24,2007-01-25,LONG,648.3,645.7,3927.56504686198,19637.8252343099,-393.7864075983647,-10.026222427887975,3.9275650468619805,-397.71397264522665
218,219,2007-01-31,2007-02-01,LONG,652.5,656.9,3887.793649597458,19438.96824798729,655.413488821024,16.85823754789263,3.8877936495974583,651.5256951714265
223,224,2007-02-07,2007-02-08,LONG,650.9,660.0,3952.9462191146004,19764.731095573003,1381.6181669205312,34.95160546935022,3.9529462191146005,1377.6652207014165
229,230,2007-02-15,2007-02-16,LONG,669.2,669.0,4090.7127411847423,20453.563705923712,-30.564201592839755,-0.7471607890019631,4.090712741184743,-34.6549143340245
232,233,2007-02-20,2007-02-21,LONG,656.9,678.4,4087.24724975134,20436.2362487567,3344.337641560885,81.82371746080074,4.08724724975134,3340.2503943111337
237,239,2007-02-27,2007-03-01,LONG,662.9,664.0,4421.272289182453,22106.361445912265,183.4137697277417,4.148438678533801,4.421272289182453,178.99249743855927
242,244,2007-03-06,2007-03-08,LONG,646.2,651.3,4439.171538926309,22195.857694631544,875.8811067983506,19.730733519034,4.439171538926309,871.4419352594243
247,248,2007-03-13,2007-03-14,LONG,643.0,643.9,4526.315732452252,22631.578662261258,158.38585377942937,3.4992223950232395,4.526315732452252,153.85953804697712
251,251,2007-03-19,2007-03-19,LONG,652.7,652.7,4541.70168625695,22708.50843128475,0.0,0.0,4.541701686256951,-4.541701686256951
4,5,2007-03-26,2007-03-27,LONG,663.6,664.1,4541.247516088323,22706.237580441615,85.54188359117546,1.8836648583484026,4.541247516088323,81.00063607508714
10,12,2007-04-03,2007-04-05,LONG,663.7,674.2,4549.347579695832,22746.737898479158,1799.3125503543101,39.551001958716284,4.549347579695832,1794.7632027746142
15,16,2007-04-10,2007-04-11,LONG,677.2,676.9,4728.823899973293,23644.119499866465,-52.37179452127549,-1.1075014766688873,4.728823899973293,-57.10061842124878
20,21,2007-04-17,2007-04-18,LONG,686.1,689.4,4723.1138381311675,23615.56919065584,567.9301729278764,12.02448622649743,4.723113838131168,563.2070590897451
34,35,2007-05-07,2007-05-08,LONG,688.4,685.1,4779.434544040142,23897.17272020071,-572.7823211552968,-11.984311446833072,4.779434544040142,-577.5617556993369
36,37,2007-05-09,2007-05-10,LONG,680.1,665.7,4721.678368470209,23608.391842351044,-2499.344526759701,-52.93339214821342,4.721678368470209,-2504.066205128171
42,44,2007-05-17,2007-05-21,LONG,657.3,662.8,4471.271747957391,22356.358739786956,935.3413438979785,20.918910695268522,4.471271747957392,930.8700721500211
47,48,2007-05-24,2007-05-25,LONG,654.3,655.5,4564.358755172393,22821.793775861966,209.27825562460185,4.585052728106547,4.564358755172393,204.71389686942945
52,54,2007-05-31,2007-06-04,LONG,660.3,670.6,4584.8301448593365,22924.150724296684,1787.9657160401139,38.99742541269147,4.584830144859337,1783.3808858952546
57,58,2007-06-07,2007-06-08,LONG,658.8,648.9,4763.168233448862,23815.84116724431,-1789.4416177574237,-37.56830601092888,4.763168233448862,-1794.2047859908726
64,65,2007-06-18,2007-06-19,LONG,655.9,661.2,4583.7477548497745,22918.73877424887,925.974352062209,20.20125019057809,4.5837477548497745,921.3906043073592
68,69,2007-06-22,2007-06-25,LONG,653.4,650.8,4675.886815280511,23379.434076402555,-465.1555601365716,-9.947964493419125,4.675886815280511,-469.8314469518521
70,72,2007-06-26,2007-06-28,LONG,641.1,648.6,4628.903670585325,23144.518352926625,1353.797283161361,29.246607393542355,4.628903670585325,1349.1683794907758
75,76,2007-07-03,2007-07-04,LONG,652.9,653.9,4763.8205085344025,23819.10254267201,182.41003632004913,3.82907030173074,4.763820508534403,177.64621581151474
80,81,2007-07-10,2007-07-11,LONG,663.0,660.8,4781.5851301155535,23907.925650577767,-396.6624165254311,-8.295625942684936,4.781585130115554,-401.4440016555467
82,84,2007-07-12,2007-07-16,LONG,666.6,664.5,4741.440729949999,23707.203649749994,-373.4258000635728,-7.8757875787579605,4.741440729949999,-378.1672407935228
86,88,2007-07-18,2007-07-20,LONG,672.6,682.9,4703.624005870647,23518.120029353235,1800.7481140524624,38.28426999702629,4.7036240058706476,1796.0444900465918
89,90,2007-07-23,2007-07-24,LONG,681.3,680.6,4883.228454875306,24416.14227437653,-125.43152496742921,-2.5686188169673114,4.883228454875306,-130.3147534223045
93,95,2007-07-27,2007-07-31,LONG,660.6,664.0,4870.196979533076,24350.98489766538,626.6526540422476,12.867090523766189,4.870196979533077,621.7824570627146
96,97,2007-08-01,2007-08-02,LONG,666.6,665.3,4932.375225239347,24661.876126196734,-240.4773399644272,-4.875487548755131,4.932375225239347,-245.40971518966654
104,105,2007-08-13,2007-08-14,LONG,669.1,668.8,4907.834253720381,24539.171268601902,-55.012340312227195,-1.120908683306188,4.907834253720381,-59.920174565947576
109,110,2007-08-20,2007-08-21,LONG,657.3,657.1,4901.842236263786,24509.21118131893,-37.28770908460455,-0.7606876616458688,4.901842236263787,-42.18955132086834
112,113,2007-08-23,2007-08-24,LONG,659.9,668.2,4897.6232811316995,24488.116405658497,1540.0164128426063,31.444158205789012,4.8976232811316995,1535.1187895614746
115,116,2007-08-28,2007-08-29,LONG,662.5,667.2,5051.135160087848,25255.67580043924,895.8617076382308,17.735849056603943,5.051135160087848,890.810572478143
119,121,2007-09-02,2007-09-04,LONG,672.7,681.5,5140.216217335662,25701.08108667831,1681.0577788224168,32.70402854169747,5.140216217335662,1675.9175626050812
124,126,2007-09-07,2007-09-11,LONG,700.1,712.1,5307.80797359617,26539.03986798085,2274.4499244091576,42.851021282673905,5.30780797359617,2269.1421164355615
129,130,2007-09-14,2007-09-17,LONG,707.5,717.4,5534.722185239727,27673.610926198635,1936.1748987234337,34.98233215547695,5.534722185239727,1930.640176538194
133,134,2007-09-20,2007-09-21,LONG,733.4,730.6,5727.786202893546,28638.93101446773,-546.6935290462799,-9.544586855740231,5.7277862028935465,-552.4213152491734
138,139,2007-09-27,2007-09-28,LONG,734.2,742.7,5672.544071368629,28362.720356843147,1641.8082472975125,28.94306728411877,5.6725440713686295,1636.135703226144
142,143,2007-10-03,2007-10-04,LONG,727.7,737.6,5836.157641691243,29180.788208456215,1984.9512385853777,34.011268379826774,5.836157641691243,1979.1150809436865
144,148,2007-10-05,2007-10-11,LONG,741.7,747.5,6034.069149785612,30170.345748928063,1179.6414004569326,19.54968316030725,6.034069149785613,1173.607331307147
159,162,2007-10-26,2007-10-31,LONG,784.8,795.5,6151.429882916327,30757.149414581636,2096.7220867483747,34.08511722731921,6.151429882916328,2090.570656865458
167,168,2007-11-07,2007-11-08,LONG,830.5,832.8,6360.486948602873,31802.434743014364,440.37086037887775,6.923540036122682,6.3604869486028734,434.01037343027485
182,183,2007-11-28,2007-11-29,LONG,804.3,792.9,6403.8879859459,32019.439929729502,-2269.1882083732166,-35.43453935098837,6.403887985945901,-2275.5920963591625
187,188,2007-12-05,2007-12-06,LONG,795.1,802.0,6176.328776309983,30881.643881549917,1339.9782592296172,21.695384228398872,6.176328776309983,1333.8019304533072
193,195,2007-12-13,2007-12-17,LONG,797.1,793.0,6309.708969355314,31548.54484677657,-811.3726876915358,-12.859114289298775,6.309708969355315,-817.6823966608912
197,198,2007-12-19,2007-12-20,LONG,802.1,796.2,6227.940729689225,31139.703648446124,-1145.270237662582,-18.389228275776016,6.227940729689225,-1151.4981783922713
200,201,2007-12-24,2007-12-26,LONG,812.6,823.3,6112.790911849998,30563.954559249993,2012.2711899087672,32.91902535072585,6.112790911849999,2006.1583989969172
204,206,2007-12-31,2008-01-03,LONG,832.0,864.5,6313.406751749691,31567.033758748454,6165.436281005557,97.65625,6.3134067517496915,6159.122874253808
208,209,2008-01-07,2008-01-08,LONG,857.7,877.5,6929.319039175071,34646.59519587536,3999.082341601553,57.71248688352557,6.929319039175072,3992.153022562378
211,212,2008-01-10,2008-01-11,LONG,892.8,895.8,7328.53434143131,36642.67170715655,615.6362854024958,8.400537634408602,7.32853434143131,608.3077510610644
213,214,2008-01-14,2008-01-15,LONG,903.7,888.1,7389.365116537418,36946.82558268709,-3188.948097211018,-43.155914573420446,7.389365116537418,-3196.3374623275554
218,219,2008-01-21,2008-01-22,LONG,864.8,891.8,7069.731370304662,35348.65685152331,5518.118264287288,78.05272895467161,7.069731370304662,5511.048532916983
223,224,2008-01-28,2008-01-29,LONG,928.7,923.5,7620.83622359636,38104.181117981796,-1066.769364776069,-13.99806180682687,7.62083622359636,-1074.3902009996655
229,230,2008-02-05,2008-02-06,LONG,888.2,900.3,7513.397203496393,37566.98601748196,2558.8861225598307,34.05764467462258,7.5133972034963925,2551.3727253563343
232,233,2008-02-08,2008-02-11,LONG,920.5,923.0,7768.534476032027,38842.67238016013,527.4670339511154,6.7897881586094515,7.768534476032027,519.6984994750833
237,239,2008-02-15,2008-02-19,LONG,902.3,927.4,7820.504325979533,39102.52162989767,5438.730427299304,69.5444973955448,7.820504325979534,5430.909922973325
242,244,2008-02-22,2008-02-26,LONG,945.3,947.8,8363.595318276866,41817.97659138433,552.9722917510887,6.611657674812229,8.363595318276866,544.6086964328118
247,248,2008-02-29,2008-03-03,LONG,973.6,983.6,8418.056187920147,42090.280939600736,2161.5797524445734,25.677896466721446,8.418056187920147,2153.161696256653
251,251,2008-03-06,2008-03-06,LONG,978.5,978.5,8633.372357545812,43166.86178772906,0.0,0.0,8.633372357545813,-8.633372357545813
4,5,2008-03-13,2008-03-14,LONG,995.1,1002.5,8632.509020310057,43162.545101550284,1604.8780713067586,18.591096372223838,8.632509020310057,1596.2455622864486
10,12,2008-03-21,2008-03-25,LONG,917.4,938.3,8792.133576538703,43960.66788269352,5007.510130522638,56.954436450839275,8.792133576538705,4998.717996946099
15,16,2008-03-28,2008-03-31,LONG,931.3,915.9,9292.005376233312,46460.02688116656,-3841.320809459701,-41.340062278535314,9.292005376233313,-3850.6128148359344
20,21,2008-04-04,2008-04-07,LONG,913.4,919.5,8906.944094749719,44534.720473748595,1487.0910602685979,16.695861615940505,8.90694409474972,1478.1841161738482
34,35,2008-04-24,2008-04-25,LONG,885.7,884.1,9054.762506367104,45273.812531835516,-408.9313540190688,-4.5162018742238415,9.054762506367103,-417.98611652543593
36,37,2008-04-28,2008-04-29,LONG,892.9,870.0,9012.963894714561,45064.8194735728,-5778.835065207841,-64.11692238772531,9.012963894714561,-5787.848029102555
42,44,2008-05-06,2008-05-08,LONG,875.8,881.4,8434.179091804304,42170.89545902152,1348.235981791057,15.98538479104825,8.434179091804305,1339.8018026992527
47,48,2008-05-13,2008-05-14,LONG,866.7,863.8,8568.15927207423,42840.796360371154,-716.7319109558107,-8.365062882197101,8.568159272074231,-725.3000702278849
52,54,2008-05-20,2008-05-22,LONG,918.8,921.2,8495.62926505144,42478.1463252572,554.786412606776,6.530256856769948,8.49562926505144,546.2907833417246
57,58,2008-05-27,2008-05-28,LONG,905.6,900.6,8550.258343385613,42751.29171692806,-1180.1924612667863,-13.803003533568905,8.550258343385613,-1188.742719610172
64,65,2008-06-05,2008-06-06,LONG,876.9,900.9,8431.384071424594,42156.920357122974,5768.993548699689,68.42285323297983,8.431384071424596,5760.562164628264
68,69,2008-06-11,2008-06-12,LONG,880.0,867.8,9007.440287887423,45037.201439437114,-3121.8969179609935,-34.65909090909104,9.007440287887423,-3130.9043582488807
70,72,2008-06-13,2008-06-17,LONG,869.0,882.2,8694.349852062534,43471.749260312674,3301.6518425554045,37.974683544303936,8.694349852062535,3292.957492703342
75,76,2008-06-20,2008-06-23,LONG,901.4,883.3,9023.645601332868,45118.22800666434,-4529.842061907176,-50.19968937208793,9.02364560133287,-4538.865707508508
80,81,2008-06-27,2008-06-30,LONG,926.5,925.1,8569.759030582018,42848.79515291009,-323.73617492753993,-3.777657852131617,8.569759030582018,-332.30593395812195
82,84,2008-07-01,2008-07-03,LONG,939.3,933.9,8536.528437186205,42682.64218593103,-1226.904438433017,-14.372404982433668,8.536528437186206,-1235.4409668702033
86,88,2008-07-07,2008-07-09,LONG,925.5,928.2,8412.984340499183,42064.921702495914,613.5888092746671,7.29335494327403,8.412984340499182,605.175824934168
89,90,2008-07-10,2008-07-11,LONG,946.9,963.9,8473.501922992602,42367.50961496301,3803.1875776447946,44.88330341113106,8.473501922992602,3794.714075721802
94,95,2008-07-17,2008-07-18,LONG,957.3,954.6,8852.97333056478,44264.866652823905,-624.2303351228535,-7.051081165778575,8.852973330564781,-633.0833084534182
96,97,2008-07-21,2008-07-22,LONG,965.2,945.8,8789.664999719438,43948.32499859719,-4416.6882769000695,-50.24865312888544,8.789664999719438,-4425.477941899789
104,105,2008-07-31,2008-08-01,LONG,913.4,908.7,8347.11720552946,41735.586027647296,-1073.7752043460664,-12.8640245237572,8.34711720552946,-1082.1223215515959
109,110,2008-08-07,2008-08-08,LONG,872.3,856.8,8238.9049733743,41194.5248668715,-3659.951481351073,-44.42279032442967,8.2389049733743,-3668.1903863244474
112,113,2008-08-12,2008-08-13,LONG,811.7,826.5,7872.085934741856,39360.42967370928,3588.359980109003,45.58334359985202,7.872085934741857,3580.4878941742613
115,116,2008-08-15,2008-08-18,LONG,787.1,799.6,8230.134724159281,41150.673620796406,3267.5862041669106,39.70270613645026,8.230134724159281,3259.3560694427515
119,121,2008-08-21,2008-08-25,LONG,836.2,821.4,8556.070331103556,42780.35165551778,-3785.8718279219443,-44.24778761061967,8.556070331103555,-3794.4278982530477
124,126,2008-08-28,2008-09-01,LONG,833.5,817.1,8176.627541278251,40883.13770639125,-4022.096331042685,-49.19016196760641,8.17662754127825,-4030.2729585839634
129,130,2008-09-04,2008-09-05,LONG,795.9,801.7,7773.600245419855,38868.001227099274,1416.2231883225184,18.218369141852207,7.773600245419855,1408.4495880770985
133,134,2008-09-10,2008-09-11,LONG,752.1,746.4,7914.445204227564,39572.22602113782,-1499.5458603941458,-18.94694854407674,7.914445204227565,-1507.4603055983735
138,139,2008-09-17,2008-09-18,LONG,863.6,853.3,7763.699173667727,38818.495868338636,-2314.905670703396,-29.817044928207697,7.763699173667727,-2322.6693698770637
142,143,2008-09-23,2008-09-24,LONG,891.4,882.5,7531.432236680021,37657.1611834001,-1879.9009116684992,-24.960735921023044,7.531432236680021,-1887.4323439051793
144,148,2008-09-25,2008-10-01,LONG,877.1,870.1,7342.689002289502,36713.44501144751,-1465.0217482620715,-19.952114924181963,7.342689002289503,-1472.364437264361
159,162,2008-10-16,2008-10-21,LONG,804.3,771.4,7195.452558563066,35977.26279281533,-7358.273939348648,-102.26283724978234,7.195452558563066,-7365.4693919072115
167,168,2008-10-27,2008-10-28,LONG,730.2,745.2,6458.9056193723445,32294.528096861723,3317.0221956513683,51.35579293344289,6.458905619372345,3310.563290031996
182,183,2008-11-17,2008-11-18,LONG,737.2,737.9,6789.961948375543,33949.80974187772,161.1833072389588,2.3738469886053033,6.789961948375544,154.39334529058326
187,188,2008-11-24,2008-11-25,LONG,821.2,819.9,6805.401282904601,34027.006414523006,-269.33212578471887,-3.9576229907454583,6.805401282904602,-276.13752706762347
193,195,2008-12-02,2008-12-04,LONG,781.5,766.5,6777.787530197839,33888.937650989195,-3252.297279365566,-47.98464491362764,6.777787530197839,-3259.0750668957635
200,201,2008-12-11,2008-12-12,LONG,820.8,820.3,6451.880023508263,32259.400117541314,-98.25597014358345,-1.5229044834307994,6.451880023508263,-104.70785016709172
204,206,2008-12-17,2008-12-19,LONG,867.2,838.6,6441.409238491553,32207.046192457765,-5310.894379060728,-82.44926199261998,6.441409238491553,-5317.3357882992195
208,209,2008-12-23,2008-12-24,LONG,839.7,847.3,5909.6756596616315,29548.37829830816,1337.1899194184787,22.627128736453226,5.909675659661632,1331.280243758817
211,212,2008-12-30,2008-12-31,LONG,872.0,865.8,6042.803684037513,30214.018420187567,-1074.1222144791532,-17.7752293577983,6.042803684037514,-1080.1650181631908
213,214,2009-01-05,2009-01-06,LONG,858.9,863.2,5934.787182221195,29673.935911105975,742.7984888680738,12.516008848527385,5.9347871822211955,736.8637016858527
218,219,2009-01-12,2009-01-13,LONG,820.5,821.2,6008.47355238978,30042.3677619489,128.15147735140522,2.1328458257161653,6.00847355238978,122.14300379901545
223,224,2009-01-19,2009-01-20,LONG,835.7,856.4,6020.687852769681,30103.439263848406,3728.2589012902945,61.92413545530672,6.020687852769681,3722.238213437525
229,230,2009-01-27,2009-01-28,LONG,898.5,887.3,6392.911674113434,31964.55837056717,-1992.2262312206663,-31.16304952698955,6.392911674113434,-1998.6191428947798
232,233,2009-01-30,2009-02-02,LONG,926.9,904.9,6193.049759823956,30965.24879911978,-3674.805661779238,-59.33757686913367,6.193049759823957,-3680.9987115390622
237,239,2009-02-06,2009-02-10,LONG,910.6,914.9,5824.949888670049,29124.749443350247,687.6588107094484,11.805403030968469,5.82494988867005,681.8338608207783
242,244,2009-02-13,2009-02-17,LONG,941.3,969.8,5893.133274752126,29465.666373760632,4460.70058245075,75.69319026877723,5.893133274752127,4454.807449175997
247,248,2009-02-20,2009-02-23,LONG,993.5,991.1,6338.614019669727,31693.070098348635,-382.8050741622345,-6.03925515853039,6.338614019669727,-389.1436881819042
251,251,2009-02-26,2009-02-26,LONG,945.6,945.6,6299.699650851536,31498.49825425768,0.0,0.0,6.299699650851537,-6.299699650851537
4,5,2009-03-05,2009-03-06,LONG,931.7,938.6,6299.06968088645,31495.348404432254,1166.2439840645156,18.514543307931678,6.2990696808864515,1159.944914383629
11,12,2009-03-16,2009-03-17,LONG,921.9,914.5,6415.064172324814,32075.320861624066,-1287.3271199480278,-20.067252413493808,6.415064172324813,-1293.7421841203525
43,44,2009-04-29,2009-04-30,LONG,897.7,887.9,6285.689953912779,31428.449769563893,-1715.4885136556104,-27.29196836359604,6.285689953912779,-1721.7742036095233
57,58,2009-05-19,2009-05-20,LONG,924.2,938.4,6113.512533551827,30567.562667759135,2348.297932710331,38.411599220947664,6.113512533551828,2342.1844201767794
64,65,2009-05-28,2009-05-29,LONG,959.0,978.4,6347.730975569505,31738.654877847526,3210.270618510121,50.57351407716365,6.3477309755695055,3203.9228875345516
68,69,2009-06-03,2009-06-04,LONG,962.9,979.8,6668.12326432296,33340.6163216148,2925.8303865161974,43.87786893758432,6.6681232643229595,2919.1622632518743
70,72,2009-06-05,2009-06-09,LONG,954.9,954.4,6960.039490648147,34800.19745324073,-91.10953359838919,-1.3090375955597444,6.960039490648147,-98.06957308903733
83,84,2009-06-24,2009-06-25,LONG,931.3,938.8,6950.232533339244,34751.16266669622,1399.300547622794,20.133147213572425,6.950232533339244,1392.3503150894549
89,90,2009-07-02,2009-07-03,LONG,929.3,932.1,7089.467564848191,35447.33782424095,534.0177870863935,7.532551382761402,7.089467564848191,526.9283195215453
94,95,2009-07-09,2009-07-10,LONG,911.8,912.2,7142.160396800345,35710.80198400172,78.3303399517654,1.0967317394167881,7.142160396800345,71.18817955496505
96,97,2009-07-13,2009-07-14,LONG,919.9,925.2,7149.27921475584,35746.3960737792,1029.7635568596163,14.403739536906372,7.149279214755841,1022.6142776448604
104,105,2009-07-23,2009-07-24,LONG,948.8,951.5,7251.5406425203255,36257.70321260163,515.8926995890918,7.11424957841496,7.251540642520326,508.6411589465714
115,116,2009-08-07,2009-08-10,LONG,955.1,945.0,7302.404758414983,36512.02379207491,-1930.5383745155348,-26.437022301329762,7.302404758414983,-1937.8407792739497
119,120,2009-08-13,2009-08-14,LONG,955.0,947.3,7108.6206804875865,35543.10340243793,-1432.8895088941033,-20.157068062827346,7.108620680487587,-1439.9981295745908
124,125,2009-08-20,2009-08-21,LONG,940.6,953.6,6964.620867530129,34823.10433765064,2406.4445906307587,34.55241335317882,6.964620867530129,2399.479969763229
133,134,2009-09-02,2009-09-03,LONG,977.4,990.9,7204.568864506449,36022.84432253225,2487.7654918875864,34.5303867403315,7.20456886450645,2480.56092302308
138,139,2009-09-09,2009-09-10,LONG,992.6,995.9,7452.624956808757,37263.124784043786,619.4253062026133,8.311505138021245,7.452624956808758,611.9726812458046
144,146,2009-09-17,2009-09-21,LONG,1011.2,1003.0,7513.8222249333385,37569.11112466669,-1523.2728996354263,-20.272943037974798,7.513822224933339,-1530.7867218603596
161,162,2009-10-12,2009-10-13,LONG,1055.2,1063.3,7360.743552747302,36803.71776373651,1412.5763546543894,19.190674753600995,7.360743552747302,1405.215611101642
167,168,2009-10-20,2009-10-21,LONG,1054.5,1052.6,7501.265113857466,37506.32556928733,-337.89482494855065,-4.5045045045047205,7.501265113857466,-345.3960900624081
194,195,2009-11-26,2009-11-27,LONG,1191.8,1177.2,7466.725504851225,37333.627524256124,-2286.7551680405104,-30.625943950327045,7.466725504851225,-2294.2218935453616
204,206,2009-12-10,2009-12-14,LONG,1130.0,1126.4,7237.303315496689,36186.516577483446,-576.4223879598987,-7.964601769911303,7.23730331549669,-583.6596912753954
208,209,2009-12-16,2009-12-17,LONG,1137.3,1096.8,7178.937346369149,35894.686731845744,-6391.166854127112,-89.02664204695331,7.178937346369149,-6398.345791473481
211,212,2009-12-21,2009-12-22,LONG,1092.1,1083.3,6539.102767221801,32695.513836109003,-1317.281026269379,-20.144675396025903,6.5391027672218005,-1323.8201290366007
229,230,2010-01-19,2010-01-20,LONG,1138.0,1111.6,6406.72075431814,32033.6037715907,-3715.6728452108846,-57.99648506151161,6.40672075431814,-3722.0795659652026
232,233,2010-01-22,2010-01-25,LONG,1093.3,1098.0,6034.512797721621,30172.563988608104,648.545919447816,10.747278880453775,6.0345127977216215,642.5114066500944
237,239,2010-01-29,2010-02-02,LONG,1081.4,1114.4,6098.76393838663,30493.81969193315,4652.7466702135835,76.28999445163676,6.098763938386631,4646.647906275197
243,244,2010-02-08,2010-02-09,LONG,1062.5,1077.7,6563.428729014148,32817.14364507074,2347.3909807297728,35.76470588235304,6.563428729014149,2340.8275520007587
247,248,2010-02-12,2010-02-15,LONG,1091.9,1100.3,6797.511484214224,33987.55742107112,1307.333466146134,19.232530451506236,6.797511484214224,1300.5359546619197
251,251,2010-02-18,2010-02-18,LONG,1108.3,1108.3,6927.565079680416,34637.82539840208,0.0,0.0,6.927565079680416,-6.927565079680416
4,5,2010-02-25,2010-02-26,LONG,1106.6,1116.4,6926.872323172448,34634.36161586224,1533.6017704475703,22.139887945057342,6.926872323172448,1526.674898124398
10,12,2010-03-05,2010-03-09,LONG,1131.2,1121.1,7079.539812984888,35397.69906492444,-1580.254422541291,-22.32142857142887,7.079539812984888,-1587.3339623542759
15,16,2010-03-12,2010-03-15,LONG,1102.2,1108.7,6920.8064167494595,34604.0320837473,1020.3511547103858,14.743240791144984,6.92080641674946,1013.4303482936364
20,21,2010-03-19,2010-03-22,LONG,1106.5,1101.6,7022.149451578824,35110.747257894116,-777.4182628273129,-11.070944419340465,7.022149451578824,-784.4404122788917
42,44,2010-04-20,2010-04-22,LONG,1140.2,1141.1,6943.705410350934,34718.52705175467,137.0227782256379,1.9733380108749858,6.943705410350934,130.07907281528696
53,54,2010-05-05,2010-05-06,LONG,1174.5,1207.9,6956.713317632462,34783.56658816231,4945.811511471369,71.09408258833567,6.956713317632463,4938.854798153737
57,58,2010-05-11,2010-05-12,LONG,1232.1,1238.4,7450.598797447837,37252.993987239184,952.4140172048277,12.783053323594235,7.450598797447837,944.9634184073799
64,65,2010-05-20,2010-05-21,LONG,1181.9,1177.0,7545.095139288574,37725.47569644287,-782.0239906615342,-10.364667061511316,7.5450951392885734,-789.5690858008228
68,69,2010-05-26,2010-05-27,LONG,1211.1,1212.1,7466.138230708491,37330.69115354246,154.11894622055345,2.06423912145983,7.466138230708492,146.65280798984497
70,72,2010-05-28,2010-06-01,LONG,1213.9,1225.0,7480.803511507476,37404.01755753738,1710.126842773958,22.86020265260711,7.480803511507476,1702.6460392624506
83,84,2010-06-16,2010-06-17,LONG,1228.7,1244.6,7651.06811543372,38255.3405771686,2475.217364600698,32.351265565231266,7.651068115433721,2467.5662964852645
89,90,2010-06-24,2010-06-25,LONG,1242.9,1254.2,7897.824745082247,39489.123725411235,1795.1045864395574,22.72910129535754,7.897824745082247,1787.206761694475
94,95,2010-07-01,2010-07-02,LONG,1198.2,1210.8,8076.545421251694,40382.72710625847,2123.278090213875,26.289434151226647,8.076545421251694,2115.2015447926233
96,97,2010-07-05,2010-07-06,LONG,1208.5,1192.1,8288.065575730956,41440.32787865478,-2811.8385486551188,-33.92635498551943,8.288065575730958,-2820.1266142308496
104,105,2010-07-15,2010-07-16,LONG,1207.8,1192.4,8006.052914307869,40030.264571539345,-2552.0205100252547,-31.876138433515205,8.006052914307869,-2560.0265629395626
109,110,2010-07-22,2010-07-23,LONG,1194.3,1186.7,7750.050258013912,38750.25129006956,-1232.9477928683125,-15.908900611236518,7.750050258013912,-1240.6978431263265
115,116,2010-07-30,2010-08-02,LONG,1180.3,1182.2,7625.980473701279,38129.902368506395,306.90000211880715,4.024400576124906,7.625980473701279,299.27402164510585
119,120,2010-08-05,2010-08-06,LONG,1194.5,1204.7,7655.90787586579,38279.53937932895,1634.3712920433527,21.347844286312355,7.65590787586579,1626.715384167487
124,125,2010-08-12,2010-08-13,LONG,1213.4,1214.3,7818.579414282538,39092.89707141269,144.97942708202606,1.8542937201249867,7.818579414282539,137.16084766774352
129,130,2010-08-19,2010-08-20,LONG,1231.5,1226.9,7832.295499049314,39161.47749524657,-731.3958444097874,-9.338205440519506,7.832295499049314,-739.2281399088367
133,134,2010-08-25,2010-08-26,LONG,1239.6,1237.0,7758.372685058428,38791.86342529214,-406.82012304677335,-5.2436269764438315,7.758372685058428,-414.57849573183177
138,139,2010-09-01,2010-09-02,LONG,1243.7,1250.4,7716.914835485244,38584.57417742622,1039.304683560173,13.46787810565258,7.716914835485245,1031.5877687246877
142,143,2010-09-07,2010-09-08,LONG,1255.2,1254.6,7820.073612357713,39100.36806178856,-93.45212251863636,-1.1950286806886081,7.820073612357713,-101.27219613099408
144,147,2010-09-09,2010-09-14,LONG,1243.1,1267.7,7809.946392744614,39049.73196372307,3863.8219222411426,49.47309146488645,7.809946392744614,3856.011975848398
159,162,2010-09-30,2010-10-05,LONG,1307.7,1340.1,8195.547590329455,40977.73795164728,5076.388734546785,61.94081211286966,8.195547590329456,5068.193186956455
167,168,2010-10-12,2010-10-13,LONG,1349.9,1371.7,8702.3669090251,43511.8345451255,3513.4380068291493,40.373360989702846,8.7023669090251,3504.7356399201244
182,183,2010-11-19,2010-11-22,LONG,1353.2,1366.4,9052.840473017113,45264.20236508557,2207.683532438411,24.386639077741734,9.052840473017115,2198.630691965394
187,188,2010-11-26,2010-11-29,LONG,1362.7,1365.8,9272.703542213652,46363.51771106826,527.3607723794944,5.6872385704849,9.272703542213653,518.0880688372807
194,195,2010-12-07,2010-12-08,LONG,1401.7,1381.5,9324.51234909738,46622.5617454869,-3359.4055334908944,-36.027680673468005,9.32451234909738,-3368.730045839992
200,201,2010-12-15,2010-12-16,LONG,1380.4,1369.6,8987.639344513382,44938.19672256691,-1757.94162780256,-19.55954795711421,8.987639344513381,-1766.9292671470735
204,206,2010-12-21,2010-12-23,LONG,1385.2,1379.4,8810.946417798674,44054.73208899337,-922.3124679330044,-10.467802483395818,8.810946417798673,-931.123414350803
208,209,2010-12-27,2010-12-28,LONG,1383.2,1405.3,8717.834076363593,43589.17038181797,3482.217558697849,39.94360902255622,8.717834076363594,3473.4997246214857
211,212,2010-12-30,2011-01-03,LONG,1402.9,1414.3,9065.184048825742,45325.92024412871,1841.5977289295781,20.31506165799391,9.065184048825744,1832.5325448807523
213,214,2011-01-04,2011-01-05,LONG,1380.1,1377.8,9248.437303313816,46242.18651656908,-385.32363230239406,-4.166364756177007,9.248437303313818,-394.5720696057079
218,219,2011-01-11,2011-01-12,LONG,1381.0,1387.3,9208.980096353245,46044.90048176623,1050.2638415464342,11.404779145546621,9.208980096353246,1041.0548614500808
229,230,2011-01-26,2011-01-27,LONG,1345.1,1313.4,9313.085582498254,46565.42791249127,-5487.042096594919,-58.9175525983195,9.313085582498255,-5496.355182177417
232,233,2011-01-31,2011-02-01,LONG,1332.5,1341.0,8763.450064280512,43817.250321402564,1397.5483216957664,15.94746716697936,8.763450064280514,1388.7848716314859
237,239,2011-02-07,2011-02-09,LONG,1350.7,1363.2,8902.328551443661,44511.6427572183,2059.6562318250863,23.13615162508329,8.902328551443661,2050.7539032736427
243,244,2011-02-15,2011-02-16,LONG,1373.3,1373.9,9107.403941771025,45537.01970885512,99.476486657392,1.0922595208624053,9.107403941771025,90.36908271562098
247,248,2011-02-21,2011-02-22,LONG,1406.0,1398.6,9116.440850042585,45582.204250212926,-1199.531690795092,-13.157894736842268,9.116440850042586,-1208.6481316451345
251,251,2011-02-25,2011-02-25,LONG,1408.1,1408.1,8995.576036878074,44977.88018439037,0.0,0.0,8.995576036878075,-8.995576036878075
4,5,2011-03-04,2011-03-07,LONG,1427.9,1431.7,8994.676479274385,44973.382396371926,598.4272466776779,6.653126969675667,8.994676479274386,589.4325701984035
10,12,2011-03-14,2011-03-16,LONG,1425.9,1398.4,9053.619736294226,45268.09868147113,-4365.217454731945,-48.21516235360123,9.053619736294227,-4374.271074468239
15,16,2011-03-21,2011-03-22,LONG,1427.2,1427.2,8616.192628847402,43080.963144237016,0.0,0.0,8.616192628847404,-8.616192628847404
20,21,2011-03-28,2011-03-29,LONG,1419.8,1418.0,8615.331009584517,43076.655047922584,-273.0595122068555,-3.16946048739251,8.615331009584517,-281.67484321644
34,35,2011-04-15,2011-04-18,LONG,1487.1,1494.7,8587.163525262873,42935.81762631437,1097.1428080155843,12.776544953264974,8.587163525262874,1088.5556444903214
36,37,2011-04-19,2011-04-20,LONG,1495.8,1501.8,8696.019089711905,43480.09544855952,872.043631138378,10.028078620136382,8.696019089711905,863.3476120486662
42,44,2011-04-27,2011-04-29,LONG,1526.4,1561.6,8782.35385091677,43911.76925458385,5063.201905664778,57.65199161425546,8.78235385091677,5054.419551813861
47,48,2011-05-04,2011-05-05,LONG,1515.8,1473.8,9287.795806098156,46438.97903049078,-6433.688874787614,-69.27035228922021,9.287795806098156,-6442.976670593712
52,54,2011-05-11,2011-05-13,LONG,1496.2,1488.7,8643.498139038784,43217.49069519392,-1083.1813267409248,-12.53174709263467,8.643498139038785,-1091.8248248799634
57,58,2011-05-18,2011-05-19,LONG,1492.2,1488.3,8534.315656550787,42671.57828275394,-557.6301946881928,-6.5339766787295455,8.534315656550788,-566.1645103447436
64,65,2011-05-27,2011-05-30,LONG,1531.5,1533.7,8477.699205516314,42388.49602758157,304.4554073153163,3.591250408096711,8.477699205516315,295.97770810979995
68,69,2011-06-02,2011-06-03,LONG,1528.6,1536.3,8507.296976327294,42536.48488163647,1071.3428417787609,12.593222556587802,8.507296976327295,1062.8355448024336
70,72,2011-06-06,2011-06-08,LONG,1539.6,1532.6,8613.580530807538,43067.90265403769,-979.0702733770584,-11.366588724343984,8.613580530807537,-987.6838539078659
75,76,2011-06-13,2011-06-14,LONG,1510.9,1518.9,8514.812145416752,42574.060727083765,1127.1178960112188,13.237143424449005,8.514812145416753,1118.603083865802
82,84,2011-06-22,2011-06-24,LONG,1544.0,1495.8,8626.672453803332,43133.36226901666,-6732.603825669057,-78.04404145077727,8.626672453803332,-6741.230498122861
86,88,2011-06-28,2011-06-30,LONG,1496.4,1495.0,7952.549403991046,39762.74701995523,-186.00590025374544,-2.3389468056670855,7.952549403991047,-193.95844965773648
89,90,2011-07-01,2011-07-04,LONG,1482.8,1491.4,7933.153559025273,39665.76779512637,1150.275165356394,14.499595360129716,7.933153559025274,1142.3420117973687
94,95,2011-07-08,2011-07-11,LONG,1538.0,1548.7,8047.387760205011,40236.938801025055,1399.6594446390438,17.392717815344678,8.04738776020501,1391.6120568788388
96,97,2011-07-12,2011-07-13,LONG,1562.8,1577.4,8186.548965892895,40932.74482946447,1912.0107323719826,23.35551574097795,8.186548965892895,1903.8241834060898
104,105,2011-07-22,2011-07-25,LONG,1597.8,1609.2,8376.931384233505,41884.65692116752,1494.1954215211967,17.837025910627254,8.376931384233504,1485.8184901369632
109,110,2011-07-29,2011-08-01,LONG,1620.9,1614.6,8525.5132332472,42627.566166236,-828.4091148352599,-9.716823986674349,8.525513233247201,-836.9346280685071
112,113,2011-08-03,2011-08-04,LONG,1656.9,1641.6,8441.81977044035,42209.09885220175,-1948.8177090913587,-23.08527973927241,8.44181977044035,-1957.259528861799
115,116,2011-08-08,2011-08-09,LONG,1714.6,1735.4,8246.09381755417,41230.46908777085,2500.8566342751697,30.327773241572643,8.24609381755417,2492.6105404576156
119,120,2011-08-12,2011-08-15,LONG,1740.9,1761.0,8495.354871599933,42476.77435799967,2452.131554356337,28.864380492848397,8.495354871599934,2443.636199484737
124,126,2011-08-19,2011-08-23,LONG,1843.5,1823.5,8739.718491548407,43698.59245774204,-2370.414562394469,-27.122321670735015,8.739718491548407,-2379.1542808860177
129,130,2011-08-26,2011-08-29,LONG,1817.4,1783.4,8501.803063459805,42509.015317299025,-3976.302742346668,-46.77011114779355,8.501803063459805,-3984.8045454101275
133,134,2011-09-01,2011-09-02,LONG,1821.2,1876.8,8103.322608918793,40516.61304459396,6184.723493519165,76.32330331649449,8.103322608918793,6176.620170910246
138,139,2011-09-08,2011-09-09,LONG,1865.4,1850.7,8720.984626009818,43604.923130049094,-1718.1097084049632,-19.700868446445863,8.72098462600982,-1726.830693030973
142,143,2011-09-14,2011-09-15,LONG,1815.1,1783.7,8548.301556706721,42741.507783533605,-3696.9956046580064,-43.24830587846381,8.548301556706722,-3705.543906214713
144,148,2011-09-16,2011-09-22,LONG,1802.4,1735.5,8177.747166085251,40888.73583042625,-7588.372245493563,-92.79294274300943,8.17774716608525,-7596.5499926596485
159,162,2011-10-07,2011-10-12,LONG,1631.9,1671.5,7418.092166819287,37090.46083409643,4500.221364759529,60.66548195355092,7.418092166819287,4492.80327259271
167,168,2011-10-19,2011-10-20,LONG,1635.8,1615.8,7867.372494078559,39336.86247039279,-2404.747675167673,-30.56608387333415,7.867372494078559,-2412.6150476617518
182,183,2011-11-09,2011-11-10,LONG,1764.9,1753.5,7626.110989312382,38130.55494656191,-1231.48146181316,-16.148223695393636,7.626110989312383,-1239.1075728024723
187,188,2011-11-16,2011-11-17,LONG,1758.5,1716.5,7502.200232032135,37511.001160160675,-4479.562265358966,-59.7099800966733,7.502200232032135,-4487.064465590998
193,195,2011-11-24,2011-11-28,LONG,1690.2,1707.3,7053.493785473035,35267.468927365175,1784.0306432905609,25.292864749733624,7.0534937854730355,1776.977149505088
200,201,2011-12-05,2011-12-06,LONG,1717.9,1723.4,7231.191500423543,36155.957502117715,578.7815538205,8.003958321206122,7.231191500423543,571.5503623200765
204,206,2011-12-09,2011-12-13,LONG,1706.4,1626.7,7288.346536655551,36441.732683277754,-8510.33197039744,-116.7662916080638,7.288346536655551,-8517.620316934095
208,209,2011-12-15,2011-12-16,LONG,1565.5,1592.3,6436.584504962142,32182.92252481071,2754.7183764449874,42.79782816991369,6.436584504962142,2748.2817919400254
211,212,2011-12-20,2011-12-21,LONG,1610.9,1610.2,6711.412684156143,33557.063420780716,-72.90938107439328,-1.0863492457633084,6.7114126841561434,-79.62079375854942
213,214,2011-12-22,2011-12-23,LONG,1601.2,1602.5,6703.450604780288,33517.25302390144,136.06179406404678,2.0297277042217625,6.703450604780288,129.35834345926648
218,219,2011-12-30,2012-01-03,LONG,1558.4,1598.9,6716.386439126215,33581.932195631074,4363.668679167923,64.97048254620121,6.716386439126215,4356.952292728797
223,224,2012-01-09,2012-01-10,LONG,1606.2,1627.8,7152.081668399094,35760.40834199547,2404.5100864994984,33.6197235711616,7.152081668399094,2397.358004831099
229,230,2012-01-17,2012-01-18,LONG,1647.1,1654.9,7391.817468882204,36959.08734441102,875.1165117066744,11.838989739542502,7.391817468882204,867.7246942377922
232,233,2012-01-20,2012-01-23,LONG,1661.3,1672.0,7478.589938305982,37392.94969152991,1204.1911806999692,16.10184795040036,7.478589938305983,1196.7125907616633
237,239,2012-01-27,2012-01-31,LONG,1733.1,1732.6,7598.2611973821495,37991.305986910746,-54.80253012940793,-0.721250937626219,7.59826119738215,-62.40079132679008
242,244,2012-02-03,2012-02-07,LONG,1720.6,1739.7,7592.02111824947,37960.10559124735,2106.9336766035967,27.751946995234423,7.592021118249471,2099.3416554853475
247,248,2012-02-10,2012-02-13,LONG,1714.9,1717.3,7801.955283798005,39009.776418990026,272.97062046058295,3.498746282581876,7.801955283798006,265.16866517678494
251,251,2012-02-16,2012-02-16,LONG,1723.1,1723.1,7828.472150315685,39142.360751578424,0.0,0.0,7.828472150315685,-7.828472150315685
4,5,2012-02-23,2012-02-24,LONG,1775.7,1767.4,7827.689303100653,39138.44651550327,-914.7071748568884,-11.685532466069656,7.827689303100653,-922.5348641599891
10,12,2012-03-02,2012-03-06,LONG,1706.9,1669.3,7735.435816684655,38677.179083423274,-4259.950593288185,-55.070595816978354,7.735435816684655,-4267.68602910487
15,16,2012-03-09,2012-03-12,LONG,1707.0,1695.3,7308.667213774168,36543.33606887084,-1252.3638898822217,-17.13532513181026,7.308667213774169,-1259.672557095996
20,21,2012-03-16,2012-03-19,LONG,1655.2,1659.5,7182.699958064569,35913.49979032284,466.4936234243191,6.494683421942899,7.182699958064569,459.3109234662545
22,23,2012-03-20,2012-03-21,LONG,1645.5,1645.6,7228.631050411194,36143.15525205597,10.98242335217961,0.15192950470967645,7.228631050411194,3.7537923017684163
34,35,2012-04-05,2012-04-06,LONG,1626.3,1635.4,7229.006429641371,36145.032148206854,1011.2518986309024,13.988808952837939,7.229006429641371,1004.022892201261
36,37,2012-04-09,2012-04-10,LONG,1635.4,1654.9,7329.408718861497,36647.043594307484,2184.839641949969,29.80922098569157,7.329408718861497,2177.5102332311076
42,44,2012-04-17,2012-04-19,LONG,1644.6,1637.9,7547.159742184607,37735.79871092304,-768.6667012136006,-10.184847379301683,7.547159742184608,-776.2138609557852
45,46,2012-04-20,2012-04-23,LONG,1637.4,1633.8,7469.5383560890305,37347.69178044515,-410.56458534752545,-5.496518871381666,7.46953835608903,-418.03412370361445
47,48,2012-04-24,2012-04-25,LONG,1637.2,1638.6,7427.734943718667,37138.674718593335,158.789838156687,2.1377962374784136,7.427734943718667,151.36210321296835
50,51,2012-04-27,2012-04-30,LONG,1657.4,1659.8,7442.8711540399645,37214.35577019982,269.4414560410115,3.6201279111859894,7.442871154039965,261.99858488697157
52,54,2012-05-01,2012-05-03,LONG,1657.4,1631.0,7469.071012528662,37345.35506264331,-2974.289168739552,-39.82140702304828,7.469071012528663,-2981.758239752081
57,58,2012-05-08,2012-05-09,LONG,1600.4,1584.6,7170.895188553453,35854.47594276727,-1769.8722816037534,-24.68132966758339,7.170895188553454,-1777.043176792307
64,65,2012-05-17,2012-05-18,LONG,1569.2,1586.5,6993.190870874224,34965.95435437112,1927.4503260598353,27.56181493754772,6.9931908708742245,1920.457135188961
68,69,2012-05-23,2012-05-24,LONG,1556.4,1554.2,7185.236584393118,35926.18292196559,-253.91159865177954,-3.533795939347285,7.1852365843931185,-261.09683523617264
70,72,2012-05-25,2012-05-29,LONG,1567.8,1550.0,7159.1269008695,35795.6345043475,-2032.0267067782368,-28.383722413573093,7.1591269008695,-2039.1858336791063
75,76,2012-06-01,2012-06-04,LONG,1617.1,1613.9,6955.20831750159,34776.04158750795,-344.08302850788175,-4.947127574052034,6.95520831750159,-351.03823682538336
79,81,2012-06-07,2012-06-11,LONG,1584.4,1591.5,6920.104493819052,34600.52246909526,775.2578563827733,11.202979045695388,6.920104493819053,768.3377518889542
82,84,2012-06-12,2012-06-14,LONG,1609.3,1623.2,6996.938269007948,34984.69134503974,1510.8656238614788,21.593239296588717,6.9969382690079485,1503.868685592471
86,88,2012-06-18,2012-06-20,LONG,1627.6,1606.9,7147.325137567195,35736.62568783598,-2272.5121397708226,-31.795281395920092,7.147325137567196,-2279.65946490839
89,90,2012-06-21,2012-06-22,LONG,1565.7,1572.7,6919.359191076355,34596.79595538178,773.384338275763,11.177109280194161,6.919359191076356,766.4649790846865
93,95,2012-06-27,2012-06-29,LONG,1573.7,1598.5,6996.005688984825,34980.02844492412,2756.258198621454,39.39759801741112,6.996005688984825,2749.262192932469
96,97,2012-07-02,2012-07-03,LONG,1596.6,1616.8,7270.931908278071,36354.659541390356,2299.7749052238723,31.629713140423476,7.2709319082780715,2292.503973315594
102,103,2012-07-10,2012-07-11,LONG,1566.7,1575.9,7500.18230560963,37500.91152804815,1101.0671668412735,14.68053871194237,7.500182305609631,1093.566984535664
104,105,2012-07-12,2012-07-13,LONG,1571.4,1587.9,7609.5390040631955,38047.69502031598,1997.5403074812702,26.250477281405114,7.609539004063196,1989.930768477207
109,110,2012-07-19,2012-07-20,LONG,1580.9,1583.9,7808.532080910916,39042.66040455458,370.4471541959129,4.744133088746916,7.808532080910917,362.63862211500197
112,113,2012-07-24,2012-07-25,LONG,1580.3,1604.0,7844.795943122417,39223.979715612084,2941.240015376853,37.492881098525665,7.844795943122417,2933.3952194337307
115,116,2012-07-27,2012-07-30,LONG,1623.4,1621.6,8138.13546506579,40690.67732532895,-225.58586665516663,-2.771960083775073,8.13813546506579,-233.72400212023243
119,121,2012-08-02,2012-08-06,LONG,1587.9,1610.1,8114.763064853767,40573.815324268835,2836.257636497137,34.95182316266739,8.114763064853767,2828.142873432283
124,127,2012-08-09,2012-08-14,LONG,1616.8,1598.6,8397.577352196995,41987.88676098498,-2363.2469663839947,-28.142008906482012,8.397577352196995,-2371.6445437361917
129,130,2012-08-16,2012-08-17,LONG,1614.5,1615.8,8160.412897823377,40802.064489116885,164.26969289516907,2.013007122948211,8.160412897823377,156.1092799973457
133,134,2012-08-22,2012-08-23,LONG,1654.1,1670.1,8176.023825823111,40880.119129115556,1977.1534552501328,24.182334804425366,8.176023825823112,1968.9774314243095
138,139,2012-08-29,2012-08-30,LONG,1656.0,1655.1,8372.921568965543,41864.60784482771,-113.7625213174781,-1.3586956521740503,8.372921568965543,-122.13544288644364
142,143,2012-09-04,2012-09-05,LONG,1695.4,1692.5,8360.708024676898,41803.54012338449,-357.52703302412067,-4.276276984782487,8.360708024676898,-365.8877410487976
144,148,2012-09-06,2012-09-12,LONG,1700.0,1730.3,8324.119250572017,41620.59625286009,3709.129607240173,44.558823529411704,8.324119250572018,3700.805487989601
159,162,2012-09-27,2012-10-02,LONG,1776.8,1774.0,8694.19979937098,43470.9989968549,-342.5225044776895,-3.939666816749148,8.69419979937098,-351.2167042770605
167,168,2012-10-09,2012-10-10,LONG,1763.8,1761.9,8659.078128943273,43295.39064471636,-233.19322549312614,-2.693049098537055,8.659078128943273,-241.8523036220694
179,180,2012-10-25,2012-10-26,LONG,1711.6,1711.9,8634.892898581067,43174.46449290533,37.836934295043974,0.43818649217133365,8.634892898581066,29.20204139646291
182,183,2012-10-30,2012-10-31,LONG,1709.0,1720.2,8637.813102720713,43189.065513603564,1415.2063597201927,16.383850204798193,8.637813102720713,1406.568546617472
187,188,2012-11-06,2012-11-07,LONG,1715.6,1717.1,8778.46995738246,43892.3497869123,191.88192084509342,2.1858242014455587,8.77846995738246,183.10345088771095
193,195,2012-11-14,2012-11-16,LONG,1726.0,1711.7,8796.780302471232,43983.90151235616,-1822.0445875628366,-20.71263035921199,8.796780302471232,-1830.8413678653078
197,198,2012-11-20,2012-11-21,LONG,1726.7,1728.5,8613.696165684702,43068.480828423504,224.4838868684784,2.6061272948398013,8.6136961656847,215.8701907027937
200,201,2012-11-23,2012-11-26,LONG,1748.4,1748.4,8635.28318475498,43176.415923774905,0.0,0.0,8.63528318475498,-8.63528318475498
204,206,2012-11-29,2012-12-03,LONG,1725.2,1715.4,8634.419656436503,43172.09828218252,-1226.195696630497,-14.201252028750226,8.634419656436505,-1234.8301162869334
208,209,2012-12-05,2012-12-06,LONG,1693.5,1699.5,8510.93664480781,42554.68322403905,753.8473556074234,8.857395925597872,8.51093664480781,745.3364189626157
211,212,2012-12-10,2012-12-11,LONG,1712.5,1709.7,8585.470286704074,42927.35143352037,-350.9389314273141,-4.087591240875846,8.585470286704075,-359.5244017140182
213,214,2012-12-12,2012-12-13,LONG,1711.2,1696.7,8549.517846532674,42747.58923266337,-1811.126822912631,-21.183964469378214,8.549517846532675,-1819.6763407591636
218,219,2012-12-19,2012-12-20,LONG,1666.8,1647.4,8367.550212456756,41837.75106228378,-2434.762330838432,-29.097672186224898,8.367550212456756,-2443.1298810508883
223,224,2012-12-27,2012-12-28,LONG,1663.6,1657.1,8123.2372243516675,40616.186121758336,-793.4756245234107,-9.767973070449628,8.123237224351668,-801.5988617477624
229,230,2013-01-07,2013-01-08,LONG,1646.3,1658.7,8043.07733817689,40215.38669088445,1514.5198170654523,18.830103869282773,8.043077338176891,1506.4767397272753
232,233,2013-01-10,2013-01-11,LONG,1674.9,1663.1,8193.725012149618,40968.62506074809,-1443.1601161765923,-17.61299182040746,8.193725012149619,-1451.3538411887419
237,240,2013-01-17,2013-01-22,LONG,1687.2,1692.3,8048.589628030744,40242.94814015372,608.2237894582156,7.556899004267289,8.048589628030744,600.1751998301849
242,244,2013-01-24,2013-01-28,LONG,1667.5,1655.6,8108.607148013763,40543.035740068815,-1446.6630443982685,-17.84107946027,8.108607148013764,-1454.7716515462823
247,248,2013-01-31,2013-02-01,LONG,1663.3,1667.5,7963.1299828591345,39815.649914295675,502.69262802874897,6.312751758552344,7.963129982859135,494.72949804588984
251,251,2013-02-06,2013-02-06,LONG,1677.1,1677.1,8012.602932663724,40063.014663318616,0.0,0.0,8.012602932663723,-8.012602932663723
4,5,2013-02-13,2013-02-14,LONG,1642.1,1634.4,8011.801672370457,40059.008361852284,-939.2070044036761,-11.722793983313773,8.011801672370456,-947.2188060760466
10,12,2013-02-21,2013-02-25,LONG,1575.7,1592.9,7917.079791762853,39585.398958814265,2160.5282163216575,27.289458653297018,7.917079791762854,2152.611136529895
15,16,2013-02-28,2013-03-01,LONG,1579.2,1575.2,8132.340905415842,40661.70452707921,-514.9658628049544,-6.332320162107395,8.132340905415841,-523.0982037103703
20,21,2013-03-07,2013-03-08,LONG,1578.5,1578.1,8080.031085044803,40400.15542522402,-51.18803348144847,-0.633512828634924,8.080031085044803,-59.26806456649327
34,35,2013-03-27,2013-03-28,LONG,1604.4,1596.0,8074.1042785881555,40370.52139294078,-1056.8199317523877,-13.089005235602233,8.074104278588155,-1064.894036030976
36,37,2013-03-29,2013-04-01,LONG,1597.0,1599.0,7967.614874985056,39838.07437492528,249.45569427003932,3.1308703819661865,7.967614874985056,241.48807939505426
42,44,2013-04-08,2013-04-10,LONG,1573.0,1558.1,7991.76368292456,39958.8184146228,-1892.5187361026174,-23.680864589955647,7.991763682924561,-1900.510499785542
52,54,2013-04-22,2013-04-24,LONG,1426.0,1431.4,7801.712632946006,39008.56316473003,738.5913081681127,9.467040673211942,7.801712632946007,730.7895955351668
57,58,2013-04-29,2013-04-30,LONG,1475.2,1476.1,7874.791592499522,39373.95796249761,120.10765376302358,1.525216919739465,7.874791592499522,112.23286217052406
64,65,2013-05-08,2013-05-09,LONG,1473.5,1457.5,7886.0148787165745,39430.07439358287,-2140.757347462932,-27.14625042416017,7.8860148787165745,-2148.6433623416488
68,69,2013-05-14,2013-05-15,LONG,1424.9,1392.5,7671.150542482411,38355.75271241205,-4360.749483760804,-56.84609446276947,7.671150542482411,-4368.4206343032865
70,72,2013-05-16,2013-05-20,LONG,1385.5,1393.3,7234.3084790520825,36171.54239526041,1018.1812727644517,14.074341392998836,7.234308479052083,1010.9469642853996
75,76,2013-05-23,2013-05-24,LONG,1390.5,1383.3,7335.403175480622,36677.01587740311,-949.56675410753,-12.944983818770309,7.3354031754806215,-956.9021572830106
80,81,2013-05-30,2013-05-31,LONG,1413.6,1384.8,7239.712959752321,36198.5647987616,-3687.4599115886126,-50.9337860780984,7.239712959752321,-3694.699624548365
82,84,2013-06-03,2013-06-05,LONG,1410.9,1402.9,6870.242997297484,34351.21498648742,-973.8809266847379,-14.175349067970796,6.870242997297485,-980.7511696820354
86,88,2013-06-07,2013-06-11,LONG,1378.5,1377.7,6772.167880329282,33860.83940164641,-98.25415858293647,-1.4508523757706826,6.772167880329282,-105.02632646326575
89,90,2013-06-12,2013-06-13,LONG,1388.6,1385.7,6761.665247682955,33808.326238414775,-353.0323566592188,-5.2210859858848195,6.761665247682955,-359.7940219069018
94,95,2013-06-19,2013-06-20,LONG,1350.8,1284.4,6725.685845492265,33628.429227461325,-8265.204696118697,-122.89013917678386,6.725685845492265,-8271.93038196419
96,97,2013-06-21,2013-06-24,LONG,1293.6,1281.9,5898.492807295846,29492.464036479232,-1333.7269218723009,-22.61131725417405,5.898492807295847,-1339.6254146795968
104,105,2013-07-03,2013-07-04,LONG,1252.3,1248.3,5764.530265827886,28822.65132913943,-460.31544085505755,-7.985307035055497,5.7645302658278865,-466.07997112088543
109,110,2013-07-10,2013-07-11,LONG,1259.1,1285.5,5717.922268715798,28589.61134357899,2997.2430286334998,52.418394091017575,5.717922268715798,2991.525106364784
112,113,2013-07-15,2013-07-16,LONG,1284.3,1291.6,6017.074779352277,30085.373896761383,855.0308706935947,14.210075527524632,6.017074779352277,849.0137959142425
115,116,2013-07-18,2013-07-19,LONG,1283.7,1294.4,6101.9761589437,30509.8807947185,1271.5421223942094,20.83820207213532,6.1019761589437005,1265.4401462352657
119,121,2013-07-24,2013-07-26,LONG,1321.7,1332.6,6228.520173567227,31142.600867836136,1284.1580898063467,20.617386698948067,6.228520173567228,1277.9295696327795
124,126,2013-07-31,2013-08-02,LONG,1324.6,1307.5,6356.313130530504,31781.56565265252,-2051.429762420184,-32.27389400573741,6.356313130530505,-2057.7860755507145
129,130,2013-08-07,2013-08-08,LONG,1287.0,1312.6,6150.534522975433,30752.672614877163,3058.540866126079,49.728049728049555,6.150534522975433,3052.3903316031037
133,134,2013-08-13,2013-08-14,LONG,1321.2,1335.7,6455.773556135744,32278.86778067872,1771.2821027090579,27.437178322736905,6.455773556135744,1764.8263291529222
138,139,2013-08-20,2013-08-21,LONG,1370.8,1366.2,6632.256189051038,33161.28094525519,-556.397331296217,-8.389261744966277,6.632256189051038,-563.029587485268
142,143,2013-08-26,2013-08-27,LONG,1404.2,1414.7,6575.95323030251,32879.76615151255,1229.303320719562,18.693918245264207,6.5759532303025106,1222.7273674892594
144,148,2013-08-28,2013-09-03,LONG,1417.1,1411.9,6698.225967051435,33491.129835257176,-614.4727794204051,-9.173664526144623,6.698225967051435,-621.1710053874566
159,162,2013-09-18,2013-09-23,LONG,1362.7,1322.3,6636.10886651269,33180.54433256345,-4918.522018916732,-74.11756072503134,6.63610886651269,-4925.158127783245
167,168,2013-09-30,2013-10-01,LONG,1328.6,1287.2,6143.593053734366,30717.96526867183,-4785.954245532928,-77.90155050428999,6.143593053734366,-4792.097838586663
182,183,2013-10-21,2013-10-22,LONG,1315.5,1339.8,5664.3832698757,28321.916349378498,2615.821236373608,46.180159635119644,5.6643832698756995,2610.1568531037324
187,188,2013-10-28,2013-10-29,LONG,1352.5,1344.3,5925.398955186072,29626.99477593036,-898.119619824881,-15.157116451016723,5.925398955186073,-904.0450187800672
193,195,2013-11-05,2013-11-07,LONG,1311.5,1307.4,5834.994453308065,29174.972266540324,-456.0327346275741,-7.815478459778706,5.834994453308065,-461.86772908088216
200,201,2013-11-14,2013-11-15,LONG,1286.9,1287.8,5788.807680399977,28944.038401999882,101.210795562188,1.7483875981037056,5.788807680399977,95.42198788178803
204,206,2013-11-20,2013-11-22,LONG,1244.0,1243.2,5798.349879188156,28991.74939594078,-93.22105915092969,-1.6077170418005517,5.798349879188156,-99.01940903011784
208,209,2013-11-26,2013-11-27,LONG,1242.7,1237.5,5788.447938285144,28942.23969142572,-605.534909452865,-10.461092781846073,5.788447938285144,-611.3233573911501
211,212,2013-11-29,2013-12-02,LONG,1251.6,1219.4,5727.315602546029,28636.578012730148,-3683.6761425771238,-64.3176733780757,5.72731560254603,-3689.40345817967
213,214,2013-12-03,2013-12-04,LONG,1223.0,1243.5,5358.375256728063,26791.87628364031,2245.4352568055047,41.90515126737531,5.3583752567280625,2240.076881548777
218,219,2013-12-10,2013-12-11,LONG,1261.9,1253.8,5582.38294488294,27911.914724414703,-895.8178511283099,-16.047230366907314,5.582382944882941,-901.4002340731929
223,224,2013-12-17,2013-12-18,LONG,1230.6,1218.1,5492.242921475621,27461.214607378104,-1394.7065764351792,-25.394116691045017,5.492242921475621,-1400.1988193566547
229,230,2013-12-26,2013-12-27,LONG,1210.4,1214.1,5352.223039539956,26761.11519769978,409.02233241690476,7.642101784533663,5.352223039539956,403.6701093773648
232,233,2013-12-31,2014-01-02,LONG,1206.4,1224.0,5392.590050477692,26962.95025238846,1966.793453423551,36.47214854111386,5.392590050477692,1961.4008633730732
237,239,2014-01-08,2014-01-10,LONG,1225.7,1247.0,5588.730136815,27943.650684075,2427.9993455608887,43.4445622909357,5.588730136815,2422.410615424074
243,244,2014-01-16,2014-01-17,LONG,1242.2,1253.6,5830.971198357407,29154.855991787037,1337.809363654678,22.943165351794924,5.830971198357408,1331.9783924563205
247,248,2014-01-22,2014-01-23,LONG,1237.0,1263.8,5964.169037603039,29820.845188015195,3230.3906670929905,54.16329830234429,5.964169037603039,3224.4264980553876
251,251,2014-01-28,2014-01-28,LONG,1256.5,1256.5,6286.611687408578,31433.05843704289,0.0,0.0,6.286611687408579,-6.286611687408579
4,5,2014-02-04,2014-02-05,LONG,1254.3,1257.6,6285.983026239838,31429.915131199192,413.4526027782664,6.577373834010912,6.285983026239839,407.1666197520266
10,12,2014-02-12,2014-02-14,LONG,1290.5,1318.7,6326.699688215041,31633.498441075204,3456.275304294158,54.629988376598305,6.326699688215041,3449.9486046059433
15,16,2014-02-19,2014-02-20,LONG,1311.0,1322.4,6671.694548675635,33358.47274337817,1450.3683801468887,21.739130434782783,6.671694548675635,1443.6966855982132
20,21,2014-02-26,2014-02-27,LONG,1330.0,1330.7,6816.064217235456,34080.32108617728,89.68505548994602,1.3157894736842959,6.816064217235457,82.86899127271056
34,35,2014-03-18,2014-03-19,LONG,1355.7,1329.0,6824.351116362728,34121.75558181364,-3360.075510933192,-49.23655676034529,6.824351116362728,-3366.899862049555
36,37,2014-03-20,2014-03-21,LONG,1328.1,1334.1,6487.661130157772,32438.30565078886,732.7378732954339,11.294330246216399,6.487661130157773,726.2502121652761
42,44,2014-03-28,2014-04-01,LONG,1295.4,1279.9,6560.2861513743,32801.4307568715,-1962.413836388406,-29.9135402192373,6.5602861513743,-1968.9741225397804
47,48,2014-04-04,2014-04-07,LONG,1302.8,1296.8,6363.3887391203225,31816.943695601614,-732.6591271630707,-11.513662879950877,6.363388739120323,-739.022515902191
52,54,2014-04-11,2014-04-15,LONG,1317.3,1303.4,6289.486487530103,31447.432437650514,-1659.1486786735666,-26.37971608593309,6.289486487530103,-1665.4381651610968
57,58,2014-04-18,2014-04-21,LONG,1293.3,1289.8,6122.942671013993,30614.713355069965,-414.2561538032355,-6.765638289646642,6.122942671013994,-420.37909647424954
64,65,2014-04-29,2014-04-30,LONG,1296.2,1292.6,6080.904761366568,30404.52380683284,-422.2198954814163,-6.943372936275528,6.080904761366568,-428.3008002427829
68,69,2014-05-05,2014-05-06,LONG,1310.3,1307.6,6038.074681342289,30190.373406711446,-311.0509356564233,-5.151492024727249,6.038074681342289,-317.08901033776556
70,72,2014-05-07,2014-05-09,LONG,1289.8,1288.3,6006.3657803085125,30031.82890154256,-174.63073093624533,-2.907427508140797,6.006365780308513,-180.63709671655383
75,76,2014-05-14,2014-05-15,LONG,1305.9,1296.1,5988.302070636858,29941.51035318429,-1123.4658146152517,-18.761007734130065,5.988302070636858,-1129.4541166858885
80,81,2014-05-21,2014-05-22,LONG,1291.1,1294.5,5875.356658968269,29376.78329484134,386.8060692528202,6.5835334211139545,5.875356658968268,380.9307125938519
82,84,2014-05-23,2014-05-27,LONG,1292.7,1265.7,5913.449730227654,29567.24865113827,-3087.784147832959,-52.21629148294268,5.913449730227654,-3093.6975975631867
86,88,2014-05-29,2014-06-02,LONG,1255.9,1243.7,5604.079970471335,28020.399852356677,-1360.9717262471245,-24.285373039254807,5.604079970471336,-1366.5758062175958
89,90,2014-06-03,2014-06-04,LONG,1246.0,1243.2,5467.422389849576,27337.11194924788,-307.15856122749926,-5.617977528089797,5.467422389849576,-312.6259836173488
94,95,2014-06-10,2014-06-11,LONG,1261.2,1260.6,5436.15979148784,27180.7989574392,-64.65461217280063,-1.189343482397987,5.436159791487841,-70.09077196428846
96,97,2014-06-12,2014-06-13,LONG,1273.0,1276.7,5429.1507142914115,27145.75357145706,394.4983826174091,7.266300078554686,5.429150714291412,389.06923190311767
104,105,2014-06-24,2014-06-25,LONG,1318.05,1319.0,5468.057637481723,27340.288187408616,98.52916724721909,1.8019043283639569,5.468057637481723,93.06110960973737
109,110,2014-07-01,2014-07-02,LONG,1326.15,1326.5,5477.363748442696,27386.81874221348,36.139903328327215,0.6598046978092769,5.477363748442696,30.66253957988452
112,113,2014-07-04,2014-07-07,LONG,1320.3,1319.6,5480.430002400684,27402.15001200342,-72.64070668940258,-1.325456335681371,5.480430002400684,-78.12113669180326
115,116,2014-07-09,2014-07-10,LONG,1327.55,1335.45,5472.617888731504,27363.089443657518,814.1629565925837,14.877029113781198,5.472617888731504,808.6903387038521
119,121,2014-07-15,2014-07-17,LONG,1293.75,1318.9,5553.486922601889,27767.434613009445,2698.9409875060487,48.5990338164253,5.5534869226018895,2693.387500583447
124,126,2014-07-22,2014-07-24,LONG,1306.1,1293.4,5822.825672660233,29114.128363301166,-1415.4713659517631,-24.30901156113586,5.822825672660233,-1421.2941916244233
129,130,2014-07-29,2014-07-30,LONG,1298.95,1295.95,5680.69625349779,28403.48126748895,-327.9973971379454,-5.773894299241695,5.68069625349779,-333.6780933914432
133,134,2014-08-04,2014-08-05,LONG,1288.0,1288.55,5647.328444158647,28236.642220793234,60.28786188445261,1.0675465838508433,5.647328444158647,54.640533440293964
138,139,2014-08-11,2014-08-12,LONG,1308.15,1309.15,5652.792497502676,28263.96248751338,108.03028126557878,1.9110958223445318,5.652792497502676,102.3774887680761
142,143,2014-08-15,2014-08-18,LONG,1304.0,1298.05,5663.030246379483,28315.151231897416,-645.9936726602414,-11.407208588957145,5.663030246379484,-651.6567029066208
144,148,2014-08-19,2014-08-25,LONG,1295.45,1276.55,5597.864576088821,27989.322880444106,-2041.7546120668342,-36.47381218881487,5.5978645760888215,-2047.352476642923
159,162,2014-09-09,2014-09-12,LONG,1255.2,1230.45,5393.129328424529,26965.646642122647,-2658.5394932781046,-49.29493307839387,5.393129328424529,-2663.932622606529
167,168,2014-09-19,2014-09-22,LONG,1217.45,1214.85,5126.736066163877,25633.680330819385,-273.7178892773169,-5.339028296850254,5.126736066163877,-278.84462534348074
182,183,2014-10-10,2014-10-13,LONG,1223.5,1235.55,5098.851603629529,25494.258018147644,1255.438533382419,24.621986105435134,5.098851603629529,1250.3396817787896
187,188,2014-10-17,2014-10-20,LONG,1237.65,1246.7,5223.885571807408,26119.42785903704,954.9582762666506,18.280612451015944,5.223885571807409,949.7343906948432
193,195,2014-10-27,2014-10-29,LONG,1226.25,1211.7,5318.859010876892,26594.29505438446,-1577.7655169879415,-29.663608562691035,5.318859010876892,-1583.0843759988184
200,201,2014-11-05,2014-11-06,LONG,1140.0,1141.45,5160.550573277011,25802.752866385053,164.09645463271713,3.179824561403609,5.160550573277011,158.9359040594401
204,206,2014-11-11,2014-11-13,LONG,1163.8,1162.15,5176.444163682954,25882.22081841477,-183.47510031956023,-3.5444234404533934,5.176444163682954,-188.65154448324319
208,209,2014-11-17,2014-11-18,LONG,1186.4,1196.65,5157.579009234631,25787.89504617315,1113.9831600778607,21.598954821308155,5.15757900923463,1108.825581068626
211,212,2014-11-20,2014-11-21,LONG,1193.35,1201.2,5268.461567341494,26342.30783670747,866.4143650989116,16.445301043281805,5.268461567341494,861.1459035315701
213,214,2014-11-24,2014-11-25,LONG,1196.75,1200.5,5354.576157694651,26772.880788473252,419.4623060654886,7.833716315019846,5.354576157694651,414.10772990779395
218,219,2014-12-01,2014-12-02,LONG,1211.35,1197.8,5395.98693068543,26979.93465342715,-1508.9698045731484,-27.964667519709323,5.395986930685431,-1514.3657915038339
223,224,2014-12-08,2014-12-09,LONG,1203.0,1230.7,5244.5503515350465,26222.751757675233,3018.9951109210524,57.56442227763934,5.244550351535047,3013.7505605695173
229,230,2014-12-16,2014-12-17,LONG,1196.65,1189.25,5545.925407591998,27729.62703795999,-857.3903818196901,-15.459825345757094,5.545925407591998,-862.9363072272821
232,233,2014-12-19,2014-12-22,LONG,1194.8,1176.05,5459.63177686927,27298.158884346347,-2141.9504481147223,-39.23250753264145,5.459631776869269,-2147.4100798915915
237,239,2014-12-29,2014-12-31,LONG,1182.6,1188.25,5244.890768880111,26224.453844400556,626.4508888079889,11.944021647218188,5.244890768880111,621.2059980391089
243,244,2015-01-07,2015-01-08,LONG,1210.35,1208.5,5307.011368684021,26535.056843420105,-202.79198232050558,-3.8212087412729976,5.307011368684021,-208.0989936891896
247,248,2015-01-13,2015-01-14,LONG,1230.2,1228.25,5286.201469315103,26431.007346575516,-209.48002083329317,-3.962770281255172,5.286201469315103,-214.76622230260827
251,251,2015-01-19,2015-01-19,LONG,1276.6,1276.6,5264.724847084842,26323.62423542421,0.0,0.0,5.2647248470848425,-5.2647248470848425
4,5,2015-01-26,2015-01-27,LONG,1281.0,1292.05,5264.198374600132,26320.99187300066,1135.2340366770338,21.56518345042926,5.264198374600133,1129.9698383024338
10,12,2015-02-03,2015-02-05,LONG,1260.0,1264.55,5377.195358430376,26885.97679215188,485.4412476360707,9.027777777777688,5.377195358430376,480.06405227764037
15,16,2015-02-10,2015-02-11,LONG,1232.7,1218.75,5425.20176365814,27126.008818290702,-1534.873947493942,-28.291555122901034,5.425201763658141,-1540.2991492576002
20,21,2015-02-17,2015-02-18,LONG,1208.6,1212.0,5271.171848732381,26355.859243661904,370.71786127938475,7.032930663577883,5.271171848732381,365.4466894306524
34,35,2015-03-08,2015-03-09,LONG,1169.2,1167.4,5307.716517675446,26538.58258837723,-204.2826234137778,-3.848785494355017,5.307716517675447,-209.59033993145326
36,37,2015-03-10,2015-03-11,LONG,1162.35,1154.9,5286.7574836823005,26433.787418411503,-847.1274412490253,-16.02357293414165,5.286757483682301,-852.4141987327076
42,44,2015-03-17,2015-03-19,LONG,1149.3,1170.8,5201.51606380903,26007.58031904515,2432.624105366183,46.76759766814583,5.201516063809031,2427.422589302374
47,48,2015-03-23,2015-03-24,LONG,1189.65,1192.35,5444.258322739267,27221.291613696336,308.903826154647,5.6739377127722825,5.444258322739268,303.45956783190775
52,54,2015-03-30,2015-04-01,LONG,1185.65,1203.65,5474.604279522458,27373.021397612287,2077.8239158141996,37.953864968582636,5.474604279522458,2072.3493115346773
57,58,2015-04-07,2015-04-08,LONG,1208.8,1202.2,5681.839210675925,28409.196053379623,-775.565411781531,-13.649900727994519,5.681839210675925,-781.2472509922069
64,65,2015-04-15,2015-04-16,LONG,1202.0,1198.1,5603.714485576704,28018.57242788352,-454.5442282393855,-8.111480865224815,5.603714485576704,-460.1479427249622
68,69,2015-04-21,2015-04-22,LONG,1202.05,1186.2,5557.699691304208,27788.49845652104,-1832.0689677461667,-32.96451894679903,5.557699691304208,-1837.6266674374708
70,72,2015-04-23,2015-04-27,LONG,1193.3,1201.6,5373.9370245604605,26869.6851228023,934.4606826416571,17.38875387580649,5.37393702456046,929.0867456170967
75,76,2015-04-30,2015-05-01,LONG,1184.1,1177.95,5466.84569912217,27334.22849561085,-709.8450521408791,-12.98454522422064,5.46684569912217,-715.3118978400013
82,84,2015-05-11,2015-05-13,LONG,1183.6,1215.1,5395.31450933817,26976.572546690848,3589.734856458101,66.53430212909767,5.39531450933817,3584.339541948763
86,88,2015-05-15,2015-05-19,LONG,1224.95,1206.9,5753.748463533047,28768.742317665234,-2119.5795699165524,-36.83823829544054,5.753748463533047,-2125.3333183800855
89,90,2015-05-20,2015-05-21,LONG,1209.35,1206.0,5541.215131695038,27706.075658475187,-383.7406600896736,-6.925207756232499,5.541215131695037,-389.28187522136864
94,95,2015-05-27,2015-05-28,LONG,1187.55,1187.95,5502.286944172902,27511.43472086451,46.333097083694604,0.8420698075872405,5.502286944172902,40.8308101395217
96,97,2015-05-29,2015-06-01,LONG,1189.65,1188.8,5506.370025186854,27531.85012593427,-98.35696468309118,-1.786239650317607,5.506370025186854,-103.86333470827803
104,105,2015-06-10,2015-06-11,LONG,1185.5,1181.55,5495.9836917160255,27479.918458580127,-457.80547410962777,-8.329818641923334,5.495983691716026,-463.3014578013438
109,110,2015-06-17,2015-06-18,LONG,1185.25,1201.65,5449.653545935891,27248.267729679457,1885.1364301486842,34.591858257751724,5.449653545935892,1879.6867766027483
112,113,2015-06-22,2015-06-23,LONG,1185.45,1178.25,5637.622223596166,28188.11111798083,-856.0226076572746,-15.184107301025024,5.637622223596166,-861.6602298808708
115,116,2015-06-25,2015-06-26,LONG,1172.85,1174.0,5551.45620060808,27757.2810030404,136.0825048109263,2.4512938568446327,5.55145620060808,130.53104861031824
119,120,2015-07-01,2015-07-02,LONG,1168.5,1165.75,5564.5093054691115,27822.546527345556,-327.39410761745944,-5.8836114676936235,5.5645093054691115,-332.95861692292857
124,126,2015-07-08,2015-07-10,LONG,1157.65,1162.8,5531.213443776818,27656.06721888409,615.1632452695084,11.121668898198642,5.531213443776818,609.6320318257316
129,130,2015-07-14,2015-07-15,LONG,1155.6,1149.1,5592.176646959392,27960.883234796962,-786.3695959942032,-14.0619591554171,5.592176646959393,-791.9617726411626
133,134,2015-07-20,2015-07-21,LONG,1098.6,1100.75,5512.980469695276,27564.902348476382,269.7275625761275,4.892590569816338,5.512980469695277,264.21458210643226
138,139,2015-07-27,2015-07-28,LONG,1093.65,1094.9,5539.401927905919,27697.0096395296,158.2830981091391,2.857404105518219,5.53940192790592,152.7436961812332
142,143,2015-07-31,2015-08-03,LONG,1095.0,1086.4,5554.676297524043,27773.381487620212,-1090.6442045366728,-19.634703196346827,5.5546762975240425,-1096.1988808341969
144,148,2015-08-04,2015-08-09,LONG,1087.4,1093.8,5445.056409440623,27225.282047203113,801.1854198183566,14.71399668935043,5.445056409440623,795.740363408916
159,162,2015-08-21,2015-08-26,LONG,1159.65,1124.4,5524.630445781514,27623.15222890757,-4198.318958603853,-75.99275643513128,5.524630445781514,-4203.843589049635
167,168,2015-09-02,2015-09-03,LONG,1133.55,1125.05,5104.246086876551,25521.230434382756,-956.8632115577321,-18.746416126328793,5.104246086876551,-961.9674576446087
182,183,2015-09-23,2015-09-24,LONG,1129.95,1153.55,5008.049341112091,25040.246705560454,2614.9379275685847,52.21469976547615,5.008049341112091,2609.9298782274727
187,188,2015-09-30,2015-10-01,LONG,1114.6,1113.3,5269.042328934837,26345.211644674186,-153.6370677286706,-2.9158442490578564,5.269042328934837,-158.90611005760542
193,195,2015-10-08,2015-10-12,LONG,1138.55,1163.4,5253.151717929077,26265.758589645382,2866.383123063069,54.56501690747033,5.253151717929077,2861.12997134514
200,201,2015-10-19,2015-10-20,LONG,1170.6,1175.7,5539.264715063591,27696.323575317954,603.3284223224217,10.891850333162774,5.539264715063591,597.7891576073581
204,206,2015-10-23,2015-10-26,LONG,1164.4,1163.55,5599.043630824326,27995.21815412163,-102.18110370580214,-1.8249742356581424,5.599043630824326,-107.78014733662647
208,209,2015-10-28,2015-10-29,LONG,1157.15,1146.4,5588.265616090664,27941.328080453317,-1297.8839254412699,-23.225165276757544,5.588265616090664,-1303.4721910573605
211,212,2015-11-02,2015-11-03,LONG,1133.35,1117.4,5457.918396984927,27289.591984924635,-1920.2761378194864,-35.18330612785066,5.457918396984927,-1925.7340562164713
213,214,2015-11-04,2015-11-05,LONG,1107.35,1103.65,5265.344991363279,26326.724956816397,-439.82879098846746,-8.353275838713637,5.265344991363279,-445.09413597983075
218,219,2015-11-11,2015-11-12,LONG,1086.1,1084.8,5220.835577765297,26104.177888826485,-156.22608993404495,-2.992357978086628,5.220835577765297,-161.44692551181024
223,224,2015-11-18,2015-11-19,LONG,1070.4,1081.85,5204.690885214115,26023.454426070573,1391.8560966858336,26.742339312406145,5.204690885214115,1386.6514058006194
229,230,2015-11-26,2015-11-27,LONG,1071.4,1056.75,5343.356025794176,26716.78012897088,-1826.5859104415986,-34.18424491319789,5.343356025794177,-1831.9292664673928
232,233,2015-12-01,2015-12-02,LONG,1068.95,1053.45,5160.163099147438,25800.815495737188,-1870.5862771127104,-36.25052621731605,5.160163099147438,-1875.7464402118578
237,239,2015-12-08,2015-12-10,LONG,1074.6,1071.25,4972.588455126252,24862.942275631256,-387.5435353776403,-7.793597617718009,4.972588455126251,-392.51612383276654
243,244,2015-12-16,2015-12-17,LONG,1071.9,1050.9,4933.336842742975,24666.684213714874,-2416.2718933110004,-48.97844948222781,4.933336842742975,-2421.2052301537433
247,248,2015-12-22,2015-12-23,LONG,1071.9,1069.5,4691.2163197276,23456.081598638004,-262.59257317255964,-5.597537083683391,4.691216319727601,-267.2837894922872
251,251,2015-12-29,2015-12-29,LONG,1068.7,1068.7,4664.487940778371,23322.439703891854,0.0,0.0,4.664487940778371,-4.664487940778371
4,5,2016-01-06,2016-01-07,LONG,1093.25,1109.1,4664.021491984294,23320.10745992147,1690.481149049866,36.24514063571898,4.664021491984294,1685.8171275578816
10,12,2016-01-14,2016-01-18,LONG,1077.3,1089.1,4832.603204740081,24163.016023700406,1323.3249284306307,27.383272997307976,4.8326032047400815,1318.4923252258907
15,16,2016-01-21,2016-01-22,LONG,1101.1,1097.7,4964.45243726267,24822.26218631335,-383.23354569731185,-7.71955317409832,4.96445243726267,-388.1979981345745
20,21,2016-01-28,2016-01-29,LONG,1114.4,1118.05,4925.632637449213,24628.163187246064,403.32374207396253,8.188262742282536,4.925632637449213,398.3981094365133
34,35,2016-02-17,2016-02-18,LONG,1208.3,1230.65,4965.472448392864,24827.36224196432,2296.1662919304226,46.242654969792554,4.965472448392864,2291.2008194820296
36,37,2016-02-19,2016-02-22,LONG,1227.2,1208.5,5194.592530341067,25972.962651705333,-1978.872235930944,-38.09485006518914,5.194592530341067,-1984.066828461285
42,44,2016-02-29,2016-03-02,LONG,1238.35,1240.15,4996.185847494939,24980.929237474695,181.55478106940282,3.633867646465422,4.996185847494939,176.5585952219079
52,54,2016-03-13,2016-03-15,LONG,1250.85,1232.55,5013.84170701713,25069.20853508565,-1833.8190678021597,-36.57512891233952,5.01384170701713,-1838.8329095091767
57,58,2016-03-18,2016-03-20,LONG,1255.2,1255.3,4829.958416066212,24149.79208033106,9.619898056209806,0.1991714467812083,4.829958416066212,4.789939640143594
64,65,2016-03-29,2016-03-30,LONG,1240.15,1224.55,4830.437410030226,24152.18705015113,-1519.066717664641,-31.447808732814853,4.8304374100302265,-1523.8971550746712
68,69,2016-04-04,2016-04-05,LONG,1215.5,1230.5,4678.047694522759,23390.238472613797,1443.24795182726,30.851501439736733,4.67804769452276,1438.5699041327373
70,72,2016-04-06,2016-04-08,LONG,1222.1,1240.5,4821.904684936033,24109.523424680163,1814.9710785292416,37.640127649128736,4.821904684936033,1810.1491738443056
82,84,2016-04-22,2016-04-26,LONG,1232.6,1243.6,5002.919602320464,25014.59801160232,1116.1795315902382,22.310563037481746,5.002919602320464,1111.1766119879178
86,88,2016-04-28,2016-05-02,LONG,1266.3,1291.15,5114.037263519255,25570.186317596275,2508.959685667973,49.06025428413515,5.114037263519255,2503.845648404454
89,90,2016-05-03,2016-05-04,LONG,1286.3,1279.7,5364.4218283597,26822.1091417985,-688.1206574510911,-12.827489699136885,5.3644218283597,-693.4850792794508
94,95,2016-05-10,2016-05-11,LONG,1266.15,1277.15,5295.073320431756,26475.366602158778,1150.0573890287346,21.719385538838203,5.295073320431756,1144.7623157083028
96,97,2016-05-12,2016-05-13,LONG,1263.45,1273.25,5409.549552002586,27047.74776001293,1048.9846374930764,19.3913490838576,5.409549552002587,1043.575087941074
104,105,2016-05-24,2016-05-25,LONG,1226.8,1224.35,5513.907060796693,27569.535303983466,-275.2908440445091,-4.992663840886953,5.513907060796694,-280.80475110530574
109,110,2016-05-31,2016-06-01,LONG,1214.95,1212.55,5485.826585686163,27429.132928430812,-270.9161653904952,-4.938474834355509,5.485826585686163,-276.40199197618136
112,113,2016-06-03,2016-06-06,LONG,1244.4,1244.9,5458.1863864885445,27290.931932442723,54.82749102467599,1.0045001607200257,5.458186386488545,49.36930463818745
115,116,2016-06-08,2016-06-09,LONG,1261.7,1269.35,5463.123316952363,27315.616584761814,828.1067879584059,15.158119996829402,5.463123316952363,822.6436646414535
119,120,2016-06-14,2016-06-15,LONG,1285.8,1291.5,5545.387683416509,27726.938417082547,614.5728300566643,11.08259449370051,5.54538768341651,609.0274423732478
124,127,2016-06-21,2016-06-24,LONG,1267.25,1311.9,5606.290427653834,28031.452138269167,4938.26923643212,88.08443479976343,5.606290427653834,4932.662946004466
129,130,2016-11-07,2016-11-08,LONG,1282.06,1276.41,6099.55672225428,30497.783611271403,-672.0140921785223,-11.017425081509181,6.099556722254281,-678.1136489007766
133,134,2016-11-11,2016-11-14,LONG,1226.25,1218.39,6031.745357364202,30158.72678682101,-966.5549135348017,-16.024464831804075,6.031745357364202,-972.5866588921659
138,139,2016-11-18,2016-11-21,LONG,1208.44,1212.03,5934.4866914749855,29672.43345737493,440.7502073415873,7.426930588196183,5.934486691474986,434.8157206501123
142,143,2016-11-24,2016-11-25,LONG,1184.05,1183.71,5977.968263539997,29889.841317699982,-42.91434503617055,-0.7178750897342134,5.977968263539997,-48.89231329971055
144,148,2016-11-28,2016-12-02,LONG,1193.3,1175.64,5973.079032210026,29865.395161050128,-2209.9341261381924,-36.99824017430625,5.973079032210026,-2215.9072051704024
159,162,2016-12-19,2016-12-22,LONG,1139.1,1128.73,5751.488311692985,28757.441558464925,-1308.992489514872,-22.759195856377605,5.751488311692985,-1314.743977826565
167,168,2016-12-30,2017-01-03,LONG,1150.74,1158.7,5620.0139139103285,28100.06956955164,971.8813710031461,17.293220014946982,5.620013913910328,966.2613570892357
182,183,2017-01-23,2017-01-24,LONG,1214.95,1209.44,5716.640049619252,28583.20024809626,-648.1477977159971,-11.337915140540744,5.716640049619252,-653.8644377656163
187,188,2017-01-30,2017-01-31,LONG,1195.75,1211.75,5651.25360584269,28256.268029213454,1890.446533420093,33.4518084883964,5.651253605842691,1884.7952798142503
194,195,2017-02-08,2017-02-09,LONG,1240.7,1230.9,5839.733133824116,29198.66566912058,-1153.1672586337565,-19.746917062948242,5.839733133824116,-1159.0069917675808
200,201,2017-02-16,2017-02-17,LONG,1239.3,1235.85,5723.832434647357,28619.162173236786,-398.3543512372638,-6.959573953038096,5.723832434647357,-404.0781836719112
204,206,2017-02-22,2017-02-24,LONG,1238.15,1257.45,5683.424616280166,28417.12308140083,2214.7981887131396,38.969430198279596,5.683424616280166,2209.1147640968593
208,209,2017-02-28,2017-03-01,LONG,1251.15,1249.6,5904.336092689853,29521.680463449266,-182.8661819859798,-3.097150621428649,5.904336092689854,-188.77051807866965
211,212,2017-03-03,2017-03-06,LONG,1234.8,1226.35,5885.459040881986,29427.29520440993,-1006.8863155056092,-17.108033689666435,5.885459040881986,-1012.7717745464912
213,214,2017-03-07,2017-03-08,LONG,1216.2,1208.6,5784.181863427337,28920.909317136684,-903.6297928393468,-15.622430521296119,5.784181863427337,-909.4139747027741
218,219,2017-03-14,2017-03-15,LONG,1198.5,1218.8,5693.240465957058,28466.202329785294,2410.779755088194,42.34459741343336,5.693240465957059,2405.0865146222372
223,224,2017-03-21,2017-03-22,LONG,1244.65,1248.8,5933.749117419282,29668.74558709641,494.61814239523574,8.335676696259716,5.933749117419283,488.68439327781647
229,230,2017-03-29,2017-03-30,LONG,1253.25,1243.3,5982.617556747064,29913.08778373532,-1187.453514654569,-19.848394175144712,5.982617556747064,-1193.4361322113161
232,233,2017-04-03,2017-04-04,LONG,1253.1,1256.1,5863.273943525933,29316.369717629663,350.9261397848894,5.9851568111084505,5.8632739435259325,345.0628658413635
237,239,2017-04-10,2017-04-12,LONG,1254.95,1286.45,5897.780230110069,29488.901150550344,3700.945799602916,62.75150404398582,5.897780230110069,3695.048019372806
243,244,2017-04-19,2017-04-20,LONG,1279.75,1281.1,6267.28503204735,31336.42516023675,165.28296138432023,2.6372338347331685,6.267285032047351,159.0156763522729
247,248,2017-04-25,2017-04-26,LONG,1263.6,1270.2,6283.186599682577,31415.932998412885,820.4540906518255,13.057929724596661,6.283186599682577,814.1709040521429
251,251,2017-05-01,2017-05-01,LONG,1256.7,1256.7,6364.603690087792,31823.018450438958,0.0,0.0,6.364603690087792,-6.364603690087792
4,5,2017-05-08,2017-05-09,LONG,1226.7,1219.8,6363.9672297187835,31819.836148593917,-894.9085735114572,-14.062117877231781,6.363967229718783,-901.272540741176
10,12,2017-05-16,2017-05-18,LONG,1236.7,1248.35,6273.839975644666,31369.19987822333,1477.525586566255,23.55057815153203,6.273839975644667,1471.2517465906103
15,16,2017-05-23,2017-05-24,LONG,1251.6,1257.4,6420.965150303727,32104.825751518634,743.8797913023886,11.585170981144499,6.4209651503037275,737.458826152085
20,21,2017-05-30,2017-05-31,LONG,1262.5,1268.7,6494.711032918935,32473.555164594676,797.370463447479,12.277227722772366,6.494711032918936,790.87575241456
34,35,2017-06-19,2017-06-20,LONG,1244.45,1243.0,6573.798608160391,32868.99304080196,-191.49037691013834,-2.9129334244044465,6.573798608160391,-198.06417551829873
36,37,2017-06-21,2017-06-22,LONG,1245.95,1250.05,6553.992190608563,32769.96095304281,539.174284311058,8.226654360126629,6.553992190608563,532.6202921204494
42,44,2017-06-29,2017-07-03,LONG,1244.4,1221.25,6607.2542198206065,33036.27109910303,-3072.9254096120144,-46.50835744133737,6.607254219820607,-3079.532663831835
47,48,2017-07-06,2017-07-07,LONG,1224.4,1211.85,6299.300953437423,31496.504767187114,-1614.1830073023687,-25.624795818360386,6.299300953437423,-1620.4823082558062
52,54,2017-07-13,2017-07-17,LONG,1217.8,1234.05,6137.252722611843,30686.263613059215,2047.3467881105773,33.35933650845788,6.137252722611843,2041.2095353879654
57,58,2017-07-20,2017-07-21,LONG,1243.45,1254.65,6341.373676150639,31706.868380753192,1427.9501623082438,22.517994290080107,6.3413736761506385,1421.6087886320931
64,65,2017-07-31,2017-08-01,LONG,1270.05,1269.85,6483.534555013848,32417.67277506924,-25.524721684245986,-0.3936852879808777,6.483534555013849,-32.008256239259836
68,69,2017-08-04,2017-08-07,LONG,1258.5,1257.2,6480.333729389921,32401.668646949605,-167.35069225678592,-2.5824394119983203,6.480333729389922,-173.83102598617583
70,72,2017-08-08,2017-08-10,LONG,1259.4,1285.4,6462.950626791304,32314.753133956518,3335.6502361555877,51.61187867238367,6.4629506267913035,3329.1872855287966
75,76,2017-08-15,2017-08-16,LONG,1271.95,1282.3,6795.869355344183,33979.346776720915,1382.4688043518156,20.342780769684165,6.795869355344183,1375.6729349964714
82,84,2017-08-24,2017-08-28,LONG,1285.9,1311.2,6933.43664884383,34667.18324421915,3410.3730308684308,49.187339606501205,6.933436648843831,3403.439594219587
86,88,2017-08-30,2017-09-01,LONG,1308.35,1325.4,7273.780608265789,36368.903041328944,2369.7397365180004,32.57920281270337,7.273780608265789,2362.4659559097345
89,90,2017-09-04,2017-09-05,LONG,1334.25,1340.8,7510.027203856762,37550.13601928381,921.6915530309434,12.27281244144642,7.510027203856763,914.1815258270866
94,95,2017-09-11,2017-09-12,LONG,1326.7,1331.35,7601.44535643947,38007.22678219735,666.0646888415334,8.76234265470691,7.601445356439471,658.4632434850939
96,97,2017-09-13,2017-09-14,LONG,1321.45,1327.3,7667.291680787979,38336.4584039399,848.5689267964921,11.067388096409074,7.66729168078798,840.901635115704
104,105,2017-09-25,2017-09-26,LONG,1310.95,1295.5,7751.381844299552,38756.90922149776,-2283.8180230830394,-29.463366261108444,7.7513818442995515,-2291.569404927339
109,110,2017-10-02,2017-10-03,LONG,1271.35,1271.6,7522.224903806817,37611.124519034085,36.9795144128624,0.49160341369410476,7.522224903806817,29.457289509055585
112,113,2017-10-05,2017-10-06,LONG,1268.2,1274.5,7525.170632757724,37625.85316378862,934.5642443300212,12.419176785995809,7.525170632757725,927.0390736972635
115,116,2017-10-10,2017-10-11,LONG,1287.95,1291.35,7617.87454012745,38089.37270063725,502.75192042455626,6.599635079001249,7.617874540127451,495.1340458844288
119,121,2017-10-16,2017-10-18,LONG,1294.6,1280.8,7667.387944715895,38336.939723579475,-2043.294331011104,-26.649158041093692,7.6673879447158955,-2050.96171895582
124,126,2017-10-23,2017-10-25,LONG,1281.95,1277.35,7462.291772820312,37311.45886410156,-669.4204562380446,-8.970708685986459,7.462291772820312,-676.8827480108649
129,130,2017-10-30,2017-10-31,LONG,1276.2,1270.8,7394.603498019225,36973.01749009613,-782.2218086762359,-10.578279266572817,7.394603498019226,-789.6164121742552
133,134,2017-11-03,2017-11-06,LONG,1269.8,1281.5,7315.6418568018,36578.209284009,1685.16714688497,23.03512364151844,7.3156418568018,1677.851505028168
138,139,2017-11-10,2017-11-13,LONG,1275.55,1277.9,7483.4270073046155,37417.135036523076,344.67589406857564,4.6058562972837915,7.483427007304615,337.19246706127103
142,143,2017-11-16,2017-11-17,LONG,1278.3,1294.05,7517.146254010743,37585.731270053715,2315.4786337453884,30.802628490964562,7.517146254010743,2307.9614874913777
144,148,2017-11-20,2017-11-24,LONG,1276.6,1288.45,7747.942402759878,38739.71201379939,1798.0008905041836,23.206172646091453,7.747942402759879,1790.2529481014237
159,162,2017-12-11,2017-12-14,LONG,1241.55,1252.45,7926.96769757002,39634.8384878501,1739.8402783519382,21.948370987878242,7.926967697570021,1731.9133106543682
167,168,2017-12-21,2017-12-22,LONG,1266.5,1275.35,8100.159028635457,40500.79514317728,1415.0494947379204,17.46940386892994,8.100159028635456,1406.949335709285
182,183,2018-01-12,2018-01-15,LONG,1338.2,1339.9,8240.853962206385,41204.269811031925,261.7219349826489,3.175907936033563,8.240853962206385,253.48108102044253
187,188,2018-01-19,2018-01-22,LONG,1331.6,1333.9,8266.20207030843,41331.01035154215,356.94399147099153,4.318113547612237,8.266202070308431,348.6777894006831
193,195,2018-01-29,2018-01-31,LONG,1340.35,1345.0,8301.069849248499,41505.34924624249,719.9607341180713,8.673107770358659,8.301069849248499,711.6596642688228
200,201,2018-02-07,2018-02-08,LONG,1318.3,1318.4,8372.235815675382,41861.17907837691,15.87695482000835,0.18963817037119096,8.372235815675383,7.5047190043329675
204,206,2018-02-13,2018-02-15,LONG,1329.0,1353.1,8372.986287575815,41864.93143787907,3795.879788009337,45.33483822422856,8.372986287575815,3787.5068017217613
208,209,2018-02-19,2018-02-20,LONG,1346.55,1329.3,8751.736967747991,43758.68483873995,-2802.8566093656536,-32.026289406260446,8.751736967747991,-2811.6083463334016
211,212,2018-02-22,2018-02-23,LONG,1331.85,1328.85,8470.57613311465,42352.88066557325,-477.0005706225166,-5.631264782070053,8.47057613311465,-485.47114675563125
213,214,2018-02-26,2018-02-27,LONG,1332.9,1318.3,8422.029018439087,42110.14509219544,-2306.2799847927795,-27.383899767424673,8.422029018439089,-2314.7020138112184
218,219,2018-03-05,2018-03-06,LONG,1319.85,1334.35,8190.558817057965,40952.794085289825,2249.5568217475566,27.465242262378304,8.190558817057966,2241.3662629304986
223,224,2018-03-12,2018-03-13,LONG,1322.95,1326.25,8414.695443351016,42073.477216755084,524.7457379919492,6.2360633432857515,8.414695443351016,516.3310425485982
229,230,2018-03-20,2018-03-21,LONG,1311.1,1332.0,8466.328547605875,42331.642738029375,3374.004016569361,39.85203264434462,8.466328547605876,3365.537688021755
232,233,2018-03-23,2018-03-26,LONG,1347.1,1353.45,8802.882316408051,44014.41158204026,1037.3822045355269,11.784574270655735,8.802882316408052,1028.5793222191187
237,239,2018-04-02,2018-04-04,LONG,1341.1,1333.3,8905.740248629962,44528.70124314981,-1294.9215930824193,-14.540302736559457,8.905740248629963,-1303.8273333310492
243,244,2018-04-10,2018-04-11,LONG,1339.15,1353.15,8775.357515296857,43876.78757648428,2293.5258412828284,26.13598177948699,8.775357515296857,2284.7504837675315
247,248,2018-04-16,2018-04-17,LONG,1345.65,1347.2,9003.83256367361,45019.16281836805,259.2787960036727,2.879649240144084,9.00383256367361,250.2749634399991
251,251,2018-04-20,2018-04-20,LONG,1335.45,1335.45,9028.86006001761,45144.300300088056,0.0,0.0,9.028860060017612,-9.028860060017612
4,5,2018-04-27,2018-04-30,LONG,1322.95,1315.0,9027.957174011608,45139.78587005804,-1356.291990124205,-15.023243508825058,9.027957174011608,-1365.3199472982167
10,12,2018-05-07,2018-05-09,LONG,1314.15,1312.35,8891.425179281787,44457.125896408936,-304.4661058994185,-3.424266636229087,8.891425179281788,-313.3575310787003
15,16,2018-05-14,2018-05-15,LONG,1313.1,1290.7,8860.089426173916,44300.44713086958,-3778.577472132635,-42.64717081715,8.860089426173916,-3787.437561558809
20,21,2018-05-21,2018-05-22,LONG,1292.4,1291.0,8481.345670018036,42406.72835009018,-229.68670570307222,-2.708139894769597,8.481345670018037,-238.16805137309026
34,35,2018-06-08,2018-06-11,LONG,1298.6,1300.3,8457.528864880727,42287.644324403635,276.79422205254934,3.272755274911531,8.457528864880727,268.33669318766863
36,37,2018-06-12,2018-06-13,LONG,1295.5,1299.45,8484.362534199494,42421.81267099747,646.7238905844922,7.622539560015526,8.484362534199494,638.2395280502927
42,44,2018-06-20,2018-06-22,LONG,1267.45,1269.2,8548.186487004523,42740.932435022616,295.0673863319641,3.451812694780859,8.548186487004523,286.5191998449596
52,54,2018-07-04,2018-07-06,LONG,1256.4,1254.5,8576.838406989018,42884.19203494509,-324.2596500573049,-3.7806431072908526,8.576838406989019,-332.8364884642939
57,58,2018-07-11,2018-07-12,LONG,1242.0,1246.8,8543.554758142589,42717.77379071295,825.4642278398559,9.661835748792178,8.54355475814259,816.9206730817133
64,65,2018-07-20,2018-07-23,LONG,1231.4,1224.25,8625.24682545076,43126.2341272538,-1252.0406610762896,-14.515998050999046,8.62524682545076,-1260.6659079017404
68,69,2018-07-26,2018-07-27,LONG,1222.7,1222.7,8499.180234660585,42495.901173302926,0.0,0.0,8.499180234660585,-8.499180234660585
70,72,2018-07-30,2018-08-01,LONG,1221.1,1215.85,8498.330316637119,42491.651583185594,-913.4434968951126,-10.748505445909426,8.49833031663712,-921.9418272117497
82,84,2018-08-15,2018-08-17,LONG,1174.5,1184.1,8406.136133915945,42030.68066957973,1717.7289673391297,20.43422733077886,8.406136133915947,1709.3228312052138
86,88,2018-08-21,2018-08-23,LONG,1196.0,1185.15,8577.068417036466,42885.34208518233,-1945.2590368905703,-22.679765886287438,8.577068417036466,-1953.8361053076069
89,90,2018-08-24,2018-08-27,LONG,1205.8,1210.95,8381.684806505706,41908.42403252853,894.9592957684763,10.677558467407719,8.381684806505707,886.5776109619705
94,95,2018-08-31,2018-09-03,LONG,1200.7,1201.05,8470.342567601903,42351.71283800952,61.726907192885314,0.7287415674188162,8.470342567601904,53.25656462528341
96,97,2018-09-04,2018-09-05,LONG,1191.1,1196.35,8475.668224064431,42378.341120322155,933.9530303152185,11.019225925614979,8.475668224064432,925.4773620911541
104,105,2018-09-14,2018-09-17,LONG,1193.4,1200.85,8568.215960273546,42841.079801367734,1337.2131913867179,15.606670018434343,8.568215960273546,1328.6449754264443
109,110,2018-09-21,2018-09-24,LONG,1199.05,1198.55,8701.080457816191,43505.40228908096,-90.70806532063085,-1.0424919728118096,8.701080457816191,-99.40914577844704
112,113,2018-09-26,2018-09-27,LONG,1194.05,1182.3,8691.139543238347,43455.69771619173,-2138.1200459162214,-24.60114735563837,8.691139543238346,-2146.81118545946
115,116,2018-10-01,2018-10-02,LONG,1188.5,1202.7,8476.4584246924,42382.292123462,2531.882827737326,29.869583508624416,8.476458424692401,2523.4063693126336
119,120,2018-10-05,2018-10-08,LONG,1202.65,1187.8,8728.799061623664,43643.99530811832,-2694.5218073652472,-30.869330229077736,8.728799061623665,-2703.250606426871
124,126,2018-10-12,2018-10-16,LONG,1217.65,1224.3,8458.474000980978,42292.370004904886,1154.8649469577124,13.653348663408742,8.458474000980978,1146.4064729567315
129,130,2018-10-19,2018-10-22,LONG,1226.3,1221.7,8573.11464827665,42865.57324138325,-803.969815340288,-9.377803147679826,8.57311464827665,-812.5429299885647
133,134,2018-10-25,2018-10-26,LONG,1231.75,1233.4,8491.860355277793,42459.301776388966,284.38338920659896,3.348893850213296,8.491860355277794,275.89152885132114
138,139,2018-11-01,2018-11-02,LONG,1232.95,1232.65,8519.449508162927,42597.247540814635,-51.82357055128939,-0.6082971734457084,8.519449508162927,-60.34302005945232
142,143,2018-11-07,2018-11-08,LONG,1225.35,1223.05,8513.41520615698,42567.0760307849,-399.49514371731885,-4.692536826212826,8.51341520615698,-408.00855892347585
144,148,2018-11-09,2018-11-15,LONG,1208.95,1212.9,8472.614350264632,42363.07175132316,692.063912559363,8.168245171429845,8.472614350264632,683.5912982090983
159,162,2018-11-30,2018-12-05,LONG,1221.85,1237.2,8540.973480085542,42704.86740042771,2682.4884993926066,31.407292220812987,8.540973480085542,2673.947525912521
167,168,2018-12-12,2018-12-13,LONG,1245.71,1242.49,8808.368232676794,44041.84116338397,-569.2124513173113,-6.46217819556724,8.808368232676795,-578.0208195499881
182,183,2019-01-04,2019-01-07,LONG,1284.42,1288.33,8750.566150721794,43752.83075360897,665.956494941704,7.6104389529901715,8.750566150721795,657.2059287909822
187,188,2019-01-11,2019-01-14,LONG,1287.83,1291.7,8816.286743600893,44081.43371800447,662.3356673189882,7.5126375375634185,8.816286743600894,653.5193805753872
194,195,2019-01-22,2019-01-23,LONG,1284.0,1283.08,8881.638681658433,44408.193408292165,-159.09477389264805,-1.7912772585671195,8.881638681658433,-167.9764125743065
200,201,2019-01-30,2019-01-31,LONG,1318.08,1319.8,8864.841040401001,44324.205202005,289.1995665947811,3.2623209516873546,8.864841040401002,280.3347255543801
204,206,2019-02-05,2019-02-07,LONG,1314.56,1309.8,8892.87451295644,44464.3725647822,-805.023785176648,-9.052458617332018,8.89287451295644,-813.9166596896044
208,209,2019-02-11,2019-02-12,LONG,1308.38,1311.09,8811.482846987477,44057.41423493739,456.2726141360763,5.178159250370323,8.811482846987477,447.4611312890888
211,212,2019-02-14,2019-02-15,LONG,1312.47,1321.42,8856.228960116385,44281.144800581926,1509.8106850640784,17.04800871638979,8.856228960116386,1500.954456103962
213,214,2019-02-18,2019-02-19,LONG,1326.36,1340.19,9006.324405726782,45031.62202863391,2347.731131276629,26.067583461503958,9.006324405726781,2338.7248068709023
218,219,2019-02-25,2019-02-26,LONG,1327.45,1328.63,9240.196886413873,46200.98443206937,205.34544287861988,2.222305924893713,9.240196886413873,196.105245992206
223,224,2019-03-04,2019-03-05,LONG,1287.08,1287.49,9259.807411013093,46299.03705506546,73.74291105673552,0.7963762936260409,9.259807411013092,64.48310364572242
229,230,2019-03-12,2019-03-13,LONG,1301.13,1309.16,9266.255721377665,46331.27860688833,1429.6809973381291,15.428896420803403,9.266255721377666,1420.4147416167514
232,233,2019-03-15,2019-03-18,LONG,1302.06,1303.47,9408.29719553934,47041.485977696706,254.70598600892515,2.7072485138935267,9.408297195539342,245.2976888133858
237,239,2019-03-22,2019-03-26,LONG,1313.16,1315.13,9432.82696442068,47164.1348221034,353.77770263922514,3.750494989186442,9.43282696442068,344.3448756748045
243,244,2019-04-01,2019-04-02,LONG,1287.25,1292.29,9467.261451988159,47336.3072599408,926.6847488448238,9.788308409399814,9.46726145198816,917.2174873928357
247,248,2019-04-05,2019-04-08,LONG,1291.46,1297.5,9558.983200727442,47794.916003637205,1117.6547963621288,11.692193331578142,9.558983200727441,1108.0958131614013
251,251,2019-04-11,2019-04-11,LONG,1292.19,1292.19,9669.792782043582,48348.963910217906,0.0,0.0,9.669792782043581,-9.669792782043581
3,5,2019-04-17,2019-04-22,LONG,1273.69,1274.64,9668.825802765377,48344.12901382689,180.29081865735674,1.864660945756121,9.668825802765378,170.62199285459135
10,12,2019-04-29,2019-05-01,LONG,1279.47,1276.39,9685.888002050837,48429.440010254184,-582.9080604921544,-6.018116876519041,9.685888002050838,-592.5939484942053
15,16,2019-05-06,2019-05-07,LONG,1280.15,1284.21,9626.628607201417,48133.14303600709,763.2721193851742,7.928758348630913,9.626628607201418,753.6454907779728
20,21,2019-05-13,2019-05-14,LONG,1299.8,1296.77,9701.993156279214,48509.965781396066,-565.414665016267,-5.827819664563727,9.701993156279213,-575.1166581725462
22,23,2019-05-15,2019-05-16,LONG,1296.39,1286.25,9644.48149046196,48222.407452309795,-1885.9109201954125,-19.554300789114578,9.64448149046196,-1895.5554016858744
34,35,2019-05-31,2019-06-03,LONG,1305.19,1324.52,9454.925950293373,47274.62975146686,3500.710981143937,37.02526069001434,9.454925950293372,3491.2560551936435
36,37,2019-06-04,2019-06-05,LONG,1325.62,1330.13,9804.051555812737,49020.257779063686,833.8791002835953,8.505454051689433,9.804051555812737,824.0750487277826
41,44,2019-06-11,2019-06-14,LONG,1326.64,1341.04,9886.459060685516,49432.295303427585,2682.8116609228973,27.136223843695095,9.886459060685517,2672.925201862212
45,46,2019-06-17,2019-06-18,LONG,1339.47,1346.53,10153.751580871736,50768.75790435868,1337.944973776081,13.17685353162061,10.153751580871736,1327.7912221952092
47,48,2019-06-19,2019-06-20,LONG,1359.67,1388.33,10286.530703091259,51432.653515456295,5420.6529884198735,52.69661020688816,10.286530703091259,5410.366457716782
49,51,2019-06-21,2019-06-25,LONG,1398.74,1423.11,10827.567348862936,54137.836744314685,4716.169843784202,43.5570584955029,10.827567348862937,4705.342276435339
52,54,2019-06-26,2019-06-28,LONG,1408.66,1409.85,11298.10157650647,56490.50788253234,238.60869329789915,2.111936166285383,11.29810157650647,227.31059172139268
57,58,2019-07-03,2019-07-04,LONG,1418.37,1415.28,11320.83263567861,56604.16317839305,-616.5770011394413,-5.446392690200579,11.320832635678611,-627.8978337751199
60,61,2019-07-08,2019-07-09,LONG,1395.23,1397.48,11258.042852301096,56290.214261505476,453.87850780296907,4.031593357367601,11.258042852301095,442.62046495066795
64,65,2019-07-12,2019-07-15,LONG,1414.87,1413.69,11302.304898796163,56511.52449398082,-235.65274160484046,-2.0849972082237884,11.302304898796164,-246.95504650363662
68,69,2019-07-18,2019-07-19,LONG,1445.67,1424.91,11277.609394145798,56388.04697072899,-4048.696642775783,-35.900309199194815,11.277609394145799,-4059.9742521699286
70,72,2019-07-22,2019-07-24,LONG,1424.64,1425.06,10871.611968928804,54358.05984464402,80.12685708228774,0.737028301886521,10.871611968928805,69.25524511335894
75,76,2019-07-29,2019-07-30,LONG,1426.62,1430.58,10878.53749344014,54392.6874672007,754.913860629028,6.939479328763156,10.878537493440142,744.0353231355879
79,81,2019-08-02,2019-08-06,LONG,1440.39,1474.22,10952.941025753698,54764.70512876849,6431.209514458702,58.71673643943641,10.952941025753699,6420.256573432948
82,84,2019-08-07,2019-08-09,LONG,1501.23,1497.02,11594.966683096995,57974.83341548497,-812.9135731340097,-7.010917714141132,11.594966683096995,-824.5085398171067
86,88,2019-08-13,2019-08-15,LONG,1501.27,1523.52,11512.515829115284,57562.57914557642,4265.613067566378,37.051962671604706,11.512515829115284,4254.100551737262
89,90,2019-08-16,2019-08-19,LONG,1512.44,1495.87,11937.92588428901,59689.62942144505,-3269.7401533725447,-27.38951627833197,11.937925884289012,-3281.678079256834
93,95,2019-08-22,2019-08-26,LONG,1498.04,1527.42,11609.758076363325,58048.79038181662,5692.349541460104,49.03073349176275,11.609758076363326,5680.73978338374
96,97,2019-08-27,2019-08-28,LONG,1542.57,1541.0,12177.8320547017,60889.160273508496,-309.85946060601617,-2.5444550328347115,12.1778320547017,-322.03729266071787
102,103,2019-09-04,2019-09-05,LONG,1552.62,1518.87,12145.62832543563,60728.14162717815,-6600.374785579416,-54.343625613479155,12.14562832543563,-6612.520413904852
104,105,2019-09-06,2019-09-09,LONG,1506.48,1498.74,11484.376284045145,57421.88142022573,-1475.112056557497,-12.84451170941534,11.484376284045146,-1486.596432841542
109,110,2019-09-13,2019-09-16,LONG,1488.51,1498.37,11335.716640760991,56678.583203804956,1877.2155725843668,16.560184345419078,11.335716640760992,1865.879855943606
112,113,2019-09-18,2019-09-19,LONG,1493.16,1498.62,11522.304626355352,57611.52313177676,1053.3329191094392,9.14168608856353,11.522304626355353,1041.8106144830838
115,116,2019-09-23,2019-09-24,LONG,1522.29,1531.36,11626.485687803659,58132.428439018295,1731.8025013036026,14.895322179085351,11.62648568780366,1720.176015615799
119,121,2019-09-27,2019-10-01,LONG,1496.68,1479.38,11798.503289365239,58992.516446826194,-3409.448026732803,-28.897292674452707,11.79850328936524,-3421.2465300221684
124,127,2019-10-04,2019-10-09,LONG,1504.65,1505.47,11456.37863636302,57281.8931818151,156.08663944799366,1.3624430930780185,11.456378636363022,144.63026081163065
129,130,2019-10-11,2019-10-14,LONG,1488.02,1492.96,11470.841662444185,57354.20831222093,952.0362262011752,8.299619628768523,11.470841662444187,940.565384538731
133,134,2019-10-17,2019-10-18,LONG,1492.37,1490.21,11564.898200898058,57824.49100449029,-418.4649268267609,-3.6184056232701254,11.564898200898059,-430.029825027659
138,139,2019-10-24,2019-10-25,LONG,1503.1,1504.39,11521.895218395292,57609.47609197646,247.20984684538834,2.1455658306170435,11.521895218395292,235.68795162699305
142,143,2019-10-30,2019-10-31,LONG,1495.61,1512.12,11545.46401355799,57727.32006778995,3186.251945090002,27.597435160235612,11.545464013557991,3174.706481076444
144,148,2019-11-01,2019-11-07,LONG,1513.92,1468.41,11862.934661665635,59314.67330832817,-8915.30193888057,-75.15258402029167,11.862934661665635,-8927.164873542235
151,152,2019-11-12,2019-11-13,LONG,1456.25,1463.28,10970.218174311412,54851.09087155706,1323.9593779469342,12.068669527896947,10.970218174311412,1312.9891597726228
159,162,2019-11-22,2019-11-27,LONG,1461.92,1453.83,11101.517090288675,55507.585451443374,-1535.844527409793,-13.83454635000572,11.101517090288676,-1546.9460445000818
167,168,2019-12-04,2019-12-05,LONG,1474.31,1475.74,10946.822485838666,54734.11242919333,265.44546524730197,2.4248631563240837,10.946822485838666,254.49864276146332
169,170,2019-12-06,2019-12-09,LONG,1459.47,1461.47,10972.272350114812,54861.36175057406,375.8992082781699,3.425901183306269,10.972272350114814,364.9269359280551
179,180,2019-12-20,2019-12-23,LONG,1477.95,1485.36,11008.765043707617,55043.825218538084,1379.866520752932,12.534253526844369,11.008765043707617,1368.8577557092244
182,183,2019-12-26,2019-12-27,LONG,1510.99,1510.61,11145.65081927854,55728.2540963927,-70.07570055604376,-0.6287268611971442,11.145650819278542,-81.2213513753223
187,188,2020-01-03,2020-01-06,LONG,1551.33,1565.49,11137.528684141007,55687.64342070503,2541.4870815274244,22.819129392199084,11.137528684141007,2530.349552843283
189,190,2020-01-07,2020-01-08,LONG,1572.88,1555.51,11390.563639425336,56952.81819712668,-3144.7740834777514,-27.60859061085416,11.390563639425338,-3156.1646471171766
193,195,2020-01-13,2020-01-15,LONG,1547.86,1556.19,11074.947174713618,55374.73587356809,1490.0299440092474,13.454059152636793,11.074947174713618,1478.9549968345339
197,198,2020-01-17,2020-01-20,LONG,1556.52,1559.94,11222.84267439707,56114.21337198535,616.4733178250005,5.493022897232404,11.222842674397072,605.2504751506035
200,201,2020-01-22,2020-01-23,LONG,1559.07,1562.61,11283.367721912131,56416.838609560655,640.4959645103897,5.676460967114952,11.283367721912132,629.2125967884776
204,206,2020-01-28,2020-01-30,LONG,1566.88,1574.19,11346.28898159098,56731.4449079549,1323.3523380129532,11.663305422240288,11.34628898159098,1312.0060490313622
208,209,2020-02-03,2020-02-04,LONG,1576.28,1552.64,11477.489586494115,57387.447932470575,-4303.294050307043,-37.49333874692293,11.477489586494116,-4314.771539893537
211,212,2020-02-06,2020-02-07,LONG,1566.4,1569.91,11046.012432504762,55230.06216252381,618.7995345711762,5.6020173646578,11.046012432504764,607.7535221386714
213,214,2020-02-10,2020-02-11,LONG,1571.39,1567.62,11106.78778471863,55533.93892359315,-666.1711915627495,-5.99787449328335,11.10678778471863,-677.2779793474682
215,216,2020-02-12,2020-02-13,LONG,1565.63,1575.95,11039.059986783883,55195.299933919414,1819.1255127905215,16.478989288656862,11.039059986783883,1808.0864528037375
217,219,2020-02-14,2020-02-18,LONG,1583.83,1601.37,11219.868632064256,56099.34316032128,3106.3386822829257,27.686052164689336,11.219868632064257,3095.1188136508613
220,221,2020-02-19,2020-02-20,LONG,1611.27,1619.26,11529.380513429342,57646.90256714671,1429.3034423513836,12.39705325612717,11.529380513429343,1417.7740618379544
223,224,2020-02-24,2020-02-25,LONG,1658.41,1635.24,11671.157919613135,58355.789598065676,-4076.505945415144,-34.928033477849375,11.671157919613135,-4088.1771033347572
225,226,2020-02-26,2020-02-27,LONG,1640.44,1644.3,11262.34020927966,56311.7010463983,662.5148315058516,5.882568091487498,11.26234020927966,651.252491296572
229,230,2020-03-03,2020-03-04,LONG,1639.49,1635.68,11327.465458409319,56637.3272920466,-658.0955571021917,-5.809733514690461,11.32746545840932,-669.423022560601
232,233,2020-03-06,2020-03-09,LONG,1674.28,1678.17,11260.523156153258,56302.61578076629,654.0637628926657,5.80846692309545,11.260523156153258,642.8032397365125
237,240,2020-03-13,2020-03-18,LONG,1529.79,1484.52,11324.80348012691,56624.01740063455,-8378.173696150208,-73.98074245484672,11.32480348012691,-8389.498499630336
242,244,2020-03-20,2020-03-24,LONG,1498.38,1627.91,10485.853630163876,52429.26815081938,22661.684965014323,216.11673941189812,10.485853630163875,22651.199111384158
247,248,2020-03-27,2020-03-30,LONG,1621.74,1620.49,12750.973541302294,63754.86770651147,-245.70394956386144,-1.9269426665186773,12.750973541302294,-258.45492310516374
251,251,2020-04-02,2020-04-02,LONG,1611.61,1611.61,12725.128048991777,63625.640244958886,0.0,0.0,12.725128048991778,-12.725128048991778
4,5,2020-04-09,2020-04-13,LONG,1684.94,1711.98,12723.855536186878,63619.27768093439,5104.826487864445,40.12012297173781,12.723855536186878,5092.102632328258
10,12,2020-04-20,2020-04-22,LONG,1694.48,1714.62,13233.065799419704,66165.32899709852,3932.0904525328,29.714130588735,13.233065799419705,3918.8573867333803
15,16,2020-04-27,2020-04-28,LONG,1714.81,1707.96,13624.951538093039,68124.7576904652,-1360.6597529163012,-9.98652911984405,13.62495153809304,-1374.2847044543942
20,21,2020-05-04,2020-05-05,LONG,1701.37,1704.61,13487.5230676476,67437.615338238,642.1233291285604,4.760869181894605,13.4875230676476,628.6358060609127
34,35,2020-05-22,2020-05-25,LONG,1735.49,1727.0,13550.386648253692,67751.93324126846,-1657.2089531439817,-12.229975395997684,13.550386648253692,-1670.7593397922353
36,37,2020-05-26,2020-05-27,LONG,1710.36,1709.31,13383.310714274467,66916.55357137234,-205.4023166173727,-1.53476461095903,13.383310714274469,-218.78562733164716
42,44,2020-06-03,2020-06-05,LONG,1697.95,1684.22,13361.432151541303,66807.16075770652,-2701.0875385120635,-20.215554050472655,13.361432151541303,-2714.448970663605
47,48,2020-06-10,2020-06-11,LONG,1737.41,1728.71,13089.987254474943,65449.93627237472,-1638.6876027237756,-12.518634058742675,13.089987254474945,-1651.7775899782505
50,51,2020-06-15,2020-06-16,LONG,1725.12,1726.61,12924.809495477117,64624.04747738558,279.0815443021503,2.1592700797625803,12.924809495477117,266.15673480667317
52,54,2020-06-17,2020-06-19,LONG,1726.49,1742.29,12951.425168957785,64757.12584478893,2963.1292053462867,22.878788756378484,12.951425168957787,2950.1777801773287
57,58,2020-06-24,2020-06-25,LONG,1761.42,1763.78,13246.442946975521,66232.2147348776,443.69890989742515,3.3495702331072374,13.246442946975522,430.4524669504496
64,65,2020-07-03,2020-07-06,LONG,1775.66,1784.21,13289.488193670564,66447.44096835282,1599.7590199683882,12.03777750244973,13.289488193670564,1586.4695317747176
68,69,2020-07-09,2020-07-10,LONG,1802.24,1798.56,13448.135146848037,67240.67573424018,-686.494825056619,-5.104758522727361,13.448135146848037,-699.942960203467
70,72,2020-07-13,2020-07-15,LONG,1802.32,1810.2,13378.140850827689,66890.70425413844,1462.2784786348102,10.93035642949103,13.37814085082769,1448.9003377839824
75,76,2020-07-20,2020-07-21,LONG,1817.17,1841.55,13523.030884606089,67615.15442303044,4535.782191081391,33.5411656586889,13.52303088460609,4522.259160196785
79,81,2020-07-24,2020-07-28,LONG,1901.13,1957.99,13975.256800625768,69876.28400312884,10449.484013239227,74.77132021481947,13.975256800625768,10435.508756438601
82,84,2020-07-29,2020-07-31,LONG,1970.96,1974.81,15018.80767626963,75094.03838134815,733.4295159926723,4.883407070665956,15.01880767626963,718.4107083164027
86,88,2020-08-04,2020-08-06,LONG,2018.4,2063.3,15090.648747101275,75453.24373550637,8392.416378627237,55.61335711454628,15.090648747101275,8377.325729880135
89,90,2020-08-07,2020-08-10,LONG,2033.32,2027.63,15928.381320089286,79641.90660044643,-1114.3411970484883,-6.9959475144097185,15.928381320089287,-1130.2695783685776
93,95,2020-08-13,2020-08-17,LONG,1953.67,1984.45,15815.354362252427,79076.77181126214,6229.258360804655,39.387409337298486,15.815354362252428,6213.443006442403
96,97,2020-08-18,2020-08-19,LONG,2002.25,1927.44,16436.698662896666,82183.49331448333,-15353.095604586073,-93.40741665626163,16.436698662896667,-15369.53230324897
102,103,2020-08-26,2020-08-27,LONG,1953.2,1928.11,14899.74543257177,74498.72716285885,-4784.899305028003,-32.113966823674154,14.89974543257177,-4799.799050460575
104,105,2020-08-28,2020-08-31,LONG,1964.3,1968.23,14419.76552752571,72098.82763762855,721.2452085116447,5.001781805223315,14.41976552752571,706.825442984119
109,110,2020-09-04,2020-09-07,LONG,1933.0,1928.11,14490.448071824121,72452.24035912061,-916.4290102330756,-6.32436627004669,14.490448071824122,-930.9194583048998
112,113,2020-09-09,2020-09-10,LONG,1947.29,1945.92,14397.35612599363,71986.78062996815,-253.2285624202058,-1.7588546133342888,14.397356125993632,-267.62591854619944
115,116,2020-09-14,2020-09-15,LONG,1956.51,1953.31,14370.59353413901,71852.96767069506,-587.6011278915709,-4.088913422369481,14.370593534139012,-601.9717214257099
119,121,2020-09-18,2020-09-22,LONG,1950.44,1900.34,14310.396361996443,71551.98180998222,-9189.604111585382,-64.21627940362193,14.310396361996444,-9203.914507947378
124,127,2020-09-25,2020-09-30,LONG,1860.05,1885.22,13390.004911201704,66950.02455600852,4529.803279682641,33.829735759791504,13.390004911201704,4516.413274771439
129,130,2020-10-02,2020-10-05,LONG,1900.56,1913.69,13841.646238678848,69208.23119339424,2390.6219103034737,17.271225323062822,13.841646238678848,2376.7802640647947
133,134,2020-10-08,2020-10-09,LONG,1893.53,1929.87,14079.32426508533,70396.62132542665,6755.143089800527,47.979171177641646,14.07932426508533,6741.063765535442
138,139,2020-10-15,2020-10-16,LONG,1907.87,1898.62,14753.430641638875,73767.15320819437,-1788.2407270301383,-12.120846808220685,14.753430641638875,-1802.9941576717772
142,143,2020-10-21,2020-10-22,LONG,1924.62,1903.63,14573.131225871697,72865.65612935848,-3973.3820758259258,-27.26512246573321,14.573131225871697,-3987.9552070517975
144,148,2020-10-23,2020-10-29,LONG,1901.37,1866.97,14174.335705166517,70871.67852583258,-6411.1291891863,-45.23054429174735,14.174335705166518,-6425.303524891467
159,162,2020-11-13,2020-11-18,LONG,1889.18,1871.84,13531.80535267737,67659.02676338685,-3105.070782236573,-22.946463545030312,13.53180535267737,-3118.6025875892506
167,168,2020-11-25,2020-11-26,LONG,1806.92,1808.86,13219.945093918443,66099.72546959222,354.83991380635973,2.684125473180644,13.219945093918444,341.6199687124413
169,170,2020-11-27,2020-11-30,LONG,1787.38,1777.49,13254.107090789688,66270.53545394844,-1833.4534224383083,-13.83309648759651,13.254107090789688,-1846.7075295290979
179,180,2020-12-11,2020-12-14,LONG,1839.68,1827.74,13069.436337836778,65347.18168918389,-2120.600727759336,-16.225647938772035,13.069436337836779,-2133.670164097173
182,183,2020-12-16,2020-12-17,LONG,1863.96,1885.97,12856.069321427061,64280.3466071353,3795.1737934908674,29.52048327217321,12.85606932142706,3782.31772416944
187,188,2020-12-23,2020-12-24,LONG,1872.67,1878.86,13234.301093844004,66171.50546922002,1093.6300011600028,8.263602236378844,13.234301093844005,1080.395700066159
193,195,2021-01-04,2021-01-06,LONG,1943.04,1918.68,13342.340663850622,66711.70331925311,-4181.8415803508915,-31.342638339920825,13.342340663850623,-4195.183921014742
200,201,2021-01-13,2021-01-14,LONG,1844.55,1846.38,12922.822271749148,64614.11135874574,320.52214303357107,2.480279743026964,12.922822271749148,307.5993207618219
204,206,2021-01-19,2021-01-21,LONG,1839.59,1869.67,12953.58220382533,64767.91101912665,5295.252647207639,40.878674052370584,12.95358220382533,5282.299065003814
208,209,2021-01-25,2021-01-26,LONG,1855.83,1851.28,13481.81211032571,67409.06055162856,-826.3451542164609,-6.129332966920401,13.481812110325713,-839.8269663267865
211,212,2021-01-28,2021-01-29,LONG,1842.52,1847.38,13397.82941369303,66989.14706846516,883.4836385839752,6.5942296420122,13.397829413693032,870.0858091702822
213,214,2021-02-01,2021-02-02,LONG,1860.4,1837.52,13484.837994610061,67424.1899730503,-4146.058553492256,-30.746076112664095,13.484837994610062,-4159.543391486865
215,216,2021-02-03,2021-02-04,LONG,1834.08,1792.86,13068.883655461375,65344.418277306875,-7342.910127667799,-56.18620779900554,13.068883655461375,-7355.97901132326
217,219,2021-02-05,2021-02-09,LONG,1813.22,1837.56,12333.28575432905,61666.42877164525,4138.937570459846,33.55908273678859,12.33328575432905,4126.604284705517
220,221,2021-02-10,2021-02-11,LONG,1842.43,1825.47,12745.946182799602,63729.730913998006,-2933.235553864756,-23.013085978843208,12.745946182799601,-2945.981500047556
223,224,2021-02-15,2021-02-16,LONG,1818.38,1794.35,12451.348032794845,62256.74016397423,-4113.632645927455,-33.03764889627058,12.451348032794847,-4126.08399396025
229,230,2021-02-23,2021-02-24,LONG,1804.94,1805.26,12038.73963339882,60193.6981669941,53.3590684827038,0.4432280297405126,12.038739633398821,41.32032884930498
232,233,2021-02-26,2021-03-01,LONG,1733.41,1724.48,12042.87166628375,60214.358331418756,-1551.0301079939925,-12.879238033702448,12.042871666283752,-1563.0729796602761
237,240,2021-03-05,2021-03-10,LONG,1700.51,1726.23,11886.564368317722,59432.82184158861,4494.569798959314,37.812185756037934,11.886564368317723,4482.683234590996
242,244,2021-03-12,2021-03-16,LONG,1726.59,1731.87,12334.83269177682,61674.163458884104,943.0136368880464,7.645127100238003,12.334832691776821,930.6788041962697
247,248,2021-03-19,2021-03-22,LONG,1744.93,1738.64,12427.90057219645,62139.50286098225,-1119.980380289112,-9.011822823838152,12.42790057219645,-1132.4082808613084
251,251,2021-03-25,2021-03-25,LONG,1726.92,1726.92,12314.659744110319,61573.2987205516,0.0,0.0,12.31465974411032,-12.31465974411032
4,5,2021-04-01,2021-04-05,LONG,1729.36,1728.42,12313.428278135907,61567.141390679535,-167.32523276596,-1.3588842114999582,12.313428278135907,-179.63866104409593
10,12,2021-04-12,2021-04-14,LONG,1732.21,1736.15,12295.464412031499,61477.322060157494,699.1665240271789,5.686377517737537,12.2954644120315,686.8710596151474
15,16,2021-04-19,2021-04-20,LONG,1770.78,1778.58,12364.151517993014,61820.75758996507,1361.5522797911788,11.012096364313967,12.364151517993015,1349.1881282731858
20,21,2021-04-26,2021-04-27,LONG,1781.36,1776.54,12499.07033082033,62495.35165410165,-845.4989305159147,-6.764494543494768,12.49907033082033,-857.9980008467351
34,35,2021-05-14,2021-05-17,LONG,1842.38,1866.64,12413.270530735657,62066.35265367829,4086.371202950082,32.91937602449004,12.413270530735659,4073.9579324193464
36,37,2021-05-18,2021-05-19,LONG,1869.67,1870.19,12820.666323977592,64103.33161988796,89.14335803200717,0.6953098675167032,12.820666323977592,76.32269170802958
42,44,2021-05-26,2021-05-28,LONG,1896.6,1903.02,12828.298593148395,64141.49296574197,1085.5962903091536,8.462511863334484,12.828298593148395,1072.767991716005
47,48,2021-06-02,2021-06-03,LONG,1908.71,1870.58,12935.575392319995,64677.87696159998,-6460.298967747363,-49.94210749668638,12.935575392319995,-6473.234543139683
52,54,2021-06-09,2021-06-11,LONG,1888.87,1875.87,12288.251938006026,61441.25969003013,-2114.3233149194803,-17.206054413485315,12.288251938006026,-2126.611566857486
57,58,2021-06-16,2021-06-17,LONG,1810.0,1772.57,12075.590781320278,60377.95390660139,-6242.947002000259,-51.6988950276244,12.075590781320278,-6255.022592781579
64,65,2021-06-25,2021-06-28,LONG,1780.86,1778.94,11450.088522042119,57250.44261021059,-308.61732480822604,-2.6953269768536625,11.450088522042119,-320.06741333026815
68,69,2021-07-01,2021-07-02,LONG,1776.41,1787.07,11418.081780709093,57090.40890354547,1712.9597303319233,15.002167292460433,11.418081780709095,1701.5416485512142
70,72,2021-07-05,2021-07-07,LONG,1791.75,1803.59,11588.235945564214,57941.17972782107,1914.3953341074277,16.52016185293696,11.588235945564215,1902.8070981618635
75,76,2021-07-12,2021-07-13,LONG,1806.21,1807.14,11778.516655380401,58892.583276902005,151.61609792749076,1.2872257378710998,11.778516655380402,139.83758127211036
79,81,2021-07-16,2021-07-20,LONG,1811.1,1810.14,11792.50041350761,58962.50206753805,-156.26967584568845,-1.3251615040580433,11.79250041350761,-168.06217625919606
82,84,2021-07-21,2021-07-23,LONG,1803.36,1801.68,11775.694195881691,58878.470979408456,-274.25425662484633,-2.328985892999507,11.775694195881691,-286.029950820728
86,88,2021-07-27,2021-07-29,LONG,1798.53,1827.87,11747.09120079962,58735.4560039981,4790.8521936172865,40.78330636686617,11.747091200799622,4779.105102416487
89,90,2021-07-30,2021-08-02,LONG,1814.2,1813.12,12225.001711041268,61125.00855520634,-181.9397234032419,-1.4882592878405834,12.22500171104127,-194.1647251142832
93,95,2021-08-05,2021-08-09,LONG,1803.65,1729.64,12205.585238529842,61027.92619264921,-12520.934819721031,-102.5836498211959,12.205585238529842,-12533.14040495956
96,97,2021-08-10,2021-08-11,LONG,1728.61,1751.41,10952.271198033886,54761.35599016943,3611.4534700593917,32.97447081759359,10.952271198033888,3600.501198861358
102,103,2021-08-18,2021-08-19,LONG,1787.65,1780.1,11312.321317920023,56561.60658960012,-1194.417614609938,-10.558554526893102,11.312321317920023,-1205.7299359278582
104,105,2021-08-20,2021-08-23,LONG,1780.89,1805.07,11191.748324327236,55958.74162163618,3798.8937340631755,33.943702306150065,11.191748324327238,3787.701985738848
109,110,2021-08-27,2021-08-30,LONG,1817.78,1810.11,11570.518522901122,57852.592614505615,-1220.525545867108,-10.548581236453357,11.570518522901123,-1232.096064390009
112,113,2021-09-01,2021-09-02,LONG,1813.74,1809.43,11447.30891646212,57236.5445823106,-680.0575251958812,-5.940763284704457,11.44730891646212,-691.5048341123434
115,116,2021-09-06,2021-09-07,LONG,1823.08,1793.72,11378.158433050887,56890.79216525443,-4581.021288072559,-40.26153542356876,11.378158433050887,-4592.39944650561
119,121,2021-09-10,2021-09-14,LONG,1787.48,1804.73,10918.918488400326,54594.59244200163,2634.3140052602776,24.126144068744825,10.918918488400326,2623.3950867718772
124,127,2021-09-17,2021-09-22,LONG,1753.8,1767.91,11181.257997077511,55906.28998538756,2248.9387378658503,20.11346789827821,11.181257997077513,2237.757479868773
129,130,2021-09-24,2021-09-27,LONG,1749.99,1750.05,11405.03374506439,57025.16872532194,9.775799071755282,0.08571477551292497,11.405033745064388,-1.6292346733091065
133,134,2021-09-30,2021-10-01,LONG,1757.14,1760.05,11404.870821597058,57024.35410798529,472.1902365611985,4.140250634553669,11.404870821597058,460.78536573960145
138,139,2021-10-07,2021-10-08,LONG,1754.75,1756.86,11450.94935817102,57254.7467908551,344.22999210342937,3.0061262288073802,11.45094935817102,332.7790427452583
142,143,2021-10-13,2021-10-14,LONG,1792.62,1795.84,11484.227262445544,57421.13631222772,515.7145935150082,4.4906338208879,11.484227262445545,504.2303662525627
144,148,2021-10-15,2021-10-21,LONG,1767.24,1783.14,11534.6502990708,57673.251495353994,2594.454343428549,22.492700482107818,11.5346502990708,2582.9196931294778
159,162,2021-11-05,2021-11-10,LONG,1817.67,1848.77,11792.942268383747,58964.71134191874,5044.376929623274,42.77454103330074,11.792942268383747,5032.58398735489
167,168,2021-11-17,2021-11-18,LONG,1867.29,1858.66,12296.200667119236,61481.00333559618,-1420.724843988314,-11.554177444317542,12.296200667119237,-1433.0210446554331
179,180,2021-12-03,2021-12-06,LONG,1783.74,1778.22,12152.89856265369,60764.49281326845,-940.2155031821924,-7.736553533586708,12.152898562653691,-952.3684017448461
182,183,2021-12-08,2021-12-09,LONG,1782.36,1775.0,12057.661722479206,60288.30861239603,-1244.7596203551157,-10.323391458515536,12.057661722479207,-1256.8172820775949
187,188,2021-12-15,2021-12-16,LONG,1777.0,1799.01,11931.979994271445,59659.89997135723,3694.750698845166,30.965109735509273,11.931979994271446,3682.8187188508946
193,195,2021-12-23,2021-12-28,LONG,1807.77,1806.17,12300.261866156536,61501.30933078268,-272.1643099765089,-2.21267085967782,12.300261866156536,-284.4645718426654
197,198,2021-12-30,2021-12-31,LONG,1814.96,1828.62,12271.81540897227,61359.07704486135,2309.045357563795,18.81584167144159,12.27181540897227,2296.7735421548227
200,201,2022-01-04,2022-01-05,LONG,1814.39,1810.65,12501.492763187753,62507.46381593876,-644.2328128781891,-5.15324709682043,12.501492763187754,-656.7343056413769
204,206,2022-01-10,2022-01-12,LONG,1801.66,1826.21,12435.819332623614,62179.09666311807,4236.362085741887,34.06580597893048,12.435819332623614,4223.926266409264
208,209,2022-01-14,2022-01-17,LONG,1817.63,1818.78,12858.211959264541,64291.059796322705,203.38220310448864,1.5817300550715265,12.858211959264542,190.5239911452241
211,212,2022-01-19,2022-01-20,LONG,1841.25,1840.04,12877.264358379063,64386.321791895316,-211.56130174662778,-1.6429056347590447,12.877264358379064,-224.43856610500683
213,214,2022-01-21,2022-01-24,LONG,1834.68,1843.58,12854.820501768561,64274.10250884281,1558.9626319813053,12.12745546907344,12.854820501768563,1546.1078114795368
218,219,2022-01-28,2022-01-31,LONG,1791.23,1796.69,13009.431282916516,65047.156414582576,991.3787565628736,7.62046191723011,13.009431282916516,978.3693252799571
223,224,2022-02-04,2022-02-07,LONG,1807.78,1820.82,13107.26821544451,65536.34107722255,2363.655665089169,18.03316775271322,13.10726821544451,2350.5483968737244
229,230,2022-02-14,2022-02-15,LONG,1872.03,1853.45,13342.323055131881,66711.61527565941,-3310.582126947076,-24.812636549627847,13.342323055131882,-3323.9244500022082
232,233,2022-02-17,2022-02-18,LONG,1898.71,1897.65,13009.930610131662,65049.65305065831,-181.57757696987494,-1.3956844383817768,13.009930610131661,-194.58750758000662
237,239,2022-02-24,2022-02-28,LONG,1903.81,1908.36,12990.47185937366,64952.3592968683,776.1626286256187,5.974860936753084,12.990471859373661,763.172156766245
242,244,2022-03-03,2022-03-07,LONG,1936.64,1997.34,13066.789075050285,65333.945375251424,10238.791113159257,78.35736120290788,13.066789075050286,10225.724324084207
247,248,2022-03-10,2022-03-11,LONG,1996.11,1985.28,14089.361507458703,70446.80753729351,-1911.0643342022327,-13.563881750003667,14.089361507458703,-1925.1536957096914
251,251,2022-03-16,2022-03-16,LONG,1924.92,1924.92,13896.846137887735,69484.23068943867,0.0,0.0,13.896846137887735,-13.896846137887735
4,5,2022-03-23,2022-03-24,LONG,1945.06,1957.0,13895.456453273946,69477.28226636973,2132.475991127416,15.346570285749609,13.895456453273946,2118.5805346741417
10,12,2022-03-31,2022-04-04,LONG,1937.01,1932.81,14107.31450674136,70536.5725337068,-764.718831192332,-5.420725757740081,14.10731450674136,-778.8261456990733
15,16,2022-04-07,2022-04-08,LONG,1931.4,1946.54,14029.431892171453,70147.15946085726,2749.3734965242047,19.59718339028667,14.029431892171454,2735.344064632033
20,21,2022-04-14,2022-04-18,LONG,1973.26,1978.77,14302.966298634658,71514.83149317329,998.4662982257385,6.9808337472000535,14.302966298634658,984.1633319271039
34,35,2022-05-05,2022-05-06,LONG,1877.07,1882.37,14401.382631827368,72006.91315913684,1016.5754067334249,7.058873670134777,14.401382631827367,1002.1740241015975
36,37,2022-05-09,2022-05-10,LONG,1853.93,1838.12,14501.600034237528,72508.00017118764,-3091.67952054956,-21.319575172741384,14.501600034237528,-3106.1811205837976
42,44,2022-05-17,2022-05-19,LONG,1814.43,1841.21,14190.98192217915,70954.90961089575,5236.279380796686,36.89864034435053,14.19098192217915,5222.088398874507
52,54,2022-05-31,2022-06-02,LONG,1838.05,1868.68,14713.190762066599,73565.953810333,6129.66231933437,41.66099942874257,14.713190762066601,6114.949128572303
57,58,2022-06-07,2022-06-08,LONG,1852.01,1852.88,15324.685674923827,76623.42837461914,179.97306355237743,1.1743997062652445,15.324685674923828,164.64837787745358
64,65,2022-06-16,2022-06-17,LONG,1856.51,1840.28,15341.150512711576,76705.75256355788,-3352.888926282503,-21.855524613387512,15.341150512711577,-3368.2300767952142
68,69,2022-06-22,2022-06-23,LONG,1838.28,1823.1,15004.327505032052,75021.63752516026,-3097.538072632943,-20.64429793067441,15.004327505032052,-3112.542400137975
70,72,2022-06-24,2022-06-28,LONG,1827.25,1820.61,14693.073265018256,73465.36632509128,-1334.8201734809506,-9.084690108086058,14.693073265018256,-1349.513246745969
82,84,2022-07-12,2022-07-14,LONG,1726.32,1710.63,14558.121940343655,72790.60970171828,-3307.8591055538577,-22.721743361601305,14.558121940343655,-3322.4172274942016
86,88,2022-07-18,2022-07-20,LONG,1708.97,1696.62,14225.880217594235,71129.40108797117,-2570.10978377752,-18.06643767883599,14.225880217594234,-2584.3356639951144
89,90,2022-07-21,2022-07-22,LONG,1720.16,1726.99,13967.446651194721,69837.23325597361,1386.4649309898343,9.926402195144533,13.967446651194722,1372.4974843386397
94,95,2022-07-28,2022-07-29,LONG,1756.37,1766.0,14104.696399628587,70523.48199814293,1933.3657818173967,13.707248472702377,14.104696399628587,1919.261085417768
96,97,2022-08-01,2022-08-02,LONG,1772.05,1761.39,14296.622508170363,71483.11254085181,-2150.0803580188763,-15.039079032758462,14.296622508170364,-2164.3769805270467
104,105,2022-08-11,2022-08-12,LONG,1788.99,1801.74,14080.184810117658,70400.92405058829,2508.7110091308523,17.81731591568427,14.08018481011766,2494.6308243207345
109,110,2022-08-18,2022-08-19,LONG,1758.39,1746.89,14329.647892549732,71648.23946274866,-2342.92379341787,-16.350183975113598,14.329647892549733,-2357.25344131042
112,113,2022-08-23,2022-08-24,LONG,1748.07,1751.86,14093.92254841869,70469.61274209345,763.9277382843125,5.42026349059243,14.093922548418691,749.8338157358937
115,116,2022-08-26,2022-08-29,LONG,1737.99,1737.53,14168.905929992281,70844.5296499614,-93.75336923395652,-0.6616838992169637,14.168905929992281,-107.9222751639488
119,120,2022-09-01,2022-09-02,LONG,1697.01,1711.73,14158.113702475888,70790.56851237944,3070.2151681552477,21.68519926223185,14.15811370247589,3056.057054452772
124,126,2022-09-08,2022-09-12,LONG,1708.51,1724.4,14463.719407921166,72318.59703960583,3362.996139792403,23.25125401665793,14.463719407921166,3348.532420384482
129,130,2022-09-15,2022-09-16,LONG,1663.95,1675.37,14798.572649959615,73992.86324979807,2539.1342838206756,17.157967487003585,14.798572649959615,2524.335711170716
133,134,2022-09-21,2022-09-22,LONG,1673.82,1671.29,15051.006221076683,75255.03110538342,-568.74463412021,-3.778781469931015,15.051006221076683,-583.7956403412867
138,139,2022-09-28,2022-09-29,LONG,1659.69,1660.1,14992.626657042554,74963.13328521277,92.59224507867833,0.6175852116959409,14.992626657042553,77.59961842163578
142,143,2022-10-04,2022-10-05,LONG,1725.68,1716.37,15000.386618884717,75001.93309442358,-2023.1676704519277,-13.487436836493691,15.000386618884718,-2038.1680570708124
144,148,2022-10-06,2022-10-12,LONG,1712.44,1672.78,14796.569813177635,73982.84906588818,-8567.190073675956,-57.89983882646995,14.796569813177637,-8581.986643489134
159,162,2022-10-27,2022-11-01,LONG,1662.41,1647.42,13938.371148828719,69691.8557441436,-3142.067593447805,-22.5425737333149,13.93837114882872,-3156.0059645966335
167,168,2022-11-08,2022-11-09,LONG,1712.16,1706.77,13622.770552369057,68113.85276184528,-1072.1359755699025,-7.870175684515611,13.622770552369056,-1085.7587461222715
182,183,2022-11-29,2022-11-30,LONG,1749.53,1768.02,13514.194677756832,67570.97338878416,3570.636965238149,26.421381742525153,13.514194677756832,3557.1227705603924
187,188,2022-12-06,2022-12-07,LONG,1770.84,1786.05,13869.90695481287,69349.53477406435,2978.265749343592,21.472860337467015,13.86990695481287,2964.395842388779
194,195,2022-12-15,2022-12-16,LONG,1776.36,1792.67,14166.346539051747,70831.73269525873,3251.777680930899,22.954243509198832,14.166346539051746,3237.6113343918473
200,201,2022-12-23,2022-12-27,LONG,1797.75,1813.88,14490.10767249093,72450.53836245465,3250.2494334206685,22.430816298150617,14.49010767249093,3235.7593257481776
204,206,2022-12-30,2023-01-04,LONG,1824.01,1854.12,14813.683605065748,74068.41802532873,6113.453508321338,41.268962341215094,14.813683605065748,6098.639824716272
208,209,2023-01-06,2023-01-09,LONG,1866.2,1871.29,15423.547587537376,77117.73793768688,1051.680650795252,6.818668952952413,15.423547587537376,1036.2571032077146
211,212,2023-01-11,2023-01-12,LONG,1875.59,1897.0,15527.173297858146,77635.86648929073,4431.096085860238,28.537686807884562,15.527173297858146,4415.56891256238
213,214,2023-01-13,2023-01-16,LONG,1920.24,1913.98,15968.730189114383,79843.65094557192,-1301.4551694561083,-8.15002291380243,15.968730189114385,-1317.4238996452227
218,219,2023-01-20,2023-01-23,LONG,1926.51,1931.21,15836.987799149862,79184.93899574931,965.9156019953838,6.099111865497773,15.836987799149863,950.078614196234
223,224,2023-01-27,2023-01-30,LONG,1928.28,1922.72,15931.995660569486,79659.97830284743,-1148.4573800584649,-7.208496691351806,15.931995660569488,-1164.3893757190344
229,230,2023-02-06,2023-02-07,LONG,1867.24,1871.74,15815.556722997582,79077.78361498791,952.8770438386218,6.024935198474755,15.815556722997584,937.0614871156242
232,233,2023-02-09,2023-02-10,LONG,1860.84,1864.95,15909.262871709147,79546.31435854573,878.4617484943174,5.52169987747486,15.909262871709146,862.5524856226082
237,239,2023-02-16,2023-02-20,LONG,1835.88,1840.27,15995.51812027141,79977.59060135705,956.2216014661831,5.978059568163323,15.995518120271411,940.2260833459117
243,244,2023-02-24,2023-02-27,LONG,1810.79,1816.9,16089.540728605998,80447.70364302999,1357.2404013135802,8.43554470700651,16.089540728606,1341.1508605849742
247,248,2023-03-02,2023-03-03,LONG,1835.65,1854.35,16223.655814664497,81118.27907332248,4131.811125952974,25.467817939149366,16.223655814664497,4115.58747013831
251,251,2023-03-08,2023-03-08,LONG,1813.19,1813.19,16635.21456167833,83176.07280839165,0.0,0.0,16.635214561678332,-16.635214561678332
4,5,2023-03-15,2023-03-16,LONG,1917.69,1919.44,16633.551040222163,83167.75520111082,379.47627510688363,2.2813906314367807,16.633551040222166,362.84272406666145
10,12,2023-03-23,2023-03-27,LONG,1992.72,1955.82,16669.835312628828,83349.17656314414,-7717.051605795159,-46.29350837046861,16.669835312628827,-7733.7214411077875
15,16,2023-03-30,2023-03-31,LONG,1979.67,1968.93,15896.463168518047,79482.31584259024,-2156.016083866048,-13.562866538362467,15.896463168518048,-2171.912547034566
20,21,2023-04-06,2023-04-10,LONG,2007.09,1990.88,15679.271913814591,78396.35956907296,-3165.7897468839406,-20.190923177336103,15.679271913814592,-3181.4690187977553
34,35,2023-04-27,2023-04-28,LONG,1987.28,1989.33,15361.125011934815,76805.62505967407,396.1483318212037,2.578901815546821,15.361125011934815,380.7872068092689
36,37,2023-05-01,2023-05-02,LONG,1982.07,2016.33,15399.20373261574,76996.0186630787,6654.3653841617,43.21239915845555,15.399203732615742,6638.966180429084
42,44,2023-05-09,2023-05-11,LONG,2034.06,2014.71,16063.100350658651,80315.50175329325,-3820.2043177836867,-23.782484292498633,16.06310035065865,-3836.2674181343455
45,46,2023-05-12,2023-05-15,LONG,2010.42,2015.6,15679.473608845215,78397.36804422608,1009.9839000534173,6.441440097093936,15.679473608845218,994.3044264445721
47,48,2023-05-16,2023-05-17,LONG,1988.3,1981.56,15778.904051489673,78894.52025744837,-1337.1952586008217,-8.474576271186454,15.778904051489675,-1352.9741626523114
50,51,2023-05-19,2023-05-22,LONG,1977.23,1971.38,15643.606635224447,78218.03317612223,-1157.1124605642945,-7.396711561123275,15.643606635224447,-1172.7560671995188
52,54,2023-05-23,2023-05-25,LONG,1974.87,1940.19,15526.331028504495,77631.65514252248,-6816.311454279692,-43.90162390435806,15.526331028504496,-6831.8377853081965
57,58,2023-05-30,2023-05-31,LONG,1959.51,1962.78,14843.147249973674,74215.73624986837,619.250367533384,4.171961357686337,14.843147249973674,604.4072202834103
64,65,2023-06-08,2023-06-09,LONG,1965.08,1960.25,14903.587972002017,74517.93986001008,-915.7938850424495,-6.144787998452897,14.903587972002017,-930.6974730144515
68,69,2023-06-14,2023-06-15,LONG,1939.85,1958.0,14810.518224700572,74052.59112350286,3464.3259244054534,23.39098383895674,14.810518224700573,3449.515406180753
70,72,2023-06-16,2023-06-20,LONG,1957.36,1935.58,15155.469765318649,75777.34882659324,-4215.960930649443,-27.818081497527245,15.15546976531865,-4231.116400414761
75,76,2023-06-23,2023-06-26,LONG,1921.33,1923.08,14732.358125277173,73661.79062638586,335.4658845595896,2.2770684890154214,14.732358125277173,320.7335264343124
79,81,2023-06-29,2023-07-03,LONG,1908.17,1921.36,14764.431477920603,73822.15738960302,2551.4347672609124,17.28095505117446,14.764431477920605,2536.670335782992
82,84,2023-07-04,2023-07-06,LONG,1924.81,1910.7,15018.098511498905,75090.49255749452,-2752.2894467148453,-18.326484172463648,15.018098511498906,-2767.3075452263442
86,88,2023-07-10,2023-07-12,LONG,1925.09,1957.53,14741.36775697627,73706.83878488134,6210.228743023846,42.12790051374229,14.741367756976269,6195.487375266869
89,90,2023-07-13,2023-07-14,LONG,1960.38,1955.32,15360.916494502953,76804.58247251477,-991.2139159523612,-6.45283057366451,15.360916494502954,-1006.5748324468641
93,95,2023-07-19,2023-07-21,LONG,1976.69,1961.93,15260.259011258266,76301.29505629133,-2848.7196146863175,-18.667570534580527,15.260259011258267,-2863.979873697576
96,97,2023-07-24,2023-07-25,LONG,1954.53,1964.77,14973.86102388851,74869.30511944255,1961.243072306622,13.09777798243057,14.97386102388851,1946.2692112827335
102,103,2023-08-01,2023-08-02,LONG,1944.18,1934.65,15168.48794501678,75842.4397250839,-1858.8259589648271,-12.25452375808821,15.16848794501678,-1873.9944469098439
104,105,2023-08-03,2023-08-04,LONG,1934.21,1942.76,14981.088500325795,74905.44250162898,1655.563598029491,11.051023415244408,14.981088500325797,1640.5825095291652
109,110,2023-08-10,2023-08-11,LONG,1912.46,1913.85,15145.146751278715,75725.73375639357,275.1920822432297,1.8170314673246404,15.145146751278714,260.046935491951
112,113,2023-08-15,2023-08-16,LONG,1901.74,1892.46,15171.151444827909,75855.75722413954,-1850.7825124360136,-12.199354275558138,15.171151444827908,-1865.9536638808415
115,116,2023-08-18,2023-08-21,LONG,1889.57,1894.6,14984.556078439822,74922.78039219911,997.2152007408022,6.654953243330458,14.984556078439823,982.2306446623624
119,121,2023-08-24,2023-08-28,LONG,1916.88,1920.02,15082.77914290606,75413.8957145303,617.6694225606598,4.095196360752723,15.08277914290606,602.5866434177537
124,127,2023-08-31,2023-09-05,LONG,1939.93,1925.92,15143.037807247834,75715.18903623917,-2734.041430354987,-18.054775172300015,15.143037807247834,-2749.1844681622347
129,130,2023-09-07,2023-09-08,LONG,1919.59,1919.0,14868.11936043161,74340.59680215805,-114.24562566294668,-0.7683932506419575,14.86811936043161,-129.1137450233783
133,134,2023-09-13,2023-09-14,LONG,1908.24,1910.49,14855.207985929272,74276.03992964636,437.8932677276032,2.947742422336813,14.855207985929272,423.0380597416739
138,139,2023-09-20,2023-09-21,LONG,1929.35,1919.94,14897.511791903442,74487.5589595172,-1816.4872361392336,-12.193225697773673,14.897511791903442,-1831.384747931137
142,143,2023-09-26,2023-09-27,LONG,1900.65,1875.16,14714.373317110329,73571.86658555164,-4933.435612200332,-33.528003577723425,14.71437331711033,-4948.1499855174425
144,148,2023-09-28,2023-10-04,LONG,1865.33,1820.85,14219.558318558582,71097.79159279291,-8476.864067075077,-59.6141165370203,14.219558318558583,-8491.083625393636
159,162,2023-10-19,2023-10-24,LONG,1974.19,1971.03,13370.44995601922,66852.2497800961,-535.0374313138784,-4.001641179420524,13.37044995601922,-548.4078812698976
167,168,2023-10-31,2023-11-01,LONG,1983.89,1981.44,13315.60916789223,66578.04583946115,-411.10195703058844,-3.0873687553241926,13.31560916789223,-424.41756619848064
179,180,2023-11-16,2023-11-17,LONG,1981.29,1980.53,13273.167411272381,66365.83705636191,-127.28584952943399,-0.9589711753453445,13.273167411272382,-140.55901694070639
182,183,2023-11-21,2023-11-22,LONG,1998.6,1990.02,13259.111509578312,66295.55754789156,-1423.0358344864023,-10.732512758931161,13.259111509578313,-1436.2949459959807
187,188,2023-11-28,2023-11-29,LONG,2041.31,2044.11,13115.482014978712,65577.41007489356,449.7522380473788,3.4291704836599464,13.115482014978713,436.63675603240006
193,195,2023-12-06,2023-12-08,LONG,2025.49,2004.05,13159.14569058195,65795.72845290975,-3482.269520043023,-26.462732474611144,13.159145690581951,-3495.428665733605
197,198,2023-12-12,2023-12-13,LONG,1979.11,2026.14,12809.60282400859,64048.01412004295,7609.93098934782,59.40801673479519,12.809602824008591,7597.121386523811
200,201,2023-12-15,2023-12-18,LONG,2018.15,2026.86,13569.314962660976,67846.57481330488,1464.0727067459616,10.789584520476437,13.569314962660975,1450.5033917833007
204,206,2023-12-21,2023-12-26,LONG,2045.51,2067.02,13714.365301839303,68571.82650919651,3605.4088912125003,26.289287268211826,13.714365301839303,3591.694525910661
208,209,2023-12-28,2023-12-29,LONG,2065.39,2062.31,14073.53475443037,70367.67377215184,-524.676780700552,-3.728109461167053,14.07353475443037,-538.7503154549823
211,212,2024-01-03,2024-01-04,LONG,2040.83,2043.23,14019.659722884873,70098.29861442436,412.17523427876125,2.9399803021320876,14.019659722884873,398.1555745558764
213,214,2024-01-05,2024-01-08,LONG,2044.74,2027.66,14059.475280340464,70297.37640170232,-2936.0192223487356,-20.882850631376034,14.059475280340465,-2950.078697629076
218,219,2024-01-12,2024-01-15,LONG,2048.52,2053.63,13764.467410577554,68822.33705288777,858.3810320140035,6.236209556167535,13.764467410577556,844.6165646034259
223,224,2024-01-19,2024-01-22,LONG,2029.01,2020.93,13848.929067037898,69244.64533518949,-1378.743166145869,-9.95559410747104,13.848929067037899,-1392.592095212907
229,230,2024-01-29,2024-01-30,LONG,2031.95,2036.39,13709.669857516608,68548.34928758304,748.9226379509153,5.462732842835767,13.709669857516609,735.2129680933987
232,233,2024-02-01,2024-02-02,LONG,2054.71,2039.59,13783.191154325948,68915.95577162974,-2535.6601449037817,-18.396756719926557,13.78319115432595,-2549.4433360581074
237,240,2024-02-08,2024-02-13,LONG,2034.01,1992.86,13528.24682072014,67641.2341036007,-6842.239672772443,-50.577430789425925,13.52824682072014,-6855.767919593162
242,244,2024-02-15,2024-02-19,LONG,2004.2,2017.68,12842.670028760822,64213.35014380411,2159.4550442532695,16.814689152779184,12.842670028760823,2146.6123742245086
247,248,2024-02-22,2024-02-23,LONG,2024.46,2035.86,13057.331266183272,65286.65633091636,1838.1886581420172,14.07782816158366,13.057331266183272,1825.1313268758338
251,251,2024-02-28,2024-02-28,LONG,2034.93,2034.93,13239.844398870855,66199.22199435427,0.0,0.0,13.239844398870856,-13.239844398870856
4,5,2024-03-06,2024-03-07,LONG,2148.4,2159.56,13238.520414430968,66192.60207215484,1719.2083390552,12.986408490038928,13.238520414430969,1705.969818640769
10,12,2024-03-14,2024-03-18,LONG,2161.71,2160.1,13409.117396295045,67045.58698147522,-249.67131354386953,-1.8619518806871955,13.409117396295045,-263.08043094016455
15,16,2024-03-21,2024-03-22,LONG,2181.1,2165.52,13382.809353201028,66914.04676600514,-2389.8969524880913,-17.857961579019676,13.382809353201027,-2403.2797618412924
20,21,2024-03-28,2024-04-01,LONG,2232.64,2249.67,13142.481377016898,65712.40688508449,2506.186150147364,19.06935287372819,13.1424813770169,2493.0436687703473
34,35,2024-04-18,2024-04-19,LONG,2377.07,2390.59,13391.785743893934,66958.92871946967,1904.2028974477582,14.21918580437259,13.391785743893934,1890.8111117038643
36,37,2024-04-22,2024-04-23,LONG,2325.7,2321.59,13580.86685506432,67904.3342753216,-600.0060495153064,-4.418024680740931,13.58086685506432,-613.5869163703707
42,44,2024-04-30,2024-05-02,LONG,2285.75,2303.02,13519.508163427283,67597.54081713641,2553.668445612916,18.888767363009933,13.519508163427282,2540.1489374494886
47,48,2024-05-07,2024-05-08,LONG,2313.83,2308.71,13773.52305717223,68867.61528586115,-761.944892804574,-5.531953514303006,13.77352305717223,-775.7184158617463
52,54,2024-05-14,2024-05-16,LONG,2357.84,2376.17,13695.951215586054,68479.75607793027,2661.830168519613,19.435160994808733,13.695951215586055,2648.134217304027
57,58,2024-05-21,2024-05-22,LONG,2420.78,2378.04,13960.764637316457,69803.82318658229,-6162.095281261708,-44.138666049785854,13.960764637316458,-6176.056045899024
64,65,2024-05-30,2024-05-31,LONG,2342.59,2327.54,13343.159032726555,66715.79516363278,-2143.0824796756697,-16.0612825974671,13.343159032726556,-2156.425638708396
68,69,2024-06-05,2024-06-06,LONG,2354.67,2375.83,13127.516468855716,65637.58234427858,2949.226945612177,22.465993111561122,13.127516468855715,2936.0994291433212
70,72,2024-06-07,2024-06-11,LONG,2292.94,2316.5,13421.126411770048,67105.63205885024,3447.5579197591474,25.68754524758601,13.421126411770048,3434.136793347377
75,76,2024-06-14,2024-06-17,LONG,2332.61,2318.63,13764.540091104787,68822.70045552394,-2062.3708043098204,-14.983216225601387,13.764540091104788,-2076.135344400925
80,81,2024-06-21,2024-06-24,LONG,2321.44,2333.65,13556.926556664697,67784.63278332348,1782.6227821618954,13.149166034874943,13.556926556664697,1769.0658556052308
82,84,2024-06-25,2024-06-27,LONG,2319.23,2327.91,13733.833142225218,68669.16571112609,1285.0134707910884,9.356553683765556,13.733833142225217,1271.2796376488632
86,88,2024-07-01,2024-07-03,LONG,2331.64,2355.87,13860.961105990104,69304.80552995052,3601.0178200552027,25.979568029369908,13.860961105990105,3587.1568589492126
89,90,2024-07-04,2024-07-05,LONG,2357.2,2391.06,14219.676791885024,71098.38395942512,5106.463772412489,35.91125063634835,14.219676791885025,5092.244095620604
94,95,2024-07-11,2024-07-12,LONG,2414.29,2411.48,14728.901201447083,73644.50600723541,-428.5754028727441,-2.90975814835826,14.728901201447083,-443.3043040741912
96,97,2024-07-15,2024-07-16,LONG,2421.71,2468.73,14684.570771039662,73422.85385519831,7127.902573535689,48.54008118230504,14.684570771039661,7113.218002764649
104,105,2024-07-25,2024-07-26,LONG,2364.39,2388.23,15395.892571316126,76979.46285658063,3880.896118028104,25.20734734963368,15.395892571316127,3865.500225456788
109,110,2024-08-01,2024-08-02,LONG,2446.36,2441.34,15782.442593861804,78912.21296930902,-809.650478886856,-5.130070799064714,15.782442593861806,-825.4329214807178
112,113,2024-08-06,2024-08-07,LONG,2388.14,2382.37,15699.899301713735,78499.49650856867,-948.3156239886268,-6.040265646067632,15.699899301713735,-964.0155232903405
115,116,2024-08-09,2024-08-12,LONG,2430.94,2472.2,15603.497749384702,78017.48874692351,6620.8988821156545,42.43214558977162,15.603497749384703,6605.29538436627
119,121,2024-08-15,2024-08-19,LONG,2456.25,2504.22,16264.027287821333,81320.13643910666,7940.818208618686,48.824427480915816,16.26402728782133,7924.554181330865
124,126,2024-08-22,2024-08-26,LONG,2484.42,2518.08,17056.48270595442,85282.4135297721,5777.215686985527,33.871084599222215,17.05648270595442,5760.159204279573
129,130,2024-08-29,2024-08-30,LONG,2521.67,2503.35,17632.498626382378,88162.49313191189,-3202.514353933386,-18.162566870367815,17.63249862638238,-3220.1468525597684
133,134,2024-09-04,2024-09-05,LONG,2496.45,2516.28,17310.4839411264,86552.419705632,3437.550286932876,19.858198642072125,17.3104839411264,3420.23980299175
138,139,2024-09-11,2024-09-12,LONG,2512.35,2558.86,17652.507921425575,88262.53960712787,8169.822511050484,46.28137003204193,17.652507921425574,8152.170003129058
142,143,2024-09-17,2024-09-18,LONG,2569.97,2558.32,18467.724921738478,92338.6246086924,-2092.9134906073473,-11.332817114596317,18.46772492173848,-2111.3812155290857
144,148,2024-09-19,2024-09-25,LONG,2585.97,2656.41,18256.58680018557,91282.93400092785,12432.413893094978,68.09823779858242,18.25658680018557,12414.157306294792
159,162,2024-10-10,2024-10-15,LONG,2629.46,2662.47,19498.00253081505,97490.01265407525,6119.403447306673,31.384771017623166,19.49800253081505,6099.905444775858
167,168,2024-10-22,2024-10-23,LONG,2748.48,2716.2,20107.993075292638,100539.9653764632,-5904.04529476702,-29.3616835487253,20.10799307529264,-5924.153287842313
182,183,2024-11-12,2024-11-13,LONG,2598.2,2573.44,19515.577746508407,97577.88873254204,-4649.42753640543,-23.824185974905475,19.51557774650841,-4668.943114151939
187,188,2024-11-19,2024-11-20,LONG,2632.48,2649.29,19048.68343509321,95243.41717546605,3040.938283898793,15.964033914787523,19.04868343509321,3021.8896004637
193,195,2024-11-27,2024-11-29,LONG,2635.55,2649.33,19350.872395139577,96754.36197569789,2529.405831847417,13.07127544535272,19.35087239513958,2510.0549594522777
197,198,2024-12-03,2024-12-04,LONG,2643.83,2649.7,19601.877891084805,98009.38945542403,1088.0334894893551,5.550659459950045,19.601877891084808,1068.4316115982704
200,201,2024-12-06,2024-12-09,LONG,2633.05,2659.73,19708.721052244633,98543.60526122316,4992.581584795993,25.331839501718385,19.708721052244634,4972.872863743748
204,206,2024-12-12,2024-12-16,LONG,2681.23,2652.43,20206.00833861901,101030.04169309505,-5425.9895659103395,-26.85334715783445,20.20600833861901,-5446.195574248958
208,209,2024-12-18,2024-12-19,LONG,2584.56,2593.8,19661.38878119411,98306.94390597055,1757.2742781966585,8.937691521961415,19.66138878119411,1737.6128894154645
211,212,2024-12-23,2024-12-24,LONG,2613.02,2616.35,19835.150070135656,99175.75035067828,631.9416779583613,3.1859687258420597,19.835150070135658,612.1065278882256
213,214,2024-12-26,2024-12-27,LONG,2633.74,2621.22,19896.36072292448,99481.8036146224,-2364.531391206176,-11.884240661568704,19.89636072292448,-2384.4277519291004
218,219,2025-01-03,2025-01-06,LONG,2638.96,2635.68,19657.91794773157,98289.58973865784,-610.8274743512926,-3.107284687907547,19.65791794773157,-630.4853922990242
223,224,2025-01-10,2025-01-13,LONG,2689.11,2663.5,19594.86940850167,97974.34704250834,-4665.341000849074,-23.808992566313876,19.59486940850167,-4684.9358702575755
229,230,2025-01-20,2025-01-21,LONG,2709.31,2745.12,19126.37582147591,95631.87910737956,6320.01799505272,33.04346863223473,19.126375821475914,6300.891619231244
232,233,2025-01-23,2025-01-24,LONG,2754.33,2771.51,19756.464983399037,98782.32491699519,3080.7498412935383,15.593628940613774,19.756464983399038,3060.9933763101394
237,239,2025-01-30,2025-02-03,LONG,2794.08,2813.46,20062.56432103005,100312.82160515025,3478.89552680636,17.340233636832256,20.062564321030052,3458.83296248533
243,244,2025-02-07,2025-02-10,LONG,2861.88,2907.71,20408.447617278583,102042.23808639291,8170.495917892049,40.0348721819223,20.408447617278583,8150.087470274771
247,248,2025-02-13,2025-02-14,LONG,2928.83,2882.79,21223.45636430606,106117.28182153031,-8340.599582535095,-39.29896921296215,21.223456364306063,-8361.823038899402
251,251,2025-02-19,2025-02-19,LONG,2933.14,2933.14,20387.274060416123,101936.37030208061,0.0,0.0,20.387274060416125,-20.387274060416125
